Customer_ID,Name,Age,Gender,Location,Join_Date,Total_Spent
2001,Samuel Ortiz,18,Male,Houston,2026-06-28,105.0
2002,Michael White,28,Male,Los Angeles,2026-06-30,255.0
2003,Allison Rivera,23,Female,Fort Worth,2025-04-19,230.5
2004,Alexander King,25,Male,Denver,2023-09-04,820.4
2005,Grayson Clark,28,Male,Austin,2024-09-27,750.4
2006,Henry Flores,25,Male,Austin,2025-12-17,202.5
2007,Paisley Reed,49,Female,Cleveland,2023-08-27,445.25
2008,Genesis Turner,27,Female,San Jose,2024-07-02,1781.77
2009,Layla Morris,18,Female,Tampa,2025-12-23,129.0
2010,Lincoln Lopez,32,Male,Detroit,2024-01-03,2285.5
2011,Hazel Green,42,Female,Seattle,2023-05-01,130.0
2012,Aaron Hernandez,35,Male,Nashville,2026-05-02,38.25
2013,Ivy Rogers,25,Female,Baltimore,2024-12-07,170.0
2014,William Cruz,18,Male,Miami,2024-03-18,53.8
2015,Olivia Kelly,18,Female,Las Vegas,2024-04-11,1239.37
2016,Isaac Ward,39,Male,Charlotte,2024-02-21,1160.0
2017,Thomas Gutierrez,27,Male,Baltimore,2026-05-15,80.0
2018,Savannah Allen,36,Female,Minneapolis,2025-03-22,202.0
2019,Hazel Torres,34,Female,Cleveland,2026-01-16,228.0
2020,Lucas Lee,43,Male,Miami,2024-01-19,1578.15
2021,Kennedy Diaz,53,Female,Fort Worth,2023-09-20,21.6
2022,Theo Brown,41,Male,Fort Worth,2026-02-17,42.95
2023,Willow Flores,44,Female,Atlanta,2026-04-13,255.0
2024,Nathan Richardson,30,Male,Dallas,2025-08-21,439.5
2025,Sofia Phillips,28,Female,Charlotte,2024-01-11,599.75
2026,Anthony Peterson,37,Male,Nashville,2023-08-13,843.25
2027,James Cruz,44,Male,San Antonio,2023-09-18,208.4
2028,Madison Roberts,37,Female,Columbus,2024-06-04,96.0
2029,Amelia Morales,44,Female,Portland,2023-10-29,475.5
2030,Emma Jones,33,Female,New York,2025-01-20,2287.75
2031,Daniel Moore,45,Male,Dallas,2024-11-08,725.5
2032,Jack Richardson,30,Male,Houston,2026-02-06,557.5
2033,Jack Green,27,Male,Fort Worth,2023-01-28,5049.2
2034,Aria Hernandez,49,Female,San Diego,2026-03-30,1028.0
2035,Genesis Ward,31,Female,Boston,2026-03-08,367.87
2036,Lucy Martinez,32,Female,Baltimore,2025-05-09,722.1
2037,Quinn Anderson,43,Female,Phoenix,2025-05-24,1182.0
2038,Sophie Scott,26,Female,Minneapolis,2026-05-23,390.6
2039,Allison Cox,36,Female,Cleveland,2024-04-12,1248.35
2040,Ruby Howard,29,Female,New York,2025-06-06,1042.5
2041,Layla Harris,33,Female,Detroit,2025-05-19,4124.75
2042,Mason Kelly,42,Male,Chicago,2024-06-03,1496.9
2043,Caroline Cook,18,Female,Charlotte,2025-02-22,1049.8
2044,James Hill,36,Male,San Jose,2024-01-18,92.5
2045,Jacob Morales,47,Male,Jacksonville,2025-05-11,787.38
2046,Mason Green,33,Male,San Antonio,2023-03-20,2084.5
2047,Naomi Harris,31,Female,Minneapolis,2024-02-12,2678.5
2048,Skylar Wilson,48,Female,Jacksonville,2025-04-06,1212.4
2049,Diana Peterson,42,Female,Phoenix,2023-02-08,6620.75
2050,Elias Cook,37,Male,San Jose,2023-01-21,2765.75
2051,Maya Hall,45,Female,Orlando,2023-02-11,542.1
2052,Quinn Hernandez,29,Female,Phoenix,2025-12-29,1525.15
2053,Genesis Lopez,35,Female,Tampa,2024-11-12,1319.5
2054,Aaron Morgan,19,Male,San Jose,2026-05-16,753.0
2055,Joseph Green,38,Male,Minneapolis,2024-09-17,355.0
2056,Stella Wright,32,Female,Philadelphia,2024-12-16,280.0
2057,Jack Johnson,31,Male,San Jose,2025-12-31,91.5
2058,Isaiah Stewart,34,Male,Dallas,2023-05-19,2065.65
2059,Dylan Cox,21,Male,Portland,2026-05-31,96.0
2060,Audrey Martin,40,Female,San Jose,2023-04-13,671.52
2061,Caleb Howard,24,Male,Fort Worth,2025-07-18,1330.75
2062,Julian Bailey,35,Male,Los Angeles,2024-10-07,804.75
2063,Maverick Nelson,36,Male,Baltimore,2024-08-09,477.4
2064,Nolan Brown,50,Male,Dallas,2025-12-20,238.0
2065,Elias White,40,Male,Nashville,2025-12-07,274.0
2066,Quinn Gonzalez,30,Female,Austin,2025-06-26,1195.75
2067,Hunter Perez,27,Male,Orlando,2024-01-19,592.5
2068,Noah Stewart,59,Male,Houston,2023-05-29,384.5
2069,Aiden Ortiz,42,Male,Los Angeles,2024-07-04,1658.35
2070,Addison Brooks,25,Female,Minneapolis,2025-11-20,312.0
2071,Audrey Reed,43,Female,New York,2023-06-17,2013.4
2072,Gabriel Young,25,Male,New York,2025-04-17,1130.0
2073,James Robinson,28,Male,Orlando,2026-05-19,31.5
2074,Paisley Ortiz,35,Female,Seattle,2025-07-02,165.0
2075,Daniel Stewart,45,Male,Cleveland,2025-06-09,255.5
2076,Mia Torres,27,Female,Austin,2026-04-13,110.0
2077,Julian Scott,29,Male,Las Vegas,2025-03-27,1292.4
2078,Lily Reyes,47,Female,Boston,2025-05-12,295.0
2079,Asher Stewart,42,Male,Fort Worth,2026-04-22,163.4
2080,Caroline Miller,33,Female,Pittsburgh,2023-09-24,1312.8
2081,Asher Lee,19,Male,Baltimore,2024-08-22,367.5
2082,Maya Wilson,33,Female,Atlanta,2025-07-30,427.5
2083,Lily Hernandez,25,Female,Portland,2026-06-21,29.75
2084,Victoria Peterson,48,Female,Miami,2025-04-21,562.5
2085,Carter Bailey,18,Male,San Diego,2023-02-20,30.0
2086,Joseph Wilson,18,Male,Houston,2026-01-10,45.0
2087,Genesis Jones,31,Female,Phoenix,2024-03-14,987.5
2088,Caroline Howard,44,Female,Philadelphia,2025-01-04,155.5
2089,Brooklyn Brooks,27,Female,Portland,2025-08-27,119.75
2090,Aurora Williams,30,Female,San Jose,2025-08-05,1449.6
2091,Jack Hernandez,20,Male,Columbus,2025-05-12,1181.0
2092,Leo Flores,25,Male,Seattle,2023-08-08,5341.9
2093,Brooklyn Ramos,33,Female,Orlando,2025-04-05,564.25
2094,Mason Williams,31,Male,Atlanta,2025-12-29,84.0
2095,Adrian Richardson,49,Male,San Diego,2026-03-31,526.5
2096,Samuel Robinson,23,Male,Las Vegas,2025-11-17,51.2
2097,Aaron Jackson,28,Male,Charlotte,2026-05-13,174.5
2098,Addison Moore,26,Female,Atlanta,2023-06-21,1982.0
2099,Aria Moore,25,Female,Dallas,2026-04-27,65.0
2100,Michael Murphy,43,Male,Baltimore,2025-04-05,525.85
2101,Emily Morris,55,Female,Atlanta,2024-12-01,1746.3
2102,Aiden Kelly,29,Male,New York,2026-03-05,45.0
2103,Ella Stewart,33,Female,Portland,2026-02-07,251.0
2104,William Walker,44,Male,Boston,2025-11-16,72.5
2105,Natalie Martinez,29,Female,Houston,2025-08-04,663.0
2106,Maya Flores,18,Female,San Diego,2024-11-09,864.3
2107,Lucas Phillips,32,Male,Columbus,2025-12-19,485.13
2108,Thomas Lee,18,Male,Orlando,2025-12-09,60.0
2109,Caroline Torres,18,Female,Baltimore,2023-07-31,1910.82
2110,Lucy Bailey,43,Female,Los Angeles,2025-12-03,104.5
2111,Riley Taylor,40,Female,Portland,2026-03-26,105.0
2112,Charlie Davis,38,Male,Phoenix,2025-02-24,190.0
2113,Jackson Martinez,18,Male,San Diego,2025-10-04,566.75
2114,Chloe Ward,23,Female,Phoenix,2024-04-16,1124.35
2115,Grayson King,37,Male,Jacksonville,2024-11-04,724.5
2116,Daniel Cox,29,Male,Los Angeles,2023-04-17,1823.3
2117,Kennedy Cooper,24,Female,Nashville,2023-02-17,1116.1
2118,Lydia Robinson,37,Female,Tampa,2024-08-30,863.75
2119,Lincoln Morgan,72,Male,Baltimore,2023-12-23,937.3
2120,Abigail Cook,41,Female,Cleveland,2025-07-21,192.0
2121,Chloe Martinez,19,Female,Fort Worth,2023-12-13,2194.5
2122,Luke Hill,25,Male,Houston,2025-11-07,295.0
2123,Henry Reed,26,Male,Austin,2025-02-02,712.25
2124,Aiden Parker,36,Male,Austin,2025-04-18,270.0
2125,Jacob Lee,37,Male,Columbus,2025-08-11,80.0
2126,Lucy Moore,36,Female,Boston,2025-10-26,1189.3
2127,Lincoln Taylor,44,Male,Pittsburgh,2026-04-25,240.0
2128,Jeremiah Nguyen,29,Male,Nashville,2025-05-17,299.1
2129,Lily Murphy,39,Female,Minneapolis,2023-03-13,264.45
2130,Natalie Cruz,25,Female,Orlando,2026-06-24,64.0
2131,Jaxon Kelly,38,Male,Philadelphia,2024-05-24,2968.0
2132,Luna Hall,26,Female,Phoenix,2025-01-05,2996.45
2133,Aiden Martinez,51,Male,San Antonio,2023-12-18,1562.4
2134,Cora Hall,37,Female,Austin,2023-06-30,973.42
2135,Jayden Ward,42,Male,Las Vegas,2023-02-12,493.2
2136,Maya Cruz,46,Female,Dallas,2025-07-20,1672.0
2137,Julia Thomas,27,Female,Denver,2023-03-15,398.0
2138,Noah Robinson,20,Male,New York,2025-11-03,611.0
2139,Stella Jackson,43,Female,Columbus,2025-04-01,334.5
2140,Brooklyn Peterson,42,Female,Orlando,2025-08-29,108.75
2141,Samuel Hernandez,22,Male,Chicago,2026-02-03,60.0
2142,Jayden Cruz,38,Male,Columbus,2026-01-13,210.0
2143,Samantha Brown,45,Female,Miami,2024-12-28,2347.25
2144,James Edwards,30,Male,Nashville,2025-02-24,287.5
2145,Amelia Evans,37,Female,Chicago,2026-02-05,1207.2
2146,Emily Cooper,52,Female,Jacksonville,2026-05-14,90.0
2147,Chloe Young,36,Female,Minneapolis,2023-05-31,1064.0
2148,Levi Chavez,39,Male,Minneapolis,2026-02-10,892.7
2149,Jaxon Howard,21,Male,Austin,2026-07-02,96.0
2150,Mia Morales,60,Female,Dallas,2025-04-11,973.2
2151,Samuel Gutierrez,44,Male,San Jose,2023-09-18,1218.28
2152,Harper Watson,36,Female,Nashville,2025-06-09,705.3
2153,Ryan Miller,28,Male,Seattle,2026-03-17,128.25
2154,Ava Reyes,26,Female,Austin,2024-05-08,2004.75
2155,James Gutierrez,25,Male,Denver,2024-08-25,1718.5
2156,Zoe Mitchell,18,Female,Columbus,2025-03-27,1655.25
2157,Jaxon Ward,29,Male,Boston,2023-12-17,138.0
2158,Sebastian King,42,Male,Pittsburgh,2025-12-10,430.0
2159,Theodore Baker,42,Male,Portland,2024-01-03,2975.35
2160,Aiden Moore,29,Male,San Jose,2026-06-03,60.0
2161,Leo Baker,42,Male,Las Vegas,2025-12-19,70.0
2162,James Cruz 2,18,Male,San Jose,2024-07-31,424.9
2163,Stella Hall,34,Female,Chicago,2025-08-20,220.5
2164,Evelyn Gutierrez,39,Female,Cleveland,2026-04-01,27.0
2165,Madison Brooks,44,Female,Minneapolis,2023-08-03,1592.5
2166,Landon Thompson,51,Male,Jacksonville,2024-08-30,794.62
2167,Daniel Collins,35,Male,San Diego,2026-02-09,244.8
2168,Alice Sanchez,26,Female,Charlotte,2026-06-08,60.0
2169,Skylar Roberts,37,Female,Detroit,2025-07-04,1005.0
2170,Aurora Davis,40,Female,Boston,2026-04-25,399.5
2171,Charles Morgan,34,Male,Cleveland,2025-03-28,1725.7
2172,Allison Gonzalez,25,Female,Charlotte,2025-02-07,736.25
2173,Jonathan Jones,26,Male,Chicago,2025-06-18,1070.5
2174,Sofia Adams,41,Female,Portland,2026-04-04,695.5
2175,Chloe Jackson,18,Female,Minneapolis,2024-05-17,1995.0
2176,David Watson,37,Male,Dallas,2023-02-26,787.75
2177,Lily Reed,18,Female,San Diego,2025-11-09,580.0
2178,Olivia Young,42,Female,Charlotte,2026-03-07,1683.65
2179,Piper Ward,18,Female,San Jose,2025-11-24,375.0
2180,Willow Young,26,Female,Las Vegas,2025-01-10,2106.2
2181,Addison Martinez,36,Female,New York,2025-09-28,889.6
2182,Alice Miller,21,Female,Dallas,2026-06-28,25.0
2183,Samuel Martinez,20,Male,Atlanta,2024-02-09,1381.15
2184,Lucas Miller,20,Male,Portland,2025-05-07,1496.55
2185,Ruby Murphy,51,Female,Charlotte,2026-03-18,114.0
2186,Aria Miller,41,Female,Austin,2026-05-02,44.0
2187,Julian Evans,33,Male,San Antonio,2025-09-27,55.0
2188,Olivia Baker,52,Female,Columbus,2024-03-16,1683.75
2189,Maverick Collins,46,Male,Seattle,2025-06-11,295.0
2190,Sophie Scott 2,31,Female,Chicago,2026-01-24,1038.75
2191,Layla Bailey,29,Female,Charlotte,2023-03-10,634.4
2192,Joseph Thompson,42,Male,Los Angeles,2025-05-17,752.2
2193,Adrian Campbell,21,Male,Los Angeles,2025-07-15,403.25
2194,Samantha Mitchell,19,Female,Philadelphia,2026-02-08,247.5
2195,Theodore Richardson,39,Male,Portland,2025-07-17,68.1
2196,Ivy Howard,39,Female,Charlotte,2023-04-06,759.75
2197,Jacob Collins,23,Male,Portland,2025-10-17,67.5
2198,Emily Jones,31,Female,Fort Worth,2025-08-28,218.8
2199,Henry Wright,37,Male,Miami,2026-01-10,275.75
2200,Carter Clark,48,Male,Charlotte,2024-04-13,2564.7
2201,Maya Gonzalez,50,Female,Miami,2026-06-20,81.0
2202,Paisley Flores,32,Female,Pittsburgh,2026-01-15,772.25
2203,Levi Mitchell,35,Male,Tampa,2024-11-14,1351.37
2204,Addison Reed,39,Female,Boston,2025-08-07,5780.15
2205,Harper Martinez,31,Female,Minneapolis,2024-06-30,1131.6
2206,Isabella Moore,20,Female,Charlotte,2025-12-01,193.2
2207,Sophie Rivera,20,Female,Minneapolis,2024-03-31,2727.35
2208,Joseph Gutierrez,29,Male,Houston,2024-09-12,175.0
2209,Genesis Thompson,38,Female,Denver,2024-05-27,868.05
2210,Hunter Lopez,60,Male,Boston,2023-12-19,2094.68
2211,Genesis Watson,46,Female,Phoenix,2025-08-31,565.7
2212,Madison Howard,56,Female,Chicago,2024-04-19,556.37
2213,Savannah Ramirez,25,Female,Portland,2025-07-02,1897.35
2214,Leo Flores 2,24,Male,Las Vegas,2026-03-14,55.0
2215,Cora Hernandez,23,Female,Austin,2024-12-16,105.25
2216,Logan Adams,40,Male,Fort Worth,2026-04-17,485.0
2217,Lucy Ortiz,25,Female,San Diego,2025-04-23,1288.75
2218,Olivia Hill,35,Female,Columbus,2026-04-19,198.0
2219,Zoe Nelson,36,Female,Denver,2026-01-20,2101.5
2220,Luna Rogers,40,Female,Denver,2024-06-01,592.0
2221,Hazel Lewis,31,Female,Orlando,2024-09-04,90.0
2222,Wyatt Nguyen,48,Male,Columbus,2026-04-09,162.0
2223,Savannah Mitchell,22,Female,San Antonio,2025-05-27,235.0
2224,Skylar Hernandez,42,Female,Boston,2025-07-26,1634.15
2225,Ella Moore,36,Female,Jacksonville,2025-06-16,2014.4
2226,Alexander Richardson,24,Male,Los Angeles,2025-08-29,577.85
2227,Victoria Morales,38,Female,Pittsburgh,2024-12-09,3210.3
2228,Jack Evans,30,Male,San Jose,2026-02-01,184.75
2229,Julian Ortiz,27,Male,Jacksonville,2026-01-13,400.0
2230,Emily Parker,53,Female,Atlanta,2026-03-09,50.4
2231,Dylan Jones,18,Male,Nashville,2025-03-13,983.5
2232,Thomas Davis,18,Male,Portland,2024-12-27,901.12
2233,Aaron Roberts,60,Male,Houston,2024-01-12,256.75
2234,Maya Adams,39,Female,San Antonio,2025-06-30,895.0
2235,Alice Rodriguez,18,Female,Seattle,2025-09-11,1211.35
2236,Penelope White,19,Female,Boston,2025-09-20,1268.5
2237,Savannah Watson,32,Female,San Jose,2026-06-14,65.0
2238,Charles Ramirez,43,Male,Seattle,2025-08-21,735.0
2239,Claire Nguyen,18,Female,Orlando,2024-01-10,6416.3
2240,Chloe Hill,55,Female,Chicago,2024-06-07,980.8
2241,Maya King,38,Female,Boston,2025-02-01,791.25
2242,Lucas Anderson,26,Male,San Diego,2025-10-26,902.2
2243,Ivy Robinson,19,Female,Houston,2024-09-08,1738.55
2244,Lucas Johnson,43,Male,Philadelphia,2026-06-26,75.0
2245,Alice Murphy,31,Female,Los Angeles,2026-02-11,469.5
2246,James Ramos,42,Male,Baltimore,2024-02-12,462.25
2247,Adrian White,36,Male,Orlando,2026-04-03,139.1
2248,Piper Harris,32,Female,Pittsburgh,2026-06-17,60.0
2249,Maya Williams,42,Female,Charlotte,2023-12-02,1113.52
2250,Grayson Cooper,29,Male,Baltimore,2026-06-03,132.0
2251,Audrey Sanchez,32,Female,Miami,2025-05-01,1096.25
2252,Madison Hill,18,Female,Philadelphia,2026-02-12,220.0
2253,Dylan Turner,47,Male,Philadelphia,2025-09-08,809.0
2254,Wyatt Nelson,42,Male,Fort Worth,2024-07-14,2903.8
2255,Audrey Baker,49,Female,Miami,2024-02-04,2354.5
2256,Ella Morris,35,Female,Denver,2023-08-19,1394.25
2257,Eli Green,43,Male,San Diego,2025-11-29,247.2
2258,Grace Murphy,30,Female,Detroit,2024-02-17,1100.2
2259,Alice Peterson,35,Female,Detroit,2026-03-26,60.0
2260,James Cooper,18,Male,Chicago,2026-01-09,342.5
2261,Henry Rodriguez,38,Male,Philadelphia,2026-05-13,176.0
2262,Sophie Collins,47,Female,Nashville,2023-05-04,982.5
2263,Julia Reyes,21,Female,Los Angeles,2025-07-28,510.5
2264,Jaxon Green,32,Male,Orlando,2025-06-18,220.0
2265,Stella Kim,29,Female,Los Angeles,2023-08-28,6074.85
2266,Oliver Morales,20,Male,Minneapolis,2023-08-20,1370.83
2267,Kennedy Carter,50,Female,Fort Worth,2025-06-08,638.8
2268,Grace Rivera,18,Female,Fort Worth,2024-06-27,1349.75
2269,Natalie Johnson,18,Female,Columbus,2026-06-27,75.0
2270,Caleb Walker,38,Male,Dallas,2023-07-18,1105.4
2271,Emily Garcia,36,Female,New York,2025-07-04,198.0
2272,Mia Wilson,18,Female,Las Vegas,2025-07-23,664.6
2273,Liam Allen,34,Male,Baltimore,2025-06-22,288.25
2274,Lucas Gutierrez,41,Male,Pittsburgh,2025-02-17,442.4
2275,Logan Ramos,29,Male,Phoenix,2025-12-21,153.0
2276,Luke Robinson,42,Male,Boston,2025-03-21,1248.05
2277,Eli White,18,Male,Portland,2025-07-10,945.4
2278,Ryan Cooper,34,Male,Phoenix,2023-08-24,1367.25
2279,Layla Peterson,28,Female,Tampa,2026-04-10,170.0
2280,Ava Kelly,50,Female,Denver,2025-07-02,345.8
2281,Violet King,52,Female,Chicago,2023-12-25,395.5
2282,Christian Sanchez,23,Male,Detroit,2023-08-04,5173.95
2283,Connor Hernandez,31,Male,Seattle,2024-02-24,1123.99
2284,Victoria Flores,20,Female,Pittsburgh,2024-07-27,1011.5
2285,Ella Murphy,30,Female,San Diego,2026-01-04,395.5
2286,Aaron Nguyen,23,Male,Jacksonville,2025-09-21,135.0
2287,Addison Ortiz,39,Female,Minneapolis,2025-08-06,685.0
2288,Adrian Ramirez,18,Male,Nashville,2025-06-30,935.0
2289,Maverick Martin,18,Male,San Jose,2023-11-05,1013.2
2290,Victoria Walker,25,Female,Seattle,2026-03-31,45.25
2291,Nolan Hall,49,Male,Seattle,2024-03-27,241.6
2292,Willow Thompson,30,Female,Philadelphia,2023-11-02,2775.5
2293,Grayson Rodriguez,52,Male,Los Angeles,2026-04-04,108.0
2294,John Jackson,43,Male,Miami,2025-02-15,275.0
2295,Stella Gutierrez,18,Female,Pittsburgh,2024-09-17,866.85
2296,Quinn Brown,18,Female,New York,2023-11-05,554.1
2297,Claire Peterson,40,Female,Tampa,2024-07-29,289.75
2298,Levi Anderson,18,Male,San Diego,2025-09-14,620.35
2299,Ivy King,25,Female,Fort Worth,2025-03-15,151.0
2300,Violet Robinson,40,Female,Chicago,2024-03-31,649.9
2301,Hunter Garcia,30,Male,New York,2023-08-05,4654.78
2302,James Rogers,32,Male,Austin,2025-12-03,713.75
2303,Hunter Wilson,37,Male,Miami,2026-05-22,140.0
2304,Wyatt Scott,57,Male,Pittsburgh,2023-02-23,2409.0
2305,Maya White,48,Female,Minneapolis,2025-04-19,22.5
2306,Caleb Evans,30,Male,Nashville,2025-04-08,1174.38
2307,Ivy Bailey,54,Female,Atlanta,2024-02-21,715.5
2308,Eleanor Davis,59,Female,Chicago,2023-05-18,241.38
2309,Anna Nelson,46,Female,Jacksonville,2023-06-09,742.5
2310,Asher Edwards,33,Male,Fort Worth,2023-11-23,1021.15
2311,Paisley Allen,43,Female,Portland,2024-10-08,1616.75
2312,Ivy Adams,48,Female,San Jose,2024-10-18,1082.25
2313,Audrey Anderson,20,Female,Columbus,2023-04-24,2672.65
2314,Harper Campbell,38,Female,Tampa,2025-11-02,1029.4
2315,Ivy Williams,54,Female,Cleveland,2023-08-09,909.13
2316,Daniel Ramos,46,Male,Philadelphia,2025-12-29,35.0
2317,Genesis Scott,23,Female,Seattle,2024-09-20,971.0
2318,Jacob King,38,Male,Seattle,2026-01-20,1031.5
2319,Alexander Stewart,43,Male,Detroit,2023-06-26,3051.2
2320,Victoria Collins,30,Female,Baltimore,2024-03-24,1017.92
2321,Gabriel Jackson,29,Male,Philadelphia,2023-12-02,759.0
2322,Jeremiah Adams,22,Male,Seattle,2024-01-20,1161.7
2323,Ryan Allen,36,Male,Pittsburgh,2023-06-13,211.5
2324,Theo Bailey,23,Male,New York,2024-02-28,2065.95
2325,Leo Ramirez,26,Male,Tampa,2025-04-02,572.0
2326,Jaxon Rogers,18,Male,Dallas,2023-06-25,599.0
2327,Charles Cruz,46,Male,Fort Worth,2024-10-01,911.55
2328,Jonathan Parker,33,Male,Jacksonville,2026-03-05,174.0
2329,Nathan Peterson,40,Male,Las Vegas,2026-05-19,70.0
2330,Emma Howard,39,Female,Fort Worth,2025-12-24,278.0
2331,Owen Edwards,37,Male,Boston,2023-03-08,267.0
2332,Jayden Robinson,51,Male,Minneapolis,2025-06-14,1996.12
2333,Isaiah Gutierrez,24,Male,Pittsburgh,2024-06-29,150.0
2334,Henry Martin,34,Male,Tampa,2023-07-16,1623.5
2335,Sadie Rivera,30,Female,San Jose,2025-07-17,762.75
2336,Emily Brown,24,Female,Las Vegas,2025-12-05,167.2
2337,Jonathan Allen,28,Male,Charlotte,2025-10-03,2510.0
2338,Samantha Chavez,44,Female,Columbus,2023-12-22,190.0
2339,Aria Reyes,31,Female,Minneapolis,2025-06-13,223.75
2340,Ryan Martinez,26,Male,Boston,2026-03-10,30.0
2341,Layla Clark,42,Female,Portland,2025-03-11,22.5
2342,Ivy Watson,23,Female,Jacksonville,2024-11-08,796.85
2343,Anthony White,29,Male,Chicago,2026-01-11,196.5
2344,Logan Taylor,48,Male,Jacksonville,2023-03-18,2924.35
2345,Julian Phillips,28,Male,Portland,2024-11-29,1338.0
2346,Adrian White 2,38,Male,Phoenix,2025-08-22,504.55
2347,Sarah Brooks,39,Female,Orlando,2023-07-25,2314.85
2348,Lydia Rogers,34,Female,Miami,2025-08-23,50.5
2349,Carter Thompson,34,Male,Dallas,2023-01-31,189.0
2350,Skylar Thompson,24,Female,Minneapolis,2025-10-12,743.25
2351,Isaac Ortiz,37,Male,Jacksonville,2023-03-16,657.05
2352,Elias Miller,18,Male,San Antonio,2025-07-20,20.25
2353,William Allen,24,Male,Orlando,2024-06-30,1085.55
2354,Ella Young,37,Female,Miami,2024-02-12,515.3
2355,Kinsley Thompson,41,Female,Nashville,2026-03-01,73.0
2356,Claire Ward,18,Female,Miami,2025-04-26,734.5
2357,Audrey Ortiz,57,Female,Tampa,2025-12-25,75.0
2358,Ava Torres,49,Female,Baltimore,2024-11-19,237.25
2359,Chloe Nelson,28,Female,Nashville,2026-02-15,325.5
2360,Dylan Parker,22,Male,Tampa,2024-10-02,2023.1
2361,James Turner,43,Male,Seattle,2025-03-23,2735.1
2362,Alice Gonzalez,29,Female,Las Vegas,2025-07-31,411.75
2363,Hunter Martinez,54,Male,Seattle,2025-06-19,408.5
2364,Skylar Hall,29,Female,Baltimore,2024-11-23,951.75
2365,Madison Davis,35,Female,Pittsburgh,2023-12-14,841.4
2366,David Stewart,32,Male,San Antonio,2024-06-08,971.75
2367,Adrian Moore,49,Male,Chicago,2025-04-10,388.75
2368,Michael Lopez,18,Male,Philadelphia,2026-05-13,35.0
2369,Luna Walker,40,Female,Chicago,2024-10-17,2880.25
2370,Natalie Morgan,38,Female,Miami,2024-07-18,835.55
2371,Ella Cruz,34,Female,Tampa,2025-08-14,22.5
2372,Penelope Carter,38,Female,Minneapolis,2024-11-28,508.62
2373,Connor Jackson,46,Male,Detroit,2025-12-23,35.0
2374,David Rivera,39,Male,Phoenix,2025-11-22,270.0
2375,Anthony Collins,48,Male,Nashville,2024-10-13,645.0
2376,Samuel Cruz,44,Male,Dallas,2023-03-30,1239.0
2377,Daniel Reed,28,Male,New York,2026-01-20,216.0
2378,Lincoln Flores,59,Male,San Antonio,2023-12-04,6553.47
2379,Sebastian Davis,34,Male,San Diego,2026-03-07,90.0
2380,Isabella Cooper,44,Female,Jacksonville,2024-07-22,3008.5
2381,Lucas Phillips 2,22,Male,Minneapolis,2025-10-14,1209.0
2382,Isabella Brown,46,Female,San Antonio,2024-07-25,348.0
2383,Ava Evans,22,Female,Miami,2025-11-22,190.75
2384,Naomi Peterson,33,Female,San Jose,2025-03-22,1047.9
2385,Ellie Lee,20,Female,Las Vegas,2025-06-14,162.0
2386,Ethan Edwards,18,Male,Los Angeles,2026-04-08,861.0
2387,Allison Thomas,27,Female,Atlanta,2025-11-09,705.08
2388,Diana Jackson,50,Female,Jacksonville,2024-12-21,355.0
2389,Savannah Thompson,46,Female,Houston,2026-02-07,48.0
2390,Charlie Baker,21,Male,Chicago,2025-03-18,1352.5
2391,Isabella Rogers,19,Female,Jacksonville,2025-05-23,197.5
2392,Abigail Ramos,34,Female,Atlanta,2024-11-09,336.0
2393,Emma Williams,29,Female,Pittsburgh,2023-09-23,1731.25
2394,Noah Reed,38,Male,Portland,2026-01-16,162.5
2395,Layla Allen,33,Female,Jacksonville,2026-01-20,679.0
2396,Olivia White,38,Female,Los Angeles,2023-10-16,3210.9
2397,Oliver Morris,32,Male,Charlotte,2026-02-22,815.0
2398,Aria Hill,38,Female,Detroit,2025-04-11,198.0
2399,Lucy Cox,36,Female,Boston,2026-07-08,25.0
2400,Daniel Lee,18,Male,San Diego,2023-08-21,348.0
2401,Dylan Williams,22,Male,Atlanta,2024-07-04,28.0
2402,Ellie Cooper,18,Female,Los Angeles,2025-07-05,3245.5
2403,Theodore Torres,44,Male,Miami,2024-05-20,192.0
2404,Leo Lopez,25,Male,Portland,2025-09-02,382.5
2405,Oliver Cox,41,Male,Dallas,2025-07-15,4318.65
2406,Jonathan Evans,32,Male,Austin,2026-01-29,1640.5
2407,Leah Hernandez,34,Female,Houston,2024-11-27,1048.2
2408,Ruby Adams,28,Female,Minneapolis,2025-09-22,415.0
2409,Luna Morris,43,Female,Orlando,2023-03-19,409.0
2410,Gabriel Miller,48,Male,Phoenix,2024-04-15,645.0
2411,Violet Campbell,27,Female,Philadelphia,2024-09-05,1125.8
2412,Samantha Reyes,53,Female,Houston,2025-10-02,285.0
2413,Grace Taylor,39,Female,Orlando,2024-04-01,6687.8
2414,Amelia Kim,33,Female,Chicago,2026-05-21,255.0
2415,Mia Clark,50,Female,Orlando,2025-07-21,120.0
2416,Henry Miller,51,Male,Pittsburgh,2024-09-06,1470.1
2417,Caleb Evans 2,24,Male,Pittsburgh,2025-06-08,721.2
2418,Claire Reyes,38,Female,Detroit,2024-08-20,1176.7
2419,Leo Hill,29,Male,Fort Worth,2026-04-30,55.0
2420,Aria Cooper,34,Female,Boston,2024-06-27,2001.0
2421,Asher Campbell,26,Male,Austin,2026-02-27,135.0
2422,Layla Jones,45,Female,Cleveland,2023-05-11,289.0
2423,Mason Rodriguez,24,Male,San Diego,2025-08-10,1960.25
2424,William Allen 2,45,Male,Orlando,2025-03-14,343.5
2425,Maverick Rodriguez,18,Male,Fort Worth,2026-06-08,225.25
2426,Hannah White,19,Female,Atlanta,2023-07-03,390.5
2427,Adrian Cox,47,Male,Nashville,2024-01-23,377.5
2428,Christian Rogers,29,Male,Los Angeles,2024-12-31,439.6
2429,Leah Richardson,58,Female,San Antonio,2023-10-22,1941.45
2430,Owen White,34,Male,Austin,2026-04-07,225.0
2431,Chloe Cox,44,Female,Jacksonville,2024-12-02,2659.6
2432,Jacob Evans,42,Male,Austin,2025-05-06,329.0
2433,Zoe Edwards,29,Female,Boston,2026-06-16,120.0
2434,Jonathan Watson,28,Male,Nashville,2025-02-08,476.0
2435,Asher Green,34,Male,Miami,2025-04-04,1730.72
2436,Aiden Howard,34,Male,Pittsburgh,2023-12-02,6702.3
2437,Anthony Robinson,24,Male,Chicago,2024-10-29,318.0
2438,Penelope Thompson,34,Female,Orlando,2026-06-18,70.0
2439,Dylan Baker,34,Male,Dallas,2025-03-13,331.3
2440,Thomas Johnson,38,Male,Columbus,2023-09-05,979.0
2441,Eli Diaz,29,Male,Seattle,2025-06-05,3930.55
2442,Jayden Robinson 2,32,Male,Baltimore,2023-02-23,3560.0
2443,Eva Adams,21,Female,Philadelphia,2023-03-11,2459.5
2444,Isaac Gonzalez,53,Male,Cleveland,2024-06-23,441.4
2445,Sofia Edwards,38,Female,Houston,2024-12-22,434.25
2446,Riley Diaz,29,Female,Atlanta,2026-01-21,240.0
2447,Lincoln Nguyen,23,Male,Seattle,2023-03-07,372.0
2448,Addison Johnson,42,Female,Las Vegas,2025-04-04,195.25
2449,Wyatt Clark,18,Male,Seattle,2023-05-05,948.9
2450,Ethan Evans,18,Male,Dallas,2026-05-08,105.0
2451,Ivy Harris,35,Female,Charlotte,2025-06-07,1441.5
2452,Natalie Scott,37,Female,Miami,2024-12-10,1540.02
2453,James Rivera,34,Male,Los Angeles,2025-06-30,90.0
2454,Caleb Morgan,26,Male,Baltimore,2025-09-22,587.5
2455,Jayden Young,48,Male,Denver,2024-10-05,1390.8
2456,Luke Ramos,24,Male,Houston,2025-11-17,255.5
2457,David White,35,Male,Los Angeles,2024-12-24,1364.05
2458,Allison Clark,40,Female,Orlando,2025-11-21,676.0
2459,Logan Martinez,18,Male,Denver,2023-11-07,712.0
2460,Diana Brooks,27,Female,Houston,2026-02-27,238.5
2461,Chloe Howard,57,Female,Nashville,2026-02-13,305.0
2462,Ryan Nguyen,24,Male,Cleveland,2026-04-29,128.0
2463,Ivy Cook,39,Female,Detroit,2025-08-11,1009.45
2464,Isaiah Turner,43,Male,Austin,2024-05-03,634.0
2465,Liam Morales,54,Male,San Jose,2026-05-09,115.0
2466,Quinn Wilson,36,Female,San Jose,2025-02-12,95.25
2467,David Nelson,29,Male,San Antonio,2023-08-25,117.0
2468,John Cook,28,Male,Orlando,2026-04-21,180.0
2469,Zoe Martinez,48,Female,Cleveland,2023-10-12,1807.63
2470,Levi Sanchez,50,Male,Los Angeles,2025-01-21,25.0
2471,Cora Davis,30,Female,Denver,2026-01-10,315.0
2472,Ella Jones,54,Female,Charlotte,2023-10-02,310.0
2473,Alice Cox,38,Female,Orlando,2025-05-11,345.5
2474,Sebastian Jones,26,Male,Nashville,2024-12-21,348.5
2475,Jackson Robinson,32,Male,New York,2025-12-24,60.0
2476,Jeremiah Williams,45,Male,Philadelphia,2024-11-24,514.7
2477,Bob Robinson,24,Male,Portland,2024-03-19,299.5
2478,Brooklyn Rivera,61,Female,San Jose,2025-02-04,999.0
2479,Caleb Brooks,18,Male,Orlando,2024-10-28,393.0
2480,Isaac Ward 2,32,Male,Houston,2025-04-07,4196.55
2481,Madison Torres,32,Female,Cleveland,2026-04-17,326.7
2482,Alexander Lee,51,Male,Los Angeles,2025-02-22,849.88
2483,Nathan Ward,35,Male,Seattle,2025-04-23,291.0
2484,Michael Parker,35,Male,Nashville,2026-01-30,180.0
2485,Jayden Sanchez,27,Male,Seattle,2024-01-30,271.0
2486,Lincoln Campbell,19,Male,Orlando,2026-04-08,507.0
2487,Isaac Harris,32,Male,Boston,2023-09-22,428.0
2488,Levi Baker,18,Male,San Diego,2025-02-07,1041.5
2489,Ethan Parker,33,Male,Baltimore,2025-05-02,1638.75
2490,Olivia Kim,43,Female,Seattle,2025-11-17,2065.45
2491,Julian Taylor,32,Male,Baltimore,2025-06-07,215.4
2492,Aria Hall,37,Female,Pittsburgh,2025-10-14,869.5
2493,Theodore Adams,42,Male,Philadelphia,2025-01-04,120.0
2494,Ava Johnson,38,Female,Minneapolis,2025-01-28,813.3
2495,Zoe Cook,42,Female,Columbus,2026-02-26,1652.5
2496,Sadie Phillips,42,Female,Atlanta,2023-10-26,345.25
2497,Diana Nelson,34,Female,Atlanta,2025-09-19,295.75
2498,Eleanor Green,34,Female,Nashville,2023-08-07,1006.62
2499,Mia Miller,31,Female,Austin,2023-06-19,1235.1
2500,Grace Hall,19,Female,Minneapolis,2025-08-22,276.0
2501,Samantha Brown 2,46,Female,Nashville,2024-02-06,528.5
2502,Ella Mitchell,47,Female,Fort Worth,2026-03-06,270.0
2503,Michael Peterson,39,Male,Orlando,2025-10-31,291.0
2504,Emily Parker 2,35,Female,Dallas,2024-11-16,448.2
2505,Lily Ramirez,28,Female,Las Vegas,2025-11-23,369.8
2506,Grace Parker,49,Female,Atlanta,2024-10-30,24.0
2507,Sebastian Thomas,19,Male,Orlando,2025-08-27,245.3
2508,Aria Campbell,21,Female,Los Angeles,2025-04-05,1279.0
2509,Adrian Ramirez 2,34,Male,Chicago,2025-08-16,22.5
2510,Christian Ramos,35,Male,Chicago,2024-12-09,1829.45
2511,Oliver Wilson,18,Male,Dallas,2025-12-02,512.0
2512,Evelyn White,42,Female,Jacksonville,2026-04-12,490.5
2513,Logan Cruz,34,Male,Baltimore,2024-10-21,6118.51
2514,Nora Baker,30,Female,Detroit,2025-07-17,507.0
2515,Harper Carter,18,Female,Dallas,2025-01-06,1886.08
2516,Isaiah Murphy,50,Male,Tampa,2025-12-05,653.35
2517,Scarlett Rodriguez,53,Female,Seattle,2026-04-07,63.3
2518,Jaxon Collins,48,Male,Jacksonville,2023-08-05,2376.3
2519,Connor Moore,43,Male,Chicago,2025-08-21,1948.0
2520,Penelope Williams,26,Female,Minneapolis,2025-12-24,1412.75
2521,Thomas Howard,43,Male,Miami,2024-06-07,747.05
2522,William Edwards,24,Male,Jacksonville,2025-02-28,1062.5
2523,Leo Phillips,45,Male,New York,2024-03-30,1011.0
2524,Jack Gutierrez,24,Male,Baltimore,2026-04-12,294.0
2525,Quinn Nelson,41,Female,Portland,2024-06-15,662.8
2526,Hazel Lopez,36,Female,Charlotte,2026-03-11,55.0
2527,Piper Reyes,33,Female,Fort Worth,2024-06-20,3778.85
2528,Alice Gonzalez 2,31,Female,Portland,2026-06-18,65.0
2529,Julia Kelly,43,Female,Los Angeles,2024-01-07,2377.55
2530,Hunter Stewart,30,Male,Detroit,2024-02-28,891.4
2531,Addison Reyes,35,Female,Orlando,2024-02-23,1649.5
2532,Nathan Hill,43,Male,Houston,2025-06-02,395.0
2533,Nora Rogers,33,Female,Detroit,2024-02-01,476.7
2534,Ella Evans,28,Female,San Antonio,2024-03-29,354.0
2535,William Parker,31,Male,Cleveland,2023-12-18,379.9
2536,Lydia Jackson,29,Female,Atlanta,2024-07-10,1024.6
2537,Allison Kim,40,Female,Nashville,2025-09-04,484.0
2538,Scarlett Anderson,30,Female,Cleveland,2025-11-04,1205.0
2539,Ivy Parker,34,Female,Austin,2026-05-20,299.0
2540,David Jackson,25,Male,Cleveland,2023-12-02,1680.0
2541,Ethan Reed,48,Male,San Antonio,2026-01-15,205.75
2542,Paisley Rivera,27,Female,Miami,2024-11-24,1374.8
2543,Jeremiah White,31,Male,Jacksonville,2026-01-03,229.0
2544,Theo Ramos,38,Male,Las Vegas,2026-01-13,309.0
2545,Christian Peterson,38,Male,New York,2024-04-10,289.6
2546,Olivia Rodriguez,21,Female,Philadelphia,2024-02-18,1120.6
2547,Jaxon King,35,Male,Boston,2023-02-17,660.0
2548,Sarah Anderson,26,Female,Boston,2025-12-22,22.4
2549,Maverick Kelly,38,Male,Miami,2025-09-05,1124.5
2550,Jonathan Roberts,18,Male,Las Vegas,2026-06-14,25.0
2551,Olivia Williams,48,Female,Charlotte,2025-01-23,721.75
2552,Adrian Carter,18,Male,Detroit,2025-09-29,343.0
2553,Riley Hill,59,Female,Atlanta,2026-06-30,96.0
2554,Brooklyn Miller,46,Female,Phoenix,2025-10-06,303.35
2555,Aurora Johnson,37,Female,Austin,2024-01-28,3823.75
2556,Aaron Chavez,39,Male,Seattle,2025-12-14,80.0
2557,Isaac Campbell,18,Male,Denver,2024-01-27,49.5
2558,Lydia Perez,29,Female,Chicago,2025-09-23,2817.2
2559,Stella Baker,48,Female,Seattle,2023-06-20,2627.6
2560,Caleb Williams,29,Male,San Diego,2023-07-18,2491.95
2561,Anthony Brooks,42,Male,Tampa,2023-02-05,2927.25
2562,Asher King,26,Male,Pittsburgh,2025-03-27,1428.75
2563,Lucy Ortiz 2,56,Female,San Antonio,2025-07-23,989.9
2564,Amelia Wilson,40,Female,Boston,2024-06-07,234.4
2565,Dylan Martinez,37,Male,Orlando,2023-12-16,1922.0
2566,Naomi Edwards,50,Female,Atlanta,2026-06-04,99.0
2567,Charlie Stewart,40,Male,Dallas,2024-08-23,297.5
2568,Jayden Walker,37,Male,Charlotte,2025-06-26,716.4
2569,Joseph Adams,18,Male,Detroit,2024-01-08,1403.35
2570,Emma Hernandez,30,Female,San Jose,2025-08-31,890.5
2571,Ethan Richardson,23,Male,Las Vegas,2024-02-26,1100.75
2572,Zoe Peterson,38,Female,Tampa,2024-02-17,814.55
2573,Grayson Hill,23,Male,Tampa,2024-12-04,1525.7
2574,Leo Carter,18,Male,Baltimore,2024-07-21,2020.22
2575,Henry Miller 2,18,Male,San Jose,2023-11-29,60.0
2576,Eleanor Lewis,27,Female,Denver,2025-12-03,514.0
2577,Layla Robinson,46,Female,Nashville,2025-03-03,714.0
2578,Hunter Reed,44,Male,San Jose,2025-10-01,267.6
2579,Michael Wilson,43,Male,Las Vegas,2023-11-20,1156.8
2580,William Nguyen,30,Male,Austin,2026-05-11,93.5
2581,Victoria Watson,42,Female,Tampa,2026-01-03,286.25
2582,Kinsley Thompson 2,45,Female,San Diego,2023-05-26,120.0
2583,Leo Edwards,29,Male,Seattle,2023-07-25,3797.75
2584,Willow Green,25,Female,Portland,2024-11-03,1304.75
2585,Christian Torres,25,Male,Cleveland,2024-12-01,381.13
2586,Thomas Hernandez,31,Male,Portland,2026-04-10,99.5
2587,Samantha Cox,32,Female,Boston,2023-02-03,573.0
2588,Lily Mitchell,57,Female,Nashville,2026-05-06,96.0
2589,Sebastian Jackson,23,Male,Las Vegas,2025-09-05,422.75
2590,Nora Ortiz,41,Female,Nashville,2023-04-09,428.6
2591,Lincoln Martin,29,Male,Seattle,2025-08-18,416.2
2592,Savannah Carter,39,Female,Denver,2024-01-06,1109.75
2593,Jacob Phillips,63,Male,Austin,2025-07-29,515.0
2594,Sophie Torres,42,Female,Boston,2025-03-12,1204.5
2595,Asher Roberts,40,Male,Fort Worth,2025-12-08,777.0
2596,Mateo Morgan,22,Male,Jacksonville,2026-03-21,1091.5
2597,Sadie Richardson,26,Female,Denver,2024-04-29,1052.35
2598,Jackson Lee,36,Male,Miami,2023-07-27,826.08
2599,Lincoln Walker,46,Male,Seattle,2025-05-01,2983.63
2600,Zoe Diaz,44,Female,Nashville,2023-02-06,579.0
2601,Lucas Chavez,38,Male,Pittsburgh,2026-05-05,985.25
2602,Samantha Ward,39,Female,Cleveland,2025-11-28,460.0
2603,Lincoln Nguyen 2,24,Male,Seattle,2025-02-03,1055.5
2604,Caroline Ward,26,Female,Minneapolis,2023-11-21,1364.05
2605,Julia Wright,47,Female,Chicago,2024-01-15,284.5
2606,Ivy Moore,27,Female,Baltimore,2023-05-02,746.6
2607,Jaxon Parker,44,Male,Detroit,2025-11-07,1005.0
2608,Naomi Gutierrez,55,Female,Las Vegas,2024-10-19,423.2
2609,Alice Edwards,47,Female,San Diego,2025-05-30,591.0
2610,Wyatt Roberts,37,Male,Pittsburgh,2026-03-14,253.3
2611,Isaiah Ramos,26,Male,Baltimore,2023-03-27,1426.3
2612,Caroline King,35,Female,Tampa,2024-01-27,1443.0
2613,Sophie Taylor,39,Female,Columbus,2025-06-03,454.25
2614,Lily Cruz,53,Female,Baltimore,2025-03-04,1637.0
2615,Jayden Mitchell,28,Male,Boston,2026-07-05,60.0
2616,Wyatt White,38,Male,Dallas,2025-10-05,173.0
2617,Jayden Rivera,48,Male,Houston,2025-06-19,1828.85
2618,David Perez,50,Male,Tampa,2023-10-12,445.5
2619,Olivia Perez,40,Female,Seattle,2025-11-27,415.0
2620,Joseph Gonzalez,18,Male,Chicago,2023-05-13,2190.7
2621,Thomas Phillips,28,Male,Detroit,2025-06-21,460.95
2622,Hannah Rogers,26,Female,Las Vegas,2025-01-22,3552.25
2623,Luke Nguyen,18,Male,Detroit,2024-03-07,3322.58
2624,Maya Mitchell,32,Female,Philadelphia,2023-01-15,360.0
2625,Claire Turner,22,Female,Atlanta,2025-06-17,463.25
2626,Adrian Gonzalez,27,Male,Boston,2026-01-24,64.12
2627,Samuel Rivera,28,Male,Pittsburgh,2025-03-22,170.0
2628,Alice Wright,29,Female,Boston,2023-10-11,896.62
2629,Paisley Hall,55,Female,Orlando,2026-03-13,50.0
2630,Michael Collins,27,Male,Minneapolis,2025-10-10,25.0
2631,Madison Stewart,42,Female,Dallas,2026-05-09,25.0
2632,Natalie Walker,24,Female,Jacksonville,2025-06-29,3051.75
2633,Diana Wright,24,Female,Chicago,2023-03-05,202.0
2634,Levi Morales,18,Male,Nashville,2023-05-11,3634.75
2635,Riley Rogers,34,Female,San Diego,2025-02-17,926.0
2636,Violet Brooks,42,Female,Houston,2026-02-26,111.0
2637,Jaxon Rogers 2,30,Male,Seattle,2026-02-16,63.0
2638,Penelope Rogers,33,Female,Nashville,2026-04-29,55.0
2639,Carter Harris,32,Male,Nashville,2026-05-20,466.0
2640,Ivy Cruz,41,Female,Denver,2025-09-25,211.0
2641,Hannah Stewart,18,Female,New York,2026-01-06,175.0
2642,Asher Kim,38,Male,Baltimore,2023-07-26,60.0
2643,Savannah Young,30,Female,Columbus,2024-06-08,795.0
2644,Lucy Mitchell,39,Female,Philadelphia,2025-03-24,22.5
2645,Jayden Walker 2,38,Male,Baltimore,2026-01-20,110.0
2646,Chloe Lee,20,Female,Columbus,2024-07-19,729.0
2647,Sophie Peterson,29,Female,Nashville,2026-03-02,635.0
2648,Evelyn Perez,47,Female,Seattle,2024-03-23,768.0
2649,William Reyes,25,Male,Tampa,2025-03-09,1870.65
2650,Eva Diaz,44,Female,Detroit,2024-04-21,6843.87
2651,Naomi White,28,Female,Minneapolis,2025-03-28,1157.0
2652,Eli Lopez,45,Male,Portland,2025-03-29,807.0
2653,Connor Thompson,20,Male,Fort Worth,2026-05-28,122.25
2654,Oliver Lopez,41,Male,Austin,2023-05-16,717.8
2655,Charles Scott,48,Male,Jacksonville,2025-06-17,25.0
2656,Luke Reyes,21,Male,New York,2025-01-07,1150.0
2657,Hazel King,39,Female,Houston,2026-01-07,460.0
2658,Alice Reed,37,Female,Denver,2024-02-29,1352.25
2659,James Anderson,21,Male,San Jose,2023-04-07,472.5
2660,Skylar Collins,18,Female,Orlando,2024-11-23,238.0
2661,Maya Campbell,18,Female,Boston,2025-04-27,1906.65
2662,Isaac Collins,38,Male,Boston,2024-06-03,1979.25
2663,Cora Chavez,19,Female,Boston,2026-04-27,319.12
2664,Eleanor Murphy,40,Female,Charlotte,2026-03-14,31.5
2665,Caroline Wright,18,Female,Phoenix,2023-01-20,1763.05
2666,Alice Peterson 2,31,Female,Minneapolis,2024-05-20,712.5
2667,Diana Edwards,38,Female,San Antonio,2025-11-02,1181.75
2668,Allison Evans,20,Female,Portland,2024-01-31,487.25
2669,Brooklyn Robinson,35,Female,Pittsburgh,2023-08-28,565.65
2670,Isaiah Scott,52,Male,Tampa,2024-02-14,587.25
2671,Riley Martinez,24,Female,Dallas,2023-06-18,1194.0
2672,Carter Sanchez,22,Male,Boston,2023-04-06,1167.9
2673,Abigail Nguyen,32,Female,Phoenix,2024-01-31,673.0
2674,Stella Hall 2,26,Female,Seattle,2026-03-02,446.0
2675,Leo Garcia,37,Male,Minneapolis,2024-04-08,290.88
2676,Alice Harris,32,Female,Orlando,2024-04-07,466.0
2677,Diana Taylor,18,Female,San Diego,2026-01-16,86.5
2678,Noah Clark,53,Male,Denver,2026-02-21,150.0
2679,Jackson Morales,39,Male,Atlanta,2026-06-16,75.0
2680,Sophie Taylor 2,31,Female,San Antonio,2023-12-21,2871.7
2681,Olivia Lewis,32,Female,Tampa,2025-02-18,75.0
2682,Ella Evans 2,34,Female,Los Angeles,2024-07-17,2241.15
2683,Isaiah Morales,35,Male,Seattle,2024-12-14,30.0
2684,Madison Chavez,25,Female,Phoenix,2023-07-23,5644.85
2685,Ryan Anderson,53,Male,Minneapolis,2023-05-19,517.0
2686,Maya Sanchez,31,Female,Atlanta,2023-08-04,360.0
2687,Emma Cook,21,Female,Nashville,2025-10-08,257.5
2688,Eleanor Nelson,30,Female,Orlando,2025-03-21,1575.0
2689,Connor Reed,18,Male,Boston,2023-10-25,2706.88
2690,Alice Gutierrez,40,Female,New York,2025-01-09,1147.85
2691,Jacob Brooks,26,Male,Fort Worth,2024-02-03,2086.25
2692,Piper Reed,22,Female,Columbus,2023-06-14,5566.0
2693,Henry Wilson,36,Male,Baltimore,2024-09-23,151.5
2694,Abigail Cook 2,29,Female,Portland,2023-01-31,401.8
2695,Lincoln Cook,33,Male,Detroit,2026-01-08,25.0
2696,Bob Ramirez,44,Male,Orlando,2026-05-28,44.2
2697,Ava Mitchell,24,Female,Miami,2026-06-03,47.6
2698,Audrey Cooper,39,Female,San Jose,2023-02-21,298.0
2699,Stella Morgan,27,Female,Denver,2024-02-05,1898.7
2700,Jayden Chavez,32,Male,Boston,2025-10-07,3085.3
2701,Abigail Ramos 2,22,Female,Philadelphia,2025-08-01,94.5
2702,Isaac Turner,18,Male,Boston,2025-12-11,439.6
2703,David Campbell,55,Male,Columbus,2025-10-02,835.95
2704,Joseph Nelson,33,Male,San Antonio,2025-10-10,61.62
2705,Aurora Mitchell,19,Female,San Jose,2025-07-24,260.0
2706,Luke Jackson,44,Male,San Jose,2025-04-10,1039.5
2707,Jackson Adams,30,Male,Boston,2024-03-28,417.38
2708,Lily Wilson,25,Female,Phoenix,2023-07-23,6254.0
2709,Violet Walker,21,Female,San Antonio,2023-06-24,1231.25
2710,Thomas Nelson,27,Male,Orlando,2024-12-29,4649.15
2711,Isaiah Ramos 2,32,Male,Tampa,2024-10-21,509.37
2712,James Rodriguez,31,Male,Cleveland,2025-05-04,2385.35
2713,John Taylor,25,Male,New York,2025-02-11,1549.12
2714,Dylan Roberts,21,Male,Austin,2023-10-21,2162.72
2715,Theodore Nelson,50,Male,Fort Worth,2025-02-06,301.25
2716,Elias Ward,39,Male,Columbus,2024-10-16,710.0
2717,Anna Martin,30,Female,Fort Worth,2023-02-27,1937.3
2718,Samantha Gutierrez,32,Female,Minneapolis,2026-01-06,769.0
2719,Aria Cook,18,Female,Denver,2025-10-16,479.75
2720,Isabella Scott,19,Female,Pittsburgh,2025-04-26,120.0
2721,Henry Diaz,27,Male,New York,2025-05-14,806.8
2722,Jack Rivera,47,Male,Charlotte,2026-07-04,60.0
2723,David Miller,31,Male,Atlanta,2025-02-16,1099.75
2724,Henry Davis,28,Male,Phoenix,2023-12-11,780.55
2725,Caleb Nguyen,43,Male,New York,2024-01-19,1235.7
2726,Naomi Lewis,41,Female,Dallas,2023-10-20,438.0
2727,Anthony Martin,18,Male,Denver,2025-12-18,713.25
2728,Nora Rodriguez,50,Female,Detroit,2024-03-10,50.0
2729,Ruby Williams,21,Female,Jacksonville,2024-01-01,347.7
2730,Charlie Hill,18,Male,San Diego,2025-12-06,144.0
2731,Julian Wilson,30,Male,San Antonio,2025-08-18,1621.2
2732,Cora Kelly,31,Female,San Diego,2024-08-04,165.0
2733,Ethan Baker,50,Male,Jacksonville,2026-02-04,410.0
2734,Daniel Gutierrez,35,Male,Dallas,2023-02-17,755.12
2735,Eli Jones,35,Male,Fort Worth,2026-06-09,219.2
2736,James Roberts,43,Male,Baltimore,2025-12-24,70.0
2737,Mateo Parker,57,Male,Austin,2023-04-06,602.0
2738,Scarlett Ramirez,29,Female,Las Vegas,2025-10-22,515.0
2739,Connor Jackson 2,28,Male,Pittsburgh,2024-01-25,204.0
2740,Theodore Howard,33,Male,Boston,2025-04-22,1185.25
2741,Thomas Taylor,35,Male,Austin,2024-04-06,1213.75
2742,John Diaz,36,Male,Orlando,2024-02-16,2768.65
2743,Jonathan Torres,35,Male,Detroit,2023-04-25,882.5
2744,Gabriel Howard,35,Male,San Diego,2025-11-01,180.0
2745,Samuel Lopez,19,Male,Miami,2025-08-13,1684.2
2746,Levi Phillips,33,Male,San Antonio,2024-11-29,2057.1
2747,Caroline Williams,36,Female,San Antonio,2026-06-10,746.0
2748,Oliver White,50,Male,Baltimore,2026-07-01,48.0
2749,Isaiah Nelson,18,Male,Detroit,2026-05-03,245.2
2750,Asher Adams,42,Male,Nashville,2026-06-03,73.0
2751,Luke Garcia,35,Male,San Diego,2025-07-27,113.5
2752,Anna Miller,31,Female,Portland,2025-09-09,45.0
2753,Alexander Hill,35,Male,Philadelphia,2026-05-01,108.0
2754,Olivia Morgan,25,Female,Portland,2025-08-04,2514.25
2755,Lydia Thomas,44,Female,Fort Worth,2023-11-23,284.0
2756,Sarah Jones,25,Female,Miami,2023-11-25,1149.5
2757,Eli Stewart,23,Male,Philadelphia,2023-07-06,2758.0
2758,Henry Gonzalez,20,Male,Jacksonville,2023-09-11,1435.0
2759,Ivy Ortiz,30,Female,Philadelphia,2024-12-18,183.0
2760,Jayden Lee,32,Male,Minneapolis,2023-04-02,1349.25
2761,John Green,19,Male,Houston,2024-02-28,1232.7
2762,Jeremiah Clark,39,Male,New York,2024-02-26,1912.0
2763,Piper Bailey,26,Female,Las Vegas,2025-11-09,124.0
2764,Caroline Collins,34,Female,San Diego,2023-11-30,1185.5
2765,Mason Brooks,35,Male,Los Angeles,2026-03-23,407.15
2766,Noah Martin,40,Male,Orlando,2025-12-17,207.0
2767,Owen Gonzalez,41,Male,Detroit,2023-08-25,3836.45
2768,Isaiah Ward,48,Male,Charlotte,2025-10-10,663.82
2769,Jacob Garcia,26,Male,Chicago,2023-06-23,1119.9
2770,Christian Reed,41,Male,Houston,2023-09-22,703.2
2771,Mason Baker,28,Male,Houston,2025-09-15,234.0
2772,Dylan Cooper,19,Male,Miami,2025-08-18,768.05
2773,Ryan Nguyen 2,33,Male,Detroit,2026-04-09,252.0
2774,Scarlett Watson,48,Female,Portland,2025-09-11,1921.25
2775,Layla Watson,35,Female,Charlotte,2023-06-18,2309.05
2776,Henry Ramirez,39,Male,Columbus,2026-07-09,35.0
2777,Eleanor Kelly,23,Female,Dallas,2025-01-30,1161.5
2778,Ethan Flores,20,Male,New York,2025-04-26,503.75
2779,Victoria Hall,54,Female,San Antonio,2025-10-14,933.5
2780,Madison Murphy,28,Female,Portland,2026-03-09,330.0
2781,Lily Chavez,43,Female,Orlando,2026-04-20,90.0
2782,Ava Morgan,26,Female,Austin,2024-02-05,60.0
2783,Charlie Ramirez,50,Male,Chicago,2025-05-02,123.2
2784,Mason Jones,24,Male,Boston,2023-08-03,511.5
2785,Jayden Richardson,46,Male,Miami,2025-10-31,940.4
2786,Charles Garcia,20,Male,Cleveland,2023-03-02,378.2
2787,Sarah Flores,48,Female,Minneapolis,2023-06-25,901.4
2788,Harper Collins,46,Female,Cleveland,2026-03-10,108.0
2789,Riley Hall,18,Female,Phoenix,2026-01-28,231.5
2790,William Morgan,31,Male,Atlanta,2024-11-24,240.0
2791,Ivy Morgan,54,Female,Baltimore,2023-06-29,678.0
2792,Ruby Miller,39,Female,Atlanta,2024-02-27,268.8
2793,Luna Ramirez,32,Female,Charlotte,2023-04-27,894.75
2794,Mason Lee,43,Male,Detroit,2023-03-17,342.0
2795,William Ramirez,30,Male,Tampa,2025-10-01,779.0
2796,Violet Thompson,60,Female,Austin,2023-12-07,2025.85
2797,Liam Moore,44,Male,Chicago,2024-05-10,2122.1
2798,Hannah Ward,37,Female,Miami,2025-11-23,242.5
2799,Anthony Campbell,30,Male,Boston,2024-03-25,1023.5
2800,Ruby Howard 2,18,Female,Pittsburgh,2024-03-23,299.7
2801,William Stewart,35,Male,San Diego,2023-12-24,451.5
2802,Savannah Mitchell 2,21,Female,Las Vegas,2026-01-07,33.25
2803,Layla Stewart,43,Female,Baltimore,2024-09-22,1091.45
2804,Eleanor Richardson,42,Female,Fort Worth,2025-09-03,425.4
2805,Ryan Anderson 2,37,Male,Fort Worth,2023-12-27,2819.3
2806,Daniel Brooks,20,Male,Seattle,2023-04-09,658.5
2807,Madison Ramirez,36,Female,Tampa,2025-10-29,615.1
2808,Hazel White,22,Female,Pittsburgh,2024-10-04,206.62
2809,Christian Cook,31,Male,Charlotte,2023-11-28,186.75
2810,Samantha Martinez,38,Female,Detroit,2025-12-29,67.5
2811,Asher Nelson,51,Male,Cleveland,2025-12-13,235.4
2812,Elias Johnson,44,Male,Charlotte,2025-12-13,85.0
2813,Asher Watson,29,Male,Nashville,2025-01-17,613.75
2814,Jaxon Flores,25,Male,Miami,2026-06-02,28.8
2815,Samuel Gonzalez,18,Male,Baltimore,2025-11-11,449.6
2816,Lucy Reed,32,Female,Boston,2024-07-03,5707.65
2817,Samuel Thomas,35,Male,Fort Worth,2026-04-20,21.6
2818,Charles Roberts,51,Male,San Antonio,2025-07-15,1063.5
2819,Wyatt Jackson,52,Male,Phoenix,2023-08-07,251.6
2820,Scarlett Jackson,24,Female,Phoenix,2023-12-26,502.5
2821,Carter Edwards,46,Male,Baltimore,2024-11-27,118.5
2822,Kinsley Brooks,49,Female,Boston,2023-10-13,790.5
2823,Asher Campbell 2,46,Male,Atlanta,2023-08-29,912.5
2824,Lydia Scott,34,Female,Jacksonville,2025-09-29,142.5
2825,Maya Howard,18,Female,Chicago,2025-05-29,81.0
2826,Ivy Torres,20,Female,Cleveland,2024-10-05,196.0
2827,Daniel Morales,25,Male,Boston,2025-12-15,180.0
2828,Ethan Watson,19,Male,Minneapolis,2023-07-17,28.8
2829,Cora Ortiz,28,Female,Tampa,2025-10-17,742.5
2830,Nora Garcia,42,Female,San Jose,2025-11-02,35.0
2831,Jayden Wright,35,Male,San Jose,2023-09-24,404.0
2832,Anthony Jones,37,Male,Denver,2023-02-27,485.0
2833,Claire King,35,Female,Houston,2023-06-13,2256.55
2834,Adrian Cox 2,32,Male,Jacksonville,2025-12-12,731.2
2835,Michael Young,40,Male,Chicago,2026-03-10,990.0
2836,Gabriel Lee,26,Male,Columbus,2026-02-09,360.0
2837,Daniel Collins 2,18,Male,Los Angeles,2024-12-24,44.9
2838,Elias Thomas,24,Male,Seattle,2023-09-19,397.7
2839,Naomi Walker,27,Female,Baltimore,2026-01-11,60.0
2840,Skylar Reyes,34,Female,Denver,2025-04-20,1162.75
2841,Noah Wilson,45,Male,Pittsburgh,2025-11-28,21.25
2842,Mason Baker 2,30,Male,Dallas,2024-03-17,937.45
2843,Aiden Morris,32,Male,San Antonio,2026-02-07,142.5
2844,Layla Adams,19,Female,Orlando,2025-12-21,305.6
2845,Caroline Wilson,23,Female,Dallas,2025-12-29,1787.5
2846,Sofia Brooks,48,Female,Las Vegas,2024-05-29,246.35
2847,Jackson Ward,49,Male,Phoenix,2026-01-12,324.0
2848,Layla Thomas,48,Female,Charlotte,2025-03-04,1462.8
2849,Oliver Stewart,18,Male,Minneapolis,2025-03-22,80.0
2850,Michael Perez,44,Male,Los Angeles,2025-03-22,923.5
2851,Victoria Rodriguez,35,Female,Pittsburgh,2024-03-23,648.0
2852,Anna White,37,Female,Boston,2024-11-02,427.5
2853,Jackson Watson,32,Male,Chicago,2026-05-18,154.75
2854,Aurora Reyes,28,Female,Portland,2023-10-07,238.38
2855,Jonathan Garcia,26,Male,Nashville,2025-03-14,2736.65
2856,Quinn Murphy,18,Female,Minneapolis,2026-04-07,559.5
2857,Oliver Bailey,26,Male,Houston,2023-08-07,874.05
2858,Jonathan Campbell,18,Male,Los Angeles,2023-06-25,1160.5
2859,Jeremiah Gonzalez,22,Male,Minneapolis,2026-04-12,20.25
2860,Leo Clark,51,Male,Fort Worth,2023-02-04,1191.15
2861,Ethan Phillips,31,Male,Portland,2025-11-24,250.0
2862,Riley Jackson,37,Female,Nashville,2023-01-28,5174.45
2863,Ivy Martinez,18,Female,Tampa,2025-12-02,374.0
2864,Eva Garcia,34,Female,Atlanta,2023-07-14,1199.75
2865,Ella Lewis,18,Female,Baltimore,2025-12-17,50.0
2866,Maverick Kim,38,Male,Atlanta,2023-02-22,6088.45
2867,Eva Morales,34,Female,New York,2025-11-16,186.0
2868,Olivia Green,49,Female,Detroit,2024-10-23,1220.25
2869,Mia Anderson,31,Female,San Antonio,2023-11-28,1263.86
2870,Samantha Nelson,31,Female,Boston,2024-01-14,975.15
2871,Stella Miller,38,Female,Columbus,2025-05-05,1405.45
2872,Lucy Reed 2,38,Female,Nashville,2023-05-24,981.1
2873,Evelyn Chavez,46,Female,New York,2026-02-25,108.5
2874,Harper Cox,35,Female,Tampa,2025-07-02,516.0
2875,Wyatt Moore,22,Male,Philadelphia,2023-12-22,642.0
2876,Noah Ward,32,Male,Chicago,2023-10-08,1729.75
2877,Ryan Flores,34,Male,Denver,2023-01-17,1524.25
2878,Anthony Mitchell,39,Male,Denver,2026-07-02,330.0
2879,Ellie Torres,46,Female,Pittsburgh,2023-03-16,330.0
2880,Hannah Perez,51,Female,Portland,2024-08-29,1315.65
2881,Ellie Edwards,43,Female,Houston,2023-12-09,2836.0
2882,Jonathan Peterson,26,Male,Seattle,2024-03-08,1418.75
2883,Isabella Young,30,Female,Las Vegas,2025-10-30,1012.1
2884,Mateo Thomas,40,Male,Atlanta,2023-03-08,1836.93
2885,Aria Roberts,30,Female,Columbus,2024-09-30,1508.5
2886,Cora White,32,Female,Atlanta,2024-11-28,525.7
2887,Willow Scott,32,Female,Phoenix,2023-03-23,46.5
2888,Ruby Stewart,30,Female,San Diego,2026-02-14,265.5
2889,Gabriel Perez,28,Male,Boston,2025-11-28,251.72
2890,James Diaz,29,Male,San Antonio,2025-08-22,50.0
2891,Christian Morris,33,Male,Austin,2024-02-08,1398.5
2892,Natalie Cox,25,Female,Cleveland,2026-05-19,86.95
2893,Emma Miller,22,Female,Fort Worth,2026-01-28,127.5
2894,Evelyn Reyes,33,Female,Minneapolis,2024-10-09,170.0
2895,Caroline Lewis,31,Female,Seattle,2023-06-21,297.5
2896,Jack Stewart,30,Male,New York,2026-02-06,72.0
2897,Leo Jackson,36,Male,Charlotte,2025-06-24,465.0
2898,Bob Chavez,23,Male,Austin,2024-05-05,1365.3
2899,Sebastian Cruz,23,Male,San Antonio,2026-01-06,50.4
2900,James Brooks,24,Male,Los Angeles,2026-01-30,71.25
2901,Addison Davis,26,Female,Philadelphia,2023-07-28,7335.05
2902,Charles Martinez,26,Male,Phoenix,2026-02-22,472.75
2903,Daniel Bailey,47,Male,Miami,2023-09-27,419.15
2904,Natalie Nelson,28,Female,Las Vegas,2025-03-15,1081.1
2905,Olivia Martinez,18,Female,Seattle,2025-07-27,60.0
2906,Jaxon Peterson,33,Male,Jacksonville,2025-07-27,480.5
2907,Nolan Martinez,43,Male,Philadelphia,2024-04-30,147.0
2908,Isabella Anderson,39,Female,Phoenix,2023-03-15,1460.35
2909,Ellie Morgan,19,Female,Pittsburgh,2024-08-05,1767.95
2910,Eleanor Parker,42,Female,San Jose,2025-12-03,1814.65
2911,Eva Walker,26,Female,Portland,2025-09-11,588.0
2912,Logan Cook,46,Male,Orlando,2026-01-05,1214.5
2913,Leo Flores 3,27,Male,San Diego,2026-05-10,204.75
2914,Skylar Davis,52,Female,Philadelphia,2023-06-15,6979.25
2915,Jack Peterson,42,Male,Las Vegas,2024-06-16,1036.95
2916,Jack Young,19,Male,Nashville,2024-06-27,2883.15
2917,Savannah Carter 2,43,Female,Jacksonville,2023-11-10,4389.65
2918,Sarah Bailey,36,Female,Houston,2025-09-21,1018.5
2919,Aiden Rogers,39,Male,Atlanta,2026-06-08,106.75
2920,Julian Baker,31,Male,Cleveland,2025-04-05,525.55
2921,Chloe Howard 2,31,Female,Seattle,2026-05-24,413.0
2922,Lucas Reed,38,Male,Detroit,2023-01-28,3350.38
2923,David Campbell 2,24,Male,San Diego,2023-02-13,1858.8
2924,Aaron Torres,22,Male,Baltimore,2023-02-28,585.0
2925,Harper Ortiz,23,Female,Los Angeles,2025-08-22,603.4
2926,Jacob Evans 2,26,Male,Jacksonville,2024-04-14,1140.25
2927,Diana Nguyen,20,Female,San Antonio,2023-06-28,620.2
2928,David Parker,38,Male,Tampa,2025-03-31,622.0
2929,Landon Cruz,41,Male,Phoenix,2025-07-01,544.0
2930,Alice Cooper,21,Female,Nashville,2024-09-23,862.0
2931,James Johnson,21,Male,Miami,2026-05-19,25.0
2932,Adrian Jackson,41,Male,San Jose,2024-04-02,224.0
2933,Noah Flores,22,Male,New York,2025-04-12,72.0
2934,Theodore Wright,29,Male,Portland,2023-12-22,6759.25
2935,Skylar Parker,32,Female,Minneapolis,2024-05-12,959.2
2936,Mia Ward,31,Female,Nashville,2025-10-22,937.0
2937,Savannah Chavez,38,Female,Atlanta,2026-06-24,99.0
2938,Hunter Wright,24,Male,Austin,2023-02-15,1436.55
2939,Grace Campbell,18,Female,Jacksonville,2023-06-09,704.3
2940,Paisley Cooper,45,Female,San Antonio,2024-10-03,1238.35
2941,Levi Wilson,29,Male,Baltimore,2024-12-24,1661.2
2942,Ethan Scott,42,Male,Houston,2025-12-31,636.0
2943,Samuel Martin,25,Male,Austin,2023-10-18,870.4
2944,Jack Anderson,43,Male,Orlando,2023-10-10,1787.65
2945,Ivy Peterson,37,Female,Pittsburgh,2026-01-08,2253.95
2946,Scarlett Brown,23,Female,Jacksonville,2025-04-17,1403.0
2947,Maya Ward,38,Female,Atlanta,2026-06-22,220.0
2948,Mateo Moore,42,Male,San Diego,2024-12-03,275.0
2949,Ellie Moore,34,Female,New York,2025-07-08,457.0
2950,Elias Edwards,28,Male,Tampa,2023-03-13,1125.5
2951,Theo Rodriguez,42,Male,New York,2026-05-16,65.0
2952,Ryan Taylor,36,Male,Cleveland,2025-01-25,1914.5
2953,Eleanor Jones,59,Female,Jacksonville,2024-04-09,2024.53
2954,Lydia Watson,24,Female,Houston,2023-11-14,2857.35
2955,Elias Williams,40,Male,Minneapolis,2026-01-17,360.0
2956,Thomas Wilson,32,Male,Baltimore,2026-05-23,93.5
2957,Jacob Cox,50,Male,Fort Worth,2024-01-08,654.2
2958,Julia Walker,47,Female,Austin,2026-02-15,375.35
2959,Emily Morgan,30,Female,Los Angeles,2024-02-25,361.5
2960,Piper Thomas,20,Female,Atlanta,2025-07-30,228.0
2961,Maya Robinson,38,Female,Chicago,2025-04-01,914.25
2962,Nathan Morales,28,Male,New York,2025-05-28,2370.0
2963,Carter Anderson,31,Male,Fort Worth,2025-09-13,28.0
2964,Abigail Thompson,29,Female,Austin,2024-06-17,259.2
2965,Samantha Taylor,18,Female,Minneapolis,2023-08-29,340.0
2966,Mason Turner,34,Male,Fort Worth,2025-12-17,585.75
2967,Julian Torres,43,Male,San Diego,2023-09-14,777.25
2968,Lucas Jones,42,Male,Chicago,2023-02-12,3693.7
2969,Sofia White,42,Female,Houston,2025-12-25,1407.0
2970,Lincoln Morgan 2,46,Male,San Antonio,2026-03-06,368.0
2971,Piper Cook,39,Female,New York,2025-09-27,513.7
2972,Noah Edwards,21,Male,Charlotte,2024-11-12,1462.1
2973,Brooklyn Collins,18,Female,San Jose,2024-08-18,1548.0
2974,Jack Cook,26,Male,Fort Worth,2025-04-18,878.75
2975,Emily Howard,28,Female,Seattle,2025-12-13,436.0
2976,Jack Gutierrez 2,20,Male,Nashville,2023-06-04,1073.25
2977,Anthony Campbell 2,47,Male,Phoenix,2025-03-28,1504.4
2978,Samuel Kim,39,Male,Austin,2024-05-04,1881.35
2979,Kinsley Rivera,41,Female,San Diego,2025-06-29,1537.0
2980,Theo Lopez,36,Male,San Jose,2024-09-22,175.5
2981,Nora Brown,27,Female,Denver,2024-08-23,4051.4
2982,Mason Brown,24,Male,Austin,2025-10-27,652.65
2983,Ivy Nelson,47,Female,Austin,2026-03-16,438.0
2984,Madison Thompson,43,Female,Columbus,2025-05-25,905.0
2985,Isabella Peterson,29,Female,Tampa,2023-06-05,916.25
2986,Harper Kim,47,Female,Chicago,2023-07-13,4381.98
2987,Luke Morales,52,Male,Denver,2025-05-14,106.25
2988,Joseph Bailey,43,Male,Dallas,2023-08-23,240.0
2989,Leo Reed,27,Male,Nashville,2023-01-24,3971.45
2990,Ruby Scott,18,Female,Detroit,2025-09-20,2401.15
2991,Adrian Edwards,40,Male,Charlotte,2026-01-24,180.0
2992,Lily Flores,36,Female,Baltimore,2025-06-28,1147.6
2993,Oliver Ramirez,32,Male,Las Vegas,2025-03-14,96.0
2994,Aiden Young,40,Male,San Diego,2023-04-27,936.5
2995,Ethan Morris,18,Male,San Antonio,2026-07-04,389.5
2996,Grace Jones,45,Female,Las Vegas,2024-03-18,591.38
2997,Leo Miller,55,Male,Chicago,2025-08-19,315.6
2998,Genesis Martinez,36,Female,Jacksonville,2025-06-26,699.5
2999,Eli Gonzalez,38,Male,Nashville,2026-04-04,146.0
3000,Jonathan Taylor,27,Male,Minneapolis,2026-03-29,30.0
3001,Michael Rogers,48,Male,Austin,2025-02-20,1651.75
3002,Maverick Phillips,47,Male,Pittsburgh,2026-02-04,120.0
3003,Chloe Anderson,26,Female,Nashville,2024-06-14,413.8
3004,Naomi Carter,37,Female,Boston,2024-11-07,2381.95
3005,Violet Torres,22,Female,Orlando,2026-06-02,99.0
3006,Maya Davis,47,Female,San Diego,2026-03-04,1057.15
3007,Ivy Green,47,Female,Boston,2026-01-07,115.5
3008,Hunter Collins,24,Male,Fort Worth,2026-05-17,532.15
3009,Adrian King,34,Male,Baltimore,2024-05-28,4430.35
3010,Adrian Collins,24,Male,Minneapolis,2026-04-28,120.0
3011,Ryan Garcia,36,Male,Atlanta,2023-02-26,506.0
3012,Victoria Cruz,21,Female,Orlando,2026-03-23,225.0
3013,Savannah Gutierrez,32,Female,Austin,2023-08-27,2258.1
3014,Sofia Davis,20,Female,Charlotte,2025-01-07,1616.52
3015,Lucas Johnson 2,32,Male,Philadelphia,2025-11-22,389.25
3016,Scarlett Ward,38,Female,Austin,2026-03-06,233.5
3017,Grace Wright,29,Female,Chicago,2023-11-27,2050.0
3018,Layla Evans,41,Female,Cleveland,2026-06-07,54.0
3019,Charlie Brown,18,Male,Charlotte,2025-12-04,143.0
3020,Nora Davis,18,Female,Dallas,2025-07-11,830.7
3021,Lucy Thompson,31,Female,Pittsburgh,2024-11-11,440.0
3022,Caleb Rogers,22,Male,San Antonio,2024-01-30,1343.15
3023,Caleb Scott,48,Male,Detroit,2023-10-05,291.0
3024,Skylar Sanchez,49,Female,Phoenix,2025-06-27,795.4
3025,Savannah Young 2,22,Female,Charlotte,2026-05-15,162.0
3026,Alice Jackson,46,Female,Fort Worth,2026-06-24,60.0
3027,Charles Phillips,33,Male,Los Angeles,2026-01-30,703.9
3028,Hazel Morales,38,Female,Las Vegas,2026-07-08,75.0
3029,Gabriel Miller 2,18,Male,Las Vegas,2023-10-10,340.0
3030,Emma Kim,54,Female,Seattle,2023-04-15,105.8
3031,Eli Morris,28,Male,Houston,2023-07-03,1110.6
3032,Scarlett Rogers,32,Female,Atlanta,2026-04-01,45.0
3033,Allison Nguyen,46,Female,Denver,2025-03-12,45.0
3034,Nora Adams,18,Female,Phoenix,2025-08-23,1369.0
3035,Jonathan Collins,34,Male,Dallas,2023-04-04,612.5
3036,Ruby Edwards,36,Female,Seattle,2024-05-06,819.35
3037,Willow Kelly,46,Female,Houston,2025-08-24,416.0
3038,Ellie Nguyen,18,Female,Denver,2023-04-14,2040.45
3039,Jayden Kim,52,Male,Philadelphia,2024-06-29,229.5
3040,Isabella Allen,34,Female,Cleveland,2025-12-23,361.25
3041,Skylar Taylor,53,Female,Phoenix,2025-10-28,157.0
3042,Cora Murphy,27,Female,Detroit,2026-06-13,159.53
3043,Owen Miller,25,Male,Atlanta,2026-06-10,954.0
3044,Nathan Howard,49,Male,Tampa,2024-04-19,1383.05
3045,Logan Rodriguez,30,Male,Dallas,2025-09-30,96.0
3046,Samantha Gonzalez,31,Female,Fort Worth,2023-05-05,253.5
3047,Sebastian Lee,18,Male,San Jose,2023-10-03,2918.4
3048,Gabriel Moore,42,Male,Jacksonville,2024-10-22,2395.3
3049,Quinn Reyes,23,Female,Minneapolis,2025-08-13,3315.5
3050,Lucy Watson,29,Female,Chicago,2023-12-17,435.0
3051,Madison Morris,28,Female,Denver,2025-12-05,200.0
3052,Luke Lopez,18,Male,Pittsburgh,2023-09-05,1511.6
3053,Ethan Lee,31,Male,Columbus,2025-12-28,360.0
3054,Olivia Reed,41,Female,Houston,2023-02-08,1172.0
3055,Caroline Wilson 2,37,Female,Nashville,2026-01-20,617.9
3056,Lydia Brown,24,Female,Philadelphia,2024-01-02,2155.8
3057,Christian Evans,31,Male,Atlanta,2023-08-24,1703.75
3058,Sarah Brooks 2,24,Female,Pittsburgh,2025-05-09,627.75
3059,Levi Lewis,18,Male,Houston,2024-02-17,359.5
3060,Eva Johnson,20,Female,Portland,2024-07-24,3035.45
3061,Samantha Richardson,39,Female,Miami,2025-04-11,1313.5
3062,Isaiah Evans,19,Male,Phoenix,2024-10-14,384.0
3063,Emily Brown 2,46,Female,Phoenix,2025-01-11,4800.58
3064,Joseph Chavez,36,Male,Chicago,2025-09-24,859.0
3065,Ruby Martin,37,Female,Miami,2024-08-04,600.0
3066,Quinn Morales,39,Female,San Diego,2023-09-11,490.5
3067,Anna Davis,40,Female,Columbus,2023-03-10,82.2
3068,Maverick Kim 2,24,Male,San Jose,2025-10-04,589.0
3069,Samantha Cook,55,Female,Baltimore,2026-01-23,258.0
3070,Ava Cooper,24,Female,Boston,2023-11-18,254.0
3071,Kennedy Morales,26,Female,Columbus,2023-12-12,2472.1
3072,Skylar Sanchez 2,24,Female,Denver,2025-07-17,1213.1
3073,Madison Richardson,18,Female,Atlanta,2026-01-17,262.5
3074,Jeremiah Parker,38,Male,Atlanta,2025-12-21,120.0
3075,Alice Perez,33,Female,Phoenix,2025-03-26,260.5
3076,Zoe Richardson,18,Female,Seattle,2026-03-07,208.3
3077,Ellie Kelly,41,Female,Philadelphia,2023-01-24,4686.9
3078,Lydia Garcia,26,Female,Houston,2025-05-07,280.0
3079,Henry Kelly,28,Male,Los Angeles,2023-06-01,228.5
3080,Isaac Scott,42,Male,Baltimore,2026-04-12,191.5
3081,Abigail Davis,18,Female,Houston,2025-07-17,174.0
3082,Ryan Watson,39,Male,Houston,2026-04-16,19.2
3083,Noah Gutierrez,50,Male,Philadelphia,2023-12-16,730.5
3084,Charles Collins,18,Male,Baltimore,2025-08-28,264.75
3085,Addison Baker,42,Female,Minneapolis,2024-11-16,522.5
3086,Daniel Morales 2,61,Male,Chicago,2023-10-11,424.75
3087,Kennedy Mitchell,34,Female,Tampa,2025-02-26,373.0
3088,Kinsley Diaz,20,Female,Baltimore,2026-05-10,495.5
3089,Addison Jones,31,Female,Chicago,2026-02-20,96.0
3090,Penelope Turner,20,Female,Los Angeles,2024-12-22,131.0
3091,Maya Lee,22,Female,Las Vegas,2024-09-14,340.0
3092,Sebastian Parker,21,Male,Boston,2025-12-26,2723.75
3093,Thomas Adams,31,Male,Pittsburgh,2024-07-16,681.05
3094,Samantha Reyes 2,47,Female,Detroit,2026-05-03,140.0
3095,Leo Collins,36,Male,San Antonio,2026-05-03,344.75
3096,James Garcia,23,Male,Atlanta,2025-06-13,637.4
3097,Lucas Morgan,45,Male,Denver,2025-03-27,464.5
3098,Zoe Brown,41,Female,Nashville,2024-03-14,1834.6
3099,Genesis Cruz,43,Female,Portland,2024-11-04,289.75
3100,Ella Davis,37,Female,Charlotte,2026-06-05,38.4
3101,Alice Stewart,33,Female,Miami,2023-05-20,455.5
3102,Dylan Peterson,19,Male,San Jose,2025-02-17,110.0
3103,Grace Roberts,27,Female,Orlando,2025-02-27,539.5
3104,Leo Wilson,46,Male,Columbus,2023-08-29,438.5
3105,Ava Cruz,24,Female,Denver,2025-08-13,154.12
3106,Sophie Evans,37,Female,Portland,2025-10-24,1430.1
3107,Maya Cook,40,Female,Seattle,2025-07-03,3947.6
3108,Lucas Ortiz,45,Male,San Antonio,2024-11-11,1165.05
3109,Maya Perez,48,Female,Columbus,2025-05-30,1086.0
3110,Lucy Ramos,29,Female,Houston,2023-10-20,1172.55
3111,Lucy Flores,46,Female,Columbus,2023-01-29,4759.85
3112,Luna Nguyen,49,Female,Seattle,2024-03-26,1573.95
3113,Eleanor Martinez,21,Female,Cleveland,2025-07-03,412.75
3114,Brooklyn Morales,27,Female,Phoenix,2026-03-31,96.0
3115,Julian Stewart,44,Male,Chicago,2025-12-17,479.4
3116,Lincoln Brooks,48,Male,Fort Worth,2025-02-16,1004.2
3117,Emma Collins,45,Female,Nashville,2025-12-03,262.02
3118,Aaron Green,21,Male,Boston,2024-11-16,1212.5
3119,Olivia Howard,31,Female,Las Vegas,2026-02-08,713.8
3120,Levi Brown,33,Male,Orlando,2023-05-04,348.3
3121,Eli Kim,25,Male,Los Angeles,2026-03-15,366.0
3122,Eva Hall,27,Female,Baltimore,2025-07-01,609.25
3123,Brooklyn King,25,Female,Philadelphia,2024-06-20,1266.75
3124,Harper Lee,31,Female,Philadelphia,2023-08-20,632.0
3125,Layla Harris 2,26,Female,Columbus,2023-02-15,1575.3
3126,Michael Roberts,40,Male,Los Angeles,2026-05-10,64.0
3127,Hazel Rogers,42,Female,Austin,2025-09-01,943.6
3128,Caroline Martinez,31,Female,San Diego,2025-06-26,2277.9
3129,Charlie Scott,48,Male,Portland,2025-10-26,126.75
3130,Ethan Howard,45,Male,Portland,2024-10-10,2582.45
3131,Chloe Carter,34,Female,Pittsburgh,2024-12-25,450.5
3132,Noah Johnson,61,Male,Detroit,2026-06-16,284.9
3133,Nora Johnson,32,Female,Las Vegas,2024-05-20,944.37
3134,Eleanor Chavez,42,Female,San Jose,2024-04-07,1226.15
3135,Naomi Howard,27,Female,Atlanta,2023-03-03,840.75
3136,Mason Edwards,18,Male,Tampa,2023-10-11,414.38
3137,Madison Wright,31,Female,Austin,2026-01-12,977.4
3138,Cora Ward,50,Female,Phoenix,2024-05-16,2301.75
3139,Bob Richardson,28,Male,Cleveland,2026-05-12,100.0
3140,Carter Evans,23,Male,Portland,2026-03-03,72.0
3141,Grayson Jones,28,Male,Orlando,2026-03-21,24.0
3142,Willow Phillips,35,Female,Miami,2024-02-28,4822.5
3143,Henry Morris,52,Male,Minneapolis,2025-01-15,427.5
3144,Willow Sanchez,35,Female,San Jose,2023-12-07,2226.8
3145,Mateo Walker,46,Male,Miami,2026-06-20,191.0
3146,Jackson Johnson,36,Male,Fort Worth,2024-03-27,1021.25
3147,Claire Howard,40,Female,Las Vegas,2024-12-27,3071.0
3148,Jayden White,50,Male,Chicago,2023-03-24,1619.8
3149,Leah Morgan,35,Female,Miami,2025-03-20,493.5
3150,Anthony King,32,Male,New York,2026-05-01,272.5
3151,Leo Davis,40,Male,Houston,2025-04-26,1156.75
3152,Leo Rogers,24,Male,Cleveland,2026-02-13,144.0
3153,Liam Torres,29,Male,Austin,2025-09-20,450.5
3154,Sofia Robinson,44,Female,Chicago,2025-07-07,3208.4
3155,Alexander Thompson,32,Male,Columbus,2023-02-17,162.75
3156,Theo Chavez,32,Male,San Diego,2026-04-05,25.0
3157,Hazel Hall,25,Female,Chicago,2026-03-24,27.2
3158,Anthony Collins 2,33,Male,Nashville,2025-11-20,50.0
3159,Ava Garcia,27,Female,Los Angeles,2026-05-05,121.5
3160,David Rodriguez,18,Male,Chicago,2023-12-14,1167.3
3161,Ava Kelly 2,21,Female,Columbus,2024-04-12,532.25
3162,Diana Stewart,42,Female,Cleveland,2026-03-08,212.0
3163,William Hall,47,Male,Nashville,2025-12-23,532.0
3164,Abigail Williams,36,Female,Tampa,2024-09-24,909.55
3165,Landon Ramos,26,Male,Detroit,2023-10-13,850.0
3166,Violet Jackson,43,Female,San Jose,2024-09-17,758.75
3167,Julian Campbell,34,Male,San Jose,2024-04-30,1027.25
3168,Sebastian Carter,27,Male,Las Vegas,2025-09-10,71.25
3169,Liam Young,41,Male,San Antonio,2026-04-01,192.0
3170,Dylan Clark,25,Male,Las Vegas,2025-05-09,980.3
3171,Ruby Ward,24,Female,San Jose,2026-04-12,99.5
3172,Zoe Anderson,29,Female,Los Angeles,2026-03-04,767.27
3173,Alice Robinson,36,Female,Minneapolis,2025-08-06,294.2
3174,Owen Roberts,46,Male,New York,2023-04-23,358.1
3175,Isabella Campbell,32,Female,Nashville,2023-03-17,1054.7
3176,Jacob Miller,40,Male,San Jose,2025-01-20,2167.75
3177,Savannah White,34,Female,Orlando,2023-11-06,2337.45
3178,Evelyn Brown,36,Female,Portland,2024-11-28,546.25
3179,Henry Hall,35,Male,Las Vegas,2025-04-12,405.0
3180,Ivy Brooks,53,Female,Chicago,2026-04-28,153.9
3181,Scarlett Sanchez,23,Female,Portland,2023-08-04,981.0
3182,Emma Watson,44,Female,San Jose,2026-04-13,407.0
3183,Logan Allen,48,Male,Nashville,2024-03-14,981.8
3184,Jackson Lopez,18,Male,Detroit,2026-03-05,613.7
3185,Julia Phillips,21,Female,Charlotte,2025-12-03,1654.25
3186,Lucy Cooper,33,Female,Seattle,2026-01-17,184.0
3187,Samantha Kim,43,Female,San Diego,2025-01-26,75.0
3188,Luna Cruz,26,Female,Pittsburgh,2025-10-16,764.9
3189,Michael Reed,30,Male,San Diego,2024-02-19,345.25
3190,Leo Ortiz,46,Male,Charlotte,2025-07-09,261.75
3191,Lucy Rogers,37,Female,Portland,2023-08-06,530.5
3192,Amelia Hill,41,Female,Portland,2025-09-07,136.0
3193,Claire Walker,41,Female,San Antonio,2023-02-22,144.0
3194,Michael Flores,35,Male,Baltimore,2026-02-19,971.5
3195,Grace Bailey,27,Female,Tampa,2024-07-17,662.25
3196,Nolan Turner,53,Male,New York,2026-02-12,60.0
3197,Julia Lee,32,Female,San Diego,2025-02-12,1342.85
3198,Ruby Morris,26,Female,Baltimore,2023-03-01,830.5
3199,Kennedy Ramirez,39,Female,Baltimore,2026-04-12,40.8
3200,Diana Rogers,35,Female,Austin,2026-04-01,174.0
3201,Kinsley Turner,29,Female,Nashville,2026-01-01,372.5
3202,Jonathan Jackson,47,Male,Austin,2024-06-05,1315.5
3203,Nathan Richardson 2,25,Male,Fort Worth,2025-10-17,374.5
3204,Ivy Sanchez,40,Female,Charlotte,2025-04-30,125.0
3205,Ethan Gonzalez,43,Male,Detroit,2024-01-09,378.35
3206,Layla Clark 2,52,Female,San Jose,2024-06-11,2294.13
3207,Paisley Cooper 2,27,Female,Baltimore,2023-02-14,795.85
3208,Aiden Perez,33,Male,Columbus,2024-11-21,929.5
3209,Mia Phillips,39,Female,Columbus,2026-04-20,84.0
3210,Lincoln Morales,39,Male,San Jose,2023-11-17,91.4
3211,Julian Stewart 2,36,Male,Fort Worth,2023-01-18,3547.37
3212,Daniel Cooper,37,Male,Seattle,2023-11-14,1109.3
3213,Emma Gonzalez,18,Female,Miami,2024-04-28,219.0
3214,Aiden Watson,38,Male,Columbus,2026-04-10,225.5
3215,Allison Stewart,32,Female,Miami,2025-12-12,336.3
3216,Daniel Perez,29,Male,San Jose,2023-12-15,369.5
3217,Oliver Lewis,34,Male,Jacksonville,2025-06-29,544.7
3218,Abigail Gutierrez,28,Female,Charlotte,2025-04-28,268.0
3219,Ellie Gutierrez,23,Female,Charlotte,2023-01-29,1603.75
3220,Samantha Sanchez,21,Female,Houston,2024-07-20,4535.43
3221,Lucas Nelson,29,Male,Las Vegas,2025-08-04,126.0
3222,Maya Jackson,35,Female,Philadelphia,2025-03-24,1704.0
3223,Eva Richardson,23,Female,Chicago,2023-06-20,1421.25
3224,Bob Scott,31,Male,San Antonio,2023-07-24,549.9
3225,Landon Peterson,44,Male,Portland,2024-01-21,813.25
3226,Lincoln Anderson,18,Male,Los Angeles,2025-04-15,135.0
3227,Liam Roberts,28,Male,Chicago,2026-05-28,210.0
3228,Sofia Williams,39,Female,Las Vegas,2023-04-27,1964.68
3229,Evelyn Thompson,18,Female,Austin,2024-08-30,1053.0
3230,Alexander Brooks,32,Male,Columbus,2023-10-30,1799.7
3231,Stella Anderson,26,Female,Fort Worth,2024-12-30,2526.92
3232,Natalie Martinez 2,39,Female,Detroit,2025-03-23,823.3
3233,Mia Lewis,18,Female,Miami,2026-02-19,449.5
3234,Jonathan Howard,34,Male,Detroit,2024-06-09,367.5
3235,Ivy Jackson,41,Female,Baltimore,2023-12-19,102.5
3236,Oliver Baker,27,Male,Charlotte,2024-05-15,6999.63
3237,Leah Gutierrez,35,Female,Cleveland,2026-07-03,52.0
3238,Hazel Cruz,49,Female,Los Angeles,2025-11-16,227.38
3239,Piper Hill,28,Female,Atlanta,2023-08-03,3443.52
3240,Nolan Collins,27,Male,Dallas,2025-04-30,485.0
3241,Emma Morgan,41,Female,San Diego,2025-07-01,927.5
3242,Owen Hall,18,Male,Pittsburgh,2023-10-29,1316.8
3243,Daniel Robinson,28,Male,New York,2025-06-07,231.05
3244,Quinn Martinez,44,Female,Phoenix,2024-09-08,190.25
3245,Lucas Gonzalez,36,Male,Denver,2023-11-03,1015.5
3246,Ruby Green,26,Female,Columbus,2023-04-30,1036.5
3247,Violet Flores,28,Female,Tampa,2023-09-10,3564.85
3248,Addison Evans,27,Female,Columbus,2025-08-09,1157.75
3249,Allison Lee,44,Female,Baltimore,2026-03-07,192.0
3250,Genesis Ward 2,35,Female,Philadelphia,2025-10-03,515.7
3251,Ruby Green 2,30,Female,Phoenix,2025-06-03,1141.0
3252,Alexander Lee 2,31,Male,Baltimore,2024-07-10,512.5
3253,Lucy Cook,19,Female,Fort Worth,2025-07-02,637.0
3254,Isabella Diaz,45,Female,Houston,2026-07-05,405.0
3255,Zoe Sanchez,36,Female,Jacksonville,2026-06-14,146.0
3256,Quinn Carter,18,Female,Pittsburgh,2025-12-07,328.8
3257,Violet Allen,22,Female,New York,2026-05-24,206.8
3258,Leo Martin,47,Male,Las Vegas,2023-09-14,351.8
3259,Violet Richardson,36,Female,Chicago,2025-12-14,195.0
3260,Adrian Phillips,38,Male,Cleveland,2025-10-26,288.0
3261,Riley Cruz,29,Female,Boston,2023-08-30,2583.1
3262,Asher Cox,21,Male,Cleveland,2023-08-22,215.2
3263,Connor Gonzalez,39,Male,Dallas,2023-11-16,593.2
3264,Jonathan Evans 2,18,Male,Philadelphia,2024-07-14,1167.5
3265,Bob Wilson,18,Male,Atlanta,2024-01-21,1956.6
3266,Hannah Carter,31,Female,Seattle,2023-03-27,2720.95
3267,Emily Reyes,39,Female,Tampa,2025-01-31,1982.75
3268,Michael Diaz,51,Male,Houston,2026-05-19,192.0
3269,Jack Lopez,32,Male,Nashville,2023-08-04,2201.2
3270,Quinn Wilson 2,43,Female,New York,2023-06-05,1189.3
3271,Ryan Miller 2,48,Male,Minneapolis,2023-10-20,720.7
3272,Quinn Morales 2,34,Female,Austin,2025-11-06,294.5
3273,Madison Adams,28,Female,Los Angeles,2026-06-04,20.25
3274,Connor Baker,24,Male,Baltimore,2024-07-08,948.9
3275,Thomas Jackson,18,Male,Minneapolis,2023-03-21,1661.75
3276,Jacob Reyes,28,Male,Seattle,2025-12-12,82.25
3277,Riley Johnson,34,Female,Jacksonville,2026-06-14,25.0
3278,Nathan Nelson,32,Male,Seattle,2025-02-16,899.0
3279,Amelia Rivera,63,Female,Baltimore,2026-05-30,561.0
3280,William Phillips,20,Male,Phoenix,2023-04-28,905.0
3281,Eli Ramos,46,Male,Chicago,2026-01-18,176.0
3282,Ruby Thompson,36,Female,Seattle,2026-06-13,75.0
3283,Daniel Allen,31,Male,Columbus,2024-02-20,1655.0
3284,Charlie Perez,29,Male,Fort Worth,2025-04-28,1864.25
3285,Mateo King,26,Male,Pittsburgh,2026-06-11,314.75
3286,Thomas Cook,19,Male,Baltimore,2024-01-18,25.5
3287,Mia Hall,33,Female,Portland,2026-01-18,1120.5
3288,Jeremiah Edwards,23,Male,Houston,2025-02-08,335.25
3289,Emily Gonzalez,43,Female,Nashville,2023-11-26,75.0
3290,Penelope Roberts,58,Female,Los Angeles,2024-07-05,2108.75
3291,Alexander Phillips,23,Male,Tampa,2025-04-23,802.0
3292,Natalie Anderson,46,Female,Charlotte,2025-09-24,326.0
3293,Paisley Robinson,29,Female,Las Vegas,2025-07-30,563.0
3294,Caleb Garcia,30,Male,Miami,2025-04-15,55.0
3295,Sadie Chavez,30,Female,Tampa,2025-08-26,476.2
3296,Ellie Robinson,23,Female,Baltimore,2024-09-09,1000.0
3297,Hunter Cook,43,Male,Philadelphia,2025-04-08,4294.0
3298,Isaac Evans,18,Male,Jacksonville,2024-01-11,614.0
3299,Aiden Hernandez,31,Male,Baltimore,2025-03-27,312.5
3300,William Moore,27,Male,Baltimore,2024-03-11,532.3
3301,Hunter Flores,45,Male,San Jose,2024-12-21,312.5
3302,Jackson Lewis,46,Male,Portland,2025-01-17,1366.0
3303,Abigail Martin,31,Female,Los Angeles,2026-06-29,30.0
3304,Alice White,27,Female,Denver,2024-11-11,949.5
3305,Theo Edwards,31,Male,San Diego,2025-11-21,171.0
3306,Genesis Ward 3,35,Female,Fort Worth,2025-12-08,450.25
3307,Ryan Gonzalez,28,Male,Portland,2026-04-19,55.0
3308,Diana Taylor 2,26,Female,Portland,2023-03-21,395.75
3309,Julian Robinson,26,Male,Atlanta,2023-11-16,1991.75
3310,Layla Phillips,30,Female,Columbus,2025-12-03,827.8
3311,Scarlett Wilson,42,Female,Fort Worth,2024-01-30,150.0
3312,Charlie Evans,23,Male,Tampa,2025-09-22,432.0
3313,Oliver Morgan,40,Male,Minneapolis,2025-09-24,234.0
3314,Jeremiah Taylor,19,Male,Philadelphia,2023-11-30,1575.5
3315,Sarah Adams,35,Female,Boston,2023-03-24,1157.5
3316,Maya Lopez,40,Female,Jacksonville,2025-09-02,224.0
3317,Jack Cruz,34,Male,Denver,2025-12-11,272.6
3318,Sebastian Peterson,37,Male,Miami,2025-10-20,344.5
3319,Willow Richardson,50,Female,San Diego,2025-01-28,225.5
3320,Chloe Flores,45,Female,Phoenix,2025-02-02,344.0
3321,Jackson Cox,30,Male,Dallas,2024-11-21,2406.8
3322,Zoe Turner,30,Female,Las Vegas,2026-06-07,22.5
3323,Chloe Peterson,32,Female,Portland,2023-12-16,100.0
3324,Lucy Howard,49,Female,Detroit,2026-03-23,210.75
3325,Lily Adams,48,Female,Chicago,2025-07-14,103.25
3326,Naomi Thomas,36,Female,Austin,2025-06-25,1420.45
3327,Jacob Baker,36,Male,Houston,2024-12-06,238.65
3328,Natalie Roberts,25,Female,Houston,2026-02-28,323.5
3329,Luna Cox,18,Female,Baltimore,2025-08-22,658.0
3330,Audrey Richardson,30,Female,Austin,2023-02-09,1417.97
3331,Asher Harris,47,Male,Detroit,2024-02-14,119.38
3332,Aiden Murphy,31,Male,Las Vegas,2025-03-08,640.75
3333,Lily Moore,31,Female,Portland,2023-11-13,754.75
3334,Charles Allen,58,Male,Charlotte,2025-07-03,142.0
3335,Willow Morris,18,Female,Cleveland,2025-03-21,3276.5
3336,Mateo Green,45,Male,San Jose,2024-10-13,1124.95
3337,Penelope Gonzalez,34,Female,Nashville,2024-10-03,589.25
3338,Skylar Reed,38,Female,New York,2026-03-16,192.0
3339,Joseph Ortiz,18,Male,Las Vegas,2024-11-28,1495.1
3340,Isaiah Taylor,34,Male,Pittsburgh,2025-11-14,1301.75
3341,Bob Cruz,34,Male,Pittsburgh,2026-02-07,480.0
3342,Eli Cooper,52,Male,Charlotte,2024-08-28,664.7
3343,Jaxon Cooper,30,Male,Jacksonville,2024-12-31,279.75
3344,Joseph Rogers,38,Male,Houston,2025-06-01,1213.5
3345,Violet Bailey,30,Female,Dallas,2026-04-15,48.0
3346,Anna Lewis,46,Female,Portland,2026-05-28,45.0
3347,Maya Morris,35,Female,Charlotte,2026-04-09,90.0
3348,Willow Anderson,34,Female,Philadelphia,2024-05-03,632.5
3349,Diana Wilson,18,Female,Columbus,2025-01-18,561.9
3350,Quinn Johnson,29,Female,San Diego,2023-12-30,2275.72
3351,Lucy Flores 2,25,Female,Charlotte,2026-05-06,252.0
3352,David Perez 2,32,Male,New York,2024-02-17,1432.5
3353,Aria Thomas,19,Female,Cleveland,2023-02-05,1098.3
3354,Aria Murphy,45,Female,Houston,2026-06-29,31.5
3355,Piper Moore,43,Female,Pittsburgh,2024-02-26,149.5
3356,Caleb Phillips,25,Male,Tampa,2024-06-08,1885.5
3357,Lily Rivera,35,Female,Austin,2026-02-18,52.25
3358,Diana Edwards 2,50,Female,Chicago,2025-03-26,293.8
3359,Daniel Brooks 2,34,Male,Baltimore,2023-10-14,128.0
3360,Violet Cruz,52,Female,Tampa,2024-01-26,835.5
3361,Lydia Watson 2,20,Female,San Diego,2024-06-27,724.0
3362,Samantha Garcia,25,Female,Phoenix,2023-04-27,518.1
3363,Aria Gonzalez,18,Female,San Diego,2025-06-07,929.75
3364,Kinsley Murphy,31,Female,Los Angeles,2023-08-30,2401.2
3365,Audrey Mitchell,25,Female,Los Angeles,2023-07-21,313.0
3366,Alice Davis,38,Female,San Jose,2025-04-25,496.75
3367,Evelyn Edwards,27,Female,Houston,2024-06-03,1248.0
3368,Jaxon Reed,41,Male,Jacksonville,2024-11-22,2710.7
3369,Jacob Cox 2,29,Male,Fort Worth,2025-05-31,144.0
3370,Abigail Moore,27,Female,Los Angeles,2025-11-05,76.0
3371,Adrian Sanchez,55,Male,Detroit,2023-09-09,2197.25
3372,Alice Clark,49,Female,Phoenix,2024-12-13,222.0
3373,Aurora Kelly,18,Female,Pittsburgh,2026-05-08,110.0
3374,Sadie Parker,39,Female,Tampa,2026-06-11,127.5
3375,Claire Moore,61,Female,San Antonio,2024-06-07,1061.75
3376,Aiden Rogers 2,44,Male,Chicago,2026-04-23,83.4
3377,Julia Phillips 2,28,Female,New York,2025-06-14,921.45
3378,Stella Cox,29,Female,Tampa,2026-04-28,54.4
3379,Lydia Cooper,31,Female,Houston,2024-04-13,6432.07
3380,Emma Peterson,42,Female,Phoenix,2023-02-04,888.6
3381,Mason Jackson,28,Male,Orlando,2024-03-11,701.0
3382,Emily Johnson,27,Female,Jacksonville,2025-11-25,175.0
3383,Savannah Jackson,32,Female,Orlando,2025-11-11,116.0
3384,Willow Robinson,37,Female,Dallas,2025-03-24,350.5
3385,Grayson Kim,22,Male,Baltimore,2024-02-16,363.2
3386,Gabriel Reed,44,Male,Austin,2023-09-07,2175.98
3387,Anna Lee,28,Female,Seattle,2026-01-26,30.0
3388,Layla Stewart 2,36,Female,San Antonio,2024-04-18,1805.5
3389,Nolan Harris,37,Male,Fort Worth,2024-08-03,2700.58
3390,Alexander Martinez,39,Male,Charlotte,2023-08-30,939.0
3391,Aiden Wilson,34,Male,Houston,2024-11-28,368.5
3392,Eva Thomas,32,Female,Portland,2026-02-16,208.5
3393,Lucas Allen,47,Male,Tampa,2025-03-15,632.92
3394,Jeremiah Anderson,28,Male,Baltimore,2026-03-22,61.5
3395,Alexander Jackson,27,Male,Austin,2025-10-10,711.55
3396,Violet Rodriguez,36,Female,Boston,2025-03-15,934.35
3397,Emma Anderson,42,Female,New York,2024-10-28,1502.9
3398,Charlie Walker,26,Male,Portland,2024-12-07,1207.52
3399,Ivy Thomas,38,Female,San Jose,2026-07-04,18.0
3400,Victoria Taylor,61,Female,Chicago,2026-05-26,240.0
3401,Gabriel Lee 2,20,Male,Phoenix,2023-10-24,533.8
3402,Jaxon Flores 2,24,Male,Cleveland,2025-03-30,825.0
3403,Piper Carter,32,Female,New York,2026-03-17,255.5
3404,Theodore Martin,29,Male,Atlanta,2023-08-11,624.25
3405,Wyatt Martinez,33,Male,Austin,2023-08-30,2074.72
3406,Levi Phillips 2,27,Male,Seattle,2025-08-25,1752.15
3407,John Richardson,39,Male,San Diego,2025-05-03,679.5
3408,Piper Peterson,18,Female,Orlando,2025-09-20,150.0
3409,Amelia Kim 2,37,Female,San Diego,2025-09-16,20.25
3410,Daniel Mitchell,18,Male,New York,2024-06-27,943.0
3411,Alice Jackson 2,21,Female,Baltimore,2024-09-16,300.0
3412,Lucas Hill,51,Male,Boston,2026-04-01,76.0
3413,Adrian Parker,39,Male,Miami,2024-03-31,2500.75
3414,Asher Jones,36,Male,Los Angeles,2025-07-08,814.0
3415,Lincoln Kim,35,Male,Jacksonville,2024-04-05,1130.2
3416,Violet Hernandez,32,Female,Columbus,2024-04-01,759.9
3417,Layla Morales,31,Female,Columbus,2026-02-06,58.5
3418,David Williams,25,Male,Cleveland,2023-04-08,1062.4
3419,Gabriel White,42,Male,Cleveland,2024-07-20,1350.7
3420,Savannah Ramos,19,Female,Columbus,2026-01-13,60.0
3421,Mason Gonzalez,39,Male,Detroit,2026-06-26,76.5
3422,Anna Harris,39,Female,Detroit,2026-06-25,90.0
3423,Caleb Morris,25,Male,Los Angeles,2025-12-08,1650.38
3424,Leo Cruz,40,Male,Chicago,2023-03-13,6128.4
3425,Victoria Jones,39,Female,New York,2023-04-11,150.4
3426,Ethan Sanchez,38,Male,Los Angeles,2025-11-29,611.6
3427,Amelia Howard,34,Female,Austin,2025-10-11,460.0
3428,Luna Williams,30,Female,Fort Worth,2026-02-09,1087.0
3429,Penelope Evans,32,Female,Columbus,2026-06-24,634.0
3430,Julian Wilson 2,29,Male,New York,2026-02-23,80.0
3431,Asher Murphy,32,Male,Charlotte,2026-04-12,25.0
3432,Harper Walker,40,Female,Portland,2026-03-15,400.0
3433,Zoe Gutierrez,19,Female,Austin,2026-01-25,32.0
3434,Scarlett Hall,18,Female,Columbus,2023-12-13,536.0
3435,Ivy Young,39,Female,Portland,2023-12-06,25.0
3436,William Williams,36,Male,Boston,2024-04-22,1494.0
3437,Nathan Gonzalez,38,Male,Chicago,2025-07-29,178.2
3438,Addison Campbell,42,Female,Minneapolis,2023-04-20,400.0
3439,Alice King,57,Female,Nashville,2025-07-20,1654.9
3440,Addison Nguyen,22,Female,Pittsburgh,2026-04-15,725.0
3441,David Mitchell,32,Male,Columbus,2025-11-20,696.5
3442,Savannah Miller,38,Female,Atlanta,2025-12-02,255.0
3443,Isaiah Kelly,32,Male,Fort Worth,2024-04-13,176.12
3444,Mateo Phillips,40,Male,Jacksonville,2025-12-18,532.65
3445,Naomi Morris,55,Female,Fort Worth,2023-04-21,457.5
3446,Alexander Turner,51,Male,Detroit,2023-07-03,740.95
3447,Alice Thomas,40,Female,Portland,2023-02-04,1189.4
3448,Maya Ward 2,44,Female,Tampa,2024-09-19,178.1
3449,Allison Morales,52,Female,Columbus,2023-05-07,651.0
3450,Hannah Lopez,36,Female,Chicago,2023-06-09,1751.37
3451,Sarah Parker,32,Female,Chicago,2025-12-19,73.0
3452,Joseph Hall,54,Male,San Antonio,2025-04-06,155.5
3453,Kennedy Murphy,43,Female,Jacksonville,2025-12-31,467.5
3454,Jayden Phillips,48,Male,Cleveland,2025-10-09,2144.05
3455,Oliver Kim,59,Male,Atlanta,2025-04-26,968.05
3456,Thomas Adams 2,31,Male,Pittsburgh,2024-05-06,2262.25
3457,Penelope Thomas,32,Female,Charlotte,2025-12-21,270.0
3458,Hunter Moore,51,Male,Nashville,2025-11-29,594.5
3459,Stella Sanchez,39,Female,Jacksonville,2025-09-29,1206.5
3460,Riley Ramos,43,Female,Jacksonville,2025-05-30,1195.2
3461,Luna Gutierrez,18,Female,Columbus,2024-11-17,2406.95
3462,Willow Bailey,34,Female,Austin,2026-06-24,270.0
3463,Hannah Stewart 2,22,Female,Fort Worth,2025-01-01,282.5
3464,Allison Nguyen 2,26,Female,Cleveland,2026-06-03,120.0
3465,James Anderson 2,38,Male,Atlanta,2023-01-23,736.0
3466,Jonathan Bailey,31,Male,Nashville,2023-09-08,602.75
3467,Lincoln Hill,36,Male,Houston,2025-01-30,2783.4
3468,Alice Taylor,20,Female,Charlotte,2026-03-07,25.0
3469,Anna Johnson,25,Female,Las Vegas,2026-02-28,1144.5
3470,Kennedy Young,33,Female,Los Angeles,2024-05-13,623.0
3471,Lily Carter,33,Female,Philadelphia,2025-09-11,917.55
3472,Joseph Young,24,Male,Detroit,2025-06-14,1155.55
3473,Christian Davis,44,Male,Atlanta,2025-10-20,1075.85
3474,Penelope Morgan,45,Female,Miami,2023-05-18,404.25
3475,Julian Taylor 2,42,Male,Dallas,2026-03-01,458.2
3476,Jack Nelson,21,Male,Columbus,2023-03-05,5574.21
3477,Lily Jones,48,Female,New York,2025-09-27,2736.4
3478,Lucas Stewart,31,Male,Philadelphia,2026-02-25,90.0
3479,Natalie Flores,31,Female,Fort Worth,2024-04-06,591.0
3480,Lincoln Davis,18,Male,Portland,2024-05-27,669.95
3481,Abigail Thomas,41,Female,Cleveland,2025-11-01,80.0
3482,Isabella Rogers 2,39,Female,San Antonio,2026-05-18,198.5
3483,Quinn Brown 2,28,Female,Columbus,2025-08-20,4172.77
3484,Penelope Reyes,28,Female,New York,2025-01-04,200.25
3485,Lincoln Howard,41,Male,Jacksonville,2026-04-13,228.0
3486,Alice Perez 2,40,Female,Houston,2025-03-05,3073.12
3487,Sofia Peterson,46,Female,Houston,2023-10-14,1482.25
3488,Charlie Nelson,52,Male,Miami,2023-02-28,1771.0
3489,Mason Torres,25,Male,San Jose,2026-06-12,60.0
3490,Piper Edwards,45,Female,San Antonio,2025-06-21,1883.0
3491,Aria Torres,37,Female,Philadelphia,2024-10-28,689.4
3492,Jeremiah Cook,19,Male,Detroit,2025-07-23,312.8
3493,Caleb Adams,21,Male,Jacksonville,2025-11-08,96.0
3494,Caleb Martinez,40,Male,Denver,2026-05-04,48.0
3495,Caroline Hill,46,Female,Fort Worth,2026-04-27,28.0
3496,Layla Nelson,29,Female,San Diego,2025-01-09,75.0
3497,Lucy Carter,50,Female,Miami,2023-07-01,1322.25
3498,Ruby Howard 3,35,Female,Boston,2026-05-10,22.5
3499,Skylar Richardson,18,Female,Cleveland,2023-05-10,115.2
3500,Lincoln Hernandez,27,Male,Las Vegas,2025-12-04,191.5
3501,Logan Adams 2,30,Male,Dallas,2023-02-10,804.75
3502,Ella Reyes,34,Female,Fort Worth,2023-07-08,454.9
3503,Eva Nguyen,33,Female,Charlotte,2024-03-07,42.5
3504,Samantha Garcia 2,33,Female,Los Angeles,2026-05-22,28.0
3505,Eva Martinez,25,Female,Austin,2026-03-29,578.0
3506,Aiden Lopez,38,Male,Detroit,2025-04-18,865.6
3507,Genesis Stewart,51,Female,Detroit,2025-11-30,175.0
3508,Natalie Davis,22,Female,Austin,2024-11-30,755.0
3509,Thomas Edwards,30,Male,Orlando,2023-03-02,1139.75
3510,Bob Davis,18,Male,Houston,2024-03-08,1910.0
3511,Genesis Hernandez,36,Female,Miami,2024-01-16,3193.05
3512,Grace Kim,23,Female,Baltimore,2024-11-19,1324.9
3513,Caroline Reyes,34,Female,Seattle,2025-09-13,204.0
3514,Logan Murphy,46,Male,San Jose,2023-06-04,313.0
3515,Samuel Kelly,20,Male,Miami,2025-02-23,1168.25
3516,Piper Rodriguez,18,Female,Charlotte,2024-01-07,2913.95
3517,Alexander Cook,22,Male,Baltimore,2023-05-06,1414.12
3518,Luna Stewart,26,Female,Houston,2026-04-09,746.0
3519,Mateo Mitchell,28,Male,Fort Worth,2025-07-27,664.8
3520,Claire Cruz,28,Female,Baltimore,2023-06-27,987.38
3521,William Martin,35,Male,Charlotte,2024-11-01,1710.8
3522,Sofia Morales,35,Female,Dallas,2025-07-27,4363.9
3523,Amelia Campbell,20,Female,Los Angeles,2024-12-10,300.0
3524,Lucy Wilson,33,Female,Pittsburgh,2023-08-06,2237.85
3525,Paisley Sanchez,21,Female,Columbus,2025-10-31,346.0
3526,Olivia Allen,31,Female,Los Angeles,2025-02-05,325.0
3527,Jayden Scott,30,Male,Miami,2023-10-25,2228.8
3528,Aiden Evans,56,Male,Cleveland,2024-02-10,1787.5
3529,Carter Ramirez,22,Male,San Jose,2023-05-03,559.13
3530,William Harris,20,Male,Seattle,2026-01-07,114.3
3531,Hunter Young,38,Male,Charlotte,2024-01-13,60.0
3532,Diana Morales,42,Female,Dallas,2024-08-03,1082.0
3533,Jack Williams,22,Male,San Diego,2026-06-21,191.25
3534,Emma Brown,27,Female,Orlando,2026-07-04,49.5
3535,Lydia Thompson,50,Female,Austin,2026-02-23,212.2
3536,Eleanor Bailey,45,Female,Jacksonville,2023-10-01,391.85
3537,Willow Flores 2,37,Female,Cleveland,2026-05-06,300.0
3538,Wyatt Thomas,18,Male,Portland,2023-10-18,475.0
3539,Caroline Robinson,25,Female,Atlanta,2024-12-02,822.0
3540,Joseph Mitchell,34,Male,Pittsburgh,2023-03-03,2228.0
3541,Dylan Anderson,23,Male,Charlotte,2026-04-27,78.9
3542,Eli Cooper 2,18,Male,Jacksonville,2024-05-14,1295.25
3543,Aiden Cox,32,Male,Denver,2026-07-06,240.0
3544,Christian Watson,36,Male,Nashville,2024-03-13,2635.6
3545,Ryan Rivera,18,Male,Charlotte,2024-06-14,448.0
3546,Luke Hill 2,34,Male,San Jose,2025-12-15,349.0
3547,Mia Hill,30,Female,Los Angeles,2023-02-05,45.0
3548,Alice Edwards 2,48,Female,Los Angeles,2026-04-01,22.5
3549,Eleanor Nguyen,47,Female,Chicago,2025-08-30,3019.6
3550,Theodore Clark,30,Male,San Jose,2026-05-22,221.35
3551,Alice Campbell,25,Female,Cleveland,2024-01-11,1032.5
3552,Savannah Flores,41,Female,Columbus,2024-12-29,869.93
3553,Logan Kim,33,Male,San Antonio,2024-02-28,2121.75
3554,Amelia Flores,45,Female,Boston,2025-11-22,1996.0
3555,Allison Wilson,24,Female,Miami,2023-09-07,648.6
3556,Willow Cruz,57,Female,Charlotte,2026-06-17,35.0
3557,Sofia Parker,50,Female,Nashville,2023-03-30,55.0
3558,Scarlett Brooks,23,Female,San Jose,2025-10-12,275.25
3559,Anna Moore,41,Female,Charlotte,2024-07-13,684.5
3560,James Rodriguez 2,18,Male,Houston,2024-06-23,3231.93
3561,Evelyn Hill,37,Female,Nashville,2026-01-01,2284.75
3562,Maverick Davis,29,Male,Boston,2025-09-09,251.75
3563,Carter Jackson,39,Male,San Jose,2024-01-10,2325.9
3564,Jonathan Johnson,26,Male,San Antonio,2025-11-19,142.0
3565,Alice Lee,40,Female,Seattle,2024-11-14,2105.75
3566,Lydia Collins,38,Female,San Jose,2026-05-26,130.5
3567,Layla Young,41,Female,Baltimore,2025-09-29,258.0
3568,Henry Edwards,19,Male,Phoenix,2023-01-26,1313.5
3569,Lincoln Young,22,Male,San Jose,2024-02-14,1633.55
3570,Evelyn Cox,30,Female,Fort Worth,2025-12-17,108.0
3571,Abigail Morris,45,Female,Nashville,2025-07-08,273.0
3572,Genesis Garcia,36,Female,Detroit,2026-05-07,220.0
3573,Willow Jackson,28,Female,Jacksonville,2026-01-22,743.0
3574,Lydia Ramirez,64,Female,Fort Worth,2024-01-26,2538.6
3575,Hannah Lee,24,Female,Tampa,2026-01-19,299.0
3576,Genesis Evans,48,Female,Seattle,2024-04-06,760.0
3577,Alice Richardson,51,Female,Denver,2025-10-19,276.5
3578,Layla Cox,25,Female,Detroit,2025-05-14,682.05
3579,Oliver Miller,35,Male,Seattle,2024-02-09,1432.5
3580,Wyatt Nelson 2,50,Male,Tampa,2026-06-28,58.8
3581,Ryan Young,32,Male,Columbus,2024-04-28,5910.95
3582,Liam Watson,23,Male,Atlanta,2023-02-03,2042.05
3583,Lucy Richardson,36,Female,Charlotte,2024-08-14,260.8
3584,Aria Clark,38,Female,San Jose,2023-09-05,1136.8
3585,Zoe Edwards 2,39,Female,Portland,2026-03-16,165.0
3586,William Ramirez 2,47,Male,New York,2023-03-30,273.9
3587,Caroline Howard 2,41,Female,Pittsburgh,2024-09-29,271.2
3588,Luke Rogers,50,Male,Orlando,2023-05-05,1377.1
3589,Willow Campbell,36,Female,Columbus,2025-10-07,576.5
3590,Connor Hernandez 2,37,Male,Denver,2024-11-19,481.5
3591,Ella Rogers,30,Female,San Jose,2023-12-01,1280.6
3592,Michael Phillips,40,Male,Baltimore,2024-09-24,613.5
3593,Skylar Hernandez 2,18,Female,San Jose,2025-02-23,617.5
3594,Ava Bailey,32,Female,Seattle,2024-11-05,210.0
3595,Michael Jones,41,Male,Los Angeles,2023-08-27,310.0
3596,Victoria Rodriguez 2,55,Female,Nashville,2023-02-22,48.0
3597,Isaiah Garcia,18,Male,Pittsburgh,2023-02-21,667.6
3598,Sadie Moore,43,Female,Los Angeles,2023-02-06,315.5
3599,Natalie Rivera,51,Female,New York,2025-04-11,1734.55
3600,Charlie Clark,18,Male,Las Vegas,2026-04-17,57.0
3601,Charlie Reed,29,Male,Miami,2025-06-11,22.5
3602,Grace Thomas,37,Female,Cleveland,2026-05-09,600.0
3603,Riley Hall 2,35,Female,San Diego,2024-09-14,1048.0
3604,Naomi Howard 2,48,Female,Baltimore,2024-03-17,659.62
3605,Caleb Rodriguez,35,Male,Jacksonville,2023-03-23,242.25
3606,Eli Allen,36,Male,Fort Worth,2024-11-22,798.0
3607,Ella Hernandez,38,Female,Orlando,2024-05-29,84.0
3608,Natalie Collins,50,Female,Minneapolis,2026-06-05,51.0
3609,Connor Allen,29,Male,Los Angeles,2025-03-15,595.12
3610,Caroline Brooks,21,Female,Pittsburgh,2024-10-05,1067.5
3611,Sophie Walker,46,Female,Tampa,2023-11-05,746.5
3612,Hazel Collins,46,Female,Houston,2025-07-28,324.0
3613,Maya Scott,36,Female,Dallas,2023-08-07,1679.2
3614,Asher Rogers,29,Male,Charlotte,2023-08-06,440.0
3615,Ellie Roberts,42,Female,Boston,2023-09-01,378.0
3616,Jonathan Jones 2,37,Male,Austin,2026-02-10,25.0
3617,Adrian Wright,34,Male,Orlando,2025-10-29,1545.0
3618,Connor Cruz,23,Male,Minneapolis,2026-05-28,75.0
3619,Abigail Reed,24,Female,Boston,2026-01-21,623.3
3620,Sophie Wright,18,Female,Atlanta,2023-08-06,2484.75
3621,Daniel Moore 2,30,Male,San Diego,2025-03-25,716.35
3622,Sebastian Hall,25,Male,Dallas,2024-08-24,1604.0
3623,Aurora Richardson,22,Female,Baltimore,2023-06-27,235.0
3624,Ruby Brown,18,Female,Jacksonville,2025-08-06,45.0
3625,Stella Diaz,31,Female,Austin,2024-05-29,1857.15
3626,David Harris,48,Male,Dallas,2024-03-09,244.0
3627,Lucas Walker,31,Male,Houston,2024-12-07,910.0
3628,Levi Gutierrez,31,Male,Los Angeles,2025-10-21,360.5
3629,Mateo Rodriguez,35,Male,Baltimore,2026-07-05,25.0
3630,Samuel Bailey,33,Male,Jacksonville,2025-11-04,781.9
3631,Lydia Collins 2,38,Female,Orlando,2023-02-25,113.4
3632,John Hernandez,47,Male,Phoenix,2026-04-26,65.0
3633,Addison Baker 2,18,Female,San Jose,2026-05-09,62.5
3634,Jack Carter,52,Male,Pittsburgh,2024-05-24,439.3
3635,William Richardson,30,Male,Tampa,2023-06-30,355.45
3636,Samuel Lewis,18,Male,Las Vegas,2025-10-23,654.25
3637,Asher Lopez,48,Male,Nashville,2026-06-15,24.0
3638,Thomas Parker,33,Male,Cleveland,2024-11-14,560.0
3639,Olivia Richardson,25,Female,Orlando,2025-09-14,1101.25
3640,Adrian Allen,37,Male,Jacksonville,2024-03-15,4473.32
3641,Penelope Thomas 2,44,Female,Chicago,2025-07-22,942.7
3642,Lydia Hernandez,31,Female,Detroit,2025-12-08,222.0
3643,Kennedy Walker,43,Female,Minneapolis,2026-03-27,428.25
3644,Jaxon Kim,43,Male,Tampa,2025-11-07,438.0
3645,Penelope Taylor,48,Female,Portland,2023-08-27,1252.0
3646,Alexander Harris,32,Male,Houston,2024-07-27,681.4
3647,Alice Wilson,18,Female,Chicago,2023-02-02,638.6
3648,Ivy Phillips,41,Female,Fort Worth,2025-05-19,624.0
3649,Daniel Hill,45,Male,Detroit,2024-05-07,624.0
3650,Emma Hernandez 2,25,Female,Charlotte,2025-05-19,849.3
3651,Dylan Reyes,34,Male,Atlanta,2025-07-16,1522.5
3652,Julia Lopez,18,Female,Nashville,2023-01-19,420.9
3653,Cora Roberts,32,Female,Minneapolis,2023-04-19,592.25
3654,Genesis Rogers,25,Female,Cleveland,2023-11-11,5132.77
3655,Julia Cruz,35,Female,Los Angeles,2023-08-07,2288.23
3656,Maverick Ramirez,18,Male,Cleveland,2025-03-23,629.88
3657,William Rivera,32,Male,Cleveland,2023-03-19,279.0
3658,Savannah Richardson,45,Female,Las Vegas,2026-05-26,119.2
3659,Evelyn Ramirez,41,Female,Los Angeles,2025-09-04,398.0
3660,Grayson Peterson,46,Male,Orlando,2024-07-14,449.0
3661,Jacob Ramirez,23,Male,Phoenix,2024-06-03,1323.0
3662,Sebastian Thomas 2,39,Male,Houston,2026-05-22,45.0
3663,Allison Rogers,51,Female,Houston,2024-04-19,24.0
3664,Nathan Lopez,33,Male,Chicago,2025-02-08,354.0
3665,Lydia Baker,18,Female,Miami,2023-12-17,1917.25
3666,Landon Garcia,32,Male,Tampa,2026-05-30,22.5
3667,Riley Kelly,49,Female,New York,2026-04-27,30.0
3668,Brooklyn Robinson 2,37,Female,Phoenix,2025-03-13,914.22
3669,Layla Rogers,53,Female,Baltimore,2023-04-30,490.45
3670,Jackson Johnson 2,18,Male,Detroit,2025-08-23,564.0
3671,Hannah Garcia,23,Female,Portland,2025-03-11,629.1
3672,Ivy Harris 2,43,Female,Cleveland,2026-04-05,509.0
3673,Quinn Cook,26,Female,Houston,2025-06-15,1297.87
3674,Skylar Parker 2,43,Female,Las Vegas,2025-04-28,1095.62
3675,Hannah Morris,27,Female,Phoenix,2025-12-13,540.25
3676,Wyatt Cook,43,Male,New York,2025-12-30,335.0
3677,Lydia Lewis,51,Female,Dallas,2026-02-28,316.6
3678,John Evans,41,Male,Dallas,2025-07-08,405.5
3679,Mason Cook,37,Male,Columbus,2025-05-08,1576.5
3680,Nora Peterson,25,Female,Detroit,2023-12-14,694.8
3681,Lucas Richardson,44,Male,Minneapolis,2026-06-10,25.0
3682,Adrian Campbell 2,35,Male,Portland,2025-10-04,185.0
3683,Ellie Mitchell,39,Female,Miami,2026-07-01,19.12
3684,Zoe Carter,24,Female,Atlanta,2023-05-09,685.0
3685,Diana Garcia,21,Female,Tampa,2026-02-11,651.0
3686,Zoe Nguyen,31,Female,Minneapolis,2023-05-17,5823.8
3687,Noah Scott,25,Male,Orlando,2026-03-19,400.75
3688,Mason Lopez,41,Male,Miami,2023-10-10,1873.2
3689,John Brown,29,Male,Atlanta,2024-04-01,142.0
3690,Aiden Sanchez,30,Male,Tampa,2026-04-16,405.0
3691,Julia Brown,57,Female,Nashville,2023-09-16,404.75
3692,Paisley Cruz,51,Female,Boston,2024-06-13,255.0
3693,Skylar Peterson,51,Female,Jacksonville,2025-06-08,1018.0
3694,Charles Anderson,33,Male,New York,2025-10-20,50.0
3695,Leah Reyes,27,Female,Tampa,2025-10-10,278.8
3696,James Wilson,26,Male,Seattle,2025-01-27,85.0
3697,James Martin,18,Male,Minneapolis,2026-04-03,28.5
3698,Piper King,30,Female,Orlando,2026-02-02,45.0
3699,Layla Howard,33,Female,Boston,2026-04-23,75.0
3700,Grayson Rogers,41,Male,Austin,2023-12-28,1494.75
3701,Sadie Ortiz,31,Female,Columbus,2026-02-01,759.8
3702,Asher Moore,18,Male,Atlanta,2024-12-20,500.25
3703,Aria Collins,43,Female,Portland,2024-11-07,607.0
3704,Carter Jackson 2,25,Male,Fort Worth,2025-09-30,120.0
3705,Ella Edwards,40,Female,Austin,2026-01-20,300.0
3706,Jacob Howard,28,Male,Denver,2024-12-02,200.2
3707,Nathan Watson,24,Male,San Antonio,2025-05-31,180.0
3708,Jonathan Jackson 2,26,Male,Seattle,2024-01-31,3708.65
3709,Kennedy White,43,Female,San Antonio,2023-02-19,918.0
3710,Evelyn Peterson,32,Female,Detroit,2024-10-21,1984.0
3711,Zoe Martinez 2,36,Female,Pittsburgh,2025-10-08,328.75
3712,Skylar Cruz,49,Female,Detroit,2025-04-13,35.0
3713,Jonathan King,38,Male,Houston,2025-12-01,45.0
3714,Mason White,48,Male,Tampa,2023-03-10,1153.15
3715,Ivy Baker,18,Female,Atlanta,2026-04-12,263.1
3716,Lincoln Morales 2,18,Male,San Diego,2023-01-16,509.5
3717,James Watson,40,Male,Cleveland,2023-04-12,858.25
3718,Lucas Ortiz 2,27,Male,Seattle,2025-07-08,455.5
3719,Lydia Taylor,36,Female,Jacksonville,2023-08-12,381.0
3720,Sophie Adams,18,Female,Orlando,2026-05-01,51.0
3721,Nora Torres,22,Female,Tampa,2026-04-04,510.0
3722,Ella Kelly,29,Female,Philadelphia,2025-12-07,841.0
3723,Addison Morris,20,Female,Cleveland,2025-05-13,573.0
3724,Nolan Sanchez,40,Male,Atlanta,2025-01-03,4102.87
3725,Alexander Collins,25,Male,Pittsburgh,2025-01-16,398.75
3726,Aurora Gutierrez,28,Female,Los Angeles,2025-11-08,65.0
3727,Leo Murphy,31,Male,Los Angeles,2026-07-07,57.5
3728,Caleb Jones,25,Male,Detroit,2026-05-27,556.0
3729,Carter White,34,Male,Los Angeles,2026-04-26,165.0
3730,Lily White,18,Female,Columbus,2024-11-23,256.0
3731,Henry Rodriguez 2,25,Male,Dallas,2026-01-14,637.0
3732,Alexander Watson,53,Male,Las Vegas,2025-05-03,915.4
3733,Logan Thompson,46,Male,Las Vegas,2025-10-26,478.5
3734,Ava Martinez,29,Female,Phoenix,2024-02-24,508.8
3735,James White,38,Male,Philadelphia,2025-03-21,371.0
3736,Christian Johnson,46,Male,Houston,2023-11-09,666.6
3737,Harper Howard,40,Female,Chicago,2024-10-14,1177.47
3738,Eva Thompson,30,Female,Jacksonville,2025-02-04,1084.0
3739,Violet Green,39,Female,Minneapolis,2025-12-01,240.0
3740,Ethan Davis,29,Male,Dallas,2025-03-30,477.8
3741,Penelope Diaz,39,Female,San Jose,2023-04-25,322.9
3742,Maya Wright,29,Female,Jacksonville,2023-07-23,543.25
3743,Sophie Reyes,46,Female,Nashville,2025-12-30,763.0
3744,Naomi Howard 3,57,Female,Jacksonville,2024-01-24,718.95
3745,Jaxon Nguyen,18,Male,Tampa,2024-01-22,2590.6
3746,Julia Ramirez,33,Female,Los Angeles,2023-09-21,1909.6
3747,Luke Chavez,24,Male,Fort Worth,2023-03-30,2432.75
3748,Landon Garcia 2,28,Male,Jacksonville,2023-03-11,450.0
3749,Bob Perez,30,Male,Pittsburgh,2025-05-04,72.0
3750,Zoe Morris,29,Female,Charlotte,2026-02-09,155.0
3751,Leo Cox,18,Male,Dallas,2025-07-15,70.5
3752,Gabriel Hall,46,Male,Los Angeles,2025-06-21,1277.5
3753,Eli Walker,22,Male,Minneapolis,2026-05-11,62.25
3754,Samantha Cox 2,33,Female,Pittsburgh,2023-10-15,1810.0
3755,Ivy Clark,44,Female,Tampa,2025-10-14,1354.9
3756,James Green,46,Male,Jacksonville,2024-12-02,155.25
3757,Nora Stewart,40,Female,Chicago,2023-04-03,708.35
3758,Ellie Edwards 2,27,Female,Las Vegas,2023-05-25,3976.25
3759,Aaron Carter,45,Male,Fort Worth,2023-04-09,388.5
3760,Adrian Morales,42,Male,Miami,2026-03-30,668.75
3761,Evelyn Phillips,46,Female,Cleveland,2024-02-25,1017.5
3762,Kinsley Ward,48,Female,Seattle,2024-09-28,25.0
3763,Theo Jones,35,Male,Austin,2023-12-05,123.6
3764,Alice Watson,23,Female,Chicago,2025-06-19,848.45
3765,Lucas Rogers,24,Male,Portland,2023-05-07,1547.5
3766,Lily Nguyen,37,Female,Seattle,2024-01-09,1068.25
3767,Kennedy White 2,40,Female,Chicago,2024-01-13,1538.5
3768,Evelyn Turner,23,Female,Austin,2024-07-22,538.0
3769,Lydia Phillips,24,Female,Columbus,2024-07-21,757.5
3770,Ethan Cruz,20,Male,Detroit,2023-12-18,449.35
3771,Adrian Reyes,28,Male,Jacksonville,2026-02-27,92.25
3772,Hannah Cruz,18,Female,Las Vegas,2025-06-09,1152.5
3773,Alice Hall,33,Female,Detroit,2026-01-12,653.9
3774,Leo Edwards 2,47,Male,Houston,2023-06-14,1582.7
3775,Leo Mitchell,26,Male,Las Vegas,2023-11-30,613.75
3776,Sofia Bailey,42,Female,Columbus,2023-06-20,517.5
3777,Layla Flores,32,Female,Atlanta,2025-11-01,3201.05
3778,Hannah Lopez 2,36,Female,Phoenix,2024-11-18,333.4
3779,Joseph Torres,18,Male,Cleveland,2023-09-16,419.5
3780,Thomas Cooper,18,Male,Austin,2024-08-26,238.5
3781,Chloe Richardson,41,Female,Atlanta,2025-11-28,1925.75
3782,Genesis Cruz 2,26,Female,Atlanta,2025-01-07,303.65
3783,Amelia Edwards,18,Female,Detroit,2026-03-07,70.0
3784,Violet Davis,18,Female,Minneapolis,2025-08-10,239.75
3785,Mason Harris,18,Male,Las Vegas,2024-01-07,954.7
3786,Alice Diaz,19,Female,Las Vegas,2024-03-06,2608.85
3787,Audrey Morris,30,Female,New York,2026-06-25,30.0
3788,Mateo Martinez,41,Male,Detroit,2026-01-25,1920.35
3789,Theo Parker,18,Male,New York,2025-04-30,902.2
3790,Penelope Rivera,50,Female,Baltimore,2024-12-11,716.25
3791,Jackson Peterson,33,Male,Baltimore,2025-12-21,43.2
3792,James Chavez,36,Male,Chicago,2026-07-01,88.0
3793,Ivy Carter,22,Female,Phoenix,2024-02-19,780.9
3794,Jack Brooks,37,Male,Minneapolis,2025-07-13,272.5
3795,Skylar Kelly,24,Female,Fort Worth,2026-07-03,110.0
3796,Hunter Taylor,43,Male,Houston,2023-05-11,3486.82
3797,Levi Perez,47,Male,Jacksonville,2026-06-30,284.62
3798,John Ward,32,Male,Portland,2024-02-29,738.4
3799,Penelope Gutierrez,42,Female,Charlotte,2025-06-15,282.0
3800,Sarah Perez,24,Female,San Jose,2025-01-02,202.8
3801,Victoria Morris,45,Female,Columbus,2025-12-27,308.0
3802,John Sanchez,42,Male,Phoenix,2025-11-16,330.0
3803,Julian Lopez,43,Male,San Diego,2026-01-27,330.0
3804,Alice Gonzalez 3,30,Female,Detroit,2024-08-05,1058.0
3805,Leo Phillips 2,37,Male,Jacksonville,2026-04-19,378.0
3806,Daniel White,28,Male,San Antonio,2026-01-15,409.5
3807,Paisley Martinez,25,Female,Detroit,2025-01-26,4191.75
3808,Hazel White 2,35,Female,Houston,2025-08-29,577.0
3809,Christian Baker,34,Male,Chicago,2026-05-16,330.0
3810,Maya Diaz,51,Female,Baltimore,2026-07-07,31.5
3811,Kennedy Wright,30,Female,Boston,2025-09-23,1420.0
3812,David Murphy,19,Male,Tampa,2024-09-16,210.0
3813,Emma Mitchell,25,Female,Tampa,2026-05-27,110.5
3814,Chloe Wright,25,Female,Tampa,2025-10-21,678.5
3815,Nora Mitchell,50,Female,San Antonio,2025-05-08,2619.15
3816,Victoria Hernandez,23,Female,Minneapolis,2026-01-13,30.0
3817,Savannah Hall,37,Female,Nashville,2023-09-09,179.0
3818,Maya Jackson 2,18,Female,San Diego,2023-06-17,295.5
3819,Jayden Mitchell 2,30,Male,San Jose,2025-04-14,992.5
3820,Maya Hill,20,Female,Phoenix,2024-03-19,477.0
3821,Paisley Phillips,42,Female,Phoenix,2023-05-16,686.25
3822,Michael Mitchell,22,Male,Denver,2026-02-05,75.0
3823,Nora Rivera,20,Female,Fort Worth,2025-10-26,176.0
3824,Carter Thompson 2,33,Male,Seattle,2025-08-17,275.2
3825,Bob Martinez,35,Male,Minneapolis,2023-06-28,30.0
3826,Henry Clark,42,Male,Pittsburgh,2025-08-01,1308.2
3827,Bob Cooper,32,Male,Portland,2026-02-02,32.0
3828,Victoria Gutierrez,36,Female,Boston,2023-11-05,2259.55
3829,Grayson Lopez,26,Male,Dallas,2024-09-12,2970.15
3830,Levi Allen,30,Male,Philadelphia,2024-02-01,1205.7
3831,Audrey Reed 2,31,Female,Cleveland,2024-02-15,488.5
3832,Luke Flores,18,Male,Nashville,2023-05-16,5260.68
3833,Wyatt Morris,52,Male,Chicago,2024-04-28,240.5
3834,Emily Collins,40,Female,Boston,2023-04-30,30.0
3835,Gabriel Cook,18,Male,Atlanta,2023-01-20,2010.4
3836,Aaron Sanchez,44,Male,Minneapolis,2025-11-26,215.0
3837,Alice King 2,27,Female,Denver,2025-11-04,330.0
3838,Skylar Flores,34,Female,Austin,2023-10-25,559.5
3839,Lydia Green,34,Female,New York,2024-11-05,1188.0
3840,Julia Morales,27,Female,Minneapolis,2025-01-03,110.62
3841,Genesis Wilson,25,Female,Philadelphia,2025-07-21,1164.5
3842,Abigail Walker,23,Female,Austin,2023-10-09,2178.75
3843,Wyatt Anderson,38,Male,Austin,2026-05-27,223.75
3844,Anna Thompson,49,Female,Philadelphia,2025-11-10,194.0
3845,Sophie Morales,35,Female,Pittsburgh,2026-03-04,263.8
3846,Genesis Carter,25,Female,Jacksonville,2023-07-11,639.5
3847,Logan Reyes,34,Male,Fort Worth,2023-11-11,814.15
3848,Caroline Campbell,32,Female,Charlotte,2024-12-01,2245.0
3849,Charlie Clark 2,31,Male,Austin,2024-01-31,1108.85
3850,Brooklyn Nelson,44,Female,Tampa,2026-02-01,1195.0
3851,Lydia Collins 3,34,Female,Seattle,2024-11-01,23.8
3852,Theo Morales,43,Male,Minneapolis,2026-06-08,339.0
3853,Isaiah Cook,30,Male,Los Angeles,2024-06-24,857.6
3854,Mason Peterson,32,Male,Houston,2026-05-25,50.0
3855,Isabella Nelson,44,Female,Nashville,2026-01-28,896.35
3856,Aria Kelly,18,Female,Nashville,2023-05-25,653.0
3857,Lincoln Wright,31,Male,Minneapolis,2026-03-21,321.5
3858,Penelope Mitchell,28,Female,Cleveland,2025-07-23,1105.85
3859,Layla Morris 2,43,Female,Dallas,2023-07-27,176.5
3860,Eva Jackson,61,Female,Fort Worth,2023-08-21,80.0
3861,Nathan Davis,44,Male,Nashville,2024-09-17,195.0
3862,Maya Gutierrez,33,Female,Boston,2025-04-29,189.0
3863,Victoria Martinez,52,Female,Boston,2025-10-12,275.5
3864,Julia Gonzalez,30,Female,Portland,2025-08-07,653.8
3865,Elias Hernandez,31,Male,Cleveland,2025-07-12,22.5
3866,Theodore Baker 2,45,Male,Austin,2023-12-26,540.75
3867,Allison Brown,26,Female,New York,2025-04-04,1104.0
3868,Kinsley Lee,26,Female,Las Vegas,2023-05-13,5665.1
3869,Grayson Stewart,44,Male,Cleveland,2025-01-21,270.25
3870,Connor Ramos,18,Male,San Antonio,2024-03-02,344.0
3871,Evelyn Jones,39,Female,Jacksonville,2026-06-06,88.0
3872,Logan Adams 3,35,Male,San Antonio,2025-12-11,342.25
3873,Kinsley Scott,34,Female,Cleveland,2024-05-19,215.5
3874,David Taylor,31,Male,Charlotte,2025-06-03,486.0
3875,Hunter Ramirez,27,Male,Fort Worth,2025-07-23,1143.25
3876,Henry Gonzalez 2,38,Male,Nashville,2025-09-02,421.9
3877,Henry Perez,19,Male,Atlanta,2024-11-13,864.75
3878,John Sanchez 2,35,Male,Denver,2023-03-04,311.0
3879,Aurora Ortiz,53,Female,Fort Worth,2023-09-15,2301.45
3880,William Campbell,34,Male,Chicago,2025-04-16,95.0
3881,Genesis Walker,27,Female,Seattle,2024-10-11,1989.82
3882,Claire Nelson,25,Female,Philadelphia,2024-04-10,195.0
3883,Lucas Morgan 2,34,Male,Tampa,2024-01-20,157.3
3884,Paisley Carter,30,Female,Columbus,2026-03-25,28.0
3885,Sophie Lee,43,Female,Houston,2026-03-17,235.0
3886,Charlie Rogers,54,Male,Jacksonville,2023-08-18,1333.25
3887,Michael Brooks,22,Male,Los Angeles,2024-03-07,605.25
3888,Theodore Diaz,54,Male,Detroit,2023-08-03,2070.25
3889,Jack Perez,35,Male,Chicago,2023-07-19,2856.0
3890,Alice Morris,45,Female,Boston,2026-04-14,135.0
3891,Alice Green,33,Female,Boston,2026-05-10,32.0
3892,Evelyn Murphy,43,Female,Nashville,2026-03-30,242.25
3893,Natalie Ortiz,34,Female,Houston,2024-05-31,1229.2
3894,Sebastian Watson,38,Male,Philadelphia,2023-05-15,825.0
3895,Ethan Baker 2,22,Male,Cleveland,2025-08-03,1525.25
3896,Scarlett Nelson,26,Female,Nashville,2025-12-13,1179.75
3897,Hunter Garcia 2,20,Male,Philadelphia,2026-03-11,65.0
3898,Maya Young,19,Female,Nashville,2023-07-05,566.0
3899,Eleanor Sanchez,23,Female,San Antonio,2026-03-21,102.0
3900,Savannah Bailey,28,Female,Portland,2026-02-04,658.0
3901,Jonathan Hall,33,Male,Seattle,2024-05-04,181.0
3902,Leo Wilson 2,53,Male,Denver,2025-05-10,185.0
3903,Addison Cruz,39,Female,Charlotte,2026-06-19,30.0
3904,Henry Reed 2,39,Male,Jacksonville,2024-11-19,1288.45
3905,Allison Reed,42,Female,Fort Worth,2024-10-09,348.1
3906,Eli Ortiz,24,Male,San Diego,2024-04-06,210.0
3907,Alexander Campbell,21,Male,Los Angeles,2026-02-26,1811.0
3908,Jacob Bailey,28,Male,Denver,2024-06-02,356.0
3909,Zoe Wilson,38,Female,Pittsburgh,2025-11-26,40.5
3910,Theodore Bailey,27,Male,Baltimore,2025-11-10,70.0
3911,Olivia Turner,56,Female,Charlotte,2024-05-09,460.0
3912,Genesis Johnson,29,Female,Las Vegas,2024-01-27,1555.8
3913,Mia Rodriguez,27,Female,Tampa,2024-12-01,1275.45
3914,Daniel Evans,34,Male,Fort Worth,2025-12-04,301.5
3915,Daniel Rivera,30,Male,Houston,2024-06-11,1062.9
3916,Theo Lee,56,Male,Dallas,2023-03-31,861.3
3917,Bob Taylor,36,Male,San Diego,2025-09-14,177.0
3918,Ethan Taylor,19,Male,Phoenix,2025-11-10,60.0
3919,Madison Scott,38,Female,Portland,2024-08-27,303.0
3920,Nora Cook,26,Female,Houston,2025-02-09,403.5
3921,Addison Young,48,Female,Columbus,2025-12-16,450.0
3922,Abigail Torres,18,Female,Cleveland,2026-01-28,491.6
3923,Julia Baker,38,Female,Houston,2026-04-02,701.0
3924,Carter Allen,33,Male,Columbus,2025-02-07,758.0
3925,William Cook,24,Male,Pittsburgh,2026-04-03,75.0
3926,Noah Richardson,43,Male,Portland,2024-04-05,2987.15
3927,Jayden Wilson,23,Male,Cleveland,2024-02-26,347.5
3928,Caleb Evans 3,46,Male,Portland,2024-08-26,4472.6
3929,Hunter Stewart 2,52,Male,Portland,2025-09-13,335.0
3930,Joseph Jones,26,Male,Portland,2023-04-21,595.75
3931,William Hill,31,Male,Dallas,2026-03-12,195.0
3932,Eleanor Campbell,18,Female,Charlotte,2025-02-28,473.5
3933,Logan Stewart,34,Male,Boston,2025-11-26,70.0
3934,Isaac Nelson,27,Male,Minneapolis,2026-02-10,3009.1
3935,Hunter Rogers,20,Male,Orlando,2025-05-04,140.0
3936,Logan Green,21,Male,Portland,2024-02-03,218.5
3937,Piper Harris 2,41,Female,Austin,2025-01-22,311.75
3938,Landon Mitchell,24,Male,Austin,2026-06-15,72.0
3939,Riley Kim,28,Female,Boston,2023-10-11,1612.7
3940,Aiden Brooks,26,Male,Chicago,2025-01-19,382.5
3941,Adrian Turner,28,Male,Phoenix,2024-12-06,1089.75
3942,William Hill 2,42,Male,Austin,2026-06-22,59.5
3943,David Miller 2,36,Male,San Diego,2023-04-07,5541.8
3944,Mateo Allen,33,Male,Tampa,2025-07-19,2427.1
3945,Diana Hill,18,Female,Columbus,2023-01-26,2512.45
3946,Jayden Sanchez 2,20,Male,Nashville,2026-04-09,18.0
3947,Ivy Wright,36,Female,Jacksonville,2026-06-29,76.5
3948,Hazel Adams,25,Female,Miami,2024-10-04,1201.38
3949,Violet Peterson,61,Female,Miami,2024-10-22,2136.25
3950,Penelope Anderson,18,Female,Atlanta,2025-11-06,574.85
3951,Natalie Morris,22,Female,Nashville,2024-04-04,1833.85
3952,Nora Brown 2,36,Female,Los Angeles,2025-10-08,176.4
3953,Wyatt Martin,42,Male,Dallas,2023-07-22,469.5
3954,Thomas Jones,31,Male,Miami,2025-08-23,774.4
3955,Lucas Evans,18,Male,Austin,2023-09-12,63.3
3956,Julia Diaz,30,Female,Las Vegas,2023-10-29,5145.95
3957,Connor Johnson,34,Male,Minneapolis,2024-09-09,688.0
3958,Anthony Martinez,19,Male,Atlanta,2026-01-26,456.25
3959,Hannah Harris,32,Female,Houston,2024-05-24,170.25
3960,Jayden Phillips 2,24,Male,Seattle,2025-06-07,60.0
3961,Madison Harris,28,Female,Seattle,2023-07-23,908.75
3962,Savannah Turner,18,Female,Portland,2023-07-21,694.5
3963,Owen Reyes,48,Male,Boston,2025-09-14,126.8
3964,Lucy Wilson 2,35,Female,Denver,2024-06-11,255.0
3965,Layla Phillips 2,24,Female,Chicago,2024-03-16,492.0
3966,Alexander Brooks 2,29,Male,Jacksonville,2025-09-22,3193.5
3967,Lily Ward,18,Female,Minneapolis,2025-01-01,1853.0
3968,Lily Collins,41,Female,Boston,2023-02-04,114.05
3969,Ryan Taylor 2,31,Male,Philadelphia,2025-04-17,192.5
3970,Jack Wilson,43,Male,Detroit,2025-11-06,90.0
3971,Nolan Stewart,24,Male,Houston,2025-09-30,553.75
3972,Oliver Hall,41,Male,Orlando,2023-03-31,1244.5
3973,Samantha Miller,51,Female,Pittsburgh,2026-05-21,251.0
3974,Elias Cox,24,Male,Las Vegas,2023-10-19,342.2
3975,Adrian Cooper,18,Male,Portland,2026-01-08,360.0
3976,Layla Jackson,31,Female,Portland,2025-01-19,2392.85
3977,Allison Roberts,45,Female,Detroit,2023-01-27,439.0
3978,Piper Nguyen,42,Female,Denver,2026-01-06,318.5
3979,Alexander Gonzalez,45,Male,Portland,2023-11-24,713.45
3980,Olivia Peterson,25,Female,Fort Worth,2024-06-13,515.8
3981,Naomi Davis,22,Female,Baltimore,2025-12-28,699.6
3982,Lucy Miller,39,Female,Philadelphia,2024-10-24,420.8
3983,Charles Adams,38,Male,New York,2023-05-03,714.35
3984,Brooklyn Ramirez,49,Female,San Jose,2024-11-10,725.85
3985,Hazel Baker,38,Female,Orlando,2026-07-02,60.0
3986,Lily Martin,24,Female,Dallas,2025-11-18,65.0
3987,Joseph Ramos,24,Male,Portland,2026-05-12,130.0
3988,Mason Diaz,58,Male,Columbus,2025-07-02,321.0
3989,Riley Cook,32,Female,Minneapolis,2023-01-20,588.37
3990,Natalie Hernandez,30,Female,Cleveland,2024-11-09,903.35
3991,Oliver Harris,32,Male,Miami,2024-12-24,206.0
3992,Aiden Nguyen,18,Male,Nashville,2025-03-28,1377.77
3993,Ella Evans 3,47,Female,Seattle,2026-05-01,105.0
3994,Sophie Garcia,29,Female,San Diego,2024-11-03,1862.1
3995,Ivy Harris 3,44,Female,Jacksonville,2024-01-19,637.0
3996,Chloe Collins,38,Female,Pittsburgh,2024-08-27,28.0
3997,Riley Ramirez,40,Female,Baltimore,2024-08-30,1653.95
3998,Adrian White 3,34,Male,Portland,2025-01-21,639.0
3999,Brooklyn Lee,36,Female,Austin,2025-09-02,332.0
4000,David Jones,49,Male,San Diego,2024-09-26,1161.75
4001,Sebastian Kelly,31,Male,Chicago,2023-11-02,828.0
4002,Naomi Brown,38,Female,Pittsburgh,2024-12-26,975.5
4003,Maya Martin,34,Female,Los Angeles,2025-12-28,250.5
4004,Aaron Howard,34,Male,Portland,2023-05-14,153.0
4005,Isabella Brown 2,48,Female,San Jose,2026-05-17,100.5
4006,Asher Reyes,27,Male,Seattle,2025-02-20,3591.46
4007,Samuel Stewart,18,Male,San Diego,2026-05-10,54.0
4008,Hannah Phillips,40,Female,Jacksonville,2026-04-30,95.62
4009,Joseph Flores,30,Male,San Diego,2023-09-17,801.65
4010,Lucas Chavez 2,20,Male,Columbus,2026-06-05,28.0
4011,Leo Reyes,27,Male,Fort Worth,2025-06-12,390.9
4012,Ivy Ramirez,41,Female,Nashville,2024-01-29,231.75
4013,Addison Morris 2,20,Female,San Antonio,2026-02-16,294.75
4014,Alice Anderson,42,Female,Cleveland,2025-07-27,60.0
4015,Aaron Brooks,21,Male,Las Vegas,2025-01-20,120.0
4016,Sophie Edwards,53,Female,Miami,2023-09-08,1452.9
4017,Hannah Scott,35,Female,Nashville,2025-12-26,449.0
4018,Alexander Lee 3,18,Male,Baltimore,2025-08-07,18.0
4019,Elias Cook 2,20,Male,Cleveland,2024-05-26,1071.75
4020,Evelyn Martinez,22,Female,Baltimore,2023-01-19,40.5
4021,Owen Gonzalez 2,35,Male,San Antonio,2024-05-09,522.0
4022,Mia Mitchell,40,Female,Cleveland,2025-04-20,130.0
4023,Wyatt Hall,45,Male,Cleveland,2025-04-01,103.5
4024,Jack Parker,42,Male,Columbus,2024-05-14,590.55
4025,Alice Torres,50,Female,Phoenix,2026-05-13,166.5
4026,William Miller,31,Male,Fort Worth,2023-08-06,3454.9
4027,Eva Cox,47,Female,Philadelphia,2026-03-22,300.0
4028,Eva Cook,27,Female,Cleveland,2025-10-13,196.0
4029,Amelia Carter,30,Female,Phoenix,2023-03-27,1039.0
4030,Aria Nelson,44,Female,Tampa,2024-03-12,658.25
4031,Piper Brown,44,Female,Dallas,2025-10-28,638.4
4032,Claire Morgan,33,Female,Austin,2024-08-06,1576.45
4033,Liam Young 2,43,Male,Dallas,2025-03-11,125.0
4034,Elias Stewart,33,Male,Los Angeles,2025-05-03,844.1
4035,Diana Ramos,42,Female,Los Angeles,2023-08-05,56.0
4036,Mason Roberts,27,Male,Baltimore,2024-03-18,4693.7
4037,Joseph Diaz,29,Male,San Antonio,2024-11-24,528.05
4038,Audrey Lopez,41,Female,Chicago,2026-05-22,423.75
4039,Adrian Adams,39,Male,Minneapolis,2026-05-08,128.0
4040,Isabella White,34,Female,Tampa,2024-12-13,300.0
4041,Harper Hernandez,41,Female,Detroit,2023-01-22,1216.7
4042,Cora Chavez 2,18,Female,Houston,2026-03-02,407.25
4043,Liam Jackson,38,Male,Chicago,2024-02-16,465.25
4044,Leah Ramirez,36,Female,Austin,2023-02-26,1967.6
4045,Alexander Morales,18,Male,Seattle,2026-01-12,633.5
4046,Ava Collins,34,Female,Philadelphia,2023-01-18,509.2
4047,Michael Martin,36,Male,Minneapolis,2025-10-18,45.0
4048,Layla Nelson 2,39,Female,Fort Worth,2025-02-12,4588.13
4049,Theo Hill,31,Male,Orlando,2025-09-02,1519.35
4050,Hazel Cooper,45,Female,Las Vegas,2024-05-03,516.6
4051,Zoe Martinez 3,37,Female,Minneapolis,2023-10-05,2505.1
4052,James Reyes,31,Male,Chicago,2024-02-15,723.05
4053,Addison Richardson,32,Female,Charlotte,2024-09-22,2130.6
4054,Sadie Carter,54,Female,Austin,2026-02-16,55.25
4055,Maverick Sanchez,29,Male,Cleveland,2023-04-15,720.45
4056,Samantha Morris,23,Female,Phoenix,2025-08-05,76.5
4057,Ivy Parker 2,36,Female,Baltimore,2026-04-25,240.0
4058,Aiden Mitchell,23,Male,Las Vegas,2024-03-11,733.85
4059,Theodore Cox,46,Male,Dallas,2025-02-03,251.0
4060,Eva Rogers,35,Female,Baltimore,2025-04-11,71.4
4061,Mateo Sanchez,18,Male,Philadelphia,2026-01-22,332.5
4062,Ava Campbell,44,Female,Austin,2024-09-23,600.0
4063,Gabriel Hill,26,Male,Seattle,2023-10-18,1658.1
4064,Luna Chavez,34,Female,Las Vegas,2023-12-17,2730.0
4065,Anthony Taylor,28,Male,Miami,2025-09-18,1732.5
4066,Jacob Howard 2,42,Male,Charlotte,2024-09-20,1375.75
4067,Violet Ramirez,54,Female,Portland,2025-12-31,370.8
4068,Wyatt Torres,21,Male,Austin,2025-10-20,315.0
4069,Landon Moore,18,Male,Miami,2026-02-27,864.5
4070,Daniel Allen 2,23,Male,New York,2025-08-08,336.85
4071,Evelyn Phillips 2,45,Female,Detroit,2025-11-19,984.9
4072,Nolan Scott,40,Male,San Antonio,2023-08-10,662.45
4073,Mason Martin,26,Male,New York,2026-02-25,45.0
4074,Sadie Kelly,35,Female,Austin,2023-06-09,1155.75
4075,Penelope Richardson,36,Female,Pittsburgh,2025-01-20,522.9
4076,Henry Hill,27,Male,San Antonio,2026-01-29,605.0
4077,Lydia Nguyen,27,Female,San Jose,2023-08-03,1302.25
4078,Chloe Hill 2,18,Female,Minneapolis,2023-12-28,278.0
4079,Lucy Morris,23,Female,Philadelphia,2026-07-05,48.0
4080,Elias Adams,37,Male,Dallas,2023-06-09,440.0
4081,Cora Nguyen,39,Female,Baltimore,2023-03-24,858.85
4082,Sadie Carter 2,32,Female,Fort Worth,2024-04-02,3117.15
4083,Dylan Edwards,24,Male,Los Angeles,2025-06-17,3126.15
4084,Logan Howard,52,Male,Denver,2024-08-25,2552.55
4085,Scarlett Rogers 2,41,Female,Miami,2023-02-20,1108.5
4086,Addison Campbell 2,44,Female,Minneapolis,2023-08-22,1602.5
4087,Samantha Bailey,38,Female,Boston,2023-08-24,801.75
4088,Caleb Ramirez,18,Male,Pittsburgh,2024-11-09,1047.7
4089,Mateo Young,49,Male,Miami,2024-01-14,746.75
4090,Emma Miller 2,36,Female,Phoenix,2023-05-19,31.5
4091,Lucas Gutierrez 2,26,Male,Denver,2023-08-09,588.5
4092,Carter Jones,25,Male,Boston,2026-01-05,46.5
4093,Aria Cox,23,Female,Chicago,2023-05-17,135.0
4094,Jacob Ortiz,34,Male,San Antonio,2024-12-22,843.12
4095,Alice Chavez,21,Female,Philadelphia,2025-03-25,22.5
4096,Elias Richardson,29,Male,Cleveland,2023-04-29,1921.5
4097,Ella Nguyen,50,Female,Minneapolis,2025-07-23,474.5
4098,Layla Thomas 2,30,Female,Atlanta,2024-03-18,1535.75
4099,Jackson Clark,28,Male,San Antonio,2026-01-30,437.38
4100,Caleb Flores,50,Male,Portland,2024-09-10,7824.2
4101,Aurora Lewis,35,Female,Austin,2025-04-16,848.45
4102,Ivy Nelson 2,40,Female,Minneapolis,2025-06-14,402.6
4103,Quinn Murphy 2,55,Female,San Diego,2025-03-28,2748.45
4104,Abigail Johnson,32,Female,Baltimore,2025-11-16,150.0
4105,Claire Johnson,28,Female,Los Angeles,2023-08-06,40.8
4106,Riley Cruz 2,31,Female,Dallas,2025-06-01,1298.0
4107,Eva Flores,31,Female,Pittsburgh,2026-05-10,25.0
4108,Nathan Ramirez,42,Male,Las Vegas,2023-12-20,1286.25
4109,Eli Morales,32,Male,Cleveland,2023-03-16,186.0
4110,Isaac Scott 2,22,Male,Seattle,2024-01-24,101.0
4111,Lily Lewis,46,Female,Orlando,2024-01-11,476.6
4112,Hannah Williams,36,Female,Chicago,2024-08-30,584.05
4113,Eli Torres,36,Male,Las Vegas,2026-01-19,55.0
4114,Riley Young,42,Female,Portland,2026-03-17,44.8
4115,Allison Kelly,36,Female,Los Angeles,2025-08-21,284.6
4116,Harper Ward,55,Female,Boston,2026-03-23,135.0
4117,Lucy Reed 3,26,Female,Nashville,2025-04-24,482.0
4118,Ruby Rivera,25,Female,Las Vegas,2024-12-07,784.3
4119,Carter Bailey 2,41,Male,Phoenix,2026-06-17,195.0
4120,Willow Morris 2,38,Female,Las Vegas,2025-09-24,313.5
4121,Emma Hall,23,Female,Boston,2026-04-16,96.0
4122,Maverick Perez,23,Male,Orlando,2025-10-17,175.0
4123,Caleb Evans 4,43,Male,Los Angeles,2023-08-26,1267.0
4124,Alice King 3,42,Female,Philadelphia,2025-12-15,842.25
4125,Jaxon Baker,39,Male,Pittsburgh,2025-04-28,54.0
4126,Anna Robinson,24,Female,Miami,2026-02-07,474.2
4127,William Robinson,45,Male,San Antonio,2025-07-28,433.75
4128,Landon Gutierrez,18,Male,Pittsburgh,2025-08-26,732.25
4129,Luna Young,37,Female,Orlando,2025-04-11,842.25
4130,Eva Jones,49,Female,Orlando,2023-05-05,1893.4
4131,Oliver Martinez,24,Male,Fort Worth,2024-06-04,2544.5
4132,Genesis Hall,38,Female,Columbus,2025-01-27,1639.25
4133,Adrian Murphy,20,Male,Seattle,2025-10-30,266.3
4134,Sofia King,18,Female,Fort Worth,2026-04-17,488.4
4135,Aaron Wilson,53,Male,Las Vegas,2025-10-26,988.6
4136,Sofia Roberts,18,Female,Cleveland,2023-10-01,853.75
4137,Aurora Bailey,41,Female,Houston,2023-05-25,2413.05
4138,Madison Young,20,Female,Austin,2025-08-08,631.25
4139,Sarah Lewis,28,Female,Las Vegas,2024-10-21,383.4
4140,Jonathan Gutierrez,20,Male,Charlotte,2025-08-30,1917.5
4141,Ivy Peterson 2,19,Female,Seattle,2024-09-04,184.0
4142,Sarah Hill,25,Female,Detroit,2024-08-26,487.5
4143,Emily Lee,25,Female,Fort Worth,2024-10-03,2540.5
4144,Nathan White,34,Male,Philadelphia,2024-08-30,1153.0
4145,Piper Walker,39,Female,Philadelphia,2026-03-16,28.0
4146,Sofia Collins,32,Female,Columbus,2026-03-07,19.2
4147,Ivy Carter 2,25,Female,Boston,2024-11-01,348.5
4148,Oliver Martinez 2,35,Male,Las Vegas,2024-04-26,245.0
4149,Samantha Gutierrez 2,37,Female,Philadelphia,2026-05-15,76.5
4150,Layla Clark 3,30,Female,Jacksonville,2026-07-07,25.0
4151,Wyatt Martinez 2,29,Male,Los Angeles,2025-12-10,64.0
4152,Chloe Flores 2,31,Female,New York,2024-01-23,322.0
4153,Julia Williams,32,Female,Cleveland,2024-01-04,3263.4
4154,Logan Allen 2,33,Male,San Antonio,2026-03-11,1261.5
4155,Wyatt Murphy,19,Male,Baltimore,2023-04-16,502.0
4156,Theodore Moore,28,Male,Minneapolis,2024-12-06,4908.62
4157,Julia Hernandez,34,Female,Jacksonville,2025-02-27,653.0
4158,Caleb Wright,18,Male,Los Angeles,2026-02-09,638.25
4159,Aaron Evans,43,Male,Detroit,2024-01-07,331.5
4160,Mateo Moore 2,29,Male,Denver,2026-06-09,492.0
4161,Leo Perez,29,Male,Detroit,2023-10-19,647.5
4162,Mia Kelly,34,Female,Phoenix,2024-05-04,4053.5
4163,Noah Carter,18,Male,Austin,2023-06-13,628.5
4164,Naomi Richardson,18,Female,Seattle,2023-06-28,1216.0
4165,Ivy Cox,21,Female,Nashville,2026-05-25,64.8
4166,Madison Gonzalez,24,Female,Boston,2026-06-25,63.0
4167,Mia King,44,Female,San Diego,2026-05-31,60.75
4168,Layla Young 2,23,Female,San Jose,2025-05-14,1639.75
4169,Victoria Morgan,20,Female,San Antonio,2025-03-23,1602.88
4170,Eli Jackson,24,Male,San Antonio,2025-12-31,100.0
4171,Jacob Bailey 2,21,Male,Houston,2025-01-24,32.0
4172,Eli Hill,37,Male,Tampa,2025-01-25,1571.0
4173,Owen Harris,26,Male,Miami,2026-03-17,725.25
4174,Cora Peterson,41,Female,Chicago,2023-05-30,490.0
4175,Brooklyn Reed,43,Female,Pittsburgh,2024-07-08,971.25
4176,Claire Ortiz,57,Female,Los Angeles,2025-01-20,2161.49
4177,Dylan Cook,29,Male,Philadelphia,2025-08-13,922.0
4178,Olivia Miller,37,Female,Boston,2025-03-22,150.0
4179,Lucas Wilson,40,Male,Nashville,2025-12-30,173.0
4180,Emily Hall,56,Female,San Jose,2026-01-19,349.5
4181,Leah Robinson,32,Female,Orlando,2025-10-15,646.82
4182,Eva Reed,47,Female,Philadelphia,2026-02-15,24.0
4183,Caleb Phillips 2,38,Male,Atlanta,2023-12-09,249.0
4184,Mason Cook 2,32,Male,Columbus,2023-05-26,727.5
4185,Cora Watson,34,Female,San Diego,2023-04-17,1190.25
4186,Joseph Kim,39,Male,Charlotte,2026-04-10,1030.0
4187,Evelyn Lopez,47,Female,Baltimore,2025-07-22,151.0
4188,Asher Brown,52,Male,Cleveland,2025-03-18,287.6
4189,Joseph Cooper,23,Male,Charlotte,2023-01-26,3597.68
4190,Jacob Martin,33,Male,Miami,2025-11-04,358.75
4191,Jack Turner,27,Male,San Jose,2023-07-01,2974.87
4192,Asher Ward,38,Male,Las Vegas,2026-06-16,185.75
4193,Daniel Martinez,26,Male,Fort Worth,2026-03-11,75.0
4194,Allison Reyes,40,Female,Dallas,2024-10-16,380.5
4195,Audrey Mitchell 2,38,Female,Nashville,2025-03-09,1226.4
4196,Gabriel Cooper,40,Male,Fort Worth,2026-04-08,45.0
4197,Leah Gonzalez,23,Female,Dallas,2024-12-17,2021.25
4198,Aurora Reyes 2,24,Female,Columbus,2023-03-31,659.55
4199,Layla Walker,54,Female,Detroit,2024-12-24,1711.75
4200,Hannah Nguyen,43,Female,Cleveland,2026-06-05,156.25
4201,Eva Clark,35,Female,Tampa,2024-10-04,1044.3
4202,Ella Morris 2,25,Female,Philadelphia,2025-05-29,539.0
4203,Layla Allen 2,38,Female,Orlando,2025-04-28,1807.65
4204,Lydia Rodriguez,41,Female,Seattle,2024-12-24,30.0
4205,Scarlett Young,26,Female,San Diego,2026-04-01,145.25
4206,Emily Allen,30,Female,Los Angeles,2023-12-04,167.95
4207,Brooklyn Jackson,38,Female,Fort Worth,2023-09-17,742.5
4208,Thomas Turner,18,Male,Portland,2025-08-06,50.0
4209,Samuel Richardson,27,Male,Pittsburgh,2026-04-03,281.0
4210,Lydia Rogers 2,38,Female,Chicago,2023-02-03,230.75
4211,Jacob Flores,27,Male,New York,2024-05-10,270.75
4212,Aria Brown,40,Female,Minneapolis,2024-03-03,1733.8
4213,Grace Flores,53,Female,Dallas,2024-12-03,2278.63
4214,Ruby Morris 2,20,Female,Phoenix,2025-01-24,1506.8
4215,Olivia Allen 2,42,Female,Los Angeles,2026-05-09,296.0
4216,Ivy Edwards,29,Female,Orlando,2023-06-20,2169.95
4217,Sadie Miller,23,Female,San Antonio,2026-04-22,160.0
4218,Lydia Thompson 2,35,Female,Atlanta,2023-03-09,1262.9
4219,Mason Rodriguez 2,31,Male,Fort Worth,2023-05-11,2698.0
4220,Cora Rivera,33,Female,Los Angeles,2025-03-28,478.0
4221,Theo Taylor,21,Male,Las Vegas,2026-02-13,705.0
4222,Thomas Howard 2,39,Male,Phoenix,2026-07-09,180.0
4223,Asher Baker,32,Male,Phoenix,2025-07-19,1360.33
4224,Alexander Gonzalez 2,25,Male,San Diego,2025-03-21,1404.55
4225,Genesis Williams,23,Female,Orlando,2025-01-16,764.75
4226,Joseph Reed,29,Male,San Antonio,2026-07-04,270.0
4227,Mia Perez,29,Female,Charlotte,2025-03-13,1211.95
4228,Jack Rogers,34,Male,Tampa,2024-01-06,4833.7
4229,Anthony Carter,33,Male,Cleveland,2026-06-13,71.4
4230,Maverick Baker,48,Male,Phoenix,2025-04-28,652.5
4231,Christian Cox,18,Male,San Diego,2025-03-24,1379.5
4232,Joseph Murphy,20,Male,San Jose,2024-05-29,1854.6
4233,Samantha Davis,37,Female,Phoenix,2025-04-09,2151.8
4234,Hunter Robinson,30,Male,Cleveland,2025-02-28,472.0
4235,Evelyn Bailey,22,Female,San Jose,2025-06-30,253.0
4236,Zoe Brooks,42,Female,Chicago,2026-05-28,25.5
4237,Jonathan Rodriguez,41,Male,New York,2026-03-20,365.0
4238,Lucy Taylor,44,Female,Seattle,2023-10-01,24.0
4239,Aiden Cox 2,34,Male,Tampa,2023-09-01,900.38
4240,Zoe Ward,42,Female,Chicago,2023-08-03,434.25
4241,Amelia Williams,54,Female,Tampa,2023-08-31,164.75
4242,Leo Lee,18,Male,Philadelphia,2024-07-06,1954.5
4243,Paisley Mitchell,28,Female,Chicago,2026-05-22,390.0
4244,Luna Baker,18,Female,Chicago,2024-06-29,437.5
4245,Anthony Johnson,39,Male,Seattle,2025-01-14,277.5
4246,Paisley Watson,43,Female,Detroit,2024-09-28,1802.3
4247,Mia Morris,23,Female,Houston,2025-03-09,439.5
4248,Natalie Nguyen,20,Female,Las Vegas,2024-04-13,2940.2
4249,Alice Reyes,29,Female,Fort Worth,2025-09-04,2042.37
4250,Hazel Green 2,50,Female,Charlotte,2025-01-29,367.0
4251,Lily Garcia,37,Female,Charlotte,2023-11-24,32.0
4252,Isabella Nguyen,37,Female,Nashville,2025-12-30,434.1
4253,Sadie Edwards,25,Female,Atlanta,2026-05-29,75.0
4254,Jonathan Ramirez,19,Male,Jacksonville,2025-12-10,558.8
4255,Riley Rivera,39,Female,Philadelphia,2023-01-31,854.0
4256,Leo Evans,27,Male,Charlotte,2026-04-18,197.5
4257,Layla Cruz,34,Female,Philadelphia,2026-06-15,28.0
4258,Nora King,18,Female,Austin,2025-08-20,582.0
4259,Grace Young,32,Female,Philadelphia,2025-08-26,435.5
4260,Diana Chavez,41,Female,Detroit,2025-05-10,445.5
4261,Alice Anderson 2,26,Female,Austin,2026-03-26,165.0
4262,Hunter Gutierrez,33,Male,Denver,2023-08-11,603.0
4263,Anthony Watson,33,Male,Atlanta,2024-02-29,205.0
4264,Sebastian Peterson 2,30,Male,San Jose,2025-07-30,898.7
4265,Caroline Cox,18,Female,Pittsburgh,2026-03-06,72.0
4266,Leah Adams,37,Female,Dallas,2025-02-08,869.0
4267,Maya Walker,33,Female,San Diego,2025-10-21,1403.15
4268,Sarah Young,34,Female,Chicago,2025-07-12,1287.75
4269,Mason Peterson 2,22,Male,Atlanta,2025-09-29,147.5
4270,Dylan Green,40,Male,Seattle,2025-12-15,669.5
4271,Jackson Peterson 2,40,Male,Fort Worth,2025-03-30,1317.63
4272,Owen White 2,39,Male,Las Vegas,2025-01-21,326.5
4273,Victoria Allen,46,Female,Dallas,2024-08-03,1500.45
4274,Paisley King,47,Female,San Antonio,2026-05-14,70.0
4275,Jacob Wilson,50,Male,Portland,2025-03-31,3062.95
4276,Lily Taylor,33,Female,San Diego,2024-07-08,774.6
4277,Audrey White,47,Female,Minneapolis,2023-09-12,2679.5
4278,Julian Taylor 3,46,Male,Tampa,2025-11-13,554.25
4279,Harper Campbell 2,25,Female,New York,2024-03-19,1230.8
4280,Anthony Gonzalez,31,Male,Austin,2024-12-20,135.0
4281,Naomi Sanchez,32,Female,Baltimore,2026-05-26,330.0
4282,Allison Anderson,32,Female,Fort Worth,2026-02-24,180.0
4283,Riley Brooks,33,Female,Atlanta,2026-02-22,380.0
4284,Piper Kelly,29,Female,Portland,2025-06-11,286.0
4285,Emma Garcia,18,Female,Pittsburgh,2024-07-09,1041.3
4286,Madison Parker,59,Female,Austin,2024-07-15,169.2
4287,James Jackson,28,Male,Phoenix,2025-10-31,598.0
4288,Madison Taylor,31,Female,Orlando,2024-08-17,398.0
4289,Daniel Green,39,Male,San Jose,2025-07-09,175.0
4290,Lucas Wright,35,Male,Dallas,2026-07-09,48.0
4291,Caroline Hernandez,18,Female,Columbus,2025-05-26,511.0
4292,Skylar Nelson,34,Female,Phoenix,2023-03-05,1362.25
4293,Gabriel Ward,41,Male,Austin,2025-05-25,426.25
4294,Ella Harris,38,Female,Chicago,2025-10-23,505.0
4295,Claire Green,18,Female,Tampa,2025-10-02,183.75
4296,Jonathan Ramos,28,Male,Pittsburgh,2025-09-29,210.5
4297,Ethan Wilson,57,Male,Columbus,2026-02-09,50.0
4298,Victoria Scott,40,Female,Houston,2024-11-28,139.08
4299,Theo Johnson,23,Male,Boston,2023-09-26,255.75
4300,Zoe Cox,36,Female,San Diego,2026-05-08,30.0
4301,Nora Harris,44,Female,New York,2025-10-14,460.0
4302,Scarlett Thompson,22,Female,Las Vegas,2026-03-24,881.5
4303,Caroline Johnson,18,Female,Orlando,2026-04-26,63.75
4304,Hazel Rodriguez,25,Female,Fort Worth,2025-11-12,682.1
4305,Ivy Hill,18,Female,San Jose,2023-08-18,938.0
4306,Ella Parker,20,Female,New York,2023-12-03,1450.65
4307,Aiden Cox 3,38,Male,Portland,2023-05-29,5259.65
4308,Jeremiah Allen,39,Male,San Diego,2023-02-05,4337.85
4309,Thomas Hernandez 2,39,Male,Nashville,2024-11-25,308.2
4310,Ellie Thomas,61,Female,Houston,2024-07-24,618.0
4311,Sarah Martin,41,Female,Columbus,2023-12-26,2837.1
4312,Sophie Torres 2,41,Female,Portland,2025-01-22,1381.75
4313,Ivy Campbell,41,Female,Seattle,2024-01-04,125.0
4314,Joseph Davis,31,Male,Philadelphia,2023-09-02,515.6
4315,Ava Stewart,40,Female,San Jose,2025-01-24,963.6
4316,Kinsley Williams,39,Female,Chicago,2026-02-15,110.0
4317,Samuel Flores,30,Male,Seattle,2025-07-25,567.0
4318,Mason Perez,25,Male,Phoenix,2025-07-17,189.6
4319,Hazel Cook,19,Female,Phoenix,2026-07-02,50.0
4320,Lucy Morgan,28,Female,Baltimore,2023-03-08,212.5
4321,Nathan Green,18,Male,San Diego,2024-08-02,529.6
4322,Michael Allen,24,Male,Boston,2025-12-18,79.0
4323,Jayden Cooper,34,Male,New York,2025-11-22,774.0
4324,Kennedy Howard,33,Female,Philadelphia,2023-09-28,2369.0
4325,Luna Cruz 2,20,Female,Las Vegas,2024-03-18,295.0
4326,Gabriel Howard 2,26,Male,Seattle,2024-10-22,524.5
4327,Eli Allen 2,22,Male,Boston,2024-04-16,404.25
4328,Leah Edwards,48,Female,Chicago,2024-07-28,838.45
4329,Grace Walker,20,Female,Atlanta,2024-08-30,214.5
4330,Maya Jackson 3,36,Female,Jacksonville,2023-05-09,88.0
4331,Aurora Williams 2,49,Female,Cleveland,2025-06-27,180.0
4332,Ellie Gonzalez,33,Female,Houston,2023-05-21,2436.0
4333,Aurora Ward,34,Female,Miami,2025-11-23,30.0
4334,Nora Johnson 2,30,Female,San Antonio,2025-08-22,436.75
4335,Eli Baker,35,Male,New York,2023-10-10,1413.75
4336,Eleanor Campbell 2,48,Female,Philadelphia,2025-10-06,168.0
4337,Evelyn Chavez 2,41,Female,San Diego,2025-12-17,280.0
4338,Thomas White,53,Male,Phoenix,2023-05-06,826.0
4339,Ava Reyes 2,51,Female,San Antonio,2023-03-27,522.0
4340,Genesis Edwards,50,Female,Cleveland,2023-02-17,763.45
4341,Brooklyn Johnson,43,Female,Columbus,2023-02-02,1376.4
4342,Zoe Lewis,52,Female,Columbus,2023-08-24,1193.0
4343,Nora Scott,44,Female,Cleveland,2026-01-16,145.0
4344,Landon Kim,24,Male,Philadelphia,2026-05-03,130.0
4345,Gabriel Peterson,27,Male,Orlando,2025-02-02,48.0
4346,Mason Adams,36,Male,Atlanta,2023-05-09,893.5
4347,Christian Brown,35,Male,Chicago,2023-06-21,2101.95
4348,Henry Moore,21,Male,Miami,2025-02-13,1005.2
4349,Hunter Thomas,23,Male,Orlando,2025-06-17,2606.5
4350,Sophie Harris,19,Female,Phoenix,2025-02-15,254.75
4351,Olivia Ortiz,46,Female,Chicago,2025-09-27,2590.4
4352,Naomi Gonzalez,40,Female,Phoenix,2023-07-10,332.88
4353,Noah Cruz,46,Male,Miami,2026-04-03,178.1
4354,Luke Martin,48,Male,Atlanta,2024-09-28,592.0
4355,James Nelson,43,Male,Los Angeles,2025-12-26,298.0
4356,Aaron Jones,33,Male,Baltimore,2026-01-01,516.0
4357,Charlie Lopez,39,Male,Chicago,2024-02-22,420.5
4358,Wyatt Wilson,20,Male,Portland,2026-05-07,133.0
4359,Sofia Lee,24,Female,Denver,2025-04-18,22.5
4360,Elias Hill,18,Male,Orlando,2023-03-01,1436.25
4361,Sadie Nguyen,40,Female,Minneapolis,2026-05-17,243.0
4362,Emma Adams,37,Female,Columbus,2024-08-26,1498.3
4363,Emma Ward,42,Female,Portland,2024-01-02,1081.95
4364,Addison Morgan,26,Female,Fort Worth,2023-04-04,1761.25
4365,Daniel Diaz,35,Male,Las Vegas,2023-06-07,45.0
4366,Luna Thompson,43,Female,Los Angeles,2025-06-03,1003.65
4367,Noah Chavez,34,Male,Detroit,2025-06-25,418.8
4368,Anthony Campbell 3,48,Male,Detroit,2024-07-29,439.25
4369,Nolan Cooper,33,Male,Houston,2023-02-18,3496.8
4370,Michael Cooper,37,Male,Denver,2023-11-07,803.0
4371,Michael Chavez,25,Male,Seattle,2026-06-17,719.25
4372,Violet Morgan,23,Female,San Antonio,2024-02-01,1135.5
4373,Mia Turner,49,Female,Detroit,2023-04-07,2789.0
4374,Thomas Thompson,40,Male,Las Vegas,2025-12-03,320.0
4375,John Flores,18,Male,Jacksonville,2023-05-24,962.0
4376,Hunter Cooper,42,Male,Minneapolis,2024-10-29,1144.63
4377,Ruby Miller 2,44,Female,Jacksonville,2025-04-02,242.45
4378,Jacob Hill,32,Male,Fort Worth,2024-08-28,697.75
4379,Thomas Carter,26,Male,Pittsburgh,2024-01-14,1612.45
4380,Lincoln Lopez 2,60,Male,Tampa,2025-04-14,430.8
4381,Paisley Ortiz 2,18,Female,Minneapolis,2026-03-20,898.25
4382,Abigail Carter,33,Female,Denver,2024-01-21,240.0
4383,Claire Baker,20,Female,Las Vegas,2024-11-26,726.0
4384,Noah Hill,23,Male,Baltimore,2024-09-14,685.5
4385,Ellie Lewis,21,Female,Dallas,2024-02-26,552.6
4386,Eli Taylor,50,Male,Phoenix,2025-02-07,882.75
4387,James Wilson 2,18,Male,Houston,2025-07-29,212.0
4388,Gabriel Clark,38,Male,Las Vegas,2023-03-04,2781.3
4389,Stella Jackson 2,37,Female,Baltimore,2025-04-26,200.0
4390,Isabella Lopez,56,Female,Denver,2025-11-11,1008.5
4391,Layla Phillips 3,46,Female,Atlanta,2024-06-10,1177.75
4392,Landon Williams,19,Male,Orlando,2023-04-23,1061.75
4393,Sofia Cox,38,Female,Detroit,2024-03-05,2969.65
4394,Diana Allen,37,Female,Portland,2025-05-04,325.0
4395,Michael Nguyen,57,Male,Pittsburgh,2025-11-01,1058.25
4396,Stella Evans,28,Female,Phoenix,2026-03-06,834.5
4397,Oliver Green,44,Male,Nashville,2026-03-16,524.8
4398,Paisley Robinson 2,22,Female,Austin,2023-10-24,6124.18
4399,Theo Jackson,42,Male,San Antonio,2025-06-26,150.0
4400,Julian Martin,49,Male,Austin,2023-09-12,6442.83
4401,Isabella Gonzalez,33,Female,Phoenix,2023-02-03,1529.15
4402,Caroline Miller 2,18,Female,Minneapolis,2025-11-23,191.25
4403,Daniel Rogers,51,Male,Denver,2025-07-11,442.0
4404,Henry Moore 2,30,Male,Los Angeles,2026-04-08,1258.5
4405,Connor Rodriguez,18,Male,Chicago,2025-01-23,3831.75
4406,Elias Jones,48,Male,Chicago,2025-12-28,780.0
4407,Stella Wilson,33,Female,Los Angeles,2026-02-19,788.5
4408,Julian Reed,44,Male,Seattle,2023-11-15,416.75
4409,Carter Cruz,38,Male,Denver,2025-12-02,364.0
4410,Sebastian Miller,39,Male,Boston,2023-06-26,673.05
4411,Ivy Reyes,35,Female,Pittsburgh,2025-05-10,2724.75
4412,Landon Cooper,55,Male,San Diego,2023-02-08,2278.0
4413,Anthony Taylor 2,18,Male,Detroit,2024-01-05,3021.75
4414,Julian Carter,39,Male,Chicago,2025-10-22,1520.25
4415,Sebastian Ramos,68,Male,Nashville,2023-01-23,276.0
4416,Aiden Ward,33,Male,Portland,2025-11-19,309.0
4417,Brooklyn Hill,35,Female,Las Vegas,2025-12-01,115.0
4418,Hunter Stewart 3,18,Male,Phoenix,2023-10-20,857.0
4419,Jacob Kim,34,Male,Houston,2026-06-11,35.0
4420,Lydia Green 2,43,Female,Baltimore,2026-03-06,90.0
4421,Hannah Sanchez,36,Female,Minneapolis,2024-04-06,765.65
4422,Allison Turner,26,Female,Los Angeles,2026-06-16,27.0
4423,Eva Kelly,47,Female,Cleveland,2025-06-19,664.8
4424,Maya White 2,46,Female,Atlanta,2025-04-16,1874.0
4425,Natalie Nelson 2,28,Female,Denver,2025-11-05,957.5
4426,Eva Nguyen 2,40,Female,Columbus,2026-05-09,90.0
4427,Henry Martin 2,31,Male,Tampa,2025-10-12,51.2
4428,Theodore Turner,35,Male,Las Vegas,2025-05-22,1122.9
4429,Audrey Gonzalez,25,Female,Chicago,2025-06-08,606.25
4430,Jackson Williams,41,Male,Houston,2026-03-16,48.0
4431,Jaxon Martin,30,Male,Pittsburgh,2026-03-15,246.0
4432,Michael Sanchez,43,Male,Phoenix,2025-06-20,1022.75
4433,Luna Ortiz,46,Female,Philadelphia,2024-05-08,1329.1
4434,Natalie Johnson 2,18,Female,Columbus,2024-04-13,850.3
4435,Adrian Phillips 2,43,Male,Denver,2023-02-13,450.0
4436,Amelia Sanchez,18,Female,Orlando,2025-05-04,416.5
4437,Liam Martinez,31,Male,Portland,2024-09-12,387.62
4438,Hunter Nelson,30,Male,Philadelphia,2023-08-20,497.4
4439,Luke Clark,24,Male,Los Angeles,2026-06-09,30.0
4440,Mateo Torres,21,Male,Charlotte,2024-05-06,3808.37
4441,Skylar Evans,28,Female,Fort Worth,2024-01-30,937.22
4442,John Moore,35,Male,Boston,2025-05-12,381.25
4443,Maverick Cook,56,Male,Philadelphia,2026-03-27,30.0
4444,Jonathan Richardson,22,Male,New York,2024-03-04,2209.02
4445,Ivy Peterson 3,37,Female,Chicago,2024-06-15,20.0
4446,Jeremiah Adams 2,45,Male,San Antonio,2026-05-29,313.0
4447,Samantha Anderson,26,Female,Cleveland,2026-05-27,75.0
4448,Jaxon Anderson,35,Male,Fort Worth,2023-04-12,502.25
4449,Kinsley Young,28,Female,Boston,2026-06-27,117.0
4450,Samuel Roberts,45,Male,Chicago,2023-05-11,451.1
4451,Grayson Hill 2,32,Male,Nashville,2023-11-26,662.0
4452,Chloe Evans,27,Female,Orlando,2023-02-06,457.8
4453,Claire Nguyen 2,36,Female,Houston,2025-02-19,202.3
4454,Naomi Anderson,42,Female,Atlanta,2026-05-14,255.0
4455,Lincoln Ortiz,40,Male,Chicago,2023-04-24,812.35
4456,Landon Cox,34,Male,Portland,2025-01-06,980.5
4457,Sophie Parker,32,Female,Atlanta,2023-11-02,535.0
4458,David Walker,21,Male,San Diego,2026-04-21,365.5
4459,Grayson Allen,41,Male,Austin,2026-04-09,506.5
4460,Madison Walker,48,Female,Atlanta,2025-07-25,325.0
4461,Kinsley Turner 2,18,Female,Fort Worth,2026-07-06,45.0
4462,Carter Young,38,Male,Tampa,2025-09-10,659.25
4463,Diana Mitchell,43,Female,Philadelphia,2025-06-03,81.0
4464,Eleanor Nelson 2,46,Female,Fort Worth,2024-10-12,336.0
4465,Lincoln Mitchell,59,Male,Las Vegas,2023-07-12,2494.9
4466,Lily Hernandez 2,32,Female,Philadelphia,2026-02-20,399.0
4467,Grace Nelson,34,Female,Boston,2026-06-21,120.0
4468,Aaron Scott,18,Male,Boston,2023-12-13,537.85
4469,Eva Perez,45,Female,Detroit,2024-05-18,471.0
4470,Mateo Bailey,18,Male,Miami,2026-01-19,247.5
4471,Julian Hill,18,Male,Detroit,2025-04-07,285.0
4472,Mia Lopez,20,Female,Boston,2023-09-12,1477.95
4473,Maya Collins,35,Female,Charlotte,2024-05-21,192.9
4474,Aria Bailey,47,Female,New York,2025-12-10,413.6
4475,David Torres,20,Male,Las Vegas,2024-10-05,1819.8
4476,Carter Watson,22,Male,Phoenix,2025-06-09,418.0
4477,Jayden Edwards,45,Male,Austin,2026-01-19,507.25
4478,Aria Rogers,51,Female,Portland,2024-08-24,1714.9
4479,Jaxon Cooper 2,25,Male,Jacksonville,2023-12-24,58.5
4480,Audrey Jones,18,Female,Minneapolis,2026-04-21,454.4
4481,Asher Brooks,49,Male,Philadelphia,2023-09-15,2058.4
4482,Hannah Hall,37,Female,Philadelphia,2025-03-15,603.0
4483,Aiden Stewart,21,Male,San Jose,2025-01-17,278.4
4484,Violet Jackson 2,50,Female,Baltimore,2026-02-01,195.0
4485,Anna Robinson 2,58,Female,Pittsburgh,2025-01-16,1180.12
4486,Samantha Thompson,27,Female,Pittsburgh,2024-01-14,1725.55
4487,Naomi Hall,45,Female,Fort Worth,2026-05-30,195.0
4488,Nora Turner,57,Female,Miami,2025-02-07,501.5
4489,Ivy Richardson,39,Female,Denver,2025-05-30,515.0
4490,Anna Carter,67,Female,Seattle,2026-06-11,55.0
4491,Ivy Kelly,34,Female,San Jose,2023-12-06,1469.53
4492,Mateo Johnson,18,Male,Houston,2023-12-15,2183.95
4493,Landon Ortiz,46,Male,Detroit,2024-10-01,1280.0
4494,Olivia Clark,18,Female,Nashville,2026-01-10,852.0
4495,Maya Gonzalez 2,30,Female,Charlotte,2025-01-29,2445.75
4496,Layla Clark 4,43,Female,Jacksonville,2024-02-07,1448.15
4497,Jackson Parker,25,Male,Columbus,2026-04-08,28.0
4498,Penelope Miller,32,Female,Baltimore,2023-12-11,637.5
4499,Abigail Nguyen 2,44,Female,Charlotte,2026-03-06,335.6
4500,Ivy Taylor,36,Female,Boston,2025-09-14,2814.83
4501,Scarlett Murphy,35,Female,Boston,2023-07-26,1886.9
4502,Samuel Turner,47,Male,Austin,2023-03-28,2039.95
4503,Adrian Cruz,43,Male,Columbus,2026-06-13,22.5
4504,David Peterson,23,Male,Philadelphia,2025-04-08,311.02
4505,Madison Ortiz,27,Female,Austin,2024-02-13,855.65
4506,Joseph Mitchell 2,21,Male,Miami,2025-04-22,5306.6
4507,Sebastian White,29,Male,Chicago,2025-04-12,972.1
4508,Joseph Baker,30,Male,New York,2024-05-26,790.5
4509,Noah Lee,36,Male,San Diego,2025-06-01,533.4
4510,Hazel Moore,49,Female,Orlando,2026-03-27,323.0
4511,Layla Adams 2,32,Female,San Antonio,2023-01-17,104.0
4512,Joseph Kelly,36,Male,San Jose,2025-12-27,426.25
4513,Sophie Cooper,21,Female,Phoenix,2025-06-10,1430.0
4514,Natalie Cruz 2,22,Female,Charlotte,2025-11-28,1468.85
4515,Sebastian Diaz,25,Male,Atlanta,2023-01-18,2796.05
4516,Adrian Carter 2,43,Male,Chicago,2024-06-04,233.4
4517,Hannah Bailey,47,Female,Phoenix,2024-10-31,290.5
4518,Chloe Johnson,49,Female,Los Angeles,2025-11-19,201.25
4519,Diana Gonzalez,26,Female,Boston,2025-07-01,1351.12
4520,Sofia Peterson 2,34,Female,Denver,2023-09-23,302.5
4521,Lincoln Stewart,26,Male,Dallas,2023-04-21,567.5
4522,Jacob Kelly,43,Male,Fort Worth,2025-08-18,55.25
4523,Maya Nelson,42,Female,Atlanta,2023-03-04,3108.1
4524,Hazel Anderson,18,Female,Philadelphia,2025-10-01,188.2
4525,Jeremiah Taylor 2,26,Male,Charlotte,2024-12-31,1473.5
4526,Thomas Lewis,36,Male,Philadelphia,2025-12-10,105.8
4527,Jonathan Jones 3,21,Male,Detroit,2023-04-16,420.75
4528,Caroline Thompson,27,Female,Tampa,2026-01-28,212.0
4529,Isabella Flores,34,Female,Portland,2023-11-04,433.5
4530,Violet Ramos,40,Female,Austin,2025-09-25,1237.75
4531,Ethan Scott 2,22,Male,Cleveland,2025-08-22,1219.2
4532,Zoe Evans,19,Female,Nashville,2024-05-31,661.2
4533,Aurora Ramos,20,Female,Philadelphia,2026-02-23,225.0
4534,Gabriel Kim,22,Male,Philadelphia,2025-01-10,165.0
4535,Zoe Rodriguez,18,Female,Pittsburgh,2024-01-05,415.0
4536,Emily Lewis,23,Female,Austin,2026-05-08,24.0
4537,Sophie Allen,20,Female,Phoenix,2023-01-29,186.5
4538,Aiden Davis,18,Male,Cleveland,2024-12-29,1650.25
4539,Quinn Richardson,21,Female,Baltimore,2025-12-29,288.0
4540,Samuel Ramirez,36,Male,Cleveland,2026-01-21,1214.8
4541,Julia Campbell,30,Female,Orlando,2023-12-20,2904.5
4542,Ryan Miller 3,36,Male,San Jose,2023-06-12,1063.75
4543,Ivy Lopez,29,Female,Chicago,2026-04-14,38.25
4544,Zoe Ramirez,31,Female,Pittsburgh,2025-10-15,530.2
4545,Charlie Lee,57,Male,Atlanta,2024-12-24,657.0
4546,Sofia Gonzalez,22,Female,Portland,2023-09-26,56.0
4547,Julian Sanchez,46,Male,Seattle,2024-03-28,593.0
4548,Piper Gonzalez,26,Female,Fort Worth,2024-11-09,265.0
4549,Lily Lee,50,Female,Charlotte,2023-04-08,3180.93
4550,Grace Davis,18,Female,Las Vegas,2024-03-01,205.0
4551,Emily Roberts,36,Female,Atlanta,2024-11-22,234.6
4552,Grace Hall 2,39,Female,Minneapolis,2026-05-26,150.0
4553,Violet Clark,36,Female,San Antonio,2026-02-06,826.5
4554,Madison Ramirez 2,42,Female,Charlotte,2025-12-13,22.5
4555,Lincoln Flores 2,34,Male,Houston,2024-10-29,1845.0
4556,Eva Kelly 2,25,Female,Phoenix,2025-11-20,2247.2
4557,Connor Williams,43,Male,Fort Worth,2025-04-28,726.7
4558,Riley Mitchell,45,Female,Fort Worth,2025-05-16,468.0
4559,Oliver Johnson,26,Male,Phoenix,2025-02-01,749.5
4560,Theo Rogers,21,Male,San Diego,2026-02-24,352.25
4561,Henry Martin 3,27,Male,Jacksonville,2023-08-28,291.75
4562,Scarlett Lewis,41,Female,Chicago,2025-03-09,516.0
4563,Aaron Lee,44,Male,Jacksonville,2024-06-25,2280.6
4564,Wyatt Walker,29,Male,Philadelphia,2025-03-23,518.0
4565,Liam Collins,18,Male,New York,2026-06-18,48.0
4566,Scarlett Moore,43,Female,Cleveland,2025-09-19,742.65
4567,Penelope Wright,45,Female,New York,2024-12-17,1562.3
4568,Skylar Garcia,23,Female,Detroit,2023-03-22,260.0
4569,Samantha Rogers,22,Female,Tampa,2026-02-19,226.33
4570,Mia Carter,37,Female,Jacksonville,2025-12-23,1140.4
4571,Kinsley White,37,Female,Tampa,2025-03-02,60.8
4572,Allison Johnson,28,Female,Minneapolis,2023-11-06,681.25
4573,Julia Taylor,50,Female,Boston,2023-01-29,287.25
4574,Sarah Turner,23,Female,Seattle,2024-05-31,2224.75
4575,Sophie Miller,40,Female,Charlotte,2025-09-09,400.5
4576,Sofia Anderson,18,Female,Charlotte,2026-01-10,1521.87
4577,Julia Miller,50,Female,Austin,2024-10-27,1404.55
4578,Olivia Nguyen,39,Female,Dallas,2025-09-19,605.3
4579,Aria Turner,48,Female,Philadelphia,2024-01-25,1229.35
4580,Ivy Campbell 2,36,Female,Detroit,2026-01-09,265.25
4581,Sofia Ramirez,39,Female,Baltimore,2023-01-17,2069.75
4582,Gabriel Turner,49,Male,Charlotte,2024-03-21,5104.92
4583,Christian Edwards,40,Male,Chicago,2025-07-16,329.0
4584,Grace Morales,42,Female,Dallas,2023-02-14,1218.8
4585,Kinsley Wilson,18,Female,Tampa,2023-07-10,2374.1
4586,Sarah Cox,24,Female,Pittsburgh,2025-08-07,241.35
4587,Eva Wright,37,Female,Miami,2025-09-27,122.75
4588,Isaiah Chavez,32,Male,Austin,2025-10-18,40.5
4589,Mia Adams,24,Female,Tampa,2024-08-28,757.55
4590,Leo Ward,25,Male,Fort Worth,2026-05-28,240.75
4591,Luke Rogers 2,38,Male,Las Vegas,2025-12-05,343.0
4592,Kennedy Roberts,47,Female,Houston,2026-02-08,203.0
4593,Brooklyn Wilson,46,Female,Nashville,2023-09-30,878.0
4594,Leah White,30,Female,San Antonio,2025-07-17,395.75
4595,Jeremiah Ortiz,18,Male,Detroit,2025-10-31,293.88
4596,Diana Martinez,21,Female,Philadelphia,2026-05-17,75.0
4597,Hunter Jackson,18,Male,Boston,2023-09-21,632.6
4598,William Gonzalez,32,Male,Las Vegas,2026-04-05,326.0
4599,Charlie Chavez,55,Male,Pittsburgh,2025-11-22,2434.08
4600,Nathan Lopez 2,48,Male,Minneapolis,2024-01-14,47.4
4601,Julian Ward,18,Male,Cleveland,2026-07-05,70.0
4602,Maya Brown,21,Female,Portland,2025-09-23,65.0
4603,Sebastian Ortiz,46,Male,Fort Worth,2024-03-27,305.0
4604,Ethan Peterson,39,Male,Charlotte,2024-02-22,525.0
4605,Eli Campbell,37,Male,Denver,2026-01-31,85.0
4606,Diana Bailey,65,Female,Dallas,2024-03-22,1175.0
4607,John Morales,37,Male,San Antonio,2024-01-05,468.4
4608,Amelia Flores 2,27,Female,Portland,2024-10-18,337.5
4609,Jonathan Perez,37,Male,Philadelphia,2025-08-29,348.2
4610,Joseph Kelly 2,26,Male,Atlanta,2024-12-10,992.75
4611,Theo Murphy,43,Male,Miami,2024-09-06,1851.95
4612,Harper Kim 2,36,Female,Los Angeles,2025-05-19,475.0
4613,Violet White,39,Female,San Diego,2025-12-22,110.0
4614,Brooklyn Campbell,20,Female,Nashville,2024-05-25,1169.25
4615,Nathan Evans,52,Male,Miami,2023-12-22,1239.4
4616,Christian Watson 2,18,Male,Atlanta,2025-09-29,526.0
4617,Kinsley Jones,40,Female,Phoenix,2023-10-14,320.65
4618,William Phillips 2,43,Male,Jacksonville,2024-06-20,2293.58
4619,Daniel Chavez,43,Male,Nashville,2025-09-27,645.0
4620,Aaron Robinson,43,Male,Miami,2023-08-16,58.0
4621,Emma Edwards,18,Female,Minneapolis,2023-06-01,242.5
4622,Mia Cruz,38,Female,Chicago,2024-04-02,407.0
4623,Stella Thomas,32,Female,Minneapolis,2026-02-12,1727.2
4624,Dylan Perez,23,Male,Miami,2026-04-24,45.0
4625,Leah Lewis,41,Female,San Diego,2025-06-26,2198.35
4626,Aurora Nelson,34,Female,Austin,2024-10-20,2210.35
4627,Isaiah Brown,51,Male,Seattle,2025-05-23,2987.0
4628,Ella Watson,29,Female,Los Angeles,2023-07-03,189.1
4629,Isaiah Hill,18,Male,Seattle,2024-03-09,1795.88
4630,Wyatt Martinez 3,44,Male,Dallas,2024-11-19,524.25
4631,Jayden Bailey,51,Male,Baltimore,2025-09-29,357.15
4632,Chloe Wilson,29,Female,Columbus,2023-09-08,545.0
4633,Abigail Robinson,47,Female,Dallas,2025-11-18,130.25
4634,Anthony Peterson 2,26,Male,Miami,2026-05-20,22.5
4635,Aiden Brooks 2,19,Male,Miami,2025-04-17,2243.7
4636,James Nelson 2,33,Male,Austin,2023-06-03,2230.95
4637,Liam Thomas,28,Male,Baltimore,2023-03-27,1304.13
4638,Wyatt Mitchell,29,Male,Cleveland,2024-05-24,1352.0
4639,Samuel Thomas 2,32,Male,Orlando,2023-02-25,167.75
4640,Elias Kelly,30,Male,Austin,2025-01-26,1810.12
4641,Scarlett Wilson 2,31,Female,Seattle,2025-03-09,30.0
4642,Sofia Ward,36,Female,Tampa,2025-10-16,1207.55
4643,Ivy Kim,69,Female,Las Vegas,2023-02-09,3133.8
4644,Ryan Kelly,18,Male,Columbus,2025-07-13,243.0
4645,Allison Wright,42,Female,Baltimore,2024-03-27,4317.32
4646,Maya Hall 2,30,Female,Charlotte,2024-08-13,820.0
4647,Ethan Adams,18,Male,Columbus,2025-01-14,2095.4
4648,Lucy Wright,33,Female,Tampa,2026-04-26,180.0
4649,Layla Parker,46,Female,Detroit,2023-06-18,784.4
4650,Mateo Davis,43,Male,Columbus,2024-05-25,451.55
4651,Layla Taylor,53,Female,Columbus,2023-06-20,1208.5
4652,Wyatt Morales,29,Male,Austin,2023-03-27,382.4
4653,Asher Jones 2,32,Male,Jacksonville,2023-04-19,527.5
4654,Hunter Gutierrez 2,29,Male,Tampa,2025-03-02,2695.45
4655,Ivy Rodriguez,28,Female,Nashville,2024-05-11,948.9
4656,Anna Murphy,32,Female,Phoenix,2026-07-05,20.4
4657,Amelia White,18,Female,Cleveland,2026-04-30,60.0
4658,Audrey Reyes,53,Female,Tampa,2024-02-01,961.0
4659,Nora Cruz,37,Female,Denver,2024-02-08,1000.5
4660,Sadie Hall,32,Female,Nashville,2023-07-18,1414.5
4661,Connor Peterson,49,Male,Jacksonville,2023-11-06,914.0
4662,Nolan Ortiz,31,Male,Las Vegas,2023-03-24,1687.5
4663,Elias Walker,22,Male,Dallas,2026-04-28,291.0
4664,Kinsley King,48,Female,Portland,2023-07-29,681.45
4665,Chloe Clark,38,Female,Pittsburgh,2024-10-03,2222.02
4666,David Nguyen,39,Male,Atlanta,2025-11-13,90.0
4667,Carter Brooks,18,Male,Fort Worth,2026-06-30,24.0
4668,Daniel Hill 2,41,Male,Philadelphia,2025-12-24,481.1
4669,Sofia Sanchez,29,Female,Chicago,2025-10-05,297.55
4670,Samuel Williams,38,Male,Baltimore,2024-09-17,488.1
4671,Ivy Allen,32,Female,Fort Worth,2025-03-05,2482.0
4672,Ryan Walker,26,Male,Orlando,2023-11-01,806.6
4673,Leah Baker,55,Female,Baltimore,2026-04-29,54.0
4674,Dylan Anderson 2,35,Male,Fort Worth,2026-01-17,430.0
4675,Lydia Nguyen 2,18,Female,Dallas,2024-09-23,1402.0
4676,Addison Wright,48,Female,Boston,2023-02-12,351.0
4677,Naomi Mitchell,25,Female,Tampa,2025-08-12,432.0
4678,Bob Nelson,25,Male,Phoenix,2023-11-28,727.35
4679,Jeremiah Gutierrez,23,Male,Detroit,2025-03-06,454.65
4680,Joseph Cox,31,Male,Cleveland,2026-02-24,948.25
4681,Isaiah Ward 2,28,Male,Phoenix,2024-06-27,1926.48
4682,William Torres,47,Male,Dallas,2025-12-26,165.0
4683,Maya Gonzalez 3,18,Female,Miami,2026-07-02,437.82
4684,Audrey Moore,26,Female,Portland,2026-03-30,163.2
4685,Sarah Perez 2,35,Female,Houston,2025-02-20,113.25
4686,Lincoln Reed,27,Male,Orlando,2025-06-15,287.25
4687,Ellie White,47,Female,Pittsburgh,2025-09-08,305.5
4688,Chloe Taylor,38,Female,Philadelphia,2023-03-18,1355.4
4689,Alice Brown,23,Female,Los Angeles,2023-10-20,2848.75
4690,Julian Chavez,36,Male,Pittsburgh,2026-04-21,260.0
4691,Wyatt Phillips,36,Male,Fort Worth,2023-11-02,283.0
4692,Sebastian Rodriguez,27,Male,Boston,2025-02-18,1032.0
4693,Penelope Allen,30,Female,Seattle,2024-10-11,770.25
4694,Grace Sanchez,33,Female,Nashville,2023-08-20,735.0
4695,Evelyn Garcia,46,Female,Minneapolis,2024-02-09,1405.45
4696,Layla Johnson,33,Female,Austin,2026-03-20,25.0
4697,Theo Roberts,50,Male,Columbus,2024-10-01,958.7
4698,Ivy Cruz 2,36,Female,Cleveland,2023-02-23,1327.58
4699,Adrian Carter 3,51,Male,San Diego,2023-03-02,591.0
4700,Bob Reyes,45,Male,Detroit,2024-10-26,615.9
4701,Adrian Cox 3,48,Male,Jacksonville,2023-12-10,1076.4
4702,Elias Sanchez,37,Male,San Jose,2025-09-30,235.0
4703,Asher Peterson,24,Male,Charlotte,2025-10-11,676.3
4704,Luke Walker,40,Male,Denver,2025-10-07,47.2
4705,Jayden Taylor,27,Male,Detroit,2026-07-07,81.0
4706,Sofia Carter,23,Female,Jacksonville,2025-07-11,749.0
4707,Isabella Howard,31,Female,New York,2025-06-04,161.0
4708,Lucas Edwards,26,Male,Jacksonville,2026-02-16,90.0
4709,Sophie Ramos,27,Female,Chicago,2026-04-24,1420.55
4710,Bob Ramos,40,Male,Chicago,2024-11-30,83.0
4711,Jacob Baker 2,43,Male,San Jose,2026-06-23,20.0
4712,Lincoln Jackson,42,Male,Philadelphia,2025-06-10,777.25
4713,William Bailey,25,Male,Detroit,2026-04-01,150.0
4714,Aiden Jackson,31,Male,Phoenix,2025-01-01,312.95
4715,Wyatt Baker,50,Male,Pittsburgh,2024-10-01,4862.55
4716,Thomas Mitchell,39,Male,Orlando,2023-03-26,649.75
4717,Jaxon Hill,45,Male,Denver,2026-03-31,25.0
4718,Chloe Moore,37,Female,Orlando,2025-05-28,284.0
4719,Eva Davis,54,Female,Columbus,2023-08-15,280.0
4720,Olivia Stewart,23,Female,Dallas,2024-03-30,272.0
4721,Wyatt White 2,18,Male,Cleveland,2026-05-23,398.0
4722,Bob Rodriguez,19,Male,Pittsburgh,2023-10-19,652.9
4723,Levi Perez 2,34,Male,Columbus,2026-01-18,152.5
4724,Lucy Johnson,39,Female,Jacksonville,2024-09-15,1770.77
4725,Leo Rodriguez,48,Male,Baltimore,2023-11-17,605.4
4726,Abigail Gonzalez,31,Female,Atlanta,2023-08-30,1810.8
4727,Maverick Mitchell,34,Male,Nashville,2024-03-25,367.6
4728,Emma Garcia 2,30,Female,Nashville,2026-03-17,452.0
4729,Diana Johnson,24,Female,Chicago,2025-03-06,834.62
4730,Jayden Green,18,Male,San Jose,2025-04-29,1166.85
4731,Chloe Howard 3,26,Female,Baltimore,2025-06-30,2460.65
4732,Scarlett Ward 2,31,Female,Minneapolis,2024-06-07,1299.75
4733,Harper Brooks,41,Female,Tampa,2025-09-08,812.0
4734,Naomi Lopez,43,Female,Minneapolis,2024-02-29,3865.7
4735,Savannah Baker,20,Female,San Diego,2023-07-21,2686.76
4736,Oliver Morris 2,28,Male,Cleveland,2025-01-31,913.4
4737,Thomas Mitchell 2,40,Male,Baltimore,2025-09-14,605.0
4738,John Cooper,28,Male,Boston,2024-04-18,179.0
4739,Kinsley Reyes,70,Female,Cleveland,2023-11-03,790.5
4740,Lydia Sanchez,31,Female,Austin,2026-06-20,220.0
4741,Asher Chavez,45,Male,Austin,2025-04-07,588.0
4742,Sarah Collins,27,Female,Fort Worth,2026-01-10,467.75
4743,Victoria Campbell,41,Female,Atlanta,2024-06-10,1871.8
4744,Gabriel Garcia,45,Male,Minneapolis,2025-05-03,655.2
4745,Emma Rogers,66,Female,Houston,2025-04-16,67.5
4746,William Lopez,39,Male,Denver,2025-08-03,777.0
4747,William Ward,29,Male,Charlotte,2024-08-01,361.5
4748,Liam White,42,Male,Miami,2023-01-27,487.75
4749,Adrian Walker,31,Male,Las Vegas,2024-05-19,1168.2
4750,Alice Lopez,59,Female,Cleveland,2025-01-06,673.75
4751,Willow Rodriguez,35,Female,Los Angeles,2024-04-17,170.0
4752,Emily Hall 2,18,Female,Philadelphia,2024-02-02,349.0
4753,Samuel Cox,31,Male,San Jose,2023-12-18,1732.25
4754,Piper Wilson,32,Female,Baltimore,2026-01-10,255.0
4755,Olivia Campbell,32,Female,San Diego,2025-10-28,27.2
4756,Christian Martinez,35,Male,San Jose,2024-06-21,859.4
4757,Anthony Lewis,50,Male,Nashville,2026-02-22,90.0
4758,Claire Rivera,35,Female,San Antonio,2023-01-31,801.0
4759,Lydia Watson 3,46,Female,Portland,2026-02-14,260.0
4760,William Robinson 2,39,Male,Detroit,2025-05-06,1571.45
4761,Levi Bailey,34,Male,Nashville,2026-02-14,245.5
4762,Emma Mitchell 2,44,Female,Columbus,2024-08-18,1873.0
4763,Jayden Ramos,18,Male,Pittsburgh,2023-01-25,848.3
4764,Liam Hernandez,22,Male,Seattle,2026-01-18,133.0
4765,Hazel Murphy,50,Female,San Antonio,2026-01-03,320.0
4766,Jayden Nguyen,50,Male,Jacksonville,2024-01-22,4682.3
4767,Charlie Johnson,35,Male,Austin,2025-08-01,70.5
4768,Stella Perez,18,Female,Chicago,2026-03-28,45.0
4769,Brooklyn Adams,36,Female,Boston,2024-05-08,1857.37
4770,Ava Chavez,38,Female,Miami,2024-06-02,775.25
4771,Mateo Robinson,50,Male,Los Angeles,2024-04-15,557.5
4772,Leo Parker,41,Male,San Diego,2024-09-02,300.6
4773,Caroline Ortiz,38,Female,Fort Worth,2023-01-22,654.65
4774,Natalie Jackson,30,Female,Cleveland,2024-07-14,1018.5
4775,Jeremiah Stewart,18,Male,Boston,2024-04-26,76.5
4776,Layla Gonzalez,26,Female,Minneapolis,2024-02-11,155.05
4777,Nora Evans,35,Female,Cleveland,2024-06-06,718.4
4778,Diana Martin,50,Female,Philadelphia,2025-05-18,588.98
4779,Ruby Morris 3,50,Female,Houston,2026-01-04,535.0
4780,Eleanor Perez,51,Female,New York,2024-02-19,1582.8
4781,Allison Thompson,32,Female,Jacksonville,2024-03-13,2915.75
4782,Luke Taylor,27,Male,Atlanta,2026-05-17,110.0
4783,Addison Howard,42,Female,Boston,2023-03-12,82.5
4784,Amelia Cox,41,Female,Charlotte,2025-10-14,216.5
4785,Wyatt Thompson,30,Male,Los Angeles,2024-10-20,607.5
4786,Aaron Hall,32,Male,Minneapolis,2025-08-14,30.0
4787,Gabriel Lewis,29,Male,Pittsburgh,2024-06-19,2234.58
4788,Landon White,29,Male,Cleveland,2025-03-21,206.0
4789,Olivia Wilson,31,Female,New York,2024-11-29,415.0
4790,Stella Watson,21,Female,Pittsburgh,2023-03-23,735.0
4791,Mateo Jackson,33,Male,Seattle,2024-12-14,857.12
4792,Leo Lewis,42,Male,Baltimore,2026-05-26,32.0
4793,Emily Martinez,24,Female,San Antonio,2026-06-12,99.0
4794,Jaxon Moore,45,Male,Phoenix,2026-01-29,469.5
4795,Ellie Davis,46,Female,Phoenix,2024-01-30,780.5
4796,Carter Campbell,51,Male,Cleveland,2024-11-19,493.25
4797,Lucy Sanchez,37,Female,Austin,2024-03-04,707.0
4798,John King,37,Male,Orlando,2024-07-07,5165.97
4799,Leah Collins,38,Female,Boston,2025-05-20,1248.8
4800,Isabella Brown 3,31,Female,Chicago,2026-07-04,44.0
4801,Isabella Morales,59,Female,Nashville,2024-04-20,1939.68
4802,Luke Lewis,40,Male,Dallas,2024-03-08,701.5
4803,Claire Martinez,36,Female,Baltimore,2025-06-15,607.1
4804,Ella Parker 2,37,Female,Jacksonville,2025-08-30,120.0
4805,Lucy Parker,18,Female,Cleveland,2026-05-15,122.4
4806,Leah Evans,38,Female,Denver,2024-10-10,185.0
4807,Jacob Mitchell,37,Male,San Jose,2023-11-20,6359.5
4808,David Edwards,18,Male,San Jose,2025-01-17,3787.0
4809,Alexander Robinson,29,Male,Philadelphia,2025-05-11,517.45
4810,Scarlett Thompson 2,48,Female,Orlando,2025-07-14,1219.35
4811,Paisley Martin,21,Female,Atlanta,2024-03-08,442.2
4812,Layla Scott,18,Female,Denver,2024-10-27,1171.32
4813,Dylan Miller,60,Male,Detroit,2025-08-24,290.5
4814,Caroline Martin,31,Female,Pittsburgh,2026-01-22,1435.25
4815,James Ward,36,Male,Tampa,2025-06-06,58.5
4816,Grace Nguyen,47,Female,Philadelphia,2026-06-24,360.0
4817,Lincoln Rodriguez,34,Male,Orlando,2025-02-18,2539.42
4818,Hazel Hernandez,60,Female,Baltimore,2024-04-03,451.75
4819,Carter Turner,31,Male,Minneapolis,2024-06-20,92.75
4820,Adrian Howard,55,Male,Tampa,2025-08-29,991.5
4821,Audrey Baker 2,34,Female,Seattle,2025-05-23,3345.6
4822,Mason Evans,44,Male,Minneapolis,2026-01-25,1134.75
4823,Mia Edwards,42,Female,Jacksonville,2023-06-13,603.4
4824,Diana Ramos 2,38,Female,Detroit,2024-04-06,1727.93
4825,Ethan Ortiz,34,Male,Austin,2023-07-16,2733.9
4826,Jacob Ramos,19,Male,Charlotte,2025-04-10,1063.75
4827,Hazel Williams,40,Female,Miami,2026-06-28,50.0
4828,Henry Scott,41,Male,Orlando,2023-03-21,834.85
4829,Savannah Bailey 2,54,Female,Orlando,2025-02-28,1214.8
4830,Penelope Green,18,Female,Charlotte,2024-03-21,269.75
4831,Mateo Stewart,33,Male,Boston,2024-06-10,788.75
4832,Thomas Taylor 2,32,Male,Jacksonville,2025-09-19,55.0
4833,Theodore Taylor,18,Male,Boston,2024-02-08,425.0
4834,Zoe Ramirez 2,42,Female,Dallas,2026-06-21,48.0
4835,Levi Edwards,25,Male,Las Vegas,2025-09-02,1126.25
4836,Jaxon Rogers 3,36,Male,Portland,2023-10-07,882.5
4837,Connor Jones,24,Male,Phoenix,2025-06-28,998.3
4838,Maya Morris 2,49,Female,Fort Worth,2025-10-20,110.0
4839,John Sanchez 3,33,Male,Orlando,2023-01-16,2541.9
4840,Willow Lee,37,Female,Chicago,2026-05-30,113.0
4841,Lucy Nelson,36,Female,Phoenix,2025-12-11,212.0
4842,Hannah Moore,34,Female,Charlotte,2023-04-24,119.25
4843,Nolan Sanchez 2,24,Male,Miami,2023-01-29,895.5
4844,Aaron Lewis,61,Male,Portland,2025-09-18,22.4
4845,Carter Thompson 3,38,Male,Jacksonville,2025-01-19,235.0
4846,Luke Evans,48,Male,Detroit,2024-02-03,430.5
4847,Jayden Chavez 2,24,Male,Detroit,2026-03-01,55.0
4848,Stella Young,48,Female,Miami,2023-04-05,490.0
4849,David Walker 2,19,Male,New York,2025-01-12,1211.8
4850,Alice Robinson 2,31,Female,San Diego,2025-02-10,1736.7
4851,Harper Gutierrez,18,Female,Boston,2024-08-20,350.0
4852,Noah Ortiz,48,Male,Tampa,2023-12-04,1397.88
4853,Elias Gutierrez,34,Male,New York,2026-03-29,65.0
4854,Lily Evans,36,Female,Orlando,2023-12-24,65.0
4855,Mateo Kelly,35,Male,Baltimore,2025-11-25,123.5
4856,Allison Wright 2,38,Female,Fort Worth,2025-03-08,1364.03
4857,Layla Collins,41,Female,San Antonio,2024-11-23,1952.5
4858,Theodore Martin 2,62,Male,Denver,2026-05-23,25.0
4859,Abigail Richardson,18,Female,Baltimore,2024-06-29,94.25
4860,Theodore Chavez,61,Male,Jacksonville,2025-01-03,28.0
4861,Brooklyn Harris,41,Female,Portland,2025-11-15,25.0
4862,Ivy Allen 2,33,Female,Atlanta,2025-11-27,218.25
4863,Violet Martinez,44,Female,Tampa,2024-11-08,1294.25
4864,Abigail Young,37,Female,San Diego,2024-01-06,773.0
4865,Nolan Green,33,Male,Las Vegas,2025-12-08,1803.25
4866,Ivy White,35,Female,Tampa,2024-09-14,70.0
4867,Samantha Walker,27,Female,Austin,2026-01-20,375.0
4868,Ryan Morales,24,Male,Nashville,2023-07-03,955.5
4869,Hannah Chavez,18,Female,Chicago,2025-05-29,171.0
4870,Madison Baker,41,Female,Pittsburgh,2024-07-29,1411.7
4871,Jayden Roberts,28,Male,Jacksonville,2025-01-30,1500.55
4872,Liam Murphy,46,Male,New York,2026-03-18,518.5
4873,Allison Perez,42,Female,Phoenix,2024-09-28,1384.25
4874,James Lee,24,Male,Nashville,2024-05-30,384.5
4875,Allison Brooks,27,Female,Nashville,2025-09-20,316.0
4876,Wyatt Lewis,25,Male,Cleveland,2023-08-30,732.25
4877,Amelia Richardson,23,Female,Minneapolis,2025-01-08,96.0
4878,Madison Ramos,38,Female,Seattle,2025-09-21,45.0
4879,John Campbell,38,Male,Nashville,2023-12-20,412.0
4880,Isaiah Green,48,Male,Portland,2023-12-02,3176.25
4881,Owen Green,24,Male,Portland,2024-06-06,1225.75
4882,Leah Taylor,18,Female,Nashville,2023-04-09,1034.05
4883,Sofia Rivera,48,Female,Charlotte,2025-06-05,518.25
4884,Sebastian Murphy,33,Male,Phoenix,2023-02-10,992.5
4885,Ruby Evans,35,Female,San Jose,2023-11-01,1515.05
4886,Theo Reyes,21,Male,Chicago,2026-05-02,447.75
4887,Aria Phillips,42,Female,Austin,2025-07-09,752.0
4888,Caroline Allen,33,Female,Seattle,2026-01-06,667.0
4889,Ivy Scott,45,Female,Houston,2025-11-14,88.0
4890,Jayden Campbell,31,Male,San Diego,2024-01-20,517.6
4891,Olivia Carter,38,Female,Philadelphia,2026-01-19,498.0
4892,Ruby Diaz,43,Female,San Diego,2025-07-09,909.5
4893,Hunter Adams,23,Male,Nashville,2026-05-21,66.5
4894,Anthony Evans,24,Male,Las Vegas,2023-06-14,3179.37
4895,Genesis Baker,42,Female,San Diego,2026-04-25,375.0
4896,Aurora Hernandez,30,Female,Houston,2025-04-13,847.5
4897,Violet Richardson 2,39,Female,Charlotte,2024-01-26,403.0
4898,Audrey Diaz,27,Female,Las Vegas,2023-10-22,170.0
4899,Isaiah Kelly 2,23,Male,Phoenix,2023-05-14,1541.55
4900,Wyatt Lewis 2,26,Male,Boston,2025-12-18,267.0
4901,Eli Morgan,39,Male,New York,2026-05-31,76.5
4902,Elias Ramos,37,Male,Philadelphia,2024-09-18,103.0
4903,Sadie Miller 2,40,Female,San Jose,2025-04-10,1187.62
4904,Ryan Diaz,25,Male,Nashville,2025-08-10,1333.5
4905,Scarlett Garcia,31,Female,San Jose,2023-02-06,3474.5
4906,Mia Martin,45,Female,Los Angeles,2025-02-08,660.75
4907,Theodore Campbell,40,Male,Austin,2024-03-05,6351.35
4908,Connor Campbell,55,Male,San Antonio,2025-10-31,233.0
4909,Madison Chavez 2,60,Female,Tampa,2025-08-09,1067.0
4910,Stella Martinez,34,Female,San Jose,2023-07-26,1605.55
4911,Layla Evans 2,36,Female,Jacksonville,2024-10-11,423.75
4912,Ellie Hill,47,Female,Columbus,2025-01-13,307.0
4913,Grace Garcia,27,Female,Columbus,2025-01-16,1239.5
4914,Abigail Brown,35,Female,Miami,2024-01-03,1143.52
4915,Julian Evans 2,47,Male,Cleveland,2025-09-25,190.0
4916,Leo Adams,36,Male,Nashville,2026-05-09,112.0
4917,Asher Kim 2,35,Male,Las Vegas,2024-12-12,1373.62
4918,David Nguyen 2,29,Male,Los Angeles,2023-06-04,1289.0
4919,Penelope Rodriguez,36,Female,Los Angeles,2023-10-27,980.5
4920,Claire Cruz 2,23,Female,Minneapolis,2025-01-05,1022.2
4921,Zoe Clark,45,Female,New York,2023-10-19,4522.15
4922,Grace Baker,50,Female,San Antonio,2026-07-04,50.0
4923,Diana Walker,24,Female,Atlanta,2023-04-30,2840.3
4924,Lincoln Cruz,40,Male,Orlando,2025-05-27,232.12
4925,Kinsley Martin,22,Female,San Diego,2025-11-10,573.65
4926,Liam White 2,50,Male,Los Angeles,2023-07-31,585.5
4927,Hannah Walker,33,Female,San Diego,2025-10-06,181.25
4928,Audrey Moore 2,46,Female,Charlotte,2023-10-29,482.2
4929,Eva Gonzalez,44,Female,San Jose,2024-12-21,3472.0
4930,Lucy Rodriguez,50,Female,Columbus,2026-04-28,54.0
4931,Michael Bailey,53,Male,Portland,2026-02-24,1154.5
4932,Carter Nelson,48,Male,Detroit,2025-06-30,100.0
4933,Gabriel Harris,25,Male,Boston,2024-09-06,398.75
4934,David Lee,44,Male,Phoenix,2025-08-08,660.0
4935,Mia Harris,38,Female,Miami,2023-11-30,500.12
4936,Anna Peterson,20,Female,Denver,2023-05-30,869.03
4937,Theodore Allen,18,Male,Chicago,2025-11-21,74.5
4938,William Moore 2,39,Male,Houston,2024-06-19,1898.25
4939,Jeremiah Ortiz 2,47,Male,Tampa,2024-01-21,1740.87
4940,Anthony Davis,32,Male,Cleveland,2026-05-05,45.0
4941,Olivia Cook,28,Female,Phoenix,2023-02-03,1852.75
4942,Aurora Campbell,28,Female,Cleveland,2023-07-03,2721.9
4943,Henry Rogers,55,Male,Atlanta,2023-04-18,2619.1
4944,Natalie Kelly,19,Female,Jacksonville,2024-12-21,295.0
4945,Theodore Martin 3,26,Male,Dallas,2023-04-18,758.0
4946,Leo Roberts,18,Male,San Antonio,2025-01-14,1999.75
4947,Bob Bailey,31,Male,Cleveland,2025-01-22,150.0
4948,Charlie Green,43,Male,Denver,2025-09-11,255.0
4949,Jonathan Baker,34,Male,Jacksonville,2023-09-19,723.0
4950,Asher Gutierrez,32,Male,Minneapolis,2024-09-28,937.0
4951,Alexander Reyes,43,Male,Portland,2025-11-19,414.0
4952,Jack Ward,27,Male,Dallas,2025-07-01,118.0
4953,Piper Morales,46,Female,New York,2023-04-15,635.5
4954,Samantha Rivera,26,Female,Detroit,2024-12-02,439.75
4955,Lucy Ramos 2,29,Female,Austin,2024-12-16,367.5
4956,Jeremiah Diaz,30,Male,Austin,2023-04-05,540.0
4957,Samantha Walker 2,32,Female,Columbus,2025-08-04,240.0
4958,Paisley Harris,27,Female,Austin,2023-08-03,1112.9
4959,Anthony Ortiz,30,Male,Atlanta,2024-01-06,400.0
4960,Naomi Miller,40,Female,Baltimore,2023-11-16,2327.57
4961,Charles Perez,36,Male,Orlando,2023-12-23,424.0
4962,Isabella Carter,39,Female,Pittsburgh,2025-09-06,158.2
4963,Charles Carter,20,Male,Fort Worth,2026-04-22,60.0
4964,Diana Anderson,30,Female,Austin,2024-11-04,359.5
4965,Naomi Rodriguez,34,Female,Las Vegas,2026-07-03,105.0
4966,Ivy White 2,18,Female,Pittsburgh,2025-08-31,133.0
4967,Ivy Murphy,25,Female,Fort Worth,2023-07-01,2179.85
4968,Sebastian Turner,49,Male,Houston,2026-02-23,1300.4
4969,Thomas Moore,38,Male,Pittsburgh,2023-12-31,1968.15
4970,Chloe White,37,Female,San Jose,2023-04-22,437.05
4971,Noah Nguyen,40,Male,San Jose,2023-05-29,872.5
4972,Nolan Ortiz 2,62,Male,Baltimore,2025-10-14,262.25
4973,Henry Gonzalez 3,44,Male,Nashville,2025-11-13,144.0
4974,Anthony Torres,49,Male,Portland,2025-09-16,406.5
4975,Aria Thomas 2,36,Female,Columbus,2024-08-02,1170.15
4976,Nora Johnson 3,45,Female,San Antonio,2023-07-19,782.0
4977,Grayson Hall,34,Male,Portland,2023-08-14,993.25
4978,Hannah Scott 2,33,Female,San Diego,2023-10-24,2039.15
4979,Bob Campbell,18,Male,Philadelphia,2024-12-20,191.0
4980,Jayden Watson,43,Male,Boston,2023-09-12,909.32
4981,Jack Stewart 2,38,Male,Boston,2026-05-31,130.75
4982,Jackson Gutierrez,28,Male,Tampa,2025-06-10,1735.5
4983,Jackson Lewis 2,33,Male,Portland,2025-06-26,1743.0
4984,Samantha White,20,Female,Columbus,2024-10-30,284.95
4985,Jeremiah Anderson 2,41,Male,Philadelphia,2023-02-23,511.5
4986,Natalie Richardson,44,Female,Baltimore,2024-01-08,2097.8
4987,Natalie Rivera 2,18,Female,Denver,2025-08-02,353.5
4988,Eva Turner,21,Female,Fort Worth,2025-08-17,162.0
4989,Emma Cruz,37,Female,Portland,2026-01-22,35.0
4990,Grayson Morgan,28,Male,Dallas,2023-12-29,982.25
4991,Isabella Brooks,39,Female,Pittsburgh,2023-12-04,206.0
4992,Emily Campbell,32,Female,Baltimore,2025-07-04,3417.62
4993,Daniel Bailey 2,18,Male,New York,2025-05-16,1877.95
4994,Caleb Lee,34,Male,Miami,2025-06-04,1113.0
4995,Aiden Peterson,43,Male,Houston,2024-12-27,1938.4
4996,Sarah Ramirez,23,Female,Nashville,2023-10-12,1353.3
4997,Jack Hall,26,Male,New York,2023-12-02,2043.0
4998,Maverick Flores,20,Male,Detroit,2025-10-21,582.0
4999,Audrey Chavez,21,Female,San Jose,2026-02-17,87.5
5000,Maya Ramos,41,Female,Boston,2025-08-18,612.0
5001,Cora Green,18,Female,Baltimore,2025-08-28,2572.43
5002,Aiden Torres,27,Male,Tampa,2023-10-13,1648.65
5003,Julian Flores,31,Male,Portland,2023-09-18,753.0
5004,Samantha Kim 2,45,Female,Fort Worth,2025-09-20,996.4
5005,Naomi Jones,35,Female,Portland,2023-07-02,1043.15
5006,Anna Williams,27,Female,Orlando,2023-04-16,2179.75
5007,Noah Perez,44,Male,Boston,2026-06-16,130.0
5008,Liam Brown,36,Male,Boston,2025-01-03,1404.5
5009,Samuel Morgan,21,Male,Boston,2023-05-13,648.7
5010,Emma Baker,29,Female,Boston,2025-12-17,375.25
5011,Anthony Ward,55,Male,Boston,2025-03-11,277.5
5012,Hazel Williams 2,18,Female,Tampa,2024-06-09,663.5
5013,Diana Davis,27,Female,Las Vegas,2023-02-08,92.5
5014,Willow Ramirez,43,Female,Jacksonville,2024-06-14,22.5
5015,Evelyn Kelly,47,Female,Las Vegas,2023-11-12,718.5
5016,Sebastian Edwards,18,Male,Minneapolis,2024-09-08,1035.0
5017,Eva Taylor,48,Female,New York,2024-12-20,70.0
5018,Ellie Cruz,20,Female,Los Angeles,2025-12-30,45.0
5019,Paisley Flores 2,18,Female,Fort Worth,2025-03-03,1808.87
5020,Madison Cruz,18,Female,Orlando,2026-05-28,67.5
5021,Jack Flores,35,Male,Austin,2025-06-05,64.0
5022,Anthony Ward 2,28,Male,Austin,2025-08-14,100.0
5023,Aaron White,34,Male,San Diego,2024-04-14,81.5
5024,Paisley Collins,34,Female,San Jose,2025-03-08,291.0
5025,Ivy Flores,27,Female,Detroit,2025-12-28,63.0
5026,Nora Wilson,47,Female,Boston,2026-03-22,55.0
5027,Alice Cook,29,Female,San Antonio,2026-06-21,29.75
5028,Ava Johnson 2,51,Female,Las Vegas,2025-06-17,440.0
5029,Harper Martinez 2,35,Female,Phoenix,2026-02-26,80.0
5030,Leo Rogers 2,53,Male,Boston,2024-03-01,194.0
5031,Thomas Allen,31,Male,Austin,2025-10-05,540.0
5032,Luna Thompson 2,24,Female,Miami,2025-05-13,1819.7
5033,William Turner,18,Male,Charlotte,2023-10-09,2035.3
5034,Madison Davis 2,35,Female,Jacksonville,2025-11-28,1114.5
5035,Harper Wright,18,Female,Portland,2025-04-14,413.0
5036,Chloe Flores 3,37,Female,Atlanta,2025-09-17,527.75
5037,Sebastian Thomas 3,44,Male,Miami,2026-04-07,503.75
5038,Jayden Stewart,43,Male,Cleveland,2023-06-18,193.0
5039,Noah Baker,41,Male,Denver,2023-10-14,1346.75
5040,Amelia Martinez,35,Female,Portland,2025-02-21,642.0
5041,Layla Cruz 2,18,Female,Tampa,2025-09-07,932.0
5042,Oliver Campbell,33,Male,Seattle,2025-08-15,160.7
5043,Skylar Kelly 2,40,Female,Charlotte,2025-04-21,1661.0
5044,John Nelson,36,Male,Austin,2025-01-31,982.6
5045,Wyatt Ortiz,40,Male,Las Vegas,2023-10-14,109.25
5046,Paisley Torres,26,Female,Atlanta,2025-08-27,81.0
5047,Brooklyn Perez,63,Female,San Diego,2025-06-19,25.0
5048,Anna Jackson,20,Female,Cleveland,2025-10-19,90.0
5049,Allison Wright 3,22,Female,Tampa,2025-05-09,180.0
5050,Maya Thomas,24,Female,Austin,2023-11-28,1350.65
5051,Eva Peterson,29,Female,Houston,2026-03-31,55.0
5052,Grayson Ward,24,Male,Cleveland,2025-09-13,517.25
5053,Paisley Phillips 2,35,Female,Minneapolis,2024-05-28,58.5
5054,Christian Watson 3,24,Male,Charlotte,2025-10-23,458.25
5055,Lucy Cook 2,26,Female,Denver,2024-01-28,22.5
5056,Christian Cox 2,44,Male,Charlotte,2023-04-01,139.0
5057,Leo Peterson,45,Male,Orlando,2026-05-09,219.75
5058,Ivy Bailey 2,18,Female,Baltimore,2023-12-05,385.0
5059,Amelia Morris,25,Female,Dallas,2023-07-08,1463.25
5060,Nathan Wilson,29,Male,San Antonio,2026-03-07,269.0
5061,Zoe Morgan,39,Female,San Antonio,2026-06-29,95.62
5062,Jackson Cooper,38,Male,Baltimore,2026-02-09,180.0
5063,Aaron Lopez,54,Male,Chicago,2025-11-10,337.73
5064,Madison Ramos 2,32,Female,Atlanta,2024-03-27,114.5
5065,Lincoln Ramos,43,Male,Los Angeles,2024-12-24,488.5
5066,Chloe Kelly,41,Female,Nashville,2026-05-26,81.6
5067,Lucy Gonzalez,33,Female,New York,2025-12-11,270.0
5068,Leo Williams,20,Male,San Antonio,2025-12-18,32.0
5069,Anna Brown,18,Female,Chicago,2024-11-14,493.0
5070,Naomi Moore,25,Female,San Jose,2026-06-30,297.5
5071,Penelope Rivera 2,37,Female,Denver,2024-02-04,399.2
5072,Naomi Wilson,35,Female,Los Angeles,2026-01-18,110.0
5073,Ava Jackson,35,Female,Austin,2024-01-30,1547.05
5074,Ryan Cooper 2,38,Male,Fort Worth,2025-06-06,1092.1
5075,Maya Lopez 2,31,Female,San Diego,2023-07-19,4484.62
5076,Hazel Brooks,23,Female,Austin,2023-01-18,3417.75
5077,Connor Edwards,29,Male,Chicago,2023-12-18,190.0
5078,Connor Phillips,49,Male,Seattle,2025-02-21,369.0
5079,Samuel Rivera 2,27,Male,Las Vegas,2024-11-09,508.0
5080,Lincoln Jackson 2,39,Male,Seattle,2026-05-17,75.6
5081,Cora Jones,18,Female,Fort Worth,2025-09-28,805.5
5082,Madison Allen,42,Female,Fort Worth,2023-10-19,1379.5
5083,Michael Martinez,54,Male,Detroit,2025-12-27,486.5
5084,Leo Nelson,44,Male,Boston,2025-01-24,1082.45
5085,Dylan Flores,61,Male,Los Angeles,2025-03-13,660.12
5086,Alice Jackson 3,29,Female,Dallas,2025-02-01,2194.75
5087,Kennedy Ramirez 2,28,Female,Portland,2026-05-31,40.0
5088,Audrey Stewart,33,Female,San Diego,2024-02-21,2441.65
5089,Ryan Lewis,31,Male,Seattle,2025-10-18,396.0
5090,Alice Howard,32,Female,Minneapolis,2023-10-11,2151.05
5091,Nolan Watson,46,Male,Jacksonville,2026-02-17,67.5
5092,Hazel Baker 2,20,Female,Phoenix,2026-05-06,90.0
5093,Henry Stewart,26,Male,Boston,2023-04-29,1176.2
5094,Henry Anderson,25,Male,Orlando,2026-04-04,345.9
5095,Maya Clark,20,Female,Chicago,2023-05-06,1911.08
5096,Ellie Reed,33,Female,Jacksonville,2025-12-07,25.0
5097,Mateo Walker 2,32,Male,Dallas,2023-06-15,1340.6
5098,Diana Richardson,34,Female,Jacksonville,2024-05-15,4138.3
5099,Kennedy Brown,39,Female,Philadelphia,2023-03-24,140.0
5100,Jonathan Wright,40,Male,Baltimore,2024-04-10,1852.45
5101,Landon Lopez,26,Male,New York,2026-01-22,371.5
5102,Claire Martinez 2,43,Female,Seattle,2024-01-26,437.2
5103,Christian Scott,28,Male,San Diego,2023-05-09,779.6
5104,Leo Hernandez,72,Male,Detroit,2023-09-29,540.0
5105,Chloe Martin,19,Female,Atlanta,2025-09-28,85.0
5106,Theodore Phillips,37,Male,Nashville,2026-04-20,275.0
5107,Layla White,44,Female,Philadelphia,2026-07-05,60.0
5108,Savannah Lewis,18,Female,Boston,2023-03-09,2299.77
5109,Liam Garcia,18,Male,San Antonio,2023-08-06,136.5
5110,Diana Lee,40,Female,Portland,2025-07-25,848.5
5111,Lily Garcia 2,36,Female,Tampa,2023-07-12,4415.0
5112,Grace Martinez,23,Female,Boston,2025-01-18,1698.75
5113,Bob Hall,38,Male,San Diego,2025-11-07,485.62
5114,Diana Jones,34,Female,Charlotte,2025-02-03,449.0
5115,Maya Reyes,39,Female,Nashville,2023-03-05,1181.2
5116,Julia Morales 2,53,Female,Seattle,2025-12-09,60.0
5117,Ella Jones 2,45,Female,Dallas,2025-03-04,72.0
5118,Ryan Thomas,21,Male,Philadelphia,2024-11-05,578.05
5119,Jeremiah Martinez,33,Male,Los Angeles,2024-07-13,351.25
5120,Theodore Robinson,42,Male,Tampa,2025-04-03,55.0
5121,Lucas Harris,29,Male,Philadelphia,2024-10-19,2055.0
5122,Audrey Lopez 2,37,Female,Pittsburgh,2024-02-09,490.0
5123,Charlie Kim,18,Male,Cleveland,2024-02-14,422.25
5124,Eva Ramirez,41,Female,Portland,2025-07-05,686.65
5125,Evelyn Robinson,44,Female,Orlando,2025-08-09,251.0
5126,Sofia Jackson,39,Female,Miami,2023-07-17,2962.6
5127,Eleanor Thomas,46,Female,Austin,2024-11-23,1713.35
5128,Grayson Kim 2,44,Male,Tampa,2024-10-17,1829.05
5129,Samantha Nguyen,40,Female,Boston,2026-03-12,143.0
5130,Julia Parker,28,Female,Los Angeles,2023-09-19,1368.95
5131,Julian Cooper,52,Male,Charlotte,2023-09-15,535.5
5132,Isaac Gonzalez 2,36,Male,Los Angeles,2024-11-03,870.0
5133,Scarlett Lopez,19,Female,Minneapolis,2024-08-30,1227.95
5134,Aria Evans,44,Female,Phoenix,2026-01-26,1231.75
5135,Ryan Nelson,32,Male,Charlotte,2025-03-23,310.0
5136,Noah Gutierrez 2,45,Male,Denver,2023-05-14,1369.25
5137,Claire Edwards,38,Female,Philadelphia,2024-01-30,1034.6
5138,Quinn Martin,34,Female,Austin,2025-05-22,187.0
5139,Ellie Lewis 2,23,Female,Tampa,2023-01-25,5186.35
5140,Samantha Stewart,30,Female,New York,2023-03-15,245.0
5141,Sophie Ramos 2,41,Female,Fort Worth,2025-10-14,133.25
5142,Charlie Kim 2,38,Male,Fort Worth,2026-04-11,230.1
5143,Maverick Chavez,31,Male,Charlotte,2023-05-20,300.5
5144,Theo Peterson,27,Male,Charlotte,2025-10-20,948.15
5145,Anthony Miller,33,Male,Orlando,2025-09-26,271.0
5146,Nolan Reed,24,Male,Fort Worth,2026-07-09,20.25
5147,Olivia Brown,47,Female,Las Vegas,2026-03-21,95.0
5148,Allison Taylor,31,Female,San Diego,2026-01-22,430.0
5149,James Wilson 3,46,Male,Portland,2024-10-12,2069.75
5150,Savannah Baker 2,42,Female,Tampa,2026-02-13,214.0
5151,Eva Sanchez,31,Female,San Antonio,2026-03-14,240.0
5152,Hazel Torres 2,30,Female,Austin,2024-08-14,2300.4
5153,Aurora Nguyen,41,Female,Phoenix,2026-01-10,2859.95
5154,William Rodriguez,25,Male,Portland,2025-03-14,5256.55
5155,Nathan Jackson,44,Male,Pittsburgh,2025-09-24,422.0
5156,Natalie Ortiz 2,41,Female,San Jose,2026-05-24,92.0
5157,Theodore Evans,29,Male,Dallas,2023-10-24,1216.45
5158,Landon Jackson,33,Male,Jacksonville,2026-03-04,714.0
5159,Alexander Diaz,40,Male,New York,2024-06-04,886.0
5160,Harper Perez,69,Female,Boston,2026-07-05,48.8
5161,Isaac Baker,30,Male,Philadelphia,2023-03-17,1354.7
5162,Logan Rivera,36,Male,Baltimore,2025-03-30,1524.3
5163,Henry Garcia,35,Male,Columbus,2023-12-01,1908.7
5164,Amelia Moore,42,Female,Charlotte,2025-09-13,24.0
5165,Harper White,18,Female,Portland,2024-05-10,2254.05
5166,Eleanor Gonzalez,20,Female,Dallas,2023-12-30,1299.75
5167,Charles Carter 2,25,Male,Orlando,2024-02-10,67.75
5168,Thomas Wright,37,Male,Cleveland,2024-02-05,226.6
5169,Hannah Martin,37,Female,Fort Worth,2025-07-04,1048.8
5170,Charlie Anderson,49,Male,New York,2025-05-03,495.25
5171,Ellie Green,35,Female,Columbus,2024-12-09,110.5
5172,Caroline Peterson,47,Female,Minneapolis,2024-05-30,965.0
5173,Scarlett Stewart,33,Female,Fort Worth,2025-01-07,111.25
5174,Charles Phillips 2,34,Male,Tampa,2026-05-30,44.0
5175,Lily Moore 2,54,Female,Cleveland,2023-02-24,645.5
5176,Hunter Bailey,23,Male,Dallas,2026-04-14,72.0
5177,Sebastian Morales,36,Male,San Antonio,2024-10-07,2584.0
5178,Maya Diaz 2,37,Female,Denver,2024-11-03,700.0
5179,Sadie Flores,30,Female,San Antonio,2024-11-18,1388.5
5180,Luna Parker,42,Female,Boston,2026-02-10,286.0
5181,Emily Lee 2,26,Female,Atlanta,2024-03-11,1000.75
5182,Jack Campbell,37,Male,New York,2024-03-08,2506.72
5183,Lincoln Torres,38,Male,Las Vegas,2025-12-01,254.0
5184,Carter Clark 2,36,Male,Phoenix,2024-10-07,3291.6
5185,Alice Cruz,25,Female,Denver,2023-05-15,1608.25
5186,Julian White,18,Male,Dallas,2025-09-17,276.0
5187,John Peterson,32,Male,Jacksonville,2023-08-18,1276.25
5188,Caleb Wilson,52,Male,Philadelphia,2025-01-05,222.3
5189,Jacob Green,49,Male,San Diego,2024-02-18,2530.8
5190,Henry Turner,42,Male,Denver,2023-12-06,3138.9
5191,Hazel Rogers 2,25,Female,Los Angeles,2024-01-30,697.0
5192,Alexander Perez,23,Male,Houston,2024-01-22,210.0
5193,Isaac Cox,38,Male,Dallas,2026-05-18,90.0
5194,Diana Ramirez,35,Female,Orlando,2024-05-28,241.0
5195,Abigail Rogers,18,Female,Columbus,2025-10-28,2403.55
5196,Abigail Chavez,37,Female,Phoenix,2026-05-01,35.0
5197,Nolan Campbell,34,Male,Denver,2025-11-15,977.9
5198,Skylar Morris,30,Female,Jacksonville,2025-04-30,1630.65
5199,Dylan Taylor,28,Male,Philadelphia,2024-06-08,70.0
5200,Charlie Morales,42,Male,Las Vegas,2025-10-07,759.25
5201,David Morgan,36,Male,Los Angeles,2025-08-10,904.5
5202,Leo Thomas,19,Male,New York,2024-10-31,295.0
5203,Julian Thomas,36,Male,San Antonio,2025-08-08,1811.1
5204,Eli Cox,29,Male,Seattle,2025-06-09,134.8
5205,Ella Peterson,35,Female,Columbus,2023-07-14,266.25
5206,William Johnson,45,Male,New York,2023-06-16,508.0
5207,Charles Reed,42,Male,New York,2025-05-17,424.25
5208,Aurora Hill,24,Female,San Antonio,2024-02-28,390.5
5209,Jeremiah Harris,31,Male,Fort Worth,2024-03-29,962.5
5210,Elias Roberts,35,Male,Dallas,2026-04-09,712.85
5211,Alice Brown 2,32,Female,Detroit,2025-07-20,336.5
5212,Daniel Ramos 2,30,Male,Jacksonville,2026-05-19,587.75
5213,Nolan Martin,42,Male,San Jose,2023-02-13,423.0
5214,Asher Hernandez,41,Male,San Antonio,2024-05-23,1115.5
5215,Emma Morgan 2,45,Female,Miami,2026-05-06,212.0
5216,Henry Brooks,51,Male,Phoenix,2025-02-07,57.0
5217,Paisley Gutierrez,32,Female,Columbus,2023-01-27,1222.0
5218,Nathan Hernandez,38,Male,San Diego,2025-04-21,4129.6
5219,Evelyn Carter,30,Female,Miami,2025-06-04,302.0
5220,Asher Hill,18,Male,San Diego,2026-03-07,902.5
5221,Jonathan Watson 2,29,Male,Austin,2025-02-16,3512.45
5222,Ella Torres,32,Female,Minneapolis,2025-07-05,43.2
5223,Carter Gutierrez,18,Male,Austin,2025-10-25,133.62
5224,Madison Nelson,46,Female,Houston,2026-05-19,190.0
5225,Isabella Reyes,40,Female,Jacksonville,2025-05-01,2721.32
5226,Carter Gutierrez 2,38,Male,Phoenix,2023-07-27,399.75
5227,Emma Ward 2,29,Female,Tampa,2025-02-11,2265.25
5228,Lucy Torres,38,Female,Phoenix,2025-08-03,35.0
5229,Mia Collins,46,Female,Houston,2023-09-17,2168.1
5230,Savannah Murphy,38,Female,San Diego,2025-11-30,2319.65
5231,Ava Lewis,47,Female,Minneapolis,2023-07-03,1103.0
5232,Maya Hill 2,32,Female,Denver,2026-04-05,154.0
5233,Charles Stewart,37,Male,Dallas,2025-06-09,709.5
5234,Aiden Cooper,39,Male,Charlotte,2024-12-07,8070.1
5235,Sophie Flores,28,Female,Charlotte,2025-07-25,768.25
5236,Asher Ramirez,36,Male,Baltimore,2024-06-02,202.5
5237,Jackson Hall,44,Male,Miami,2023-11-03,547.5
5238,Scarlett Lewis 2,28,Female,Denver,2025-07-13,172.0
5239,Gabriel Davis,42,Male,Pittsburgh,2025-12-20,300.0
5240,Aiden Cox 4,35,Male,Miami,2025-01-01,1673.25
5241,Lucy Young,47,Female,Orlando,2023-07-18,1781.8
5242,Theodore Morales,36,Male,Chicago,2023-08-25,906.0
5243,Logan Ward,33,Male,San Antonio,2025-07-11,930.25
5244,Maverick Nelson 2,35,Male,Seattle,2024-09-14,609.0
5245,Ruby Rogers,45,Female,Nashville,2025-05-11,514.12
5246,Charlie Young,52,Male,Phoenix,2025-09-16,180.75
5247,Wyatt Ramirez,46,Male,Philadelphia,2026-02-07,737.0
5248,Hannah White 2,46,Female,Houston,2024-12-07,1201.5
5249,Isabella Morris,19,Female,Seattle,2025-12-07,285.25
5250,Nora Rodriguez 2,34,Female,Cleveland,2024-12-16,3430.75
5251,Henry Nguyen,26,Male,Jacksonville,2023-11-05,1777.0
5252,Abigail Cruz,30,Female,Nashville,2024-07-16,2260.0
5253,Levi Harris,18,Male,Nashville,2023-04-21,1695.0
5254,Bob Wilson 2,48,Male,Philadelphia,2026-05-05,75.0
5255,Mason Rogers,18,Male,Charlotte,2024-09-17,1100.8
5256,Eva Lewis,27,Female,Pittsburgh,2024-10-07,1725.75
5257,Emma Hall 2,32,Female,Philadelphia,2026-06-05,22.5
5258,Cora Harris,41,Female,Nashville,2023-06-13,420.8
5259,Emily Collins 2,18,Female,Pittsburgh,2023-06-12,348.9
5260,Grayson Robinson,44,Male,Fort Worth,2024-08-17,809.5
5261,Logan Wright,22,Male,Boston,2024-04-28,3102.5
5262,Natalie Richardson 2,23,Female,Philadelphia,2023-09-18,4555.5
5263,Carter Harris 2,38,Male,Fort Worth,2024-10-13,2071.85
5264,Olivia Flores,30,Female,Columbus,2025-10-10,902.25
5265,Allison Parker,39,Female,Philadelphia,2025-12-03,235.0
5266,Ethan Campbell,23,Male,Dallas,2025-10-27,607.0
5267,Dylan Cox 2,55,Male,Columbus,2025-07-27,286.4
5268,Alice Parker,34,Female,Minneapolis,2026-07-06,122.4
5269,Eva Thompson 2,32,Female,Orlando,2023-01-20,2356.95
5270,Gabriel Miller 3,28,Male,Cleveland,2024-03-01,796.7
5271,Genesis Young,18,Female,Nashville,2025-03-24,729.2
5272,Zoe Rivera,27,Female,Philadelphia,2025-02-27,1059.45
5273,Nora Allen,42,Female,Tampa,2024-08-27,1577.7
5274,Ava Thomas,18,Female,Austin,2026-01-26,28.5
5275,Maya Robinson 2,41,Female,San Jose,2025-10-22,406.0
5276,Jackson Brooks,18,Male,San Antonio,2024-03-03,5647.3
5277,Sebastian Allen,32,Male,Boston,2024-12-21,587.0
5278,Naomi Walker 2,34,Female,Tampa,2024-04-02,773.05
5279,Audrey Gonzalez 2,24,Female,Detroit,2023-11-20,705.2
5280,Grace Rodriguez,37,Female,Seattle,2023-05-24,602.5
5281,Isabella Murphy,33,Female,New York,2025-10-27,22.5
5282,Audrey Gonzalez 3,37,Female,Austin,2026-05-12,32.0
5283,Ryan Wilson,18,Male,Houston,2025-01-05,1037.25
5284,Leah Turner,39,Female,Dallas,2023-08-28,797.1
5285,Lily Ortiz,18,Female,Phoenix,2025-06-20,283.0
5286,Eli Brooks,49,Male,Minneapolis,2025-07-25,3078.3
5287,Alice Ramos,51,Female,Austin,2025-12-12,293.0
5288,Mason Rodriguez 3,18,Male,Chicago,2024-01-25,2656.5
5289,Leah Baker 2,31,Female,Phoenix,2025-04-22,390.0
5290,Abigail Flores,51,Female,Denver,2024-04-07,548.25
5291,Carter Cox,18,Male,Jacksonville,2024-12-01,1774.8
5292,Michael Moore,40,Male,Boston,2023-03-05,431.25
5293,Aurora Chavez,51,Female,Nashville,2025-04-24,1093.55
5294,Alice Flores,25,Female,Los Angeles,2025-08-17,125.85
5295,Brooklyn Ramos 2,34,Female,Nashville,2023-05-06,1420.0
5296,Joseph Campbell,40,Male,Los Angeles,2024-04-24,2294.25
5297,Ruby Bailey,30,Female,Austin,2026-06-16,24.0
5298,Ryan Campbell,56,Male,Orlando,2025-09-18,415.0
5299,Jack Nelson 2,22,Male,Philadelphia,2026-01-14,25.0
5300,Julia Scott,35,Female,Nashville,2024-11-18,1384.7
5301,Jacob Green 2,27,Male,Jacksonville,2026-04-18,220.0
5302,Anna Thompson 2,26,Female,Baltimore,2024-12-29,756.6
5303,Abigail Peterson,25,Female,Philadelphia,2024-02-07,2235.7
5304,Ethan Reyes,20,Male,Nashville,2023-08-22,55.0
5305,Eli Harris,52,Male,San Diego,2024-10-17,437.0
5306,James Nguyen,27,Male,New York,2024-12-31,809.35
5307,Gabriel Parker,28,Male,Fort Worth,2026-03-30,81.0
5308,Madison Davis 3,36,Female,San Antonio,2025-05-24,692.5
5309,Sadie Nguyen 2,34,Female,Atlanta,2024-07-31,931.0
5310,Jayden Robinson 3,38,Male,Boston,2024-02-25,3163.4
5311,Lucas Perez,46,Male,Fort Worth,2023-09-19,2057.0
5312,Isaiah Miller,41,Male,Denver,2024-08-03,853.3
5313,Quinn Garcia,46,Female,Columbus,2023-06-13,620.9
5314,Liam Morales 2,44,Male,Fort Worth,2026-04-23,125.0
5315,Ivy Campbell 3,34,Female,Dallas,2023-11-16,1540.65
5316,Maya Cruz 2,40,Female,Las Vegas,2026-04-15,198.0
5317,Aria Diaz,36,Female,Miami,2023-12-23,1339.0
5318,Allison Flores,25,Female,Houston,2023-05-01,1265.0
5319,Claire Nguyen 3,22,Female,Las Vegas,2024-02-18,213.0
5320,Luke Mitchell,37,Male,Pittsburgh,2025-07-05,724.5
5321,Joseph Ramirez,46,Male,Orlando,2025-11-06,503.0
5322,Kinsley Martinez,60,Female,Houston,2026-04-15,110.0
5323,Maya Brown 2,18,Female,San Antonio,2026-04-02,90.0
5324,Layla Miller,34,Female,San Diego,2025-03-30,837.0
5325,Audrey Scott,35,Female,Minneapolis,2023-10-06,443.0
5326,Aria Gutierrez,43,Female,Charlotte,2025-10-17,1039.5
5327,Bob Thompson,18,Male,Fort Worth,2025-04-04,882.5
5328,Lucas Parker,29,Male,Miami,2024-08-27,560.75
5329,Aria Morgan,35,Female,New York,2026-01-11,320.75
5330,Mateo Gutierrez,34,Male,Austin,2025-11-20,130.5
5331,Audrey White 2,35,Female,Detroit,2024-02-06,1218.32
5332,Maya Kim,53,Female,Chicago,2025-08-13,106.6
5333,Kinsley Davis,22,Female,San Jose,2024-04-10,136.0
5334,Lydia Morgan,20,Female,Los Angeles,2023-05-08,452.05
5335,Brooklyn Lopez,21,Female,Cleveland,2025-07-27,820.87
5336,Kennedy Morris,18,Female,Minneapolis,2024-04-26,748.7
5337,Mia Carter 2,43,Female,Denver,2026-04-30,162.0
5338,Jayden Garcia,39,Male,Seattle,2024-12-09,628.8
5339,Jack Ramos,24,Male,Miami,2024-07-21,404.0
5340,Ivy Brown,32,Female,Columbus,2023-05-20,656.75
5341,Joseph Garcia,30,Male,Pittsburgh,2023-02-03,857.5
5342,Julia Allen,22,Female,Portland,2023-08-14,292.0
5343,Stella Brown,40,Female,Boston,2025-08-09,143.0
5344,Levi Harris 2,18,Male,Seattle,2026-05-03,286.0
5345,Leo Torres,35,Male,Portland,2025-11-13,912.1
5346,Victoria Lewis,22,Female,Detroit,2025-05-01,419.0
5347,Noah Phillips,25,Male,Orlando,2025-01-25,96.75
5348,Julia Brooks,38,Female,Seattle,2025-08-31,22.5
5349,Charlie Adams,46,Male,Portland,2025-11-28,348.5
5350,Grace Jackson,18,Female,Los Angeles,2026-01-04,362.75
5351,Kinsley Hernandez,33,Female,Fort Worth,2025-06-22,2961.08
5352,Ava Martinez 2,31,Female,Pittsburgh,2024-12-21,573.6
5353,Landon Williams 2,27,Male,Orlando,2026-06-06,174.0
5354,Amelia Howard 2,30,Female,Seattle,2026-05-29,24.0
5355,Lily Parker,36,Female,San Diego,2026-06-19,120.0
5356,Cora Johnson,18,Female,San Jose,2026-03-24,781.75
5357,Jack Turner 2,38,Male,Boston,2024-12-16,1617.35
5358,Lincoln Young 2,50,Male,Minneapolis,2024-10-13,5345.95
5359,Layla Flores 2,32,Female,Jacksonville,2025-11-29,400.0
5360,Anthony Parker,28,Male,Detroit,2026-07-06,70.0
5361,Madison Peterson,33,Female,Philadelphia,2024-07-06,1337.24
5362,Mason Walker,49,Male,Minneapolis,2025-09-06,220.5
5363,Violet Davis 2,26,Female,Chicago,2026-02-28,875.5
5364,Naomi Thomas 2,18,Female,Pittsburgh,2025-08-30,158.0
5365,Brooklyn Scott,25,Female,Nashville,2025-12-24,196.9
5366,Elias Davis,47,Male,Dallas,2023-12-27,143.0
5367,Theo Martin,34,Male,Charlotte,2025-12-09,608.6
5368,Henry Morales,34,Male,Phoenix,2023-11-30,3404.15
5369,Genesis Miller,49,Female,Los Angeles,2024-09-04,214.0
5370,Mia Stewart,37,Female,Philadelphia,2023-04-05,2935.2
5371,John Reed,31,Male,Denver,2024-04-22,676.2
5372,Sofia Brown,42,Female,Las Vegas,2025-09-09,323.0
5373,Owen Howard,30,Male,Columbus,2023-12-25,6493.55
5374,Joseph Cox 2,30,Male,Cleveland,2026-01-19,90.0
5375,Hunter Thomas 2,32,Male,Los Angeles,2023-09-23,601.5
5376,Christian Brown 2,35,Male,Los Angeles,2023-03-19,679.3
5377,Nathan White 2,23,Male,Dallas,2025-07-06,209.5
5378,Layla Ward,18,Female,Portland,2025-12-07,86.38
5379,Sophie Cook,52,Female,Tampa,2024-10-08,45.0
5380,Lincoln Martin 2,35,Male,Jacksonville,2023-12-31,1294.0
5381,Eva Kim,45,Female,San Diego,2024-05-22,1527.75
5382,Audrey Howard,30,Female,Pittsburgh,2026-03-25,483.75
5383,Daniel Watson,58,Male,San Jose,2026-02-14,558.2
5384,Penelope Jackson,34,Female,San Jose,2026-05-06,311.5
5385,Willow Robinson 2,29,Female,Boston,2025-07-08,1000.6
5386,Ryan Carter,33,Male,New York,2025-03-23,3514.05
5387,Connor Turner,43,Male,Phoenix,2025-03-18,800.1
5388,Sarah Rogers,24,Female,Miami,2023-07-30,413.3
5389,Lily Clark,44,Female,Charlotte,2025-02-14,1922.9
5390,Anthony Cooper,36,Male,Phoenix,2025-10-25,1315.75
5391,Luna Howard,44,Female,Philadelphia,2026-06-20,90.0
5392,Olivia King,21,Female,Philadelphia,2023-10-21,2733.7
5393,Caroline Howard 3,30,Female,Charlotte,2024-07-21,49.5
5394,Jayden Kim 2,36,Male,Jacksonville,2025-01-12,677.4
5395,Lily Cox,47,Female,San Antonio,2025-11-06,202.5
5396,Sadie Turner,29,Female,Seattle,2025-08-04,533.0
5397,Layla Carter,31,Female,Denver,2025-07-14,35.0
5398,Sophie King,41,Female,Houston,2026-03-19,70.0
5399,Ivy Sanchez 2,37,Female,New York,2025-11-03,54.0
5400,Mia Hill 2,38,Female,Las Vegas,2023-12-28,170.5
5401,Jonathan Turner,33,Male,Tampa,2023-12-09,4637.45
5402,Leah Garcia,29,Female,Nashville,2026-01-27,100.0
5403,Genesis Taylor,25,Female,Cleveland,2023-10-17,974.4
5404,Grayson Morales,29,Male,Boston,2023-11-26,2407.85
5405,Layla Phillips 4,25,Female,San Jose,2024-02-14,275.62
5406,Owen Brooks,19,Male,Los Angeles,2025-12-05,839.5
5407,Leah Hall,65,Female,Columbus,2024-08-15,405.0
5408,Nathan Anderson,19,Male,Cleveland,2025-03-10,1848.25
5409,Lucas Howard,18,Male,Orlando,2026-03-27,90.0
5410,Lucy Turner,25,Female,Chicago,2026-04-28,24.0
5411,Addison Allen,25,Female,Pittsburgh,2024-07-07,442.5
5412,Victoria Murphy,26,Female,Pittsburgh,2024-02-26,1576.0
5413,Jeremiah Hill,34,Male,Seattle,2024-07-14,353.0
5414,Zoe Adams,60,Female,San Antonio,2023-02-22,50.0
5415,Penelope Turner 2,26,Female,Philadelphia,2023-02-11,784.0
5416,Eleanor Rodriguez,34,Female,Nashville,2023-03-01,935.95
5417,Levi Miller,18,Male,Detroit,2023-07-11,665.45
5418,Theo Clark,19,Male,Charlotte,2025-01-15,724.77
5419,Genesis Harris,26,Female,San Jose,2026-04-11,40.0
5420,Bob Scott 2,53,Male,Atlanta,2024-08-09,1406.65
5421,John Moore 2,60,Male,New York,2025-04-20,389.0
5422,Wyatt Diaz,45,Male,Detroit,2024-03-04,1690.65
5423,Alice Chavez 2,18,Female,Jacksonville,2024-05-18,908.0
5424,Hazel Thompson,27,Female,Chicago,2025-10-30,1017.65
5425,Ivy Sanchez 3,39,Female,Jacksonville,2024-08-22,759.75
5426,Eleanor Rivera,21,Female,Atlanta,2024-10-06,592.5
5427,Logan Reyes 2,22,Male,San Diego,2024-02-01,1332.08
5428,Henry Evans,22,Male,Seattle,2023-10-04,1234.4
5429,Skylar Williams,39,Female,Austin,2026-05-06,300.0
5430,Henry Bailey,18,Male,Minneapolis,2023-01-24,1039.3
5431,Lily White 2,27,Female,Fort Worth,2023-10-29,5513.9
5432,Aaron Miller,20,Male,Orlando,2023-08-01,28.5
5433,Aiden Torres 2,45,Male,Boston,2026-01-03,628.0
5434,Anna Nelson 2,35,Female,Chicago,2024-01-21,955.75
5435,Asher Nguyen,35,Male,San Diego,2026-01-13,178.0
5436,Kennedy Moore,41,Female,Detroit,2024-05-26,1391.17
5437,Ethan Wright,30,Male,Minneapolis,2025-08-31,265.5
5438,Carter Miller,33,Male,Boston,2026-06-19,40.0
5439,Emma Ward 3,30,Female,Detroit,2024-06-19,734.5
5440,Skylar Robinson,19,Female,Baltimore,2023-05-01,187.75
5441,Nathan Phillips,20,Male,Boston,2024-10-22,1153.5
5442,Zoe Turner 2,30,Female,Houston,2023-12-31,1450.85
5443,Aiden Garcia,20,Male,Phoenix,2023-09-14,2805.88
5444,Natalie Ward,18,Female,Seattle,2025-12-24,72.0
5445,Audrey Mitchell 3,29,Female,Los Angeles,2025-04-06,630.5
5446,Jaxon Jackson,18,Male,Chicago,2026-05-08,84.0
5447,Mia Hill 3,26,Female,San Diego,2024-09-30,3772.15
5448,John Cook 2,27,Male,Phoenix,2026-07-08,30.0
5449,Levi Allen 2,33,Male,San Diego,2024-02-23,1420.45
5450,Lucas Phillips 3,34,Male,New York,2023-10-26,1760.05
5451,Quinn Kelly,45,Female,Los Angeles,2024-07-13,775.0
5452,Olivia Evans,26,Female,San Diego,2023-08-14,839.0
5453,Diana Carter,37,Female,Portland,2024-02-08,175.0
5454,Diana Brooks 2,30,Female,Baltimore,2024-11-14,1372.0
5455,Emma Cox,36,Female,New York,2023-04-12,433.2
5456,Grace Brown,26,Female,Miami,2025-05-08,1017.25
5457,Cora Carter,19,Female,Nashville,2026-01-05,100.0
5458,Levi Evans,50,Male,Boston,2023-12-13,1301.18
5459,Grace Morris,24,Female,Austin,2024-03-24,1746.1
5460,Audrey Chavez 2,34,Female,Austin,2024-11-28,65.0
5461,Skylar Nguyen,45,Female,Portland,2025-02-10,1758.65
5462,Charles Reed 2,41,Male,Jacksonville,2025-05-14,155.0
5463,Skylar Nguyen 2,18,Female,Detroit,2025-06-19,401.5
5464,Jacob Lee 2,46,Male,Los Angeles,2023-12-09,976.3
5465,Caroline Roberts,18,Female,Orlando,2024-06-14,109.3
5466,Kinsley Jones 2,44,Female,Baltimore,2025-04-06,120.0
5467,Elias Parker,40,Male,Chicago,2025-06-25,2904.5
5468,Addison Jones 2,41,Female,Las Vegas,2024-06-06,136.8
5469,Maya Walker 2,44,Female,Houston,2025-11-26,65.0
5470,Olivia Rivera,40,Female,Jacksonville,2025-10-16,2920.55
5471,Aurora Flores,28,Female,Dallas,2023-05-25,927.25
5472,Brooklyn Wright,44,Female,Houston,2025-05-27,265.0
5473,Logan Morris,20,Male,Atlanta,2025-04-23,519.5
5474,Ivy Ramos,37,Female,Atlanta,2025-07-15,2754.7
5475,Hunter Turner,29,Male,San Diego,2025-07-11,360.0
5476,Layla Richardson,37,Female,Boston,2025-11-21,422.0
5477,Alice Carter,37,Female,Atlanta,2024-09-05,108.0
5478,Hunter Morales,41,Male,Dallas,2024-10-15,1442.1
5479,Alice Wilson 2,24,Female,San Diego,2024-12-21,139.0
5480,Chloe Richardson 2,26,Female,Las Vegas,2025-01-31,1306.25
5481,Samantha Hill,28,Female,San Diego,2023-04-24,45.0
5482,Caleb Evans 5,31,Male,Charlotte,2026-05-08,30.0
5483,Layla Wright,36,Female,Philadelphia,2023-09-24,1520.95
5484,Naomi Hall 2,59,Female,San Diego,2024-09-02,152.4
5485,Charlie Ramos,45,Male,San Antonio,2024-01-17,386.0
5486,Hannah Morgan,34,Female,San Jose,2023-03-29,6109.3
5487,Isabella Richardson,18,Female,Seattle,2024-12-09,48.0
5488,Layla Lopez,21,Female,Austin,2023-06-07,2062.0
5489,Ivy Rodriguez 2,18,Female,Detroit,2025-07-20,170.0
5490,Natalie Taylor,40,Female,Fort Worth,2024-01-31,1080.6
5491,Daniel Lewis,35,Male,Atlanta,2025-01-08,839.0
5492,Adrian Moore 2,18,Male,San Antonio,2025-08-07,368.0
5493,Isabella Parker,60,Female,Fort Worth,2025-09-02,243.0
5494,Thomas Murphy,27,Male,New York,2024-03-17,180.5
5495,Addison Davis 2,29,Female,Detroit,2024-03-15,1046.4
5496,Genesis Jackson,42,Female,Orlando,2024-10-11,319.0
5497,Alice Flores 2,31,Female,Portland,2024-11-24,279.0
5498,Wyatt Mitchell 2,34,Male,Columbus,2025-07-10,171.0
5499,Alice Edwards 3,50,Female,San Antonio,2024-07-25,238.12
5500,Lincoln Campbell 2,38,Male,Fort Worth,2026-03-07,138.0
5501,Ryan Wright,31,Male,Austin,2026-01-25,22.5
5502,Leo Cox 2,45,Male,San Antonio,2023-10-20,1273.5
5503,Isaiah Ramos 3,43,Male,Orlando,2026-02-07,60.0
5504,Ryan Hernandez,19,Male,Denver,2024-05-16,1473.0
5505,Penelope Adams,29,Female,Phoenix,2023-06-14,749.0
5506,Aaron Edwards,18,Male,Atlanta,2023-03-23,1242.75
5507,Aurora Roberts,31,Female,Pittsburgh,2023-03-09,2813.13
5508,Nathan Hernandez 2,19,Male,Austin,2026-05-17,135.0
5509,Isaac Hall,31,Male,Charlotte,2023-01-23,1759.33
5510,Zoe Jackson,27,Female,Denver,2026-03-21,255.5
5511,Ethan Rogers,39,Male,Fort Worth,2024-03-30,3912.55
5512,Maverick Gutierrez,31,Male,Denver,2024-09-21,1711.75
5513,Luke Martin 2,18,Male,Portland,2024-11-21,1666.25
5514,Victoria Bailey,38,Female,Fort Worth,2025-04-01,380.0
5515,Ivy Hernandez,31,Female,Jacksonville,2025-01-20,646.2
5516,Ruby Ramos,19,Female,Dallas,2026-06-23,35.0
5517,Layla Ortiz,31,Female,Fort Worth,2025-07-21,2007.25
5518,Hazel Johnson,52,Female,Charlotte,2026-04-15,90.0
5519,Anna Taylor,28,Female,Chicago,2023-10-31,523.75
5520,Scarlett Johnson,31,Female,Cleveland,2023-07-05,6698.27
5521,Sarah Gutierrez,18,Female,Fort Worth,2025-03-23,185.4
5522,Willow Rogers,34,Female,Philadelphia,2026-07-04,27.0
5523,Allison Torres,24,Female,Tampa,2023-02-11,818.35
5524,Nathan Cooper,32,Male,Los Angeles,2025-04-02,220.0
5525,Kennedy Roberts 2,47,Female,Baltimore,2025-04-27,318.0
5526,Mia Ortiz,53,Female,San Jose,2025-08-10,21.6
5527,Aria Clark 2,36,Female,Minneapolis,2026-05-18,49.5
5528,Penelope Morales,33,Female,Charlotte,2026-01-26,208.0
5529,Violet Diaz,26,Female,Phoenix,2024-04-29,1046.05
5530,Julian Diaz,58,Male,Miami,2023-02-08,615.2
5531,Olivia Bailey,48,Female,Baltimore,2025-09-21,911.25
5532,Mia Lewis 2,36,Female,Nashville,2023-11-19,1138.25
5533,Dylan Martinez 2,18,Male,Orlando,2025-08-12,22.5
5534,Eli Cook,36,Male,Phoenix,2023-06-09,1511.25
5535,Henry Ramirez 2,24,Male,Pittsburgh,2025-11-10,217.0
5536,Ellie Campbell,32,Female,Miami,2025-06-05,1028.85
5537,Julia Williams 2,28,Female,Dallas,2025-08-28,2007.6
5538,Eli Hall,28,Male,Boston,2025-11-22,650.0
5539,Allison Johnson 2,31,Female,Tampa,2023-12-09,1059.0
5540,Nathan Walker,49,Male,Denver,2025-05-18,641.8
5541,Elias Jackson,35,Male,San Antonio,2023-06-13,5767.65
5542,Theodore Miller,32,Male,Charlotte,2023-11-11,1566.0
5543,Wyatt Nguyen 2,18,Male,Houston,2025-08-02,494.0
5544,Oliver Ortiz,18,Male,Pittsburgh,2026-01-31,24.0
5545,Thomas Perez,34,Male,Detroit,2023-10-08,2789.15
5546,Sophie Evans 2,28,Female,Dallas,2026-03-14,20.4
5547,Kennedy Perez,45,Female,New York,2024-02-27,303.0
5548,Jacob Reed,54,Male,Dallas,2025-11-18,675.5
5549,Kennedy Murphy 2,59,Female,San Antonio,2023-10-17,6466.95
5550,Asher Turner,52,Male,Las Vegas,2023-11-25,215.65
5551,Adrian Gonzalez 2,18,Male,Minneapolis,2026-06-29,65.0
5552,Lydia Lee,29,Female,Fort Worth,2023-04-03,900.0
5553,Caleb Hall,18,Male,Pittsburgh,2025-07-01,394.95
5554,Lily Young,27,Female,San Diego,2024-02-05,529.9
5555,Henry Reyes,40,Male,Philadelphia,2026-06-07,24.0
5556,Ava Garcia 2,35,Female,Columbus,2026-03-09,175.0
5557,Audrey Bailey,27,Female,Tampa,2025-07-24,1622.9
5558,Sarah Kim,21,Female,Portland,2023-06-02,1780.5
5559,John Rogers,18,Male,Cleveland,2023-05-02,2041.0
5560,Grayson Brooks,28,Male,Atlanta,2026-04-06,54.0
5561,Julia Martinez,30,Female,Nashville,2024-09-21,5432.38
5562,Julia Richardson,34,Female,Philadelphia,2025-11-21,307.5
5563,Ellie Gutierrez 2,22,Female,Baltimore,2023-10-14,595.5
5564,Eva Murphy,41,Female,Nashville,2024-12-10,1336.0
5565,Abigail Harris,32,Female,Baltimore,2023-12-17,350.0
5566,Harper Reed,31,Female,Phoenix,2025-09-29,1029.0
5567,Leo Bailey,23,Male,Denver,2025-06-11,2462.6
5568,Caleb Jones 2,18,Male,Pittsburgh,2025-08-21,320.5
5569,Maya Taylor,37,Female,Nashville,2023-11-23,127.0
5570,Asher Reed,52,Male,Dallas,2025-02-14,627.7
5571,Julian Edwards,30,Male,Miami,2025-11-08,75.0
5572,Kennedy Cook,34,Female,Columbus,2023-10-14,174.5
5573,Ryan Robinson,26,Male,Tampa,2025-01-13,431.0
5574,Hazel Wilson,43,Female,Las Vegas,2026-04-04,28.5
5575,Jackson Wilson,54,Male,Austin,2023-07-15,3058.15
5576,Maya Campbell 2,39,Female,Seattle,2023-03-05,590.25
5577,Jaxon Robinson,33,Male,Jacksonville,2026-01-14,49.5
5578,Grayson Ramirez,37,Male,Chicago,2023-02-24,156.2
5579,Sadie Davis,34,Female,Portland,2026-01-08,734.7
5580,Hunter Davis,18,Male,Charlotte,2023-10-27,1088.73
5581,Anna Peterson 2,23,Female,Baltimore,2026-02-04,391.5
5582,Sarah Peterson,28,Female,San Diego,2024-04-29,2778.6
5583,Ethan Chavez,31,Male,Seattle,2023-08-30,380.5
5584,Sebastian Jones 2,44,Male,Orlando,2026-07-03,99.0
5585,Thomas Cruz,41,Male,Phoenix,2026-03-20,99.2
5586,Wyatt Lewis 3,37,Male,San Antonio,2025-09-02,55.0
5587,Samuel Kim 2,32,Male,Pittsburgh,2025-05-27,1099.0
5588,Theodore Collins,27,Male,Boston,2023-10-13,244.5
5589,Jackson Garcia,28,Male,Miami,2024-04-01,4203.8
5590,Leo Perez 2,43,Male,Philadelphia,2025-02-11,176.0
5591,Brooklyn Carter,33,Female,Nashville,2023-07-18,123.25
5592,Ivy Jones,20,Female,San Jose,2026-05-17,322.5
5593,Ivy Morales,32,Female,Portland,2025-06-13,1613.35
5594,Grayson Nguyen,23,Male,Seattle,2026-05-24,450.0
5595,Emily Cruz,40,Female,Philadelphia,2023-01-16,566.0
5596,Evelyn Turner 2,34,Female,Orlando,2024-09-28,1337.0
5597,Landon Wilson,42,Male,Fort Worth,2024-02-25,1093.4
5598,Liam Cox,20,Male,Miami,2023-11-10,749.9
5599,Sarah Nguyen,19,Female,Phoenix,2024-06-28,2066.5
5600,Sebastian Young,24,Male,New York,2026-02-20,329.0
5601,Joseph Rivera,19,Male,Fort Worth,2026-02-07,70.0
5602,Levi Thomas,26,Male,Fort Worth,2025-01-11,1780.65
5603,Ella Ward,18,Female,New York,2026-07-04,90.0
5604,Penelope Evans 2,47,Female,Tampa,2025-03-23,448.0
5605,Noah Jackson,45,Male,San Diego,2026-04-03,180.0
5606,Emma Hernandez 3,46,Female,Charlotte,2025-01-28,1040.6
5607,Isaac Robinson,32,Male,Seattle,2025-08-21,3171.4
5608,Anthony Hernandez,32,Male,Dallas,2023-12-19,229.5
5609,Henry Torres,38,Male,Jacksonville,2023-12-09,1552.15
5610,Genesis Evans 2,52,Female,San Jose,2025-07-15,2391.5
5611,Brooklyn Davis,28,Female,San Antonio,2023-08-07,1026.45
5612,Willow Roberts,34,Female,Jacksonville,2025-11-26,1327.15
5613,Jack Harris,39,Male,Chicago,2025-07-18,734.0
5614,Emma Jones 2,27,Female,Tampa,2024-04-16,1324.57
5615,Isaac Nelson 2,37,Male,Atlanta,2023-04-20,705.15
5616,Jackson Scott,24,Male,Dallas,2026-05-26,162.0
5617,Aiden Murphy 2,20,Male,San Jose,2023-10-26,806.0
5618,Hazel Walker,30,Female,Dallas,2024-05-22,116.25
5619,Amelia Carter 2,36,Female,Chicago,2025-04-03,568.0
5620,Cora Cooper,28,Female,Austin,2025-10-28,873.5
5621,Grace Williams,31,Female,Portland,2023-11-21,214.75
5622,Evelyn Ortiz,45,Female,Tampa,2024-01-22,1538.3
5623,Olivia Rodriguez 2,25,Female,San Jose,2024-01-21,1909.75
5624,Amelia Nelson,35,Female,San Diego,2023-02-18,1103.75
5625,Naomi Diaz,37,Female,Boston,2023-03-11,1896.5
5626,Cora Wilson,21,Female,Portland,2024-01-07,2304.15
5627,Kinsley Flores,39,Female,Boston,2024-02-24,945.6
5628,Bob Martin,24,Male,Las Vegas,2026-03-24,230.5
5629,Isabella Carter 2,33,Female,Los Angeles,2025-01-03,2757.8
5630,Riley Davis,32,Female,Baltimore,2023-10-09,868.88
5631,Victoria Brown,39,Female,Houston,2026-05-20,75.0
5632,Lily Jones 2,40,Female,Houston,2025-08-16,481.25
5633,Aurora Adams,65,Female,Fort Worth,2025-10-12,695.0
5634,Violet Ramirez 2,37,Female,Phoenix,2025-09-11,423.25
5635,Grace Torres,37,Female,Phoenix,2024-06-26,269.88
5636,Hannah Davis,64,Female,New York,2024-12-01,1157.4
5637,Emma Hernandez 4,26,Female,Nashville,2023-05-05,566.0
5638,Leah White 2,32,Female,Houston,2025-09-09,498.75
5639,Jack Allen,39,Male,San Jose,2025-03-05,169.0
5640,Stella Flores,24,Female,Minneapolis,2023-08-16,823.0
5641,Anthony Collins 3,32,Male,Columbus,2024-07-11,1188.75
5642,Hannah Davis 2,47,Female,Jacksonville,2025-10-24,175.0
5643,Cora Morales,34,Female,Boston,2026-04-21,225.0
5644,Jacob White,50,Male,Jacksonville,2026-03-29,25.6
5645,Harper Baker,45,Female,Orlando,2026-07-08,36.0
5646,Mia Scott,32,Female,Philadelphia,2026-05-09,1107.0
5647,Violet Ortiz,29,Female,Seattle,2024-05-17,1608.5
5648,Jacob Robinson,36,Male,Miami,2024-04-11,1930.45
5649,Skylar Collins 2,43,Female,Atlanta,2026-06-09,155.5
5650,Leah Hall 2,28,Female,Miami,2023-11-20,1969.03
5651,John Moore 3,18,Male,Atlanta,2026-04-29,58.5
5652,Paisley Clark,23,Female,Fort Worth,2026-01-12,676.25
5653,Lily Flores 2,40,Female,Portland,2023-09-25,344.25
5654,John Clark,44,Male,San Diego,2025-09-30,467.25
5655,Stella Nguyen,33,Female,Nashville,2025-04-30,606.6
5656,Evelyn Evans,25,Female,Nashville,2024-12-07,113.8
5657,Hazel Watson,18,Female,Columbus,2026-05-04,31.5
5658,Natalie Gutierrez,29,Female,Tampa,2023-08-12,557.5
5659,Aria Morris,26,Female,Phoenix,2023-05-25,180.0
5660,Alice Thompson,34,Female,Houston,2026-02-22,114.0
5661,Kinsley Murphy 2,57,Female,Fort Worth,2026-05-13,51.0
5662,Jayden Ramirez,36,Male,San Jose,2024-06-19,2613.9
5663,Aria Cox 2,27,Female,Portland,2026-02-28,297.0
5664,Chloe Kim,36,Female,Fort Worth,2025-11-25,1321.9
5665,Sebastian Rivera,39,Male,Charlotte,2025-01-25,337.6
5666,Genesis Williams 2,20,Female,Dallas,2024-03-27,1199.2
5667,Amelia Thomas,48,Female,Nashville,2023-08-23,2213.05
5668,Caroline Reyes 2,24,Female,Las Vegas,2024-08-09,95.0
5669,Mateo Lewis,60,Male,Houston,2023-11-30,566.4
5670,Sofia Thomas,39,Female,Nashville,2026-01-19,240.0
5671,Thomas Kim,36,Male,Dallas,2024-02-21,372.5
5672,Kennedy Murphy 3,41,Female,Las Vegas,2025-01-25,1428.9
5673,Evelyn Nguyen,36,Female,Atlanta,2023-11-11,833.4
5674,Isabella Edwards,25,Female,Chicago,2025-02-03,2503.4
5675,Adrian Bailey,48,Male,Miami,2023-08-16,2122.15
5676,Lincoln Lopez 3,31,Male,San Jose,2024-09-03,725.95
5677,Jonathan Perez 2,18,Male,Columbus,2024-08-24,1896.68
5678,Jonathan Taylor 2,30,Male,Los Angeles,2025-09-28,771.0
5679,Oliver Brooks,50,Male,Minneapolis,2025-02-27,819.0
5680,Lydia Baker 2,55,Female,Phoenix,2023-06-03,1931.25
5681,Jackson Adams 2,29,Male,Las Vegas,2023-08-29,164.0
5682,Evelyn Ramirez 2,20,Female,Chicago,2025-06-08,25.0
5683,Sadie Wilson,35,Female,Cleveland,2026-05-01,342.0
5684,Evelyn Kim,28,Female,Orlando,2026-05-27,19.12
5685,Grace Flores 2,63,Female,Denver,2025-12-18,25.5
5686,Leo Gonzalez,34,Male,Orlando,2023-03-19,325.0
5687,Hunter Chavez,18,Male,Minneapolis,2023-03-28,288.25
5688,Jackson Edwards,35,Male,Seattle,2025-09-05,67.5
5689,Kinsley Sanchez,35,Female,Pittsburgh,2025-02-21,48.0
5690,Ethan Watson 2,29,Male,Fort Worth,2025-12-11,1173.0
5691,Skylar Thompson 2,20,Female,Chicago,2023-04-05,731.75
5692,James Baker,52,Male,Detroit,2023-02-11,3559.7
5693,Jeremiah Harris 2,33,Male,Philadelphia,2025-06-25,1139.25
5694,Levi Rogers,44,Male,New York,2026-05-07,82.0
5695,Addison Nguyen 2,45,Female,Boston,2026-03-16,703.0
5696,Anthony Torres 2,29,Male,Jacksonville,2026-05-20,294.5
5697,Skylar Gutierrez,34,Female,Jacksonville,2026-06-10,96.0
5698,Madison Edwards,37,Female,Pittsburgh,2026-06-03,228.5
5699,Addison Mitchell,54,Female,Charlotte,2025-04-06,416.0
5700,James Stewart,60,Male,Minneapolis,2023-08-18,1285.5
5701,Aiden Mitchell 2,36,Male,Los Angeles,2023-08-07,1571.62
5702,Claire Thomas,34,Female,Orlando,2024-07-11,744.2
5703,Kennedy Harris,18,Female,Houston,2024-03-09,1317.75
5704,Bob Diaz,32,Male,Las Vegas,2025-11-03,167.5
5705,Evelyn Cook,27,Female,Denver,2023-03-31,604.0
5706,Henry Rivera,35,Male,Phoenix,2025-12-12,214.5
5707,Chloe Harris,42,Female,Austin,2023-04-07,2842.25
5708,Luke Sanchez,34,Male,Detroit,2025-11-08,83.65
5709,Alice Scott,22,Female,Tampa,2024-02-06,674.3
5710,Lucy Anderson,29,Female,Jacksonville,2026-06-01,213.25
5711,Caleb Adams 2,57,Male,Philadelphia,2024-06-13,828.35
5712,Luke Cox,25,Male,Tampa,2024-03-30,903.25
5713,Sebastian Taylor,25,Male,Los Angeles,2026-06-01,29.75
5714,Leo Cooper,43,Male,Boston,2023-03-24,1172.35
5715,Isabella Jones,28,Female,Austin,2024-10-28,225.25
5716,Isabella Watson,55,Female,Tampa,2024-02-23,156.6
5717,Elias Wilson,22,Male,Charlotte,2025-03-11,1743.0
5718,Scarlett Reed,36,Female,Denver,2023-03-01,2428.3
5719,Jonathan Watson 3,34,Male,Pittsburgh,2023-08-08,2045.08
5720,Charles Jones,21,Male,Boston,2025-02-11,2926.75
5721,Henry Martin 4,18,Male,Charlotte,2024-03-29,1471.7
5722,Hazel Turner,18,Female,Orlando,2024-07-24,1213.0
5723,Layla Rivera,26,Female,Minneapolis,2026-03-01,358.9
5724,Claire Harris,28,Female,Orlando,2026-01-30,235.6
5725,Allison Howard,29,Female,Detroit,2025-12-31,238.2
5726,Joseph Williams,38,Male,Fort Worth,2026-01-25,175.5
5727,Cora Young,18,Female,Chicago,2024-02-22,4909.75
5728,Chloe Collins 2,50,Female,Columbus,2026-05-27,45.0
5729,Oliver Flores,38,Male,New York,2025-10-03,125.0
5730,Riley Murphy,39,Female,Philadelphia,2025-11-14,327.5
5731,Hunter Evans,35,Male,Pittsburgh,2023-06-24,473.2
5732,Diana Peterson 2,21,Female,Atlanta,2023-04-23,2424.12
5733,Aurora White,34,Female,Charlotte,2023-10-15,638.0
5734,Ethan Thomas,25,Male,Baltimore,2025-05-10,812.38
5735,Abigail Nelson,28,Female,Pittsburgh,2025-04-20,593.15
5736,Hannah Rogers 2,61,Female,Philadelphia,2025-06-05,185.25
5737,Lucy Reyes,37,Female,Detroit,2024-06-29,3969.15
5738,Jaxon Ward 2,49,Male,San Diego,2023-04-21,4105.5
5739,Logan Peterson,31,Male,New York,2024-11-30,74.8
5740,Lucas Richardson 2,36,Male,Cleveland,2025-01-07,94.4
5741,Gabriel Gonzalez,32,Male,Phoenix,2024-10-25,1074.2
5742,Charlie Flores,40,Male,Pittsburgh,2023-09-19,617.0
5743,Landon Taylor,39,Male,Detroit,2025-02-22,725.7
5744,Alice Evans,44,Female,Jacksonville,2023-03-23,2658.6
5745,Jackson Taylor,24,Male,Minneapolis,2025-10-26,190.0
5746,Samuel Johnson,33,Male,Houston,2023-02-08,979.65
5747,Liam Anderson,37,Male,Seattle,2025-12-02,537.6
5748,James Richardson,48,Male,New York,2023-02-14,1987.85
5749,Madison Edwards 2,39,Female,Miami,2023-04-02,2933.9
5750,Isaiah Rogers,25,Male,Jacksonville,2024-02-13,586.25
5751,Ethan Johnson,18,Male,San Diego,2025-10-21,2848.5
5752,Eleanor Lewis 2,18,Female,Fort Worth,2023-05-19,1865.0
5753,Leo Morris,42,Male,San Jose,2025-09-21,1096.0
5754,Skylar Allen,38,Female,Houston,2026-02-28,27.0
5755,Nolan Campbell 2,55,Male,Las Vegas,2023-12-08,401.85
5756,Piper Cruz,21,Female,Austin,2026-01-14,1499.95
5757,Hannah Morales,36,Female,Nashville,2026-02-14,70.0
5758,Harper Nelson,35,Female,Las Vegas,2024-09-11,622.0
5759,Ava Lee,43,Female,Boston,2023-02-20,86.0
5760,David Jones 2,42,Male,Portland,2026-03-27,413.0
5761,Victoria Allen 2,20,Female,Nashville,2023-04-30,216.0
5762,Grace Roberts 2,35,Female,San Jose,2025-09-09,114.0
5763,Jacob Parker,52,Male,Detroit,2023-10-07,318.25
5764,Eva Miller,44,Female,Charlotte,2024-02-16,460.0
5765,Aaron Allen,39,Male,San Diego,2025-09-23,48.0
5766,Oliver Ramirez 2,30,Male,Detroit,2023-09-05,2034.63
5767,Julian Roberts,52,Male,Boston,2025-01-27,1443.62
5768,William Cook 2,30,Male,Las Vegas,2025-01-22,1615.92
5769,Madison Howard 2,53,Female,Phoenix,2024-06-23,159.4
5770,Evelyn Torres,18,Female,Fort Worth,2024-08-15,777.85
5771,Jack Cruz 2,18,Male,San Diego,2025-01-07,1418.25
5772,Jacob Martinez,40,Male,Dallas,2025-08-21,923.6
5773,Eleanor Robinson,18,Female,Las Vegas,2026-05-17,48.0
5774,Ivy Watson 2,35,Female,Denver,2025-06-28,290.0
5775,Paisley Cox,39,Female,Miami,2024-12-22,2212.4
5776,Ella Brown,20,Female,Austin,2023-12-14,1461.45
5777,Caroline Kim,27,Female,Austin,2023-11-13,143.75
5778,Theodore Davis,46,Male,Minneapolis,2026-02-18,340.0
5779,Kennedy Rogers,32,Female,Detroit,2024-06-01,1046.35
5780,Stella King,18,Female,Phoenix,2025-03-16,442.0
5781,Emily Flores,33,Female,Phoenix,2026-02-28,224.5
5782,Sebastian Rogers,34,Male,Miami,2026-06-30,29.75
5783,Isaiah Johnson,19,Male,Baltimore,2023-07-17,885.0
5784,Jacob Thomas,34,Male,Portland,2025-04-02,2085.5
5785,Sofia Ramirez 2,40,Female,Boston,2023-12-06,518.0
5786,Nolan Martin 2,40,Male,Portland,2025-01-15,260.0
5787,Theodore Rodriguez,33,Male,Pittsburgh,2026-01-06,200.25
5788,Samantha Collins,37,Female,Portland,2023-04-30,2241.2
5789,Grace Morgan,39,Female,Tampa,2024-07-10,2783.65
5790,Charlie Davis 2,36,Male,Denver,2026-01-20,465.5
5791,Audrey Moore 3,47,Female,San Antonio,2025-03-04,95.5
5792,Jackson Cruz,30,Male,Fort Worth,2025-12-23,383.5
5793,Julia Thompson,23,Female,Atlanta,2026-01-02,436.45
5794,Isaiah Ramirez,26,Male,Portland,2026-04-12,61.75
5795,Gabriel Nguyen,32,Male,Jacksonville,2026-04-27,146.0
5796,Mason Howard,32,Male,Baltimore,2024-09-08,1253.45
5797,Savannah Brooks,55,Female,Jacksonville,2026-04-21,331.2
5798,Alice Hernandez,20,Female,Fort Worth,2023-07-10,1801.6
5799,Eleanor Cooper,25,Female,Los Angeles,2026-05-07,387.5
5800,Ivy Ortiz 2,23,Female,Atlanta,2026-02-12,255.0
5801,Aurora Martinez,34,Female,Fort Worth,2023-02-16,4251.2
5802,Owen Hernandez,44,Male,San Antonio,2026-03-31,391.5
5803,Abigail Torres 2,30,Female,Denver,2025-02-03,228.0
5804,Emma Brooks,42,Female,Fort Worth,2024-10-29,518.7
5805,Penelope Roberts 2,40,Female,Dallas,2023-03-14,2857.85
5806,Maya Lee 2,23,Female,Las Vegas,2026-03-05,195.2
5807,Ivy Kelly 2,30,Female,Houston,2025-01-24,1297.0
5808,Ivy Cruz 3,22,Female,Columbus,2025-09-10,837.3
5809,Alice Phillips,32,Female,San Antonio,2025-10-21,1082.1
5810,Mia Morales 2,26,Female,Baltimore,2026-01-19,1426.0
5811,Naomi Ramirez,31,Female,Jacksonville,2025-03-06,2065.5
5812,Maya Lee 3,30,Female,San Diego,2025-02-27,1734.4
5813,Theo Cox,31,Male,Las Vegas,2025-09-04,135.0
5814,Ruby Murphy 2,44,Female,Las Vegas,2023-02-07,86.25
5815,Audrey Cruz,34,Female,Baltimore,2025-08-19,589.28
5816,Bob Lee,33,Male,Philadelphia,2025-05-09,375.0
5817,Leo White,18,Male,San Diego,2025-06-09,1642.0
5818,Mia Carter 3,22,Female,Philadelphia,2026-01-13,219.0
5819,Sophie Carter,35,Female,Boston,2025-07-09,1357.45
5820,Riley Johnson 2,33,Female,Seattle,2025-10-11,112.25
5821,Diana Stewart 2,48,Female,Seattle,2025-02-09,273.5
5822,Wyatt Stewart,18,Male,Houston,2026-06-10,168.0
5823,Lydia Hill,32,Female,Pittsburgh,2023-03-24,523.8
5824,Alice Richardson 2,18,Female,Chicago,2023-09-07,649.0
5825,Olivia Martin,39,Female,Seattle,2025-03-23,828.0
5826,Olivia Rivera 2,49,Female,Orlando,2025-08-18,324.0
5827,David Morales,49,Male,Columbus,2023-12-10,818.5
5828,Jaxon Kim 2,26,Male,Fort Worth,2025-08-12,460.0
5829,Allison Rivera 2,25,Female,Detroit,2025-06-22,160.0
5830,Jaxon Roberts,36,Male,San Jose,2025-02-17,725.0
5831,Charlie Brown 2,44,Male,San Jose,2025-05-28,772.0
5832,Jaxon Roberts 2,51,Male,Minneapolis,2025-05-26,371.5
5833,Aria Harris,41,Female,Detroit,2023-03-03,705.75
5834,Leo Brown,37,Male,Las Vegas,2025-03-28,112.25
5835,Olivia Thomas,30,Female,Austin,2024-03-10,4731.8
5836,Evelyn Miller,31,Female,Pittsburgh,2024-01-27,1456.25
5837,Diana Jones 2,25,Female,San Antonio,2024-11-26,985.7
5838,Hunter Morris,45,Male,Baltimore,2025-11-02,427.8
5839,Hunter Ramirez 2,26,Male,Seattle,2023-06-18,329.75
5840,Gabriel Harris 2,33,Male,Seattle,2023-11-15,2247.45
5841,Caleb King,27,Male,Portland,2026-06-22,81.6
5842,Skylar Young,18,Female,San Antonio,2024-08-06,1510.25
5843,Piper Jackson,21,Female,Phoenix,2025-06-26,153.7
5844,Naomi Baker,48,Female,Cleveland,2024-05-02,105.0
5845,Piper Moore 2,56,Female,Las Vegas,2023-02-04,1274.8
5846,Charlie Bailey,38,Male,San Jose,2024-09-05,191.0
5847,Asher Brown 2,24,Male,San Antonio,2023-11-25,883.0
5848,Carter Thomas,30,Male,Atlanta,2025-12-07,48.0
5849,Aria Young,29,Female,Detroit,2023-08-27,973.75
5850,Christian Clark,27,Male,Los Angeles,2024-10-16,99.0
5851,Maya Cox,30,Female,Charlotte,2024-03-27,260.0
5852,Alice Green 2,31,Female,Los Angeles,2025-09-19,480.5
5853,Leah Baker 3,22,Female,Detroit,2025-03-23,635.0
5854,Anthony Davis 2,53,Male,Pittsburgh,2025-02-14,1323.15
5855,Natalie Collins 2,35,Female,Boston,2024-10-15,940.8
5856,Charlie Ortiz,23,Male,Phoenix,2024-10-09,738.4
5857,Joseph Morgan,43,Male,Minneapolis,2024-04-13,120.0
5858,Aurora Stewart,23,Female,Pittsburgh,2026-04-24,225.0
5859,Oliver Gonzalez,26,Male,Minneapolis,2023-07-19,1896.55
5860,Bob Watson,31,Male,Detroit,2026-05-29,27.0
5861,Lydia Hill 2,29,Female,San Jose,2024-10-21,4498.35
5862,Kinsley Richardson,31,Female,Atlanta,2024-06-30,834.75
5863,Leo Jones,38,Male,Miami,2024-10-29,1147.55
5864,Julian Rogers,23,Male,Phoenix,2026-04-22,216.0
5865,Grayson Lewis,18,Male,Las Vegas,2025-02-18,294.5
5866,Harper Evans,27,Female,Philadelphia,2026-02-28,55.0
5867,Samantha White 2,23,Female,Orlando,2025-01-07,351.5
5868,Bob Howard,38,Male,Portland,2025-01-16,1719.0
5869,Anna Nelson 3,23,Female,Miami,2023-11-04,424.25
5870,Gabriel Johnson,21,Male,San Diego,2025-10-22,262.0
5871,Jayden Peterson,24,Male,Phoenix,2023-07-06,582.0
5872,Piper Roberts,25,Female,San Antonio,2023-11-03,360.95
5873,Jacob Peterson,49,Male,Pittsburgh,2023-01-30,832.38
5874,Maya Anderson,41,Female,Austin,2026-02-27,58.0
5875,Riley Ramos 2,18,Female,Jacksonville,2024-03-28,1973.5
5876,Samuel Gonzalez 2,19,Male,Portland,2025-07-20,1120.0
5877,Luna Cooper,22,Female,New York,2024-09-12,510.0
5878,Levi Wright,18,Male,Philadelphia,2024-01-25,3448.95
5879,Sarah Kelly,18,Female,Portland,2025-08-23,150.0
5880,Eva Martin,18,Female,Houston,2024-07-30,3395.1
5881,Theodore Hall,18,Male,Los Angeles,2024-09-20,252.75
5882,Nora Ramos,33,Female,Las Vegas,2024-08-06,389.5
5883,Samuel Lee,40,Male,San Antonio,2024-12-20,615.0
5884,Dylan Kelly,24,Male,Los Angeles,2023-04-14,1304.3
5885,Piper Clark,33,Female,Fort Worth,2023-03-28,1624.45
5886,Joseph Jackson,40,Male,Charlotte,2024-03-19,313.5
5887,Alice Nguyen,23,Female,Miami,2026-01-05,20.0
5888,Claire Green 2,54,Female,Detroit,2025-12-15,48.0
5889,Caroline Rogers,21,Female,San Antonio,2024-02-02,150.0
5890,Genesis King,30,Female,Austin,2025-02-05,546.12
5891,Mason Roberts 2,50,Male,Columbus,2026-05-09,484.25
5892,Julia Clark,31,Female,Denver,2026-04-24,110.0
5893,Paisley Kelly,43,Female,Boston,2025-02-12,59.5
5894,Dylan Perez 2,30,Male,San Antonio,2026-03-30,180.0
5895,Anna Flores,49,Female,Charlotte,2025-02-22,1051.75
5896,Ivy Morales 2,36,Female,Detroit,2023-10-12,1396.25
5897,Zoe Diaz 2,38,Female,Dallas,2025-11-10,600.5
5898,Allison Ward,54,Female,Los Angeles,2026-04-20,64.12
5899,Luna Adams,31,Female,Boston,2025-05-24,3067.0
5900,Ruby Thompson 2,19,Female,Charlotte,2024-07-16,2168.25
5901,Hannah Richardson,30,Female,Pittsburgh,2025-10-13,77.5
5902,Adrian Martin,22,Male,Dallas,2025-10-28,1107.25
5903,Jonathan Rivera,48,Male,New York,2026-06-21,63.75
5904,Grace Baker 2,34,Female,Jacksonville,2025-05-16,1107.9
5905,Scarlett Johnson 2,18,Female,Houston,2023-07-17,1037.4
5906,Madison Walker 2,18,Female,Charlotte,2024-11-30,531.5
5907,Aaron Walker,18,Male,Austin,2026-02-08,110.5
5908,Evelyn Thomas,19,Female,Nashville,2023-12-31,455.25
5909,Nora Turner 2,36,Female,Columbus,2026-05-02,254.5
5910,Asher Harris 2,28,Male,Miami,2025-05-11,1790.65
5911,Addison Rogers,31,Female,San Jose,2023-04-27,237.25
5912,Amelia Wright,24,Female,Los Angeles,2025-07-13,879.0
5913,Caleb Chavez,44,Male,Cleveland,2023-05-18,275.0
5914,Samuel Campbell,40,Male,Miami,2024-01-14,252.5
5915,Maya Parker,40,Female,San Antonio,2023-04-24,2212.8
5916,Aurora Phillips,24,Female,Baltimore,2024-04-08,1027.0
5917,Penelope Morales 2,30,Female,Philadelphia,2025-07-07,35.0
5918,Michael Wilson 2,18,Male,Denver,2023-08-29,270.0
5919,Ella Ortiz,32,Female,Detroit,2025-12-09,1997.0
5920,Joseph Ramos 2,35,Male,Columbus,2023-12-02,579.0
5921,Hazel Brooks 2,22,Female,Los Angeles,2026-06-10,65.0
5922,Maya Baker,39,Female,Boston,2026-03-24,570.0
5923,Scarlett Parker,39,Female,Minneapolis,2025-12-23,600.25
5924,Leah Cooper,37,Female,Los Angeles,2025-09-19,591.0
5925,Eleanor Gonzalez 2,43,Female,Orlando,2025-12-06,189.0
5926,Genesis Mitchell,37,Female,Boston,2024-01-12,456.75
5927,Hazel Anderson 2,27,Female,Fort Worth,2023-03-26,5897.0
5928,Mia Thomas,42,Female,New York,2025-04-03,270.0
5929,Dylan Wright,38,Male,San Jose,2023-03-01,1852.5
5930,Lucy Robinson,28,Female,Los Angeles,2024-10-11,564.5
5931,Hunter Perez 2,18,Male,Houston,2025-10-25,205.0
5932,Caroline Martin 2,35,Female,Las Vegas,2024-11-08,214.6
5933,Gabriel Moore 2,31,Male,Charlotte,2026-02-28,281.4
5934,Zoe Ortiz,37,Female,Las Vegas,2023-08-30,673.6
5935,Maverick Davis 2,36,Male,Houston,2025-08-22,255.4
5936,Daniel Evans 2,28,Male,Austin,2024-10-02,307.5
5937,Cora Edwards,39,Female,Denver,2024-11-07,1892.6
5938,Carter Johnson,35,Male,Baltimore,2025-04-03,4054.2
5939,Anthony Lopez,33,Male,New York,2025-01-18,64.0
5940,Levi Johnson,43,Male,Atlanta,2023-12-25,1331.45
5941,Daniel Kelly,47,Male,San Jose,2025-11-12,24.0
5942,Eli Rodriguez,22,Male,Fort Worth,2023-07-02,2256.65
5943,Anna Davis 2,31,Female,Atlanta,2024-03-05,3888.25
5944,Mason Diaz 2,48,Male,Jacksonville,2025-08-01,240.0
5945,Mia Peterson,37,Female,Houston,2024-12-06,255.0
5946,Violet Reed,20,Female,Chicago,2025-07-23,1706.3
5947,Penelope Wilson,46,Female,Philadelphia,2023-06-13,1444.9
5948,Evelyn Young,39,Female,Jacksonville,2025-09-30,175.0
5949,Levi Garcia,32,Male,Minneapolis,2026-02-01,600.0
5950,Luke Taylor 2,29,Male,San Diego,2025-11-28,81.0
5951,Diana Young,27,Female,Miami,2025-12-23,810.0
5952,Violet Roberts,19,Female,Denver,2025-08-06,1052.75
5953,Ethan Cook,43,Male,Chicago,2025-01-07,87.2
5954,Evelyn Davis,36,Female,Charlotte,2026-05-19,30.0
5955,Hazel Scott,49,Female,Boston,2026-04-23,50.0
5956,Logan Anderson,36,Male,Denver,2023-09-16,1639.5
5957,Emily Kim,36,Female,Dallas,2025-11-18,362.25
5958,John Richardson 2,25,Male,Jacksonville,2025-11-15,84.0
5959,Emily Ward,44,Female,Atlanta,2023-08-31,2025.02
5960,Henry Gutierrez,39,Male,Baltimore,2026-02-08,24.0
5961,Willow Turner,35,Female,Minneapolis,2024-02-14,4239.0
5962,Natalie Jones,23,Female,Charlotte,2025-08-25,155.4
5963,Ivy Murphy 2,51,Female,San Antonio,2026-03-25,647.0
5964,Jonathan Nguyen,39,Male,San Jose,2026-06-17,51.0
5965,Anna Roberts,33,Female,Las Vegas,2023-08-29,84.5
5966,Cora Parker,33,Female,Philadelphia,2025-12-28,1788.9
5967,William Carter,42,Male,Boston,2023-10-14,1774.5
5968,Jackson Parker 2,41,Male,Dallas,2023-01-29,964.75
5969,Brooklyn Peterson 2,21,Female,New York,2025-06-12,1187.38
5970,Leah Johnson,33,Female,Seattle,2023-10-30,1081.0
5971,Adrian Walker 2,44,Male,Nashville,2025-02-11,230.7
5972,Maverick Martin 2,18,Male,Detroit,2026-01-11,281.75
5973,Nora Murphy,26,Female,Los Angeles,2025-06-09,2542.62
5974,Liam Roberts 2,28,Male,Nashville,2025-12-29,350.0
5975,Sarah Thompson,20,Female,New York,2023-04-08,45.0
5976,Emily Reyes 2,35,Female,Fort Worth,2026-02-22,129.6
5977,Hunter Murphy,19,Male,Atlanta,2023-09-10,185.0
5978,Aurora Ramos 2,21,Female,Detroit,2025-03-28,311.25
5979,Ava Adams,38,Female,Dallas,2024-04-21,1933.88
5980,John Baker,37,Male,Atlanta,2025-05-20,615.5
5981,Naomi Anderson 2,38,Female,San Antonio,2026-05-06,177.0
5982,Jaxon Adams,34,Male,Columbus,2025-02-24,985.4
5983,Evelyn Thompson 2,27,Female,Orlando,2026-06-28,164.5
5984,Kennedy Anderson,41,Female,Columbus,2025-04-12,919.0
5985,Lydia Hernandez 2,39,Female,Miami,2024-04-06,311.3
5986,Theo Kim,54,Male,Philadelphia,2023-10-24,1387.27
5987,Henry Ramirez 3,63,Male,Jacksonville,2024-07-23,6024.15
5988,Nora Thomas,49,Female,Miami,2026-03-12,385.0
5989,Ella Young 2,25,Female,Los Angeles,2023-12-08,313.3
5990,Noah Green,32,Male,San Diego,2026-04-01,100.8
5991,Zoe Ward 2,24,Female,San Diego,2025-04-05,27.2
5992,Kennedy Young 2,33,Female,Boston,2026-05-21,23.8
5993,Henry Lee,32,Male,Phoenix,2025-03-23,1941.4
5994,Layla Hall,19,Female,Chicago,2024-03-21,2813.3
5995,Isaiah Harris,50,Male,Cleveland,2024-04-28,70.0
5996,Michael Rogers 2,41,Male,Cleveland,2026-05-10,280.0
5997,Caleb Harris,50,Male,Fort Worth,2025-06-25,86.5
5998,Savannah Campbell,37,Female,Atlanta,2024-03-29,1913.6
5999,Michael Adams,34,Male,San Diego,2023-07-01,355.5
6000,Alice Ward,37,Female,Austin,2025-12-13,595.4
