Customer_ID,Age,Total_Spent,nb_purchases,recency,avg_basket,cat_Accessories,cat_Clothing,cat_Footwear,cat_Outerwear,Channel,cluster_kmeans,cluster_hc
2315,54,909.13,10,69,90.913,0.3,0.6,0.1,0.0,0,5,0
2121,19,2194.5,19,46,115.5,0.3157894736842105,0.2631578947368421,0.3684210526315789,0.05263157894736842,0,4,0
5549,59,6466.95,77,7,83.98636363636363,0.15584415584415584,0.5064935064935064,0.2597402597402597,0.07792207792207792,1,4,3
4055,29,720.45,11,115,65.49545454545455,0.2727272727272727,0.36363636363636365,0.2727272727272727,0.09090909090909091,0,5,0
2027,44,208.4,4,17,52.1,0.5,0.25,0.25,0.0,0,0,0
3757,40,708.35,8,49,88.54375,0.125,0.5,0.125,0.25,0,5,0
5404,29,2407.85,20,22,120.3925,0.3,0.45,0.2,0.05,0,4,0
4492,18,2183.95,26,15,83.99807692307692,0.23076923076923078,0.4230769230769231,0.34615384615384615,0.0,0,4,0
2420,34,2001.0,14,4,142.92857142857142,0.35714285714285715,0.5,0.0,0.14285714285714285,1,2,4
5648,36,1930.45,21,65,91.92619047619048,0.14285714285714285,0.5714285714285714,0.2857142857142857,0.0,0,5,0
2633,24,202.0,3,678,67.33333333333333,0.3333333333333333,0.0,0.6666666666666666,0.0,1,1,2
2901,26,7335.05,73,3,100.48013698630137,0.2328767123287671,0.4931506849315068,0.1643835616438356,0.1095890410958904,0,4,3
3604,48,659.62,8,28,82.4525,0.25,0.625,0.125,0.0,1,2,1
4726,31,1810.8,17,6,106.51764705882353,0.17647058823529413,0.4117647058823529,0.35294117647058826,0.058823529411764705,1,2,4
5143,31,300.5,4,65,75.125,0.0,0.75,0.0,0.25,0,5,0
3047,18,2918.4,28,24,104.22857142857143,0.14285714285714285,0.5,0.25,0.10714285714285714,1,4,4
4535,18,415.0,5,42,83.0,0.0,1.0,0.0,0.0,0,5,1
2692,22,5566.0,58,5,95.96551724137932,0.2413793103448276,0.5,0.1724137931034483,0.08620689655172414,0,4,3
5878,18,3448.95,42,12,82.11785714285713,0.35714285714285715,0.3333333333333333,0.21428571428571427,0.09523809523809523,1,4,3
3211,36,3547.37,36,9,98.53805555555556,0.19444444444444445,0.3888888888888889,0.3611111111111111,0.05555555555555555,0,4,0
5276,18,5647.3,69,6,81.84492753623189,0.2463768115942029,0.463768115942029,0.21739130434782608,0.07246376811594203,0,4,3
5190,42,3138.9,30,20,104.63000000000001,0.16666666666666666,0.5,0.13333333333333333,0.2,0,4,0
4029,30,1039.0,8,9,129.875,0.125,0.5,0.375,0.0,0,5,0
3466,31,602.75,7,376,86.10714285714286,0.0,0.42857142857142855,0.42857142857142855,0.14285714285714285,0,5,2
2540,25,1680.0,27,32,62.22222222222222,0.2222222222222222,0.4444444444444444,0.3333333333333333,0.0,1,2,4
3142,35,4822.5,58,7,83.14655172413794,0.1724137931034483,0.39655172413793105,0.27586206896551724,0.15517241379310345,0,4,3
5875,18,1973.5,22,11,89.70454545454545,0.2727272727272727,0.5454545454545454,0.09090909090909091,0.09090909090909091,0,4,0
5977,19,185.0,4,50,46.25,0.0,0.75,0.25,0.0,1,2,4
2265,29,6074.85,63,14,96.42619047619048,0.23809523809523808,0.4603174603174603,0.19047619047619047,0.1111111111111111,0,4,3
5292,40,431.25,4,220,107.8125,0.25,0.25,0.25,0.25,0,5,0
4894,24,3179.37,28,12,113.54892857142856,0.2857142857142857,0.39285714285714285,0.25,0.07142857142857142,0,4,0
2092,25,5341.9,58,6,92.10172413793103,0.25862068965517243,0.3793103448275862,0.29310344827586204,0.06896551724137931,0,4,3
4046,34,509.2,7,113,72.74285714285715,0.2857142857142857,0.42857142857142855,0.2857142857142857,0.0,0,5,0
3654,25,5132.77,54,25,95.0512962962963,0.24074074074074073,0.5370370370370371,0.18518518518518517,0.037037037037037035,1,4,3
2429,58,1941.45,26,4,74.67115384615384,0.38461538461538464,0.38461538461538464,0.23076923076923078,0.0,1,2,4
5597,42,1093.4,11,14,99.4,0.09090909090909091,0.5454545454545454,0.36363636363636365,0.0,0,5,0
5920,35,579.0,5,82,115.8,0.0,0.6,0.2,0.2,0,5,0
3510,18,1910.0,21,51,90.95238095238095,0.38095238095238093,0.38095238095238093,0.14285714285714285,0.09523809523809523,1,2,4
3364,31,2401.2,27,63,88.93333333333332,0.25925925925925924,0.4074074074074074,0.25925925925925924,0.07407407407407407,0,4,0
5269,32,2356.95,23,8,102.47608695652173,0.30434782608695654,0.43478260869565216,0.17391304347826086,0.08695652173913043,1,4,4
5075,31,4484.62,45,69,99.65822222222222,0.15555555555555556,0.5111111111111111,0.2,0.13333333333333333,1,4,3
2020,43,1578.15,24,41,65.75625000000001,0.2916666666666667,0.4166666666666667,0.25,0.041666666666666664,1,2,4
4481,49,2058.4,25,26,82.336,0.24,0.36,0.2,0.2,0,4,0
2957,50,654.2,8,68,81.775,0.5,0.375,0.125,0.0,0,5,0
2033,27,5049.2,55,11,91.80363636363636,0.3090909090909091,0.4727272727272727,0.14545454545454545,0.07272727272727272,1,4,3
2860,51,1191.15,17,132,70.06764705882354,0.11764705882352941,0.4117647058823529,0.35294117647058826,0.11764705882352941,0,5,0
4967,25,2179.85,21,27,103.80238095238094,0.3333333333333333,0.42857142857142855,0.09523809523809523,0.14285714285714285,0,4,0
5139,23,5186.35,59,13,87.9042372881356,0.3559322033898305,0.423728813559322,0.1016949152542373,0.11864406779661017,1,4,3
3314,19,1575.5,18,52,87.52777777777777,0.2222222222222222,0.5555555555555556,0.16666666666666666,0.05555555555555555,0,5,0
4360,18,1436.25,15,38,95.75,0.2,0.6,0.2,0.0,0,5,0
2954,24,2857.35,30,51,95.24499999999999,0.16666666666666666,0.43333333333333335,0.23333333333333334,0.16666666666666666,1,4,4
3943,36,5541.8,63,19,87.96507936507936,0.19047619047619047,0.5555555555555556,0.19047619047619047,0.06349206349206349,1,4,3
5392,21,2733.7,24,46,113.90416666666665,0.25,0.375,0.25,0.125,1,4,4
2598,36,826.08,10,166,82.60799999999999,0.4,0.4,0.2,0.0,0,5,0
3560,18,3231.93,31,18,104.2558064516129,0.22580645161290322,0.45161290322580644,0.2903225806451613,0.03225806451612903,0,4,0
3625,31,1857.15,22,11,84.4159090909091,0.2727272727272727,0.5,0.13636363636363635,0.09090909090909091,0,4,0
4582,49,5104.92,60,15,85.08200000000001,0.23333333333333334,0.5666666666666667,0.13333333333333333,0.06666666666666667,0,4,3
3830,30,1205.7,18,36,66.98333333333333,0.2222222222222222,0.3888888888888889,0.3888888888888889,0.0,1,2,4
3754,33,1810.0,15,21,120.66666666666667,0.06666666666666667,0.3333333333333333,0.3333333333333333,0.26666666666666666,0,5,0
3052,18,1511.6,21,10,71.98095238095237,0.23809523809523808,0.6190476190476191,0.09523809523809523,0.047619047619047616,0,5,0
5884,24,1304.3,12,56,108.69166666666666,0.16666666666666666,0.4166666666666667,0.3333333333333333,0.08333333333333333,1,2,4
4734,43,3865.7,46,10,84.03695652173913,0.21739130434782608,0.45652173913043476,0.17391304347826086,0.15217391304347827,1,4,3
3785,18,954.7,12,171,79.55833333333334,0.25,0.5,0.16666666666666666,0.08333333333333333,0,5,0
3536,45,391.85,7,91,55.978571428571435,0.2857142857142857,0.5714285714285714,0.0,0.14285714285714285,0,5,0
2796,60,2025.85,26,5,77.91730769230769,0.23076923076923078,0.46153846153846156,0.2692307692307692,0.038461538461538464,0,4,0
2282,23,5173.95,50,35,103.479,0.42,0.38,0.14,0.06,1,4,3
2098,26,1982.0,17,34,116.58823529411765,0.29411764705882354,0.4117647058823529,0.11764705882352941,0.17647058823529413,0,5,0
4985,41,511.5,8,37,63.9375,0.375,0.5,0.125,0.0,0,5,0
5961,35,4239.0,27,1,157.0,0.14814814814814814,0.4444444444444444,0.14814814814814814,0.25925925925925924,0,4,0
4914,35,1143.52,14,126,81.67999999999999,0.21428571428571427,0.5,0.21428571428571427,0.07142857142857142,0,5,0
4400,49,6442.83,67,0,96.16164179104477,0.31343283582089554,0.47761194029850745,0.11940298507462686,0.08955223880597014,0,4,3
3581,32,5910.95,72,5,82.09652777777778,0.20833333333333334,0.5972222222222222,0.08333333333333333,0.1111111111111111,0,4,3
3888,54,2070.25,20,6,103.5125,0.2,0.5,0.2,0.1,1,2,4
5943,31,3888.25,48,26,81.00520833333333,0.1875,0.4583333333333333,0.25,0.10416666666666667,1,4,3
5130,28,1368.95,17,34,80.5264705882353,0.47058823529411764,0.29411764705882354,0.17647058823529413,0.058823529411764705,0,5,0
5319,22,213.0,4,66,53.25,0.5,0.25,0.25,0.0,1,2,4
5947,46,1444.9,8,27,180.6125,0.25,0.625,0.0,0.125,1,2,1
2769,26,1119.9,10,170,111.99000000000001,0.2,0.6,0.2,0.0,1,2,4
3868,26,5665.1,62,2,91.37258064516129,0.20967741935483872,0.5161290322580645,0.1774193548387097,0.0967741935483871,1,4,3
4802,40,701.5,8,225,87.6875,0.125,0.5,0.25,0.125,0,5,0
3849,31,1108.85,16,12,69.303125,0.125,0.5,0.25,0.125,1,2,4
4335,35,1413.75,18,1,78.54166666666667,0.16666666666666666,0.5555555555555556,0.2222222222222222,0.05555555555555555,0,5,0
4262,33,603.0,9,27,67.0,0.1111111111111111,0.5555555555555556,0.1111111111111111,0.2222222222222222,1,2,4
5847,24,883.0,11,54,80.27272727272727,0.0,0.8181818181818182,0.09090909090909091,0.09090909090909091,0,5,0
3930,26,595.75,9,11,66.19444444444444,0.0,0.7777777777777778,0.1111111111111111,0.1111111111111111,0,5,0
4327,22,404.25,4,226,101.0625,0.5,0.5,0.0,0.0,1,2,4
3569,22,1633.55,14,48,116.68214285714285,0.14285714285714285,0.35714285714285715,0.2857142857142857,0.21428571428571427,0,5,0
4433,46,1329.1,18,9,73.83888888888889,0.2222222222222222,0.5555555555555556,0.2222222222222222,0.0,1,2,4
3487,46,1482.25,19,8,78.01315789473684,0.15789473684210525,0.47368421052631576,0.15789473684210525,0.21052631578947367,0,5,0
5006,27,2179.75,28,16,77.84821428571429,0.14285714285714285,0.5357142857142857,0.2857142857142857,0.03571428571428571,1,4,4
5315,34,1540.65,20,5,77.0325,0.1,0.6,0.25,0.05,0,5,0
5262,23,4555.5,44,1,103.5340909090909,0.20454545454545456,0.5227272727272727,0.20454545454545456,0.06818181818181818,1,4,3
5511,39,3912.55,48,52,81.51145833333334,0.3333333333333333,0.4583333333333333,0.125,0.08333333333333333,1,4,3
4689,23,2848.75,26,79,109.5673076923077,0.15384615384615385,0.4230769230769231,0.2692307692307692,0.15384615384615385,0,4,0
2268,18,1349.75,12,115,112.47916666666667,0.16666666666666666,0.6666666666666666,0.08333333333333333,0.08333333333333333,0,5,0
3775,26,613.75,7,89,87.67857142857143,0.0,0.7142857142857143,0.2857142857142857,0.0,0,5,0
4162,34,4053.5,52,12,77.95192307692308,0.23076923076923078,0.38461538461538464,0.28846153846153844,0.09615384615384616,0,4,3
2801,35,451.5,6,150,75.25,0.16666666666666666,0.6666666666666666,0.16666666666666666,0.0,1,2,4
5253,18,1695.0,24,21,70.625,0.20833333333333334,0.5,0.20833333333333334,0.08333333333333333,0,4,0
5779,32,1046.35,15,25,69.75666666666666,0.3333333333333333,0.4666666666666667,0.2,0.0,1,2,4
5427,22,1332.08,9,0,148.0088888888889,0.3333333333333333,0.2222222222222222,0.1111111111111111,0.3333333333333333,0,3,0
5622,45,1538.3,13,16,118.33076923076922,0.23076923076923078,0.3076923076923077,0.07692307692307693,0.38461538461538464,0,5,0
5002,27,1648.65,22,39,74.93863636363636,0.3181818181818182,0.36363636363636365,0.22727272727272727,0.09090909090909091,0,5,0
4332,33,2436.0,24,191,101.5,0.125,0.5416666666666666,0.125,0.20833333333333334,1,2,4
4753,31,1732.25,17,4,101.8970588235294,0.17647058823529413,0.47058823529411764,0.11764705882352941,0.23529411764705882,0,5,0
2623,18,3322.58,40,0,83.0645,0.35,0.45,0.15,0.05,0,4,0
4876,25,732.25,7,70,104.60714285714286,0.2857142857142857,0.2857142857142857,0.14285714285714285,0.2857142857142857,1,2,4
3470,33,623.0,6,233,103.83333333333333,0.0,0.6666666666666666,0.0,0.3333333333333333,1,2,1
4659,37,1000.5,14,0,71.46428571428571,0.21428571428571427,0.5,0.21428571428571427,0.07142857142857142,1,2,4
3242,18,1316.8,14,15,94.05714285714285,0.35714285714285715,0.5,0.07142857142857142,0.07142857142857142,0,5,0
4502,47,2039.95,27,27,75.5537037037037,0.25925925925925924,0.48148148148148145,0.25925925925925924,0.0,0,4,0
4452,27,457.8,7,74,65.4,0.42857142857142855,0.42857142857142855,0.14285714285714285,0.0,0,5,0
2914,52,6979.25,73,2,95.60616438356165,0.273972602739726,0.3835616438356164,0.2328767123287671,0.1095890410958904,0,4,3
2050,37,2765.75,32,23,86.4296875,0.34375,0.40625,0.25,0.0,0,4,0
3111,46,4759.85,53,2,89.80849056603775,0.2830188679245283,0.37735849056603776,0.2641509433962264,0.07547169811320754,1,4,3
3544,36,2635.6,23,9,114.59130434782608,0.30434782608695654,0.391304347826087,0.17391304347826086,0.13043478260869565,0,4,0
3584,38,1136.8,13,1,87.44615384615385,0.15384615384615385,0.46153846153846156,0.38461538461538464,0.0,1,2,4
3524,33,2237.85,25,129,89.514,0.2,0.36,0.28,0.16,0,4,0
3620,18,2484.75,28,2,88.74107142857143,0.14285714285714285,0.5714285714285714,0.17857142857142858,0.10714285714285714,0,4,0
2758,20,1435.0,20,29,71.75,0.1,0.6,0.3,0.0,0,5,0
4938,39,1898.25,15,40,126.55,0.5333333333333333,0.13333333333333333,0.2,0.13333333333333333,0,5,0
5746,33,979.65,12,13,81.6375,0.25,0.3333333333333333,0.25,0.16666666666666666,0,5,0
2842,30,937.45,13,58,72.11153846153846,0.0,0.46153846153846156,0.46153846153846156,0.07692307692307693,0,5,0
2833,35,2256.55,17,5,132.73823529411766,0.058823529411764705,0.35294117647058826,0.4117647058823529,0.17647058823529413,0,4,0
4024,42,590.55,8,39,73.81875,0.25,0.625,0.125,0.0,1,2,1
3077,41,4686.9,52,5,90.1326923076923,0.23076923076923078,0.4423076923076923,0.23076923076923078,0.09615384615384616,1,4,3
4907,40,6351.35,65,4,97.71307692307693,0.23076923076923078,0.47692307692307695,0.16923076923076924,0.12307692307692308,0,4,3
2334,34,1623.5,18,26,90.19444444444444,0.2222222222222222,0.6111111111111112,0.16666666666666666,0.0,0,5,0
2444,53,441.4,7,56,63.05714285714286,0.42857142857142855,0.42857142857142855,0.0,0.14285714285714285,0,5,0
3945,18,2512.45,28,8,89.73035714285713,0.14285714285714285,0.5,0.2857142857142857,0.07142857142857142,0,4,0
2767,41,3836.45,47,5,81.62659574468084,0.2127659574468085,0.46808510638297873,0.23404255319148937,0.0851063829787234,0,4,3
5801,34,4251.2,52,5,81.75384615384615,0.1346153846153846,0.5961538461538461,0.17307692307692307,0.09615384615384616,0,4,3
4549,50,3180.93,35,1,90.88371428571428,0.2857142857142857,0.4857142857142857,0.14285714285714285,0.08571428571428572,1,4,4
4664,48,681.45,11,405,61.95,0.18181818181818182,0.5454545454545454,0.18181818181818182,0.09090909090909091,0,5,1
2877,34,1524.25,20,68,76.2125,0.1,0.55,0.2,0.15,0,5,0
2449,18,948.9,10,62,94.89,0.1,0.6,0.3,0.0,1,2,4
5749,39,2933.9,38,83,77.2078947368421,0.2894736842105263,0.5,0.18421052631578946,0.02631578947368421,0,4,0
3956,30,5145.95,49,21,105.01938775510203,0.24489795918367346,0.3877551020408163,0.24489795918367346,0.12244897959183673,0,4,3
5687,18,288.25,3,341,96.08333333333333,0.3333333333333333,0.6666666666666666,0.0,0.0,0,5,1
2258,30,1100.2,12,22,91.68333333333334,0.16666666666666666,0.3333333333333333,0.3333333333333333,0.16666666666666666,0,5,0
2531,35,1649.5,17,69,97.02941176470588,0.29411764705882354,0.35294117647058826,0.29411764705882354,0.058823529411764705,0,5,0
4219,31,2698.0,28,8,96.35714285714286,0.17857142857142858,0.4642857142857143,0.25,0.10714285714285714,0,4,0
4828,41,834.85,11,41,75.89545454545454,0.09090909090909091,0.6363636363636364,0.2727272727272727,0.0,1,2,1
3405,33,2074.72,25,92,82.9888,0.36,0.4,0.2,0.04,1,2,4
4228,34,4833.7,51,4,94.77843137254902,0.27450980392156865,0.47058823529411764,0.19607843137254902,0.058823529411764705,1,4,3
3438,42,400.0,5,134,80.0,0.2,0.8,0.0,0.0,0,5,1
5310,38,3163.4,46,5,68.7695652173913,0.17391304347826086,0.4782608695652174,0.2391304347826087,0.10869565217391304,0,4,0
2869,31,1263.86,20,32,63.193000000000005,0.25,0.5,0.25,0.0,1,2,4
2923,24,1858.8,19,2,97.83157894736841,0.21052631578947367,0.5263157894736842,0.10526315789473684,0.15789473684210525,0,5,0
3893,34,1229.2,9,152,136.57777777777778,0.2222222222222222,0.4444444444444444,0.1111111111111111,0.2222222222222222,0,5,0
2708,25,6254.0,70,4,89.34285714285714,0.24285714285714285,0.4,0.21428571428571427,0.14285714285714285,1,4,3
5168,37,226.6,4,69,56.65,0.25,0.5,0.25,0.0,0,5,0
4342,52,1193.0,12,1,99.41666666666667,0.08333333333333333,0.3333333333333333,0.5,0.08333333333333333,1,2,4
2742,36,2768.65,32,5,86.5203125,0.1875,0.46875,0.3125,0.03125,1,4,4
3688,41,1873.2,22,57,85.14545454545454,0.18181818181818182,0.5909090909090909,0.18181818181818182,0.045454545454545456,0,5,0
3889,35,2856.0,29,27,98.48275862068965,0.20689655172413793,0.4482758620689655,0.1724137931034483,0.1724137931034483,1,4,4
4393,38,2969.65,31,53,95.79516129032258,0.0967741935483871,0.5806451612903226,0.16129032258064516,0.16129032258064516,0,4,0
4980,43,909.32,7,41,129.90285714285713,0.2857142857142857,0.2857142857142857,0.42857142857142855,0.0,0,5,0
2634,18,3634.75,40,2,90.86875,0.3,0.375,0.225,0.1,1,4,3
2828,19,28.8,1,754,28.8,1.0,0.0,0.0,0.0,0,0,5
2927,20,620.2,9,62,68.91111111111111,0.2222222222222222,0.6666666666666666,0.1111111111111111,0.0,1,2,4
4935,38,500.12,8,215,62.515,0.25,0.625,0.0,0.125,1,2,4
5483,36,1520.95,22,125,69.13409090909092,0.18181818181818182,0.4090909090909091,0.3181818181818182,0.09090909090909091,0,5,0
5270,28,796.7,10,38,79.67,0.2,0.5,0.2,0.1,0,5,0
3796,43,3486.82,49,9,71.15959183673469,0.22448979591836735,0.40816326530612246,0.32653061224489793,0.04081632653061224,0,4,3
4130,49,1893.4,24,30,78.89166666666667,0.25,0.5,0.25,0.0,0,4,0
4811,21,442.2,7,27,63.17142857142857,0.2857142857142857,0.42857142857142855,0.14285714285714285,0.14285714285714285,0,5,0
5279,24,705.2,5,211,141.04000000000002,0.4,0.6,0.0,0.0,0,5,0
3270,43,1189.3,12,18,99.10833333333333,0.16666666666666666,0.5,0.3333333333333333,0.0,0,5,0
3070,24,254.0,4,71,63.5,0.25,0.5,0.25,0.0,0,5,0
4211,27,270.75,6,48,45.125,0.16666666666666666,0.8333333333333334,0.0,0.0,0,5,0
5626,21,2304.15,26,14,88.62115384615385,0.11538461538461539,0.5384615384615384,0.2692307692307692,0.07692307692307693,1,4,4
4643,69,3133.8,46,5,68.12608695652175,0.30434782608695654,0.41304347826086957,0.17391304347826086,0.10869565217391304,1,4,4
2239,18,6416.3,62,0,103.48870967741935,0.1935483870967742,0.5806451612903226,0.14516129032258066,0.08064516129032258,1,4,3
3353,19,1098.3,12,3,91.52499999999999,0.25,0.3333333333333333,0.3333333333333333,0.08333333333333333,0,5,0
5341,30,857.5,6,50,142.91666666666666,0.3333333333333333,0.3333333333333333,0.16666666666666666,0.16666666666666666,0,5,0
2934,29,6759.25,84,15,80.4672619047619,0.23809523809523808,0.4523809523809524,0.2261904761904762,0.08333333333333333,0,4,3
4292,34,1362.25,15,112,90.81666666666666,0.4,0.4666666666666667,0.13333333333333333,0.0,1,2,4
2985,29,916.25,17,4,53.89705882352941,0.35294117647058826,0.47058823529411764,0.11764705882352941,0.058823529411764705,1,2,4
4739,70,790.5,8,117,98.8125,0.0,0.75,0.125,0.125,1,2,1
5059,25,1463.25,12,26,121.9375,0.08333333333333333,0.4166666666666667,0.3333333333333333,0.16666666666666666,0,5,0
3390,39,939.0,10,67,93.9,0.1,0.4,0.2,0.3,0,5,0
4435,43,450.0,3,49,150.0,0.3333333333333333,0.3333333333333333,0.3333333333333333,0.0,0,5,0
5368,34,3404.15,33,17,103.1560606060606,0.24242424242424243,0.3333333333333333,0.18181818181818182,0.24242424242424243,0,4,0
2565,37,1922.0,19,28,101.15789473684211,0.2631578947368421,0.3157894736842105,0.3684210526315789,0.05263157894736842,0,5,0
2717,30,1937.3,23,10,84.2304347826087,0.17391304347826086,0.6086956521739131,0.21739130434782608,0.0,1,2,4
4036,27,4693.7,51,6,92.03333333333333,0.21568627450980393,0.5490196078431373,0.21568627450980393,0.0196078431372549,0,4,3
3645,48,1252.0,13,38,96.3076923076923,0.0,0.7692307692307693,0.07692307692307693,0.15384615384615385,1,2,1
5532,36,1138.25,13,2,87.5576923076923,0.0,0.6153846153846154,0.3076923076923077,0.07692307692307693,1,2,4
4472,20,1477.95,14,8,105.56785714285715,0.0,0.7857142857142857,0.14285714285714285,0.07142857142857142,0,5,0
3655,35,2288.23,26,19,88.00884615384615,0.4230769230769231,0.3076923076923077,0.2692307692307692,0.0,0,4,0
3665,18,1917.25,23,0,83.3586956521739,0.34782608695652173,0.391304347826087,0.17391304347826086,0.08695652173913043,1,2,4
3582,23,2042.05,19,19,107.47631578947369,0.21052631578947367,0.42105263157894735,0.3157894736842105,0.05263157894736842,0,4,0
4043,38,465.25,6,29,77.54166666666667,0.0,0.5,0.3333333333333333,0.16666666666666666,0,5,0
4320,28,212.5,4,146,53.125,0.0,0.75,0.25,0.0,0,5,1
4338,53,826.0,6,69,137.66666666666666,0.16666666666666666,0.6666666666666666,0.0,0.16666666666666666,0,5,0
3574,64,2538.6,27,6,94.02222222222223,0.25925925925925924,0.5925925925925926,0.14814814814814814,0.0,0,4,0
4921,45,4522.15,53,2,85.32358490566037,0.3018867924528302,0.37735849056603776,0.3018867924528302,0.018867924528301886,0,4,3
3036,36,819.35,8,21,102.41875,0.25,0.375,0.375,0.0,0,5,0
4780,51,1582.8,19,2,83.30526315789473,0.05263157894736842,0.631578947368421,0.3157894736842105,0.0,0,5,0
4051,37,2505.1,28,30,89.46785714285714,0.21428571428571427,0.4642857142857143,0.2857142857142857,0.03571428571428571,0,4,0
2953,59,2024.53,24,63,84.35541666666667,0.2916666666666667,0.4583333333333333,0.16666666666666666,0.08333333333333333,0,4,0
3125,26,1575.3,20,6,78.765,0.25,0.35,0.35,0.05,0,5,0
2209,38,868.05,12,49,72.33749999999999,0.25,0.4166666666666667,0.16666666666666666,0.16666666666666666,0,5,0
4498,32,637.5,6,28,106.25,0.16666666666666666,0.8333333333333334,0.0,0.0,1,2,4
4926,50,585.5,5,131,117.1,0.2,0.4,0.4,0.0,1,2,4
2058,34,2065.65,22,48,93.89318181818182,0.13636363636363635,0.6818181818181818,0.18181818181818182,0.0,0,5,0
5666,20,1199.2,19,12,63.11578947368421,0.3684210526315789,0.2631578947368421,0.2631578947368421,0.10526315789473684,0,5,0
4307,38,5259.65,59,11,89.14661016949152,0.1694915254237288,0.5254237288135594,0.2711864406779661,0.03389830508474576,0,4,3
2648,47,768.0,12,1,64.0,0.25,0.5,0.25,0.0,1,2,4
2612,35,1443.0,21,40,68.71428571428571,0.047619047619047616,0.5238095238095238,0.42857142857142855,0.0,0,5,0
5416,34,935.95,11,131,85.08636363636364,0.45454545454545453,0.2727272727272727,0.09090909090909091,0.18181818181818182,0,5,0
2354,37,515.3,11,223,46.845454545454544,0.09090909090909091,0.45454545454545453,0.36363636363636365,0.09090909090909091,1,2,4
4884,33,992.5,10,27,99.25,0.3,0.3,0.4,0.0,1,2,4
3144,35,2226.8,27,21,82.47407407407408,0.2222222222222222,0.5925925925925926,0.1111111111111111,0.07407407407407407,0,4,0
4997,26,2043.0,21,4,97.28571428571429,0.23809523809523808,0.3333333333333333,0.3333333333333333,0.09523809523809523,1,2,4
5165,18,2254.05,22,84,102.45681818181819,0.18181818181818182,0.5454545454545454,0.13636363636363635,0.13636363636363635,0,4,0
2882,26,1418.75,16,3,88.671875,0.1875,0.5625,0.1875,0.0625,1,2,4
4081,39,858.85,13,86,66.06538461538462,0.38461538461538464,0.46153846153846156,0.07692307692307693,0.07692307692307693,0,5,0
4440,21,3808.37,34,3,112.01088235294117,0.23529411764705882,0.4117647058823529,0.2647058823529412,0.08823529411764706,1,4,3
3350,29,2275.72,30,24,75.85733333333333,0.3,0.5333333333333333,0.16666666666666666,0.0,1,4,4
3746,33,1909.6,21,2,90.93333333333332,0.2857142857142857,0.42857142857142855,0.2857142857142857,0.0,0,4,0
5412,26,1576.0,11,52,143.27272727272728,0.18181818181818182,0.45454545454545453,0.2727272727272727,0.09090909090909091,1,2,4
4398,22,6124.18,73,20,83.89287671232877,0.2465753424657534,0.410958904109589,0.2465753424657534,0.0958904109589041,1,4,3
3083,50,730.5,6,161,121.75,0.16666666666666666,0.8333333333333334,0.0,0.0,0,5,1
4652,29,382.4,5,46,76.47999999999999,0.4,0.4,0.2,0.0,0,5,0
2413,39,6687.8,77,2,86.85454545454546,0.19480519480519481,0.45454545454545453,0.19480519480519481,0.15584415584415584,1,4,3
5366,47,143.0,4,436,35.75,0.0,0.5,0.5,0.0,1,2,2
4496,43,1448.15,16,4,90.509375,0.1875,0.5625,0.125,0.125,1,2,4
3691,57,404.75,5,202,80.95,0.0,0.8,0.0,0.2,0,5,1
2555,37,3823.75,29,11,131.85344827586206,0.20689655172413793,0.4482758620689655,0.13793103448275862,0.20689655172413793,0,4,0
2042,42,1496.9,14,12,106.92142857142858,0.21428571428571427,0.21428571428571427,0.42857142857142855,0.14285714285714285,0,5,0
4660,32,1414.5,17,14,83.20588235294117,0.11764705882352941,0.6470588235294118,0.17647058823529413,0.058823529411764705,0,5,0
4843,24,895.5,10,6,89.55,0.1,0.2,0.3,0.4,0,5,0
4137,41,2413.05,22,5,109.68409090909091,0.22727272727272727,0.22727272727272727,0.36363636363636365,0.18181818181818182,0,4,0
2256,35,1394.25,17,46,82.01470588235294,0.058823529411764705,0.6470588235294118,0.23529411764705882,0.058823529411764705,0,5,0
3022,22,1343.15,15,7,89.54333333333334,0.26666666666666666,0.6,0.06666666666666667,0.06666666666666667,0,5,0
2165,44,1592.5,20,12,79.625,0.25,0.55,0.2,0.0,0,5,0
5970,33,1081.0,15,14,72.06666666666666,0.3333333333333333,0.4666666666666667,0.2,0.0,0,5,0
4942,28,2721.9,28,23,97.21071428571429,0.2857142857142857,0.39285714285714285,0.17857142857142858,0.14285714285714285,0,4,0
5744,44,2658.6,33,20,80.56363636363636,0.24242424242424243,0.42424242424242425,0.24242424242424243,0.09090909090909091,1,4,4
4581,39,2069.75,24,68,86.23958333333333,0.20833333333333334,0.5416666666666666,0.25,0.0,0,4,0
5700,60,1285.5,13,74,98.88461538461539,0.15384615384615385,0.6153846153846154,0.23076923076923078,0.0,1,2,4
3160,18,1167.3,13,43,89.79230769230769,0.15384615384615385,0.6923076923076923,0.15384615384615385,0.0,0,5,0
2650,44,6843.87,62,15,110.385,0.25806451612903225,0.3709677419354839,0.25806451612903225,0.11290322580645161,0,4,3
5701,36,1571.62,15,79,104.77466666666666,0.13333333333333333,0.4666666666666667,0.3333333333333333,0.06666666666666667,1,2,4
3686,31,5823.8,58,19,100.41034482758621,0.3275862068965517,0.41379310344827586,0.22413793103448276,0.034482758620689655,1,4,3
3529,22,559.13,10,44,55.913,0.3,0.7,0.0,0.0,1,2,4
2207,20,2727.35,30,1,90.91166666666666,0.3,0.5,0.13333333333333333,0.06666666666666667,1,4,4
3631,38,113.4,2,228,56.7,0.5,0.0,0.5,0.0,0,0,2
4798,37,5165.97,60,7,86.0995,0.26666666666666666,0.4666666666666667,0.23333333333333334,0.03333333333333333,1,4,3
2440,38,979.0,13,48,75.3076923076923,0.15384615384615385,0.46153846153846156,0.23076923076923078,0.15384615384615385,0,5,0
2320,30,1017.92,17,9,59.877647058823534,0.5294117647058824,0.23529411764705882,0.23529411764705882,0.0,1,2,4
5539,31,1059.0,14,4,75.64285714285714,0.35714285714285715,0.2857142857142857,0.35714285714285715,0.0,0,5,0
3030,54,105.8,2,434,52.9,0.5,0.5,0.0,0.0,1,0,5
2249,42,1113.52,14,45,79.53714285714285,0.35714285714285715,0.35714285714285715,0.14285714285714285,0.14285714285714285,1,2,4
4412,55,2278.0,19,15,119.89473684210526,0.3157894736842105,0.3157894736842105,0.21052631578947367,0.15789473684210525,0,4,0
5840,33,2247.45,28,3,80.26607142857142,0.17857142857142858,0.5714285714285714,0.17857142857142858,0.07142857142857142,1,4,4
2680,31,2871.7,28,7,102.56071428571428,0.25,0.32142857142857145,0.2857142857142857,0.14285714285714285,0,4,0
2240,55,980.8,9,19,108.97777777777777,0.3333333333333333,0.4444444444444444,0.2222222222222222,0.0,0,5,0
4276,33,774.6,13,20,59.58461538461539,0.46153846153846156,0.5384615384615384,0.0,0.0,0,5,0
5849,29,973.75,10,58,97.375,0.1,0.7,0.1,0.1,0,5,0
2301,30,4654.78,37,9,125.80486486486485,0.1891891891891892,0.40540540540540543,0.21621621621621623,0.1891891891891892,0,4,3
2087,31,987.5,12,12,82.29166666666667,0.16666666666666666,0.5,0.25,0.08333333333333333,0,5,0
3591,30,1280.6,15,11,85.37333333333332,0.3333333333333333,0.26666666666666666,0.3333333333333333,0.06666666666666667,0,5,0
4052,31,723.05,15,29,48.20333333333333,0.13333333333333333,0.5333333333333333,0.3333333333333333,0.0,1,2,4
3385,22,363.2,5,166,72.64,0.2,0.2,0.4,0.2,1,2,4
5090,32,2151.05,23,44,93.52391304347827,0.30434782608695654,0.34782608695652173,0.17391304347826086,0.17391304347826086,0,4,0
4385,21,552.6,5,202,110.52000000000001,0.0,0.6,0.4,0.0,0,5,1
5559,18,2041.0,23,10,88.73913043478261,0.13043478260869565,0.6521739130434783,0.13043478260869565,0.08695652173913043,1,2,4
2757,23,2758.0,28,6,98.5,0.10714285714285714,0.6428571428571429,0.17857142857142858,0.07142857142857142,1,4,4
5611,28,1026.45,12,17,85.53750000000001,0.25,0.25,0.4166666666666667,0.08333333333333333,1,2,4
3247,28,3564.85,44,7,81.01931818181818,0.20454545454545456,0.5,0.22727272727272727,0.06818181818181818,1,4,3
5542,32,1566.0,10,0,156.6,0.7,0.2,0.1,0.0,0,0,0
3563,39,2325.9,24,57,96.91250000000001,0.20833333333333334,0.4166666666666667,0.25,0.125,1,4,4
2289,18,1013.2,14,75,72.37142857142858,0.14285714285714285,0.5714285714285714,0.14285714285714285,0.14285714285714285,1,2,4
3308,26,395.75,5,166,79.15,0.4,0.2,0.2,0.2,0,0,0
2872,38,981.1,12,1,81.75833333333334,0.25,0.5833333333333334,0.0,0.16666666666666666,1,2,4
4131,24,2544.5,30,44,84.81666666666666,0.16666666666666666,0.6,0.2,0.03333333333333333,1,4,4
5750,25,586.25,10,41,58.625,0.2,0.7,0.0,0.1,1,2,4
2527,33,3778.85,30,12,125.96166666666666,0.16666666666666666,0.36666666666666664,0.3333333333333333,0.13333333333333333,1,4,4
3054,41,1172.0,19,41,61.68421052631579,0.15789473684210525,0.631578947368421,0.15789473684210525,0.05263157894736842,0,5,0
2618,50,445.5,5,138,89.1,0.0,0.8,0.0,0.2,1,2,1
5692,52,3559.7,42,17,84.7547619047619,0.2619047619047619,0.40476190476190477,0.2619047619047619,0.07142857142857142,0,4,3
5934,37,673.6,13,74,51.815384615384616,0.23076923076923078,0.38461538461538464,0.38461538461538464,0.0,1,2,4
5108,18,2299.77,25,21,91.9908,0.32,0.4,0.16,0.12,0,4,0
5381,45,1527.75,16,23,95.484375,0.0625,0.625,0.125,0.1875,1,2,4
2862,37,5174.45,51,10,101.45980392156862,0.23529411764705882,0.3333333333333333,0.3333333333333333,0.09803921568627451,0,4,3
5727,18,4909.75,56,4,87.67410714285714,0.16071428571428573,0.5714285714285714,0.17857142857142858,0.08928571428571429,0,4,3
5942,22,2256.65,27,11,83.57962962962964,0.2962962962962963,0.5185185185185185,0.14814814814814814,0.037037037037037035,1,4,4
2709,21,1231.25,15,12,82.08333333333333,0.3333333333333333,0.5333333333333333,0.13333333333333333,0.0,0,5,0
5436,41,1391.17,18,17,77.28722222222223,0.2777777777777778,0.3888888888888889,0.2222222222222222,0.1111111111111111,0,5,0
4016,53,1452.9,12,23,121.075,0.25,0.4166666666666667,0.16666666666666666,0.16666666666666666,0,5,0
3315,35,1157.5,13,10,89.03846153846153,0.15384615384615385,0.5384615384615384,0.23076923076923078,0.07692307692307693,0,5,0
5550,52,215.65,4,21,53.9125,0.25,0.5,0.25,0.0,0,5,0
5635,37,269.88,6,228,44.98,0.16666666666666666,0.3333333333333333,0.5,0.0,0,5,0
5835,30,4731.8,54,27,87.62592592592593,0.25925925925925924,0.42592592592592593,0.2037037037037037,0.1111111111111111,0,4,3
4645,42,4317.32,59,10,73.17491525423728,0.2033898305084746,0.4915254237288136,0.2542372881355932,0.05084745762711865,0,4,3
2932,41,224.0,5,170,44.8,0.2,0.8,0.0,0.0,1,2,4
4372,23,1135.5,10,85,113.55,0.1,0.5,0.2,0.2,0,5,0
2109,18,1910.82,21,15,90.99142857142857,0.23809523809523808,0.5714285714285714,0.14285714285714285,0.047619047619047616,0,5,0
2922,38,3350.38,42,2,79.77095238095238,0.19047619047619047,0.5952380952380952,0.14285714285714285,0.07142857142857142,0,4,0
4444,22,2209.02,27,7,81.81555555555555,0.2222222222222222,0.4444444444444444,0.2962962962962963,0.037037037037037035,1,4,4
3375,61,1061.75,11,41,96.52272727272727,0.2727272727272727,0.45454545454545453,0.09090909090909091,0.18181818181818182,1,2,4
2791,54,678.0,6,9,113.0,0.3333333333333333,0.3333333333333333,0.3333333333333333,0.0,1,2,4
4766,50,4682.3,51,28,91.80980392156863,0.23529411764705882,0.5294117647058824,0.09803921568627451,0.13725490196078433,1,4,3
4628,29,189.1,3,550,63.03333333333333,0.6666666666666666,0.3333333333333333,0.0,0.0,0,0,5
3044,49,1383.05,17,48,81.35588235294118,0.29411764705882354,0.29411764705882354,0.35294117647058826,0.058823529411764705,0,5,0
4421,36,765.65,12,62,63.80416666666667,0.3333333333333333,0.3333333333333333,0.16666666666666666,0.16666666666666666,0,5,0
3540,34,2228.0,35,41,63.65714285714286,0.3142857142857143,0.4,0.2571428571428571,0.02857142857142857,0,4,0
3846,25,639.5,9,60,71.05555555555556,0.1111111111111111,0.7777777777777778,0.0,0.1111111111111111,0,5,0
5388,24,413.3,7,248,59.042857142857144,0.42857142857142855,0.14285714285714285,0.2857142857142857,0.14285714285714285,0,0,0
2816,32,5707.65,62,1,92.05887096774192,0.27419354838709675,0.3870967741935484,0.25806451612903225,0.08064516129032258,0,4,3
2891,33,1398.5,15,37,93.23333333333333,0.13333333333333333,0.4666666666666667,0.26666666666666666,0.13333333333333333,0,5,0
4781,32,2915.75,27,56,107.99074074074075,0.14814814814814814,0.37037037037037035,0.3333333333333333,0.14814814814814814,0,4,0
5333,22,136.0,4,24,34.0,0.0,0.5,0.5,0.0,0,5,0
4905,31,3474.5,49,8,70.90816326530613,0.24489795918367346,0.5306122448979592,0.20408163265306123,0.02040816326530612,0,4,3
2254,42,2903.8,29,8,100.13103448275862,0.1724137931034483,0.41379310344827586,0.13793103448275862,0.27586206896551724,1,4,4
5575,54,3058.15,29,4,105.45344827586207,0.2413793103448276,0.3793103448275862,0.27586206896551724,0.10344827586206896,1,4,4
2805,37,2819.3,26,0,108.4346153846154,0.15384615384615385,0.46153846153846156,0.23076923076923078,0.15384615384615385,0,4,0
4725,48,605.4,11,155,55.03636363636363,0.5454545454545454,0.18181818181818182,0.2727272727272727,0.0,1,0,4
3216,29,369.5,5,169,73.9,0.0,0.8,0.2,0.0,1,2,1
5776,20,1461.45,18,9,81.19166666666666,0.3888888888888889,0.3888888888888889,0.2222222222222222,0.0,0,5,0
5509,31,1759.33,24,126,73.30541666666666,0.25,0.5833333333333334,0.16666666666666666,0.0,1,2,4
4960,40,2327.57,26,17,89.52192307692309,0.34615384615384615,0.3076923076923077,0.3076923076923077,0.038461538461538464,1,4,4
5900,19,2168.25,26,42,83.39423076923077,0.15384615384615385,0.5,0.19230769230769232,0.15384615384615385,0,4,0
3219,23,1603.75,20,20,80.1875,0.3,0.45,0.2,0.05,1,2,4
5520,31,6698.27,64,7,104.66046875,0.25,0.421875,0.203125,0.125,1,4,3
5908,19,455.25,4,129,113.8125,0.25,0.75,0.0,0.0,1,2,4
2313,20,2672.65,33,3,80.98939393939395,0.2727272727272727,0.3333333333333333,0.24242424242424243,0.15151515151515152,0,4,0
5959,44,2025.02,23,32,88.04434782608696,0.30434782608695654,0.30434782608695654,0.21739130434782608,0.17391304347826086,0,4,0
2233,60,256.75,4,41,64.1875,0.0,1.0,0.0,0.0,1,2,1
4455,40,812.35,11,69,73.85000000000001,0.36363636363636365,0.5454545454545454,0.09090909090909091,0.0,0,5,0
3894,38,825.0,9,29,91.66666666666667,0.1111111111111111,0.5555555555555556,0.3333333333333333,0.0,0,5,0
4279,25,1230.8,18,41,68.37777777777778,0.3333333333333333,0.3888888888888889,0.1111111111111111,0.16666666666666666,0,5,0
3066,39,490.5,7,8,70.07142857142857,0.42857142857142855,0.42857142857142855,0.14285714285714285,0.0,0,5,0
4401,33,1529.15,20,26,76.45750000000001,0.1,0.7,0.15,0.05,1,2,4
5296,40,2294.25,16,4,143.390625,0.125,0.5,0.1875,0.1875,0,4,0
4438,30,497.4,4,104,124.35,0.25,0.5,0.25,0.0,1,2,4
5979,38,1933.88,23,49,84.08173913043478,0.17391304347826086,0.5217391304347826,0.30434782608695654,0.0,1,2,4
3436,36,1494.0,15,33,99.6,0.2,0.5333333333333333,0.26666666666666666,0.0,1,2,4
3770,20,449.35,5,337,89.87,0.2,0.6,0.2,0.0,0,5,1
3911,56,460.0,3,428,153.33333333333334,0.0,1.0,0.0,0.0,1,2,1
4604,39,525.0,4,247,131.25,0.0,0.75,0.25,0.0,0,5,1
2881,43,2836.0,36,12,78.77777777777777,0.2777777777777778,0.3611111111111111,0.2777777777777778,0.08333333333333333,1,4,4
5523,24,818.35,15,13,54.556666666666665,0.3333333333333333,0.4666666666666667,0.13333333333333333,0.06666666666666667,1,2,4
5380,35,1294.0,16,40,80.875,0.3125,0.375,0.1875,0.125,1,2,4
2351,37,657.05,12,23,54.75416666666666,0.16666666666666666,0.6666666666666666,0.16666666666666666,0.0,1,2,1
5624,35,1103.75,17,4,64.92647058823529,0.11764705882352941,0.7058823529411765,0.17647058823529413,0.0,0,5,0
2380,44,3008.5,31,79,97.04838709677419,0.22580645161290322,0.41935483870967744,0.22580645161290322,0.12903225806451613,0,4,0
2049,42,6620.75,76,1,87.11513157894737,0.3026315789473684,0.4473684210526316,0.17105263157894737,0.07894736842105263,0,4,3
5589,28,4203.8,38,6,110.6263157894737,0.2894736842105263,0.4473684210526316,0.15789473684210525,0.10526315789473684,0,4,3
3424,40,6128.4,69,13,88.81739130434782,0.2028985507246377,0.4927536231884058,0.2463768115942029,0.057971014492753624,0,4,3
5640,24,823.0,6,96,137.16666666666666,0.6666666666666666,0.16666666666666666,0.16666666666666666,0.0,1,0,4
5748,48,1987.85,25,26,79.514,0.08,0.52,0.12,0.28,1,2,4
2396,38,3210.9,32,32,100.340625,0.25,0.4375,0.1875,0.125,1,4,4
4825,34,2733.9,31,39,88.19032258064516,0.12903225806451613,0.6451612903225806,0.12903225806451613,0.0967741935483871,1,4,4
5182,37,2506.72,25,0,100.26880000000001,0.2,0.36,0.44,0.0,0,4,0
3165,26,850.0,14,34,60.714285714285715,0.21428571428571427,0.42857142857142855,0.2857142857142857,0.07142857142857142,0,5,0
5073,35,1547.05,19,14,81.42368421052632,0.3684210526315789,0.2631578947368421,0.3157894736842105,0.05263157894736842,0,5,0
5927,27,5897.0,56,49,105.30357142857143,0.21428571428571427,0.44642857142857145,0.125,0.21428571428571427,0,4,3
3939,28,1612.7,20,32,80.635,0.1,0.7,0.1,0.1,1,2,4
3951,22,1833.85,25,2,73.354,0.32,0.32,0.2,0.16,0,4,0
4801,59,1939.68,21,5,92.36571428571429,0.38095238095238093,0.19047619047619047,0.23809523809523808,0.19047619047619047,1,2,4
3419,42,1350.7,20,3,67.535,0.15,0.55,0.25,0.05,1,2,4
4019,20,1071.75,15,27,71.45,0.13333333333333333,0.6,0.2,0.06666666666666667,1,2,4
4379,26,1612.45,21,24,76.78333333333333,0.09523809523809523,0.5238095238095238,0.3333333333333333,0.047619047619047616,1,2,4
4087,38,801.75,8,156,100.21875,0.25,0.25,0.25,0.25,1,2,4
2200,48,2564.7,27,21,94.98888888888888,0.2962962962962963,0.4444444444444444,0.14814814814814814,0.1111111111111111,0,4,0
3167,34,1027.25,12,52,85.60416666666667,0.08333333333333333,0.5,0.25,0.16666666666666666,1,2,4
3502,34,454.9,7,12,64.98571428571428,0.2857142857142857,0.5714285714285714,0.14285714285714285,0.0,0,5,0
5582,28,2778.6,37,84,75.09729729729729,0.1891891891891892,0.6756756756756757,0.10810810810810811,0.02702702702702703,1,4,4
4198,24,659.55,7,216,94.22142857142856,0.42857142857142855,0.42857142857142855,0.0,0.14285714285714285,1,2,4
2682,34,2241.15,22,68,101.87045454545455,0.2727272727272727,0.5,0.13636363636363635,0.09090909090909091,0,4,0
5102,43,437.2,5,46,87.44,0.0,0.6,0.4,0.0,0,5,0
5261,22,3102.5,26,3,119.32692307692308,0.3076923076923077,0.34615384615384615,0.3076923076923077,0.038461538461538464,0,4,0
5738,49,4105.5,46,6,89.25,0.30434782608695654,0.391304347826087,0.1956521739130435,0.10869565217391304,0,4,3
4244,18,437.5,4,80,109.375,0.25,0.5,0.25,0.0,0,5,0
2917,43,4389.65,54,17,81.2898148148148,0.16666666666666666,0.6296296296296297,0.12962962962962962,0.07407407407407407,0,4,3
2015,18,1239.37,13,12,95.33615384615383,0.15384615384615385,0.6153846153846154,0.07692307692307693,0.15384615384615385,1,2,4
5111,36,4415.0,45,0,98.11111111111111,0.24444444444444444,0.5555555555555556,0.1111111111111111,0.08888888888888889,0,4,3
4242,18,1954.5,21,22,93.07142857142857,0.2857142857142857,0.6190476190476191,0.047619047619047616,0.047619047619047616,0,5,0
4311,41,2837.1,29,37,97.83103448275861,0.20689655172413793,0.3793103448275862,0.2413793103448276,0.1724137931034483,0,4,0
5318,25,1265.0,14,119,90.35714285714286,0.35714285714285715,0.42857142857142855,0.14285714285714285,0.07142857142857142,0,5,0
4218,35,1262.9,18,4,70.16111111111111,0.2222222222222222,0.6111111111111112,0.1111111111111111,0.05555555555555555,0,5,0
3767,40,1538.5,11,17,139.86363636363637,0.2727272727272727,0.36363636363636365,0.2727272727272727,0.09090909090909091,0,5,0
4978,33,2039.15,29,7,70.31551724137931,0.3448275862068966,0.3793103448275862,0.2413793103448276,0.034482758620689655,0,4,0
5905,18,1037.4,12,20,86.45,0.3333333333333333,0.5,0.16666666666666666,0.0,0,5,0
5371,31,676.2,5,169,135.24,0.4,0.2,0.2,0.2,1,2,4
2583,29,3797.75,43,10,88.31976744186046,0.20930232558139536,0.46511627906976744,0.2558139534883721,0.06976744186046512,1,4,3
3977,45,439.0,4,3,109.75,0.5,0.5,0.0,0.0,0,5,0
2831,35,404.0,5,1,80.8,0.0,0.6,0.4,0.0,0,5,0
2986,47,4381.98,55,13,79.67236363636363,0.3090909090909091,0.4,0.2545454545454545,0.03636363636363636,0,4,3
3709,43,918.0,4,349,229.5,0.0,0.75,0.25,0.0,1,2,1
4089,49,746.75,12,43,62.229166666666664,0.25,0.3333333333333333,0.4166666666666667,0.0,1,2,4
4691,36,283.0,5,366,56.6,0.2,0.2,0.6,0.0,1,1,2
3456,31,2262.25,26,4,87.00961538461539,0.23076923076923078,0.46153846153846156,0.15384615384615385,0.15384615384615385,1,4,4
2442,32,3560.0,28,4,127.14285714285714,0.25,0.4642857142857143,0.14285714285714285,0.14285714285714285,0,4,0
4695,46,1405.45,14,58,100.38928571428572,0.2857142857142857,0.42857142857142855,0.21428571428571427,0.07142857142857142,0,5,0
2547,35,660.0,7,195,94.28571428571429,0.0,1.0,0.0,0.0,1,2,1
5100,40,1852.45,22,52,84.20227272727273,0.4090909090909091,0.36363636363636365,0.18181818181818182,0.045454545454545456,1,2,4
4607,37,468.4,6,5,78.06666666666666,0.16666666666666666,0.3333333333333333,0.3333333333333333,0.16666666666666666,1,2,4
2659,21,472.5,6,21,78.75,0.5,0.5,0.0,0.0,0,5,0
2569,18,1403.35,16,96,87.709375,0.375,0.5,0.0625,0.0625,1,2,4
2498,34,1006.62,11,187,91.5109090909091,0.18181818181818182,0.5454545454545454,0.18181818181818182,0.09090909090909091,1,2,4
3098,41,1834.6,23,25,79.76521739130435,0.17391304347826086,0.43478260869565216,0.34782608695652173,0.043478260869565216,0,4,0
5534,36,1511.25,21,10,71.96428571428571,0.23809523809523808,0.38095238095238093,0.2857142857142857,0.09523809523809523,0,5,0
4939,47,1740.87,22,12,79.13045454545454,0.22727272727272727,0.5909090909090909,0.13636363636363635,0.045454545454545456,1,2,4
4852,48,1397.88,15,60,93.19200000000001,0.4666666666666667,0.26666666666666666,0.13333333333333333,0.13333333333333333,1,2,4
3410,18,943.0,12,50,78.58333333333333,0.16666666666666666,0.6666666666666666,0.16666666666666666,0.0,0,5,0
2266,20,1370.83,19,17,72.14894736842105,0.15789473684210525,0.5263157894736842,0.21052631578947367,0.10526315789473684,1,2,4
4212,40,1733.8,18,88,96.32222222222222,0.1111111111111111,0.6111111111111112,0.16666666666666666,0.1111111111111111,0,5,0
2560,29,2491.95,18,12,138.44166666666666,0.16666666666666666,0.4444444444444444,0.2777777777777778,0.1111111111111111,0,4,0
5755,55,401.85,7,207,57.40714285714286,0.2857142857142857,0.5714285714285714,0.14285714285714285,0.0,1,2,4
4773,38,654.65,10,118,65.465,0.1,0.5,0.3,0.1,0,5,0
4026,31,3454.9,28,25,123.38928571428572,0.17857142857142858,0.42857142857142855,0.2857142857142857,0.10714285714285714,1,4,4
4324,33,2369.0,22,60,107.68181818181819,0.13636363636363635,0.45454545454545453,0.22727272727272727,0.18181818181818182,0,4,0
5505,29,749.0,11,33,68.0909090909091,0.18181818181818182,0.45454545454545453,0.36363636363636365,0.0,0,5,0
4629,18,1795.88,14,103,128.27714285714288,0.14285714285714285,0.2857142857142857,0.35714285714285715,0.21428571428571427,1,2,4
4161,29,647.5,4,2,161.875,0.75,0.25,0.0,0.0,0,0,0
2116,29,1823.3,24,137,75.97083333333333,0.25,0.5,0.125,0.125,0,5,0
4392,19,1061.75,12,10,88.47916666666667,0.08333333333333333,0.9166666666666666,0.0,0.0,1,2,4
4991,39,206.0,5,230,41.2,0.2,0.2,0.6,0.0,0,1,0
3181,23,981.0,7,80,140.14285714285714,0.0,0.5714285714285714,0.14285714285714285,0.2857142857142857,0,5,0
2026,37,843.25,9,78,93.69444444444444,0.2222222222222222,0.4444444444444444,0.1111111111111111,0.2222222222222222,0,5,0
3912,29,1555.8,22,6,70.71818181818182,0.3181818181818182,0.36363636363636365,0.18181818181818182,0.13636363636363635,0,5,0
3228,39,1964.68,23,17,85.42086956521739,0.2608695652173913,0.391304347826087,0.34782608695652173,0.0,0,4,0
5098,34,4138.3,44,36,94.05227272727274,0.25,0.5454545454545454,0.13636363636363635,0.06818181818181818,1,4,3
5325,35,443.0,5,1,88.6,0.2,0.4,0.2,0.2,0,5,0
5703,18,1317.75,12,13,109.8125,0.08333333333333333,0.4166666666666667,0.4166666666666667,0.08333333333333333,0,5,0
5998,37,1913.6,19,17,100.71578947368421,0.21052631578947367,0.5263157894736842,0.21052631578947367,0.05263157894736842,0,5,0
5439,30,734.5,9,38,81.61111111111111,0.3333333333333333,0.5555555555555556,0.1111111111111111,0.0,0,5,0
5361,33,1337.24,17,139,78.66117647058823,0.29411764705882354,0.5882352941176471,0.11764705882352941,0.0,0,5,0
2978,39,1881.35,25,1,75.25399999999999,0.16,0.48,0.24,0.12,0,4,0
5370,37,2935.2,27,14,108.71111111111111,0.2222222222222222,0.37037037037037035,0.3333333333333333,0.07407407407407407,1,4,4
3926,43,2987.15,34,26,87.85735294117647,0.29411764705882354,0.4411764705882353,0.11764705882352941,0.14705882352941177,0,4,0
5558,21,1780.5,19,96,93.71052631578948,0.3157894736842105,0.3684210526315789,0.21052631578947367,0.10526315789473684,0,5,0
4532,19,661.2,9,45,73.46666666666667,0.2222222222222222,0.4444444444444444,0.2222222222222222,0.1111111111111111,1,2,4
3283,31,1655.0,9,154,183.88888888888889,0.2222222222222222,0.5555555555555556,0.1111111111111111,0.1111111111111111,0,5,0
4593,46,878.0,8,125,109.75,0.375,0.375,0.25,0.0,0,5,0
2071,43,2013.4,18,149,111.85555555555555,0.1111111111111111,0.3333333333333333,0.3333333333333333,0.2222222222222222,0,5,0
4369,33,3496.8,33,14,105.96363636363637,0.2727272727272727,0.3939393939393939,0.21212121212121213,0.12121212121212122,0,4,0
4606,65,1175.0,10,16,117.5,0.1,0.4,0.3,0.2,0,5,0
3516,18,2913.95,41,31,71.07195121951219,0.12195121951219512,0.43902439024390244,0.43902439024390244,0.0,1,4,3
3953,42,469.5,8,147,58.6875,0.5,0.125,0.375,0.0,0,0,0
3223,23,1421.25,14,60,101.51785714285714,0.2857142857142857,0.5,0.14285714285714285,0.07142857142857142,0,5,0
2571,23,1100.75,9,59,122.30555555555556,0.1111111111111111,0.5555555555555556,0.2222222222222222,0.1111111111111111,1,2,4
3388,36,1805.5,19,25,95.02631578947368,0.3684210526315789,0.42105263157894735,0.05263157894736842,0.15789473684210525,1,2,4
2699,27,1898.7,26,46,73.02692307692308,0.34615384615384615,0.46153846153846156,0.15384615384615385,0.038461538461538464,0,4,0
5303,25,2235.7,22,4,101.62272727272726,0.18181818181818182,0.2727272727272727,0.45454545454545453,0.09090909090909091,0,4,0
2908,39,1460.35,17,6,85.90294117647058,0.11764705882352941,0.5294117647058824,0.23529411764705882,0.11764705882352941,1,2,4
5737,37,3969.15,48,14,82.690625,0.3541666666666667,0.3333333333333333,0.22916666666666666,0.08333333333333333,1,4,3
4597,18,632.6,9,53,70.28888888888889,0.4444444444444444,0.2222222222222222,0.2222222222222222,0.1111111111111111,0,5,0
5217,32,1222.0,14,109,87.28571428571429,0.14285714285714285,0.35714285714285715,0.42857142857142855,0.07142857142857142,0,5,0
3413,39,2500.75,25,9,100.03,0.32,0.4,0.24,0.04,0,4,0
3744,57,718.95,11,4,65.35909090909091,0.18181818181818182,0.5454545454545454,0.2727272727272727,0.0,0,5,0
4720,23,272.0,5,13,54.4,0.0,0.4,0.6,0.0,0,1,0
3123,25,1266.75,9,144,140.75,0.1111111111111111,0.4444444444444444,0.4444444444444444,0.0,1,2,4
4749,31,1168.2,13,92,89.86153846153846,0.3076923076923077,0.46153846153846156,0.23076923076923078,0.0,1,2,4
2858,18,1160.5,15,46,77.36666666666666,0.0,0.6,0.3333333333333333,0.06666666666666667,0,5,0
5788,37,2241.2,25,7,89.648,0.28,0.56,0.12,0.04,1,4,4
3488,52,1771.0,17,16,104.17647058823529,0.23529411764705882,0.6470588235294118,0.0,0.11764705882352941,0,5,0
4701,48,1076.4,13,0,82.80000000000001,0.23076923076923078,0.5384615384615384,0.07692307692307693,0.15384615384615385,0,5,0
5175,54,645.5,7,44,92.21428571428571,0.2857142857142857,0.7142857142857143,0.0,0.0,0,5,0
4063,26,1658.1,25,0,66.324,0.28,0.4,0.2,0.12,1,2,4
4986,44,2097.8,21,26,99.8952380952381,0.3333333333333333,0.42857142857142855,0.14285714285714285,0.09523809523809523,0,4,0
3793,22,780.9,10,5,78.09,0.2,0.5,0.2,0.1,1,2,4
3425,39,150.4,3,144,50.13333333333333,0.0,0.6666666666666666,0.3333333333333333,0.0,1,2,1
4868,24,955.5,9,51,106.16666666666667,0.1111111111111111,0.6666666666666666,0.1111111111111111,0.1111111111111111,1,2,4
5208,24,390.5,4,20,97.625,0.5,0.0,0.25,0.25,0,0,0
4308,39,4337.85,59,7,73.52288135593221,0.288135593220339,0.4406779661016949,0.22033898305084745,0.05084745762711865,0,4,3
3330,30,1417.97,17,2,83.41,0.4117647058823529,0.29411764705882354,0.29411764705882354,0.0,0,5,0
3450,36,1751.37,23,4,76.14652173913043,0.2608695652173913,0.43478260869565216,0.17391304347826086,0.13043478260869565,1,2,4
3031,28,1110.6,12,23,92.55,0.4166666666666667,0.5,0.08333333333333333,0.0,1,2,4
3734,29,508.8,6,216,84.8,0.3333333333333333,0.5,0.0,0.16666666666666666,0,5,0
2646,20,729.0,7,6,104.14285714285714,0.0,0.5714285714285714,0.14285714285714285,0.2857142857142857,1,2,4
5422,45,1690.65,26,4,65.025,0.15384615384615385,0.7307692307692307,0.11538461538461539,0.0,0,5,0
2915,42,1036.95,9,298,115.21666666666667,0.2222222222222222,0.6666666666666666,0.1111111111111111,0.0,0,5,1
2775,35,2309.05,24,39,96.21041666666667,0.16666666666666666,0.4583333333333333,0.20833333333333334,0.16666666666666666,0,4,0
5411,25,442.5,7,10,63.214285714285715,0.2857142857142857,0.5714285714285714,0.14285714285714285,0.0,1,2,4
4363,42,1081.95,8,24,135.24375,0.375,0.375,0.25,0.0,0,5,0
5691,20,731.75,11,173,66.52272727272727,0.09090909090909091,0.6363636363636364,0.18181818181818182,0.09090909090909091,0,5,1
4836,36,882.5,8,195,110.3125,0.125,0.375,0.375,0.125,0,5,0
4001,31,828.0,9,122,92.0,0.1111111111111111,0.4444444444444444,0.3333333333333333,0.1111111111111111,0,5,0
3245,36,1015.5,14,25,72.53571428571429,0.14285714285714285,0.5,0.21428571428571427,0.14285714285714285,0,5,0
5015,47,718.5,8,19,89.8125,0.125,0.75,0.0,0.125,1,2,1
2714,21,2162.72,28,21,77.24,0.25,0.35714285714285715,0.25,0.14285714285714285,1,4,4
2047,31,2678.5,21,70,127.54761904761905,0.09523809523809523,0.47619047619047616,0.38095238095238093,0.047619047619047616,0,4,0
5088,33,2441.65,23,14,106.15869565217392,0.34782608695652173,0.17391304347826086,0.391304347826087,0.08695652173913043,1,4,4
4632,29,545.0,5,3,109.0,0.0,0.8,0.2,0.0,0,5,0
3979,45,713.45,9,22,79.27222222222223,0.4444444444444444,0.4444444444444444,0.1111111111111111,0.0,0,5,0
5486,34,6109.3,62,5,98.53709677419356,0.1935483870967742,0.4838709677419355,0.20967741935483872,0.11290322580645161,1,4,3
2662,38,1979.25,19,35,104.17105263157895,0.15789473684210525,0.631578947368421,0.10526315789473684,0.10526315789473684,0,5,0
4515,25,2796.05,30,1,93.20166666666667,0.23333333333333334,0.6,0.13333333333333333,0.03333333333333333,0,4,0
5442,30,1450.85,14,142,103.63214285714285,0.07142857142857142,0.5,0.2857142857142857,0.14285714285714285,1,2,4
2044,36,92.5,2,149,46.25,0.5,0.5,0.0,0.0,1,2,4
2684,25,5644.85,62,18,91.04596774193548,0.16129032258064516,0.5645161290322581,0.1935483870967742,0.08064516129032258,1,4,3
4248,20,2940.2,41,5,71.71219512195121,0.1951219512195122,0.5121951219512195,0.21951219512195122,0.07317073170731707,0,4,0
5458,50,1301.18,11,72,118.28909090909089,0.36363636363636365,0.5454545454545454,0.09090909090909091,0.0,0,5,0
2787,48,901.4,16,38,56.3375,0.125,0.6875,0.125,0.0625,0,5,0
4541,30,2904.5,37,10,78.5,0.13513513513513514,0.5675675675675675,0.16216216216216217,0.13513513513513514,1,4,4
2670,52,587.25,9,129,65.25,0.1111111111111111,0.5555555555555556,0.3333333333333333,0.0,0,5,0
4848,48,490.0,5,192,98.0,0.2,0.4,0.2,0.2,0,5,0
5373,30,6493.55,72,1,90.18819444444445,0.20833333333333334,0.4027777777777778,0.2361111111111111,0.1527777777777778,1,4,3
5805,40,2857.85,24,18,119.07708333333333,0.20833333333333334,0.4166666666666667,0.25,0.125,1,4,4
4370,37,803.0,8,40,100.375,0.125,0.375,0.375,0.125,1,2,4
3449,52,651.0,7,41,93.0,0.0,0.5714285714285714,0.2857142857142857,0.14285714285714285,0,5,0
3476,21,5574.21,67,9,83.19716417910448,0.31343283582089554,0.4626865671641791,0.16417910447761194,0.05970149253731343,1,4,3
2427,47,377.5,7,47,53.92857142857143,0.0,0.42857142857142855,0.42857142857142855,0.14285714285714285,1,2,4
3266,31,2720.95,35,6,77.74142857142857,0.2857142857142857,0.45714285714285713,0.2,0.05714285714285714,0,4,0
2725,43,1235.7,15,35,82.38000000000001,0.26666666666666666,0.5333333333333333,0.06666666666666667,0.13333333333333333,1,2,4
4923,24,2840.3,28,22,101.43928571428572,0.25,0.35714285714285715,0.25,0.14285714285714285,0,4,0
2989,27,3971.45,47,3,84.49893617021276,0.23404255319148937,0.5319148936170213,0.19148936170212766,0.0425531914893617,0,4,3
5288,18,2656.5,33,28,80.5,0.3333333333333333,0.48484848484848486,0.15151515151515152,0.030303030303030304,0,4,0
3708,26,3708.65,42,9,88.30119047619048,0.11904761904761904,0.5476190476190477,0.23809523809523808,0.09523809523809523,0,4,3
3379,31,6432.07,66,12,97.45560606060606,0.24242424242424243,0.42424242424242425,0.19696969696969696,0.13636363636363635,0,4,3
3003,26,413.8,5,297,82.76,0.6,0.0,0.4,0.0,0,0,2
5400,38,170.5,3,414,56.833333333333336,0.3333333333333333,0.0,0.6666666666666666,0.0,0,1,2
4936,20,869.03,12,167,72.41916666666667,0.3333333333333333,0.5,0.08333333333333333,0.08333333333333333,0,5,0
3579,35,1432.5,17,21,84.26470588235294,0.058823529411764705,0.47058823529411764,0.47058823529411764,0.0,0,5,0
2464,43,634.0,6,103,105.66666666666667,0.16666666666666666,0.5,0.0,0.3333333333333333,0,5,0
5104,72,540.0,4,99,135.0,0.0,0.75,0.0,0.25,0,5,0
4688,38,1355.4,19,23,71.33684210526316,0.15789473684210525,0.6842105263157895,0.15789473684210525,0.0,0,5,0
4990,28,982.25,10,22,98.225,0.2,0.7,0.1,0.0,0,5,0
2620,18,2190.7,22,12,99.57727272727271,0.3181818181818182,0.45454545454545453,0.22727272727272727,0.0,0,4,0
5599,19,2066.5,23,13,89.84782608695652,0.2608695652173913,0.5652173913043478,0.13043478260869565,0.043478260869565216,0,4,0
4491,34,1469.53,17,42,86.44294117647058,0.17647058823529413,0.5294117647058824,0.29411764705882354,0.0,0,5,0
4756,35,859.4,14,58,61.385714285714286,0.35714285714285715,0.42857142857142855,0.07142857142857142,0.14285714285714285,0,5,0
5798,20,1801.6,20,17,90.08,0.3,0.3,0.25,0.15,0,4,0
2800,18,299.7,6,79,49.949999999999996,0.5,0.5,0.0,0.0,0,5,0
4340,50,763.45,9,13,84.82777777777778,0.3333333333333333,0.4444444444444444,0.1111111111111111,0.1111111111111111,0,5,0
3517,22,1414.12,9,55,157.12444444444444,0.5555555555555556,0.1111111111111111,0.3333333333333333,0.0,0,0,0
2864,34,1199.75,14,26,85.69642857142857,0.2857142857142857,0.6428571428571429,0.0,0.07142857142857142,0,5,0
4501,35,1886.9,22,6,85.76818181818182,0.18181818181818182,0.5,0.22727272727272727,0.09090909090909091,0,4,0
2114,23,1124.35,12,116,93.69583333333333,0.08333333333333333,0.5833333333333334,0.16666666666666666,0.16666666666666666,0,5,0
4747,29,361.5,7,17,51.642857142857146,0.14285714285714285,0.7142857142857143,0.0,0.14285714285714285,0,5,0
4672,26,806.6,11,47,73.32727272727273,0.18181818181818182,0.2727272727272727,0.45454545454545453,0.09090909090909091,0,5,0
4807,37,6359.5,69,26,92.16666666666667,0.2463768115942029,0.42028985507246375,0.2028985507246377,0.13043478260869565,0,4,3
2039,36,1248.35,13,116,96.02692307692307,0.15384615384615385,0.6153846153846154,0.23076923076923078,0.0,0,5,0
3110,29,1172.55,16,42,73.284375,0.0625,0.6875,0.25,0.0,0,5,0
3220,21,4535.43,52,7,87.2198076923077,0.23076923076923078,0.46153846153846156,0.21153846153846154,0.09615384615384616,0,4,3
3060,20,3035.45,36,3,84.31805555555555,0.19444444444444445,0.5277777777777778,0.2222222222222222,0.05555555555555555,0,4,0
2283,31,1123.99,9,16,124.88777777777779,0.3333333333333333,0.3333333333333333,0.1111111111111111,0.2222222222222222,0,5,0
4881,24,1225.75,15,18,81.71666666666667,0.2,0.4666666666666667,0.13333333333333333,0.2,0,5,0
4058,23,733.85,9,36,81.53888888888889,0.6666666666666666,0.3333333333333333,0.0,0.0,0,0,0
3079,28,228.5,3,248,76.16666666666667,0.3333333333333333,0.0,0.6666666666666666,0.0,0,1,2
5675,48,2122.15,29,27,73.17758620689655,0.3103448275862069,0.3793103448275862,0.2413793103448276,0.06896551724137931,0,4,0
2051,45,542.1,6,86,90.35000000000001,0.3333333333333333,0.5,0.16666666666666666,0.0,0,5,0
3056,24,2155.8,16,3,134.7375,0.125,0.4375,0.3125,0.125,0,5,0
2559,48,2627.6,23,21,114.24347826086957,0.13043478260869565,0.5652173913043478,0.2608695652173913,0.043478260869565216,0,4,0
5187,32,1276.25,15,82,85.08333333333333,0.26666666666666666,0.4,0.2,0.13333333333333333,0,5,0
2010,32,2285.5,17,5,134.44117647058823,0.23529411764705882,0.4117647058823529,0.23529411764705882,0.11764705882352941,0,4,0
3758,27,3976.25,44,18,90.36931818181819,0.20454545454545456,0.45454545454545453,0.2727272727272727,0.06818181818181818,0,4,3
2668,20,487.25,8,242,60.90625,0.25,0.625,0.125,0.0,0,5,0
3555,24,648.6,6,25,108.10000000000001,0.0,0.0,0.8333333333333334,0.16666666666666666,0,1,2
4681,28,1926.48,22,9,87.56727272727272,0.22727272727272727,0.45454545454545453,0.13636363636363635,0.18181818181818182,0,4,0
3745,18,2590.6,29,5,89.33103448275861,0.13793103448275862,0.5172413793103449,0.27586206896551724,0.06896551724137931,0,4,0
5911,31,237.25,3,243,79.08333333333333,0.0,0.3333333333333333,0.6666666666666666,0.0,0,1,2
2968,42,3693.7,36,15,102.60277777777777,0.2777777777777778,0.2777777777777778,0.3611111111111111,0.08333333333333333,0,4,0
2159,42,2975.35,34,13,87.51029411764705,0.14705882352941177,0.5588235294117647,0.20588235294117646,0.08823529411764706,0,4,0
2304,57,2409.0,24,21,100.375,0.16666666666666666,0.5416666666666666,0.25,0.041666666666666664,0,4,0
3886,54,1333.25,11,173,121.20454545454545,0.09090909090909091,0.5454545454545454,0.18181818181818182,0.18181818181818182,0,5,0
3112,49,1573.95,21,36,74.95,0.38095238095238093,0.5238095238095238,0.047619047619047616,0.047619047619047616,0,5,0
2210,60,2094.68,24,3,87.27833333333332,0.2916666666666667,0.5833333333333334,0.041666666666666664,0.08333333333333333,0,4,0
4864,37,773.0,9,262,85.88888888888889,0.0,0.6666666666666666,0.0,0.3333333333333333,0,5,0
2378,59,6553.47,82,0,79.92036585365854,0.25609756097560976,0.5121951219512195,0.14634146341463414,0.08536585365853659,0,4,3
3133,32,944.37,11,6,85.85181818181819,0.18181818181818182,0.36363636363636365,0.45454545454545453,0.0,0,5,0
3447,40,1189.4,14,26,84.95714285714287,0.21428571428571427,0.5,0.21428571428571427,0.07142857142857142,0,5,0
5241,47,1781.8,20,34,89.09,0.25,0.5,0.15,0.1,0,5,0
4072,40,662.45,7,13,94.63571428571429,0.5714285714285714,0.0,0.14285714285714285,0.2857142857142857,0,0,0
5994,19,2813.3,31,82,90.75161290322582,0.3548387096774194,0.25806451612903225,0.22580645161290322,0.16129032258064516,0,4,0
4527,21,420.75,7,63,60.107142857142854,0.2857142857142857,0.5714285714285714,0.14285714285714285,0.0,0,5,0
2967,43,777.25,6,135,129.54166666666666,0.3333333333333333,0.5,0.0,0.16666666666666666,0,5,0
4563,44,2280.6,21,20,108.6,0.14285714285714285,0.5238095238095238,0.19047619047619047,0.14285714285714285,0,4,0
3520,28,987.38,11,181,89.76181818181819,0.09090909090909091,0.45454545454545453,0.36363636363636365,0.09090909090909091,0,5,0
5464,46,976.3,16,11,61.01875,0.1875,0.4375,0.3125,0.0625,0,5,0
5987,63,6024.15,67,38,89.91268656716417,0.2537313432835821,0.5074626865671642,0.16417910447761194,0.07462686567164178,0,4,3
2976,20,1073.25,13,9,82.5576923076923,0.23076923076923078,0.5384615384615384,0.07692307692307693,0.15384615384615385,0,5,0
3866,45,540.75,8,163,67.59375,0.25,0.5,0.25,0.0,0,5,0
5541,35,5767.65,64,5,90.11953125,0.265625,0.40625,0.296875,0.03125,0,4,3
5191,25,697.0,6,50,116.16666666666667,0.0,0.3333333333333333,0.5,0.16666666666666666,0,5,0
2469,48,1807.63,23,71,78.59260869565217,0.21739130434782608,0.4782608695652174,0.2608695652173913,0.043478260869565216,0,5,0
3511,36,3193.05,46,0,69.4141304347826,0.391304347826087,0.34782608695652173,0.21739130434782608,0.043478260869565216,0,4,0
4410,39,673.05,9,6,74.78333333333333,0.2222222222222222,0.5555555555555556,0.2222222222222222,0.0,0,5,0
4347,35,2101.95,26,50,80.84423076923076,0.38461538461538464,0.46153846153846156,0.07692307692307693,0.07692307692307693,0,4,0
4020,22,40.5,1,717,40.5,1.0,0.0,0.0,0.0,0,0,5
3474,45,404.25,3,445,134.75,0.0,0.6666666666666666,0.3333333333333333,0.0,0,5,1
5033,18,2035.3,25,15,81.41199999999999,0.2,0.64,0.08,0.08,0,4,0
5915,40,2212.8,26,80,85.10769230769232,0.19230769230769232,0.4230769230769231,0.34615384615384615,0.038461538461538464,0,4,0
2063,36,477.4,6,102,79.56666666666666,0.5,0.5,0.0,0.0,0,5,0
5709,22,674.3,10,27,67.42999999999999,0.2,0.6,0.2,0.0,0,5,0
5667,48,2213.05,24,36,92.21041666666667,0.08333333333333333,0.5416666666666666,0.2916666666666667,0.08333333333333333,0,4,0
4277,47,2679.5,24,38,111.64583333333333,0.125,0.4166666666666667,0.3333333333333333,0.125,0,4,0
3480,18,669.95,7,56,95.70714285714287,0.14285714285714285,0.14285714285714285,0.42857142857142855,0.2857142857142857,0,5,0
3280,20,905.0,13,29,69.61538461538461,0.07692307692307693,0.46153846153846156,0.38461538461538464,0.07692307692307693,0,5,0
3832,18,5260.68,61,5,86.24065573770493,0.21311475409836064,0.4918032786885246,0.22950819672131148,0.06557377049180328,0,4,3
4636,33,2230.95,25,12,89.238,0.32,0.4,0.24,0.04,0,4,0
2604,26,1364.05,16,15,85.253125,0.25,0.4375,0.3125,0.0,0,5,0
4882,18,1034.05,6,40,172.34166666666667,0.16666666666666666,0.16666666666666666,0.16666666666666666,0.5,0,3,0
3195,27,662.25,9,28,73.58333333333333,0.2222222222222222,0.3333333333333333,0.4444444444444444,0.0,0,5,0
2729,21,347.7,7,12,49.67142857142857,0.2857142857142857,0.42857142857142855,0.2857142857142857,0.0,0,5,0
4547,46,593.0,9,119,65.88888888888889,0.0,0.7777777777777778,0.2222222222222222,0.0,0,5,1
4328,48,838.45,8,80,104.80625,0.625,0.25,0.0,0.125,0,0,0
4918,29,1289.0,16,27,80.5625,0.0625,0.625,0.25,0.0625,0,5,0
4698,36,1327.58,14,17,94.82714285714285,0.42857142857142855,0.35714285714285715,0.14285714285714285,0.07142857142857142,0,5,0
3527,30,2228.8,21,52,106.13333333333334,0.09523809523809523,0.5714285714285714,0.14285714285714285,0.19047619047619047,0,4,0
4044,36,1967.6,17,59,115.74117647058823,0.4117647058823529,0.29411764705882354,0.11764705882352941,0.17647058823529413,0,5,0
4206,30,167.95,3,29,55.98333333333333,0.6666666666666666,0.3333333333333333,0.0,0.0,0,0,0
5554,27,529.9,10,31,52.989999999999995,0.4,0.4,0.2,0.0,0,5,0
5229,46,2168.1,15,54,144.54,0.26666666666666666,0.4666666666666667,0.06666666666666667,0.2,0,5,0
4064,34,2730.0,27,76,101.11111111111111,0.1111111111111111,0.4074074074074074,0.3333333333333333,0.14814814814814814,0,4,0
2935,32,959.2,11,36,87.2,0.09090909090909091,0.5454545454545454,0.18181818181818182,0.18181818181818182,0,5,0
4971,40,872.5,14,35,62.32142857142857,0.14285714285714285,0.7142857142857143,0.14285714285714285,0.0,0,5,0
4305,18,938.0,10,52,93.8,0.3,0.2,0.4,0.1,0,5,0
3842,23,2178.75,25,9,87.15,0.2,0.6,0.16,0.04,0,4,0
4579,48,1229.35,18,16,68.29722222222222,0.2777777777777778,0.3333333333333333,0.3333333333333333,0.05555555555555555,0,5,0
5722,18,1213.0,12,18,101.08333333333333,0.16666666666666666,0.6666666666666666,0.16666666666666666,0.0,0,5,0
5986,54,1387.27,20,19,69.3635,0.2,0.45,0.25,0.1,0,5,0
5331,35,1218.32,18,51,67.68444444444444,0.3333333333333333,0.6111111111111112,0.05555555555555555,0.0,0,5,0
2281,52,395.5,5,111,79.1,0.4,0.4,0.2,0.0,0,5,0
3887,22,605.25,6,307,100.875,0.16666666666666666,0.3333333333333333,0.3333333333333333,0.16666666666666666,0,5,0
4885,35,1515.05,20,6,75.7525,0.25,0.45,0.25,0.05,0,5,0
4516,43,233.4,4,221,58.35,0.5,0.5,0.0,0.0,0,0,0
2436,34,6702.3,63,7,106.38571428571429,0.20634920634920634,0.5396825396825397,0.12698412698412698,0.12698412698412698,0,4,3
3418,25,1062.4,11,57,96.58181818181819,0.36363636363636365,0.45454545454545453,0.09090909090909091,0.09090909090909091,0,5,0
3138,50,2301.75,28,43,82.20535714285714,0.17857142857142858,0.6071428571428571,0.10714285714285714,0.10714285714285714,0,4,0
3148,50,1619.8,22,91,73.62727272727273,0.22727272727272727,0.36363636363636365,0.3181818181818182,0.09090909090909091,0,5,0
2459,18,712.0,10,132,71.2,0.3,0.4,0.2,0.1,0,5,0
5163,35,1908.7,22,5,86.75909090909092,0.3181818181818182,0.5,0.18181818181818182,0.0,0,4,0
5662,36,2613.9,21,78,124.47142857142858,0.09523809523809523,0.38095238095238093,0.3333333333333333,0.19047619047619047,0,4,0
5280,37,602.5,9,25,66.94444444444444,0.0,0.8888888888888888,0.0,0.1111111111111111,0,5,0
2898,23,1365.3,17,0,80.31176470588235,0.17647058823529413,0.4117647058823529,0.29411764705882354,0.11764705882352941,0,5,0
2300,40,649.9,7,76,92.84285714285714,0.14285714285714285,0.5714285714285714,0.14285714285714285,0.14285714285714285,0,5,0
5317,36,1339.0,10,19,133.9,0.2,0.3,0.4,0.1,0,5,0
3446,51,740.95,11,200,67.35909090909091,0.18181818181818182,0.6363636363636364,0.09090909090909091,0.09090909090909091,0,5,1
2926,26,1140.25,16,5,71.265625,0.4375,0.3125,0.1875,0.0625,0,5,0
2938,24,1436.55,14,85,102.61071428571428,0.21428571428571427,0.6428571428571429,0.07142857142857142,0.07142857142857142,0,5,0
5189,49,2530.8,26,1,97.33846153846154,0.19230769230769232,0.5769230769230769,0.23076923076923078,0.0,0,4,0
2347,39,2314.85,25,13,92.594,0.4,0.32,0.24,0.04,0,4,0
5431,27,5513.9,67,5,82.29701492537313,0.22388059701492538,0.5074626865671642,0.22388059701492538,0.04477611940298507,0,4,3
3230,32,1799.7,19,29,94.72105263157896,0.2631578947368421,0.3157894736842105,0.3157894736842105,0.10526315789473684,0,5,0
5609,38,1552.15,17,2,91.3029411764706,0.11764705882352941,0.5882352941176471,0.17647058823529413,0.11764705882352941,0,5,0
5181,26,1000.75,10,6,100.075,0.2,0.3,0.3,0.2,0,5,0
5595,40,566.0,5,131,113.2,0.2,0.4,0.0,0.4,0,3,0
5766,30,2034.63,17,20,119.68411764705883,0.29411764705882354,0.4117647058823529,0.11764705882352941,0.17647058823529413,0,5,0
5873,49,832.38,9,37,92.48666666666666,0.3333333333333333,0.3333333333333333,0.2222222222222222,0.1111111111111111,0,5,0
3828,36,2259.55,19,4,118.92368421052633,0.10526315789473684,0.42105263157894735,0.47368421052631576,0.0,0,4,0
3239,28,3443.52,40,22,86.088,0.15,0.675,0.075,0.1,0,4,3
2916,19,2883.15,27,52,106.78333333333333,0.2962962962962963,0.3333333333333333,0.18518518518518517,0.18518518518518517,0,4,0
4819,31,92.75,2,226,46.375,0.0,1.0,0.0,0.0,0,5,1
2823,46,912.5,13,47,70.1923076923077,0.46153846153846156,0.38461538461538464,0.15384615384615385,0.0,0,5,0
5260,44,809.5,7,64,115.64285714285714,0.0,0.7142857142857143,0.0,0.2857142857142857,0,5,0
5733,34,638.0,10,62,63.8,0.1,0.6,0.3,0.0,0,5,0
3175,32,1054.7,13,0,81.13076923076923,0.38461538461538464,0.3076923076923077,0.23076923076923078,0.07692307692307693,0,5,0
3290,58,2108.75,30,27,70.29166666666667,0.3,0.5333333333333333,0.13333333333333333,0.03333333333333333,0,4,0
5916,24,1027.0,12,87,85.58333333333333,0.16666666666666666,0.4166666666666667,0.3333333333333333,0.08333333333333333,0,5,0
3093,31,681.05,10,4,68.10499999999999,0.1,0.6,0.2,0.1,0,5,0
2866,38,6088.45,68,0,89.5360294117647,0.2647058823529412,0.4852941176470588,0.19117647058823528,0.058823529411764705,0,4,3
2344,48,2924.35,27,17,108.30925925925925,0.18518518518518517,0.48148148148148145,0.14814814814814814,0.18518518518518517,0,4,0
2278,34,1367.25,13,24,105.17307692307692,0.23076923076923078,0.38461538461538464,0.3076923076923077,0.07692307692307693,0,5,0
4153,32,3263.4,31,28,105.2709677419355,0.12903225806451613,0.5161290322580645,0.2903225806451613,0.06451612903225806,0,4,0
2129,39,264.45,4,229,66.1125,0.5,0.5,0.0,0.0,0,0,0
3821,42,686.25,7,231,98.03571428571429,0.14285714285714285,0.8571428571428571,0.0,0.0,0,5,1
4941,28,1852.75,21,94,88.22619047619048,0.2857142857142857,0.42857142857142855,0.047619047619047616,0.23809523809523808,0,5,0
5313,46,620.9,8,22,77.6125,0.25,0.625,0.125,0.0,0,5,0
3465,38,736.0,10,39,73.6,0.2,0.7,0.0,0.1,0,5,0
5490,40,1080.6,9,11,120.06666666666666,0.1111111111111111,0.5555555555555556,0.2222222222222222,0.1111111111111111,0,5,0
3386,44,2175.98,24,4,90.66583333333334,0.2916666666666667,0.5833333333333334,0.125,0.0,0,4,0
4185,34,1190.25,17,40,70.01470588235294,0.29411764705882354,0.35294117647058826,0.29411764705882354,0.058823529411764705,0,5,0
3542,18,1295.25,14,6,92.51785714285714,0.2857142857142857,0.5,0.14285714285714285,0.07142857142857142,0,5,0
5157,29,1216.45,15,10,81.09666666666666,0.13333333333333333,0.4,0.3333333333333333,0.13333333333333333,0,5,0
3989,32,588.37,9,24,65.37444444444445,0.4444444444444444,0.4444444444444444,0.0,0.1111111111111111,0,5,0
4769,36,1857.37,28,55,66.33464285714285,0.2857142857142857,0.6071428571428571,0.07142857142857142,0.03571428571428571,0,4,0
3361,20,724.0,7,76,103.42857142857143,0.14285714285714285,0.5714285714285714,0.14285714285714285,0.14285714285714285,1,2,4
2724,28,780.55,9,134,86.72777777777777,0.3333333333333333,0.4444444444444444,0.1111111111111111,0.1111111111111111,1,2,4
5617,20,806.0,7,110,115.14285714285714,0.14285714285714285,0.42857142857142855,0.2857142857142857,0.14285714285714285,1,2,4
5752,18,1865.0,15,3,124.33333333333333,0.13333333333333333,0.3333333333333333,0.4,0.13333333333333333,0,5,0
3613,36,1679.2,23,50,73.00869565217391,0.21739130434782608,0.6086956521739131,0.13043478260869565,0.043478260869565216,0,5,0
5185,25,1608.25,17,0,94.6029411764706,0.17647058823529413,0.5882352941176471,0.11764705882352941,0.11764705882352941,0,5,0
5214,41,1115.5,8,379,139.4375,0.375,0.25,0.125,0.25,0,3,0
5194,35,241.0,3,74,80.33333333333333,0.0,0.6666666666666666,0.3333333333333333,0.0,0,5,0
4148,35,245.0,4,371,61.25,0.75,0.0,0.25,0.0,1,0,5
2499,31,1235.1,19,17,65.00526315789473,0.2631578947368421,0.631578947368421,0.10526315789473684,0.0,0,5,0
5718,36,2428.3,26,4,93.39615384615385,0.19230769230769232,0.46153846153846156,0.19230769230769232,0.15384615384615385,0,4,0
2973,18,1548.0,15,27,103.2,0.2,0.13333333333333333,0.6,0.06666666666666667,1,2,4
3356,25,1885.5,23,3,81.97826086956522,0.13043478260869565,0.6956521739130435,0.17391304347826086,0.0,0,5,0
3576,48,760.0,10,30,76.0,0.1,0.6,0.2,0.1,0,5,0
2191,29,634.4,12,7,52.86666666666667,0.16666666666666666,0.5833333333333334,0.25,0.0,1,2,4
4523,42,3108.1,34,25,91.41470588235293,0.38235294117647056,0.4411764705882353,0.11764705882352941,0.058823529411764705,0,4,0
3177,34,2337.45,25,23,93.49799999999999,0.16,0.4,0.4,0.04,1,4,4
2309,46,742.5,9,145,82.5,0.0,0.6666666666666666,0.1111111111111111,0.2222222222222222,1,2,1
3236,27,6999.63,77,7,90.90428571428572,0.24675324675324675,0.4935064935064935,0.16883116883116883,0.09090909090909091,0,4,3
3689,29,142.0,3,236,47.333333333333336,0.0,1.0,0.0,0.0,0,5,1
5869,23,424.25,7,27,60.607142857142854,0.14285714285714285,0.5714285714285714,0.2857142857142857,0.0,1,2,4
5443,20,2805.88,24,34,116.91166666666668,0.041666666666666664,0.7083333333333334,0.20833333333333334,0.041666666666666664,0,4,0
5459,24,1746.1,21,8,83.14761904761905,0.2857142857142857,0.38095238095238093,0.19047619047619047,0.14285714285714285,1,2,4
2689,18,2706.88,30,20,90.22933333333334,0.23333333333333334,0.4666666666666667,0.13333333333333333,0.16666666666666666,0,4,0
4189,23,3597.68,35,29,102.79085714285713,0.17142857142857143,0.45714285714285713,0.2,0.17142857142857143,0,4,0
5003,31,753.0,5,283,150.6,0.4,0.4,0.2,0.0,0,5,0
2004,25,820.4,10,71,82.03999999999999,0.3,0.4,0.2,0.1,0,5,0
3962,18,694.5,9,91,77.16666666666667,0.2222222222222222,0.7777777777777778,0.0,0.0,0,5,0
2737,57,602.0,10,30,60.2,0.1,0.6,0.2,0.1,0,5,0
3901,33,181.0,3,588,60.333333333333336,0.3333333333333333,0.6666666666666666,0.0,0.0,1,2,5
5614,27,1324.57,17,5,77.91588235294117,0.23529411764705882,0.4117647058823529,0.35294117647058826,0.0,1,2,4
3765,24,1547.5,16,35,96.71875,0.125,0.5625,0.1875,0.125,0,5,0
3700,41,1494.75,11,8,135.88636363636363,0.09090909090909091,0.36363636363636365,0.2727272727272727,0.2727272727272727,1,2,4
2131,38,2968.0,26,19,114.15384615384616,0.2692307692307692,0.4230769230769231,0.3076923076923077,0.0,1,4,4
5471,28,927.25,14,5,66.23214285714286,0.14285714285714285,0.7142857142857143,0.07142857142857142,0.07142857142857142,0,5,0
5136,45,1369.25,12,24,114.10416666666667,0.3333333333333333,0.5833333333333334,0.0,0.08333333333333333,1,2,4
2324,23,2065.95,26,6,79.45961538461538,0.15384615384615385,0.5769230769230769,0.23076923076923078,0.038461538461538464,1,2,4
2530,30,891.4,18,16,49.52222222222222,0.2222222222222222,0.5,0.2777777777777778,0.0,0,5,0
2672,22,1167.9,17,28,68.7,0.11764705882352941,0.47058823529411764,0.29411764705882354,0.11764705882352941,1,2,4
4032,33,1576.45,19,0,82.97105263157896,0.3157894736842105,0.42105263157894735,0.15789473684210525,0.10526315789473684,0,5,0
5488,21,2062.0,14,3,147.28571428571428,0.14285714285714285,0.5714285714285714,0.2857142857142857,0.0,0,5,0
5630,32,868.88,9,126,96.54222222222222,0.3333333333333333,0.3333333333333333,0.2222222222222222,0.1111111111111111,0,5,0
4615,52,1239.4,12,7,103.28333333333335,0.16666666666666666,0.5833333333333334,0.16666666666666666,0.08333333333333333,0,5,0
4238,44,24.0,1,707,24.0,1.0,0.0,0.0,0.0,1,0,5
3212,37,1109.3,16,19,69.33125,0.25,0.5,0.1875,0.0625,0,5,0
5862,31,834.75,10,28,83.475,0.1,0.5,0.4,0.0,1,2,4
4928,46,482.2,7,54,68.88571428571429,0.2857142857142857,0.42857142857142855,0.2857142857142857,0.0,1,2,4
3035,34,612.5,6,39,102.08333333333333,0.16666666666666666,0.5,0.3333333333333333,0.0,0,5,0
2485,27,271.0,5,9,54.2,0.2,0.4,0.4,0.0,0,5,0
5450,34,1760.05,24,10,73.33541666666666,0.25,0.4166666666666667,0.2916666666666667,0.041666666666666664,0,4,0
2016,39,1160.0,11,5,105.45454545454545,0.36363636363636365,0.18181818181818182,0.2727272727272727,0.18181818181818182,0,5,0
3528,56,1787.5,15,19,119.16666666666667,0.13333333333333333,0.4666666666666667,0.26666666666666666,0.13333333333333333,1,2,4
3269,32,2201.2,31,4,71.00645161290322,0.1935483870967742,0.4838709677419355,0.25806451612903225,0.06451612903225806,1,4,4
2944,43,1787.65,17,0,105.15588235294118,0.058823529411764705,0.5294117647058824,0.35294117647058826,0.058823529411764705,0,5,0
3847,34,814.15,11,141,74.01363636363637,0.18181818181818182,0.8181818181818182,0.0,0.0,0,5,0
4251,37,32.0,1,706,32.0,1.0,0.0,0.0,0.0,0,0,5
2270,38,1105.4,12,2,92.11666666666667,0.08333333333333333,0.3333333333333333,0.5,0.08333333333333333,1,2,4
4762,44,1873.0,19,25,98.57894736842105,0.42105263157894735,0.3684210526315789,0.15789473684210525,0.05263157894736842,0,5,0
5312,41,853.3,13,46,65.63846153846154,0.15384615384615385,0.6923076923076923,0.07692307692307693,0.07692307692307693,0,5,0
2134,37,973.42,16,32,60.83875,0.3125,0.375,0.3125,0.0,0,5,0
4943,55,2619.1,34,6,77.03235294117647,0.11764705882352941,0.35294117647058826,0.4411764705882353,0.08823529411764706,1,4,4
3588,50,1377.1,14,54,98.36428571428571,0.21428571428571427,0.42857142857142855,0.35714285714285715,0.0,1,2,4
4373,49,2789.0,25,140,111.56,0.28,0.52,0.04,0.16,0,4,0
5929,38,1852.5,25,19,74.1,0.24,0.52,0.2,0.04,0,4,0
2154,26,2004.75,23,15,87.16304347826087,0.2608695652173913,0.5652173913043478,0.13043478260869565,0.043478260869565216,1,2,4
4694,33,735.0,5,133,147.0,0.0,0.6,0.2,0.2,0,5,0
4077,27,1302.25,11,59,118.38636363636364,0.09090909090909091,0.5454545454545454,0.36363636363636365,0.0,0,5,0
2291,49,241.6,5,138,48.32,0.4,0.4,0.2,0.0,0,5,0
4651,53,1208.5,11,58,109.86363636363636,0.18181818181818182,0.45454545454545453,0.2727272727272727,0.09090909090909091,0,5,0
4771,50,557.5,7,39,79.64285714285714,0.0,0.7142857142857143,0.14285714285714285,0.14285714285714285,0,5,0
4542,36,1063.75,10,69,106.375,0.5,0.4,0.1,0.0,0,5,0
3786,19,2608.85,21,51,124.23095238095237,0.3333333333333333,0.42857142857142855,0.14285714285714285,0.09523809523809523,1,4,4
4743,41,1871.8,22,5,85.08181818181818,0.18181818181818182,0.4090909090909091,0.3181818181818182,0.09090909090909091,0,4,0
4232,20,1854.6,17,31,109.09411764705882,0.29411764705882354,0.29411764705882354,0.35294117647058826,0.058823529411764705,1,2,4
4457,32,535.0,8,11,66.875,0.0,0.5,0.375,0.125,0,5,0
3416,32,759.9,9,74,84.43333333333334,0.1111111111111111,0.5555555555555556,0.2222222222222222,0.1111111111111111,0,5,0
4163,18,628.5,7,39,89.78571428571429,0.42857142857142855,0.2857142857142857,0.14285714285714285,0.14285714285714285,1,2,4
3355,43,149.5,4,404,37.375,0.5,0.5,0.0,0.0,0,0,5
2322,22,1161.7,14,16,82.97857142857143,0.35714285714285715,0.2857142857142857,0.2857142857142857,0.07142857142857142,0,5,0
4833,18,425.0,5,145,85.0,0.2,0.6,0.0,0.2,1,2,4
5598,20,749.9,9,167,83.32222222222222,0.3333333333333333,0.4444444444444444,0.2222222222222222,0.0,0,5,0
4239,34,900.38,9,0,100.04222222222222,0.1111111111111111,0.5555555555555556,0.3333333333333333,0.0,0,5,0
4585,18,2374.1,29,66,81.86551724137931,0.2413793103448276,0.27586206896551724,0.41379310344827586,0.06896551724137931,0,4,0
3415,35,1130.2,17,40,66.48235294117647,0.23529411764705882,0.4117647058823529,0.29411764705882354,0.058823529411764705,0,5,0
4618,43,2293.58,29,14,79.08896551724138,0.3448275862068966,0.41379310344827586,0.10344827586206896,0.13793103448275862,1,4,4
3980,25,515.8,7,71,73.68571428571428,0.42857142857142855,0.14285714285714285,0.42857142857142855,0.0,0,0,0
5707,42,2842.25,27,18,105.26851851851852,0.18518518518518517,0.48148148148148145,0.18518518518518517,0.14814814814814814,0,4,0
5413,34,353.0,4,330,88.25,0.25,0.5,0.25,0.0,1,2,4
2370,38,835.55,9,109,92.83888888888889,0.4444444444444444,0.5555555555555556,0.0,0.0,1,2,4
4574,23,2224.75,20,1,111.2375,0.2,0.35,0.25,0.2,0,4,0
3835,18,2010.4,25,67,80.416,0.16,0.4,0.36,0.08,0,4,0
3134,42,1226.15,18,18,68.11944444444445,0.2777777777777778,0.2777777777777778,0.3333333333333333,0.1111111111111111,0,5,0
2255,49,2354.5,17,9,138.5,0.23529411764705882,0.17647058823529413,0.4117647058823529,0.17647058823529413,0,4,0
4123,43,1267.0,11,0,115.18181818181819,0.36363636363636365,0.2727272727272727,0.2727272727272727,0.09090909090909091,0,5,0
2658,37,1352.25,30,9,45.075,0.3,0.4666666666666667,0.2,0.03333333333333333,1,2,4
5005,35,1043.15,14,22,74.51071428571429,0.35714285714285715,0.2857142857142857,0.21428571428571427,0.14285714285714285,1,2,4
3017,29,2050.0,17,16,120.58823529411765,0.29411764705882354,0.5882352941176471,0.0,0.11764705882352941,0,5,0
3258,47,351.8,4,316,87.95,0.25,0.25,0.5,0.0,1,2,4
2797,44,2122.1,15,8,141.47333333333333,0.13333333333333333,0.4666666666666667,0.2,0.2,0,5,0
4752,18,349.0,6,129,58.166666666666664,0.3333333333333333,0.5,0.0,0.16666666666666666,1,2,4
5273,42,1577.7,22,43,71.71363636363637,0.09090909090909091,0.5909090909090909,0.3181818181818182,0.0,1,2,4
2376,44,1239.0,12,9,103.25,0.08333333333333333,0.5,0.3333333333333333,0.08333333333333333,0,5,0
5650,28,1969.03,22,69,89.50136363636364,0.2727272727272727,0.4090909090909091,0.18181818181818182,0.13636363636363635,0,4,0
3009,34,4430.35,46,27,96.31195652173913,0.2826086956521739,0.3695652173913043,0.21739130434782608,0.13043478260869565,0,4,3
5401,33,4637.45,50,4,92.749,0.2,0.46,0.26,0.08,0,4,3
2572,38,814.55,13,88,62.6576923076923,0.3076923076923077,0.46153846153846156,0.15384615384615385,0.07692307692307693,0,5,0
5671,36,372.5,5,283,74.5,0.4,0.4,0.2,0.0,0,5,0
5859,26,1896.55,22,47,86.20681818181818,0.2727272727272727,0.36363636363636365,0.3181818181818182,0.045454545454545456,0,4,0
3261,29,2583.1,32,1,80.721875,0.15625,0.46875,0.3125,0.0625,0,4,0
4521,26,567.5,6,89,94.58333333333333,0.16666666666666666,0.5,0.0,0.3333333333333333,0,5,0
5252,30,2260.0,22,7,102.72727272727273,0.22727272727272727,0.5454545454545454,0.18181818181818182,0.045454545454545456,1,2,4
3189,30,345.25,5,250,69.05,0.2,0.6,0.2,0.0,1,2,4
4790,21,735.0,9,31,81.66666666666667,0.2222222222222222,0.3333333333333333,0.4444444444444444,0.0,1,2,4
2307,54,715.5,5,36,143.1,0.0,0.8,0.2,0.0,0,5,0
2119,72,937.3,9,61,104.14444444444445,0.0,0.4444444444444444,0.3333333333333333,0.2222222222222222,0,5,0
5529,26,1046.05,13,58,80.46538461538461,0.46153846153846156,0.38461538461538464,0.0,0.15384615384615385,0,5,0
5295,34,1420.0,16,4,88.75,0.3125,0.375,0.3125,0.0,0,5,0
5137,38,1034.6,13,36,79.58461538461538,0.23076923076923078,0.6153846153846154,0.15384615384615385,0.0,1,2,1
3367,27,1248.0,6,238,208.0,0.3333333333333333,0.16666666666666666,0.3333333333333333,0.16666666666666666,1,3,4
2764,34,1185.5,14,148,84.67857142857143,0.35714285714285715,0.42857142857142855,0.14285714285714285,0.07142857142857142,1,2,4
3916,56,861.3,12,79,71.77499999999999,0.3333333333333333,0.5,0.16666666666666666,0.0,0,5,0
2008,27,1781.77,17,6,104.81,0.29411764705882354,0.6470588235294118,0.0,0.058823529411764705,1,2,4
3497,50,1322.25,14,10,94.44642857142857,0.21428571428571427,0.5714285714285714,0.21428571428571427,0.0,1,2,4
5880,18,3395.1,42,9,80.83571428571429,0.23809523809523808,0.42857142857142855,0.30952380952380953,0.023809523809523808,1,4,3
4413,18,3021.75,24,11,125.90625,0.08333333333333333,0.5833333333333334,0.16666666666666666,0.16666666666666666,0,4,0
5076,23,3417.75,28,18,122.0625,0.17857142857142858,0.6071428571428571,0.10714285714285714,0.10714285714285714,1,4,4
5896,36,1396.25,17,6,82.13235294117646,0.23529411764705882,0.35294117647058826,0.35294117647058826,0.058823529411764705,0,5,0
2880,51,1315.65,19,92,69.24473684210527,0.10526315789473684,0.42105263157894735,0.3684210526315789,0.10526315789473684,1,2,4
5126,39,2962.6,36,16,82.29444444444444,0.3333333333333333,0.3333333333333333,0.3055555555555556,0.027777777777777776,0,4,0
3818,18,295.5,7,221,42.214285714285715,0.2857142857142857,0.5714285714285714,0.14285714285714285,0.0,0,5,0
4996,23,1353.3,19,39,71.22631578947369,0.10526315789473684,0.5789473684210527,0.3157894736842105,0.0,1,2,4
2939,18,704.3,9,182,78.25555555555555,0.3333333333333333,0.4444444444444444,0.1111111111111111,0.1111111111111111,1,2,4
2518,48,2376.3,20,0,118.81500000000001,0.2,0.55,0.2,0.05,0,4,0
2080,33,1312.8,16,61,82.05,0.25,0.4375,0.3125,0.0,0,5,0
3995,44,637.0,6,40,106.16666666666667,0.0,0.5,0.16666666666666666,0.3333333333333333,1,2,4
5226,38,399.75,7,222,57.107142857142854,0.14285714285714285,0.5714285714285714,0.2857142857142857,0.0,0,5,1
5885,33,1624.45,20,6,81.2225,0.35,0.35,0.25,0.05,1,2,4
3761,46,1017.5,10,4,101.75,0.2,0.4,0.3,0.1,0,5,0
3389,37,2700.58,32,4,84.393125,0.34375,0.53125,0.125,0.0,1,4,4
4910,34,1605.55,17,77,94.44411764705882,0.23529411764705882,0.5294117647058824,0.058823529411764705,0.17647058823529413,0,5,0
4898,27,170.0,4,91,42.5,0.75,0.25,0.0,0.0,1,0,4
5967,42,1774.5,25,19,70.98,0.2,0.68,0.12,0.0,0,5,0
2353,24,1085.55,15,37,72.36999999999999,0.26666666666666666,0.4,0.2,0.13333333333333333,1,2,4
4961,36,424.0,3,248,141.33333333333334,0.0,0.3333333333333333,0.6666666666666666,0.0,0,1,2
2292,30,2775.5,23,5,120.67391304347827,0.2608695652173913,0.43478260869565216,0.13043478260869565,0.17391304347826086,0,4,0
5430,18,1039.3,11,153,94.48181818181818,0.2727272727272727,0.36363636363636365,0.18181818181818182,0.18181818181818182,1,2,4
2319,43,3051.2,37,7,82.46486486486486,0.21621621621621623,0.5135135135135135,0.16216216216216217,0.10810810810810811,1,4,4
3296,23,1000.0,15,40,66.66666666666667,0.4,0.4666666666666667,0.13333333333333333,0.0,0,5,0
5833,41,705.75,12,224,58.8125,0.25,0.3333333333333333,0.25,0.16666666666666666,0,5,0
2756,25,1149.5,12,134,95.79166666666667,0.3333333333333333,0.5,0.16666666666666666,0.0,0,5,0
4661,49,914.0,9,213,101.55555555555556,0.2222222222222222,0.3333333333333333,0.3333333333333333,0.1111111111111111,0,5,0
5278,34,773.05,12,4,64.42083333333333,0.3333333333333333,0.3333333333333333,0.25,0.08333333333333333,1,2,4
5842,18,1510.25,21,4,71.91666666666667,0.19047619047619047,0.5714285714285714,0.14285714285714285,0.09523809523809523,1,2,4
5714,43,1172.35,14,32,83.73928571428571,0.5714285714285714,0.21428571428571427,0.14285714285714285,0.07142857142857142,0,0,0
2762,39,1912.0,22,1,86.9090909090909,0.2727272727272727,0.3181818181818182,0.4090909090909091,0.0,1,2,4
5845,56,1274.8,14,70,91.05714285714285,0.35714285714285715,0.42857142857142855,0.14285714285714285,0.07142857142857142,1,2,4
3961,28,908.75,11,36,82.61363636363636,0.09090909090909091,0.6363636363636364,0.18181818181818182,0.09090909090909091,0,5,0
5133,19,1227.95,14,17,87.71071428571429,0.21428571428571427,0.42857142857142855,0.21428571428571427,0.14285714285714285,0,5,0
2854,28,238.38,4,357,59.595,0.25,0.75,0.0,0.0,0,5,1
4159,43,331.5,7,121,47.357142857142854,0.42857142857142855,0.5714285714285714,0.0,0.0,0,5,0
4478,51,1714.9,15,27,114.32666666666667,0.3333333333333333,0.3333333333333333,0.2,0.13333333333333333,1,2,4
5093,26,1176.2,10,30,117.62,0.1,0.7,0.1,0.1,0,5,0
2205,31,1131.6,13,7,87.04615384615384,0.3076923076923077,0.6923076923076923,0.0,0.0,0,5,0
2761,19,1232.7,11,39,112.06363636363636,0.7272727272727273,0.0,0.18181818181818182,0.09090909090909091,1,0,4
2592,39,1109.75,10,37,110.975,0.2,0.5,0.2,0.1,1,2,4
4084,52,2552.55,24,28,106.35625,0.20833333333333334,0.5416666666666666,0.20833333333333334,0.041666666666666664,0,4,0
3640,37,4473.32,53,17,84.4022641509434,0.32075471698113206,0.39622641509433965,0.20754716981132076,0.07547169811320754,0,4,3
2067,27,592.5,7,266,84.64285714285714,0.14285714285714285,0.7142857142857143,0.14285714285714285,0.0,0,5,1
4098,30,1535.75,22,9,69.80681818181819,0.2727272727272727,0.5454545454545454,0.13636363636363635,0.045454545454545456,0,5,0
5507,31,2813.13,23,11,122.31,0.21739130434782608,0.4782608695652174,0.21739130434782608,0.08695652173913043,1,4,4
4956,30,540.0,2,432,270.0,0.0,0.0,0.0,1.0,1,3,0
3264,18,1167.5,13,1,89.8076923076923,0.23076923076923078,0.38461538461538464,0.15384615384615385,0.23076923076923078,1,2,4
4735,20,2686.76,27,13,99.50962962962964,0.2962962962962963,0.3333333333333333,0.2962962962962963,0.07407407407407407,0,4,0
5940,43,1331.45,17,67,78.32058823529412,0.29411764705882354,0.5882352941176471,0.058823529411764705,0.058823529411764705,1,2,4
2564,40,234.4,4,440,58.6,0.25,0.5,0.25,0.0,1,2,2
3605,35,242.25,3,399,80.75,0.3333333333333333,0.6666666666666666,0.0,0.0,0,5,5
5012,18,663.5,7,31,94.78571428571429,0.5714285714285714,0.42857142857142855,0.0,0.0,0,5,0
2851,35,648.0,11,32,58.90909090909091,0.18181818181818182,0.45454545454545453,0.36363636363636365,0.0,0,5,0
5732,21,2424.12,28,34,86.57571428571428,0.35714285714285715,0.25,0.32142857142857145,0.07142857142857142,1,4,4
4787,29,2234.58,22,48,101.57181818181817,0.3181818181818182,0.4090909090909091,0.13636363636363635,0.13636363636363635,0,4,0
5719,34,2045.08,17,32,120.29882352941176,0.29411764705882354,0.5294117647058824,0.0,0.17647058823529413,1,2,4
4751,35,170.0,2,285,85.0,0.0,0.5,0.5,0.0,0,5,2
3174,46,358.1,5,124,71.62,0.6,0.0,0.2,0.2,1,0,4
5209,31,962.5,9,10,106.94444444444444,0.2222222222222222,0.4444444444444444,0.3333333333333333,0.0,0,5,0
5071,37,399.2,6,167,66.53333333333333,0.3333333333333333,0.16666666666666666,0.5,0.0,1,2,4
3622,25,1604.0,15,37,106.93333333333334,0.0,0.7333333333333333,0.13333333333333333,0.13333333333333333,1,2,4
3309,26,1991.75,20,82,99.5875,0.2,0.5,0.15,0.15,1,2,4
3202,47,1315.5,11,38,119.5909090909091,0.36363636363636365,0.2727272727272727,0.18181818181818182,0.18181818181818182,1,2,4
5311,46,2057.0,21,5,97.95238095238095,0.19047619047619047,0.5238095238095238,0.14285714285714285,0.14285714285714285,1,2,4
3011,36,506.0,9,23,56.22222222222222,0.2222222222222222,0.4444444444444444,0.1111111111111111,0.2222222222222222,0,5,0
2734,35,755.12,9,76,83.90222222222222,0.4444444444444444,0.4444444444444444,0.1111111111111111,0.0,0,5,0
4486,27,1725.55,20,31,86.2775,0.05,0.65,0.2,0.1,1,2,4
4969,38,1968.15,20,4,98.4075,0.35,0.45,0.15,0.05,1,2,4
2691,26,2086.25,28,10,74.50892857142857,0.17857142857142858,0.5,0.2857142857142857,0.03571428571428571,1,4,4
4949,34,723.0,9,244,80.33333333333333,0.3333333333333333,0.4444444444444444,0.2222222222222222,0.0,1,2,4
5572,34,174.5,4,247,43.625,0.0,0.75,0.25,0.0,1,2,1
3983,38,714.35,9,16,79.37222222222222,0.3333333333333333,0.4444444444444444,0.2222222222222222,0.0,0,5,0
3065,37,600.0,5,155,120.0,0.0,0.8,0.2,0.0,1,2,1
3206,52,2294.13,27,1,84.96777777777778,0.25925925925925924,0.4074074074074074,0.2222222222222222,0.1111111111111111,1,4,4
4639,32,167.75,3,212,55.916666666666664,0.3333333333333333,0.6666666666666666,0.0,0.0,0,5,0
4649,46,784.4,10,255,78.44,0.4,0.1,0.4,0.1,1,2,4
3856,18,653.0,5,92,130.6,0.2,0.6,0.2,0.0,1,2,4
2909,19,1767.95,21,8,84.18809523809524,0.2857142857142857,0.47619047619047616,0.14285714285714285,0.09523809523809523,1,2,4
3057,31,1703.75,22,10,77.44318181818181,0.13636363636363635,0.5909090909090909,0.18181818181818182,0.09090909090909091,1,2,4
2443,21,2459.5,30,34,81.98333333333333,0.1,0.5666666666666667,0.3333333333333333,0.0,1,4,4
5115,39,1181.2,19,36,62.16842105263158,0.3684210526315789,0.21052631578947367,0.42105263157894735,0.0,0,5,0
4191,27,2974.87,28,12,106.24535714285715,0.2857142857142857,0.35714285714285715,0.14285714285714285,0.21428571428571427,1,4,4
2535,31,379.9,6,201,63.31666666666666,0.16666666666666666,0.3333333333333333,0.5,0.0,0,5,2
3870,18,344.0,5,64,68.8,0.2,0.4,0.4,0.0,1,2,4
3861,44,195.0,3,383,65.0,0.0,0.0,1.0,0.0,1,1,2
3434,18,536.0,5,124,107.2,0.2,0.2,0.4,0.2,0,5,0
5705,27,604.0,5,71,120.8,0.2,0.6,0.0,0.2,0,5,0
2243,19,1738.55,22,43,79.02499999999999,0.18181818181818182,0.5,0.22727272727272727,0.09090909090909091,1,2,4
4505,27,855.65,13,55,65.81923076923077,0.3076923076923077,0.46153846153846156,0.23076923076923078,0.0,1,2,4
5569,37,127.0,3,378,42.333333333333336,0.3333333333333333,0.3333333333333333,0.3333333333333333,0.0,1,2,2
2784,24,511.5,6,7,85.25,0.5,0.3333333333333333,0.16666666666666666,0.0,0,5,0
3023,48,291.0,3,96,97.0,0.0,0.3333333333333333,0.6666666666666666,0.0,1,1,2
5680,55,1931.25,19,5,101.64473684210526,0.15789473684210525,0.47368421052631576,0.2631578947368421,0.10526315789473684,1,2,4
2545,38,289.6,4,235,72.4,0.5,0.5,0.0,0.0,0,0,0
2950,28,1125.5,14,104,80.39285714285714,0.07142857142857142,0.7142857142857143,0.14285714285714285,0.07142857142857142,1,2,4
5449,33,1420.45,20,4,71.02250000000001,0.1,0.7,0.2,0.0,1,2,4
4364,26,1761.25,17,1,103.6029411764706,0.17647058823529413,0.47058823529411764,0.23529411764705882,0.11764705882352941,1,2,4
4388,38,2781.3,21,5,132.44285714285715,0.23809523809523808,0.5714285714285714,0.14285714285714285,0.047619047619047616,1,4,4
5504,19,1473.0,14,33,105.21428571428571,0.07142857142857142,0.5714285714285714,0.2857142857142857,0.07142857142857142,0,5,0
5506,18,1242.75,17,46,73.1029411764706,0.11764705882352941,0.5882352941176471,0.17647058823529413,0.11764705882352941,1,2,4
3545,18,448.0,7,75,64.0,0.0,0.42857142857142855,0.42857142857142855,0.14285714285714285,1,2,4
2349,34,189.0,3,58,63.0,0.3333333333333333,0.3333333333333333,0.0,0.3333333333333333,0,5,0
4880,48,3176.25,26,67,122.16346153846153,0.11538461538461539,0.5769230769230769,0.23076923076923078,0.07692307692307693,1,4,4
5881,18,252.75,6,19,42.125,0.16666666666666666,0.6666666666666666,0.16666666666666666,0.0,1,2,4
3274,24,948.9,11,50,86.26363636363637,0.18181818181818182,0.7272727272727273,0.09090909090909091,0.0,1,2,4
5561,30,5432.38,55,9,98.77054545454546,0.23636363636363636,0.4727272727272727,0.2,0.09090909090909091,0,4,3
2546,21,1120.6,9,48,124.5111111111111,0.1111111111111111,0.4444444444444444,0.4444444444444444,0.0,0,5,0
3661,23,1323.0,10,39,132.3,0.0,0.6,0.3,0.1,1,2,4
5244,35,609.0,9,69,67.66666666666667,0.4444444444444444,0.4444444444444444,0.0,0.1111111111111111,1,2,4
2574,18,2020.22,23,28,87.83565217391305,0.13043478260869565,0.5217391304347826,0.21739130434782608,0.13043478260869565,0,4,0
3779,18,419.5,5,124,83.9,0.0,0.6,0.4,0.0,0,5,0
2806,20,658.5,6,115,109.75,0.0,1.0,0.0,0.0,1,2,1
3013,32,2258.1,28,48,80.64642857142857,0.35714285714285715,0.32142857142857145,0.25,0.07142857142857142,0,4,0
3532,42,1082.0,9,63,120.22222222222223,0.5555555555555556,0.0,0.2222222222222222,0.2222222222222222,0,0,0
2924,22,585.0,6,42,97.5,0.0,0.6666666666666666,0.0,0.3333333333333333,1,2,4
4441,28,937.22,13,2,72.09384615384616,0.46153846153846156,0.15384615384615385,0.3076923076923077,0.07692307692307693,1,2,4
4584,42,1218.8,14,95,87.05714285714285,0.21428571428571427,0.5,0.21428571428571427,0.07142857142857142,1,2,4
5050,24,1350.65,19,46,71.08684210526316,0.3157894736842105,0.47368421052631576,0.10526315789473684,0.10526315789473684,1,2,4
4839,33,2541.9,21,10,121.04285714285714,0.19047619047619047,0.42857142857142855,0.09523809523809523,0.2857142857142857,0,4,0
4662,31,1687.5,12,1,140.625,0.16666666666666666,0.3333333333333333,0.25,0.25,0,5,0
4614,20,1169.25,16,26,73.078125,0.125,0.4375,0.1875,0.25,1,2,4
5077,29,190.0,2,566,95.0,0.0,0.5,0.5,0.0,0,1,2
4144,34,1153.0,17,130,67.82352941176471,0.17647058823529413,0.5882352941176471,0.23529411764705882,0.0,0,5,0
4748,42,487.75,5,347,97.55,0.0,0.6,0.4,0.0,0,5,1
2175,18,1995.0,22,23,90.68181818181819,0.3181818181818182,0.4090909090909091,0.18181818181818182,0.09090909090909091,0,4,0
3717,40,858.25,9,113,95.36111111111111,0.0,0.6666666666666666,0.2222222222222222,0.1111111111111111,1,2,1
3879,53,2301.45,24,8,95.89375,0.20833333333333334,0.4166666666666667,0.25,0.125,1,4,4
4572,28,681.25,6,41,113.54166666666667,0.16666666666666666,0.3333333333333333,0.16666666666666666,0.3333333333333333,0,5,0
3331,47,119.38,3,571,39.79333333333333,0.6666666666666666,0.3333333333333333,0.0,0.0,1,0,5
2183,20,1381.15,17,5,81.24411764705883,0.17647058823529413,0.5294117647058824,0.17647058823529413,0.11764705882352941,1,2,4
4053,32,2130.6,29,7,73.46896551724137,0.1724137931034483,0.6206896551724138,0.1724137931034483,0.034482758620689655,0,4,0
4246,43,1802.3,23,0,78.36086956521739,0.17391304347826086,0.43478260869565216,0.21739130434782608,0.17391304347826086,0,4,0
3445,55,457.5,3,338,152.5,0.0,0.3333333333333333,0.3333333333333333,0.3333333333333333,0,3,0
5465,18,109.3,3,37,36.43333333333333,0.3333333333333333,0.3333333333333333,0.3333333333333333,0.0,1,2,4
4100,50,7824.2,65,0,120.37230769230769,0.15384615384615385,0.46153846153846156,0.23076923076923078,0.15384615384615385,1,4,3
5420,53,1406.65,20,36,70.33250000000001,0.3,0.45,0.15,0.1,0,5,0
5251,26,1777.0,24,21,74.04166666666667,0.375,0.5,0.08333333333333333,0.041666666666666664,0,4,0
3928,46,4472.6,43,14,104.0139534883721,0.23255813953488372,0.5116279069767442,0.11627906976744186,0.13953488372093023,1,4,3
2981,27,4051.4,45,2,90.03111111111112,0.17777777777777778,0.4444444444444444,0.3111111111111111,0.06666666666666667,0,4,3
3234,34,367.5,4,242,91.875,0.25,0.75,0.0,0.0,1,2,4
4945,26,758.0,7,279,108.28571428571429,0.14285714285714285,0.42857142857142855,0.0,0.42857142857142855,0,3,0
5494,27,180.5,5,0,36.1,0.2,0.4,0.4,0.0,1,2,4
5637,26,566.0,6,212,94.33333333333333,0.0,0.6666666666666666,0.3333333333333333,0.0,0,5,1
3559,41,684.5,8,72,85.5625,0.125,0.375,0.5,0.0,0,5,0
3509,30,1139.75,13,79,87.67307692307692,0.23076923076923078,0.46153846153846156,0.23076923076923078,0.07692307692307693,0,5,0
4724,39,1770.77,24,28,73.78208333333333,0.25,0.5833333333333334,0.125,0.041666666666666664,0,5,0
4977,34,993.25,13,24,76.40384615384616,0.15384615384615385,0.5384615384615384,0.23076923076923078,0.07692307692307693,0,5,0
2188,52,1683.75,13,53,129.51923076923077,0.07692307692307693,0.38461538461538464,0.3076923076923077,0.23076923076923078,0,5,0
4074,35,1155.75,16,23,72.234375,0.1875,0.625,0.1875,0.0,0,5,0
3736,46,666.6,6,43,111.10000000000001,0.16666666666666666,0.5,0.16666666666666666,0.16666666666666666,0,5,0
4520,34,302.5,6,61,50.416666666666664,0.0,0.5,0.5,0.0,1,2,2
4000,49,1161.75,15,65,77.45,0.2,0.5333333333333333,0.2,0.06666666666666667,1,2,4
4391,46,1177.75,18,28,65.43055555555556,0.3888888888888889,0.3888888888888889,0.16666666666666666,0.05555555555555555,0,5,0
2025,28,599.75,7,90,85.67857142857143,0.0,0.8571428571428571,0.14285714285714285,0.0,0,5,0
5109,18,136.5,2,381,68.25,0.5,0.0,0.0,0.5,1,3,0
3812,19,210.0,5,372,42.0,0.4,0.4,0.2,0.0,0,0,5
5547,45,303.0,5,158,60.6,0.4,0.4,0.2,0.0,1,2,4
2327,46,911.55,10,109,91.155,0.0,0.5,0.5,0.0,1,2,2
5721,18,1471.7,19,104,77.4578947368421,0.3684210526315789,0.21052631578947367,0.3157894736842105,0.10526315789473684,1,2,4
4676,48,351.0,3,35,117.0,0.0,0.6666666666666666,0.3333333333333333,0.0,1,2,1
5625,37,1896.5,13,24,145.8846153846154,0.23076923076923078,0.6153846153846154,0.07692307692307693,0.07692307692307693,1,2,4
3798,32,738.4,8,7,92.3,0.125,0.625,0.25,0.0,0,5,0
4508,30,790.5,10,29,79.05,0.4,0.3,0.3,0.0,0,5,0
3769,24,757.5,7,354,108.21428571428571,0.0,0.7142857142857143,0.2857142857142857,0.0,1,2,1
2536,29,1024.6,13,72,78.8153846153846,0.38461538461538464,0.3076923076923077,0.15384615384615385,0.15384615384615385,0,5,0
4550,18,205.0,6,73,34.166666666666664,0.16666666666666666,0.5,0.3333333333333333,0.0,0,5,0
3763,35,123.6,2,407,61.8,0.5,0.5,0.0,0.0,0,0,5
2409,43,409.0,6,67,68.16666666666667,0.16666666666666666,0.5,0.3333333333333333,0.0,0,5,0
3146,36,1021.25,9,26,113.47222222222223,0.1111111111111111,0.4444444444444444,0.3333333333333333,0.1111111111111111,1,2,4
4763,18,848.3,12,47,70.69166666666666,0.5,0.16666666666666666,0.3333333333333333,0.0,1,2,4
2262,47,982.5,9,64,109.16666666666667,0.1111111111111111,0.5555555555555556,0.1111111111111111,0.2222222222222222,0,5,0
2741,35,1213.75,11,63,110.3409090909091,0.18181818181818182,0.36363636363636365,0.09090909090909091,0.36363636363636365,1,2,4
4384,23,685.5,8,46,85.6875,0.25,0.5,0.125,0.125,1,2,4
2323,36,211.5,3,242,70.5,0.0,0.6666666666666666,0.0,0.3333333333333333,1,2,1
4824,38,1727.93,21,45,82.28238095238096,0.14285714285714285,0.5714285714285714,0.23809523809523808,0.047619047619047616,0,5,0
3878,35,311.0,4,83,77.75,0.25,0.75,0.0,0.0,1,2,4
4589,24,757.55,12,27,63.12916666666666,0.25,0.5,0.08333333333333333,0.16666666666666666,1,2,4
5447,26,3772.15,50,23,75.443,0.24,0.48,0.2,0.08,1,4,3
2597,26,1052.35,16,19,65.771875,0.25,0.625,0.0625,0.0625,0,5,0
3191,37,530.5,8,21,66.3125,0.375,0.5,0.125,0.0,1,2,4
5989,25,313.3,6,106,52.21666666666667,0.5,0.3333333333333333,0.16666666666666666,0.0,1,2,4
2366,32,971.75,10,125,97.175,0.1,0.7,0.1,0.1,0,5,0
2418,38,1176.7,15,42,78.44666666666667,0.26666666666666666,0.4666666666666667,0.06666666666666667,0.2,1,2,4
4273,46,1500.45,17,47,88.26176470588236,0.058823529411764705,0.5294117647058824,0.35294117647058826,0.058823529411764705,0,5,0
5415,26,784.0,9,111,87.11111111111111,0.0,0.4444444444444444,0.5555555555555556,0.0,1,2,2
3774,47,1582.7,17,12,93.10000000000001,0.23529411764705882,0.5294117647058824,0.17647058823529413,0.058823529411764705,0,5,0
3997,40,1653.95,16,70,103.371875,0.4375,0.1875,0.25,0.125,1,2,4
4152,31,322.0,3,171,107.33333333333333,0.3333333333333333,0.0,0.3333333333333333,0.3333333333333333,1,3,4
3029,18,340.0,3,212,113.33333333333333,0.0,0.3333333333333333,0.3333333333333333,0.3333333333333333,1,2,4
4306,20,1450.65,18,8,80.59166666666667,0.16666666666666666,0.4444444444444444,0.3333333333333333,0.05555555555555555,0,5,0
5177,36,2584.0,25,7,103.36,0.32,0.36,0.2,0.12,0,4,0
3829,26,2970.15,31,66,95.81129032258065,0.25806451612903225,0.45161290322580644,0.1935483870967742,0.0967741935483871,0,4,0
4009,30,801.65,7,101,114.52142857142857,0.5714285714285714,0.42857142857142855,0.0,0.0,0,5,0
3225,44,813.25,13,11,62.55769230769231,0.23076923076923078,0.38461538461538464,0.3076923076923077,0.07692307692307693,1,2,4
4732,31,1299.75,11,14,118.1590909090909,0.18181818181818182,0.7272727272727273,0.0,0.09090909090909091,0,5,0
5097,32,1340.6,16,26,83.7875,0.1875,0.625,0.0625,0.125,1,2,4
4108,42,1286.25,17,20,75.66176470588235,0.11764705882352941,0.35294117647058826,0.4117647058823529,0.11764705882352941,0,5,0
2246,42,462.25,4,16,115.5625,0.0,0.75,0.0,0.25,0,5,0
3768,23,538.0,6,46,89.66666666666667,0.3333333333333333,0.6666666666666666,0.0,0.0,1,2,4
4678,25,727.35,11,26,66.12272727272727,0.2727272727272727,0.45454545454545453,0.18181818181818182,0.09090909090909091,1,2,4
2965,18,340.0,3,263,113.33333333333333,0.3333333333333333,0.3333333333333333,0.3333333333333333,0.0,0,5,0
3646,32,681.4,9,4,75.71111111111111,0.3333333333333333,0.4444444444444444,0.1111111111111111,0.1111111111111111,1,2,4
5122,37,490.0,3,26,163.33333333333334,0.3333333333333333,0.6666666666666666,0.0,0.0,1,2,4
3371,55,2197.25,26,8,84.50961538461539,0.23076923076923078,0.5384615384615384,0.15384615384615385,0.07692307692307693,1,4,4
3164,36,909.55,15,19,60.63666666666666,0.26666666666666666,0.5333333333333333,0.13333333333333333,0.06666666666666667,1,2,1
2426,19,390.5,5,90,78.1,0.6,0.2,0.2,0.0,1,0,4
3224,31,549.9,10,27,54.989999999999995,0.6,0.3,0.1,0.0,0,0,0
5783,19,885.0,5,38,177.0,0.4,0.4,0.2,0.0,1,2,4
5596,34,1337.0,12,172,111.41666666666667,0.25,0.25,0.4166666666666667,0.08333333333333333,0,5,0
2311,43,1616.75,24,19,67.36458333333333,0.20833333333333334,0.4583333333333333,0.16666666666666666,0.16666666666666666,0,4,0
4770,38,775.25,13,54,59.63461538461539,0.38461538461538464,0.3076923076923077,0.3076923076923077,0.0,0,5,0
4321,18,529.6,8,125,66.2,0.5,0.25,0.25,0.0,1,2,4
2895,31,297.5,5,72,59.5,0.2,0.6,0.0,0.2,1,2,4
5871,24,582.0,7,53,83.14285714285714,0.14285714285714285,0.5714285714285714,0.14285714285714285,0.14285714285714285,1,2,4
5545,34,2789.15,31,5,89.97258064516129,0.25806451612903225,0.5161290322580645,0.12903225806451613,0.0967741935483871,0,4,0
5627,39,945.6,13,173,72.73846153846154,0.38461538461538464,0.38461538461538464,0.15384615384615385,0.07692307692307693,0,5,0
5712,25,903.25,12,1,75.27083333333333,0.3333333333333333,0.5,0.08333333333333333,0.08333333333333333,1,2,4
5763,52,318.25,5,204,63.65,0.2,0.6,0.0,0.2,0,5,1
2220,40,592.0,6,2,98.66666666666667,0.16666666666666666,0.5,0.3333333333333333,0.0,1,2,4
2295,18,866.85,14,11,61.917857142857144,0.35714285714285715,0.5,0.14285714285714285,0.0,1,2,4
4201,35,1044.3,15,11,69.61999999999999,0.2,0.6,0.2,0.0,0,5,0
3898,19,566.0,4,20,141.5,0.25,0.25,0.25,0.25,0,5,0
5336,18,748.7,8,172,93.5875,0.125,0.25,0.5,0.125,0,5,0
5149,46,2069.75,19,19,108.9342105263158,0.3157894736842105,0.3157894736842105,0.2631578947368421,0.10526315789473684,1,2,4
4879,38,412.0,5,31,82.4,0.0,0.6,0.4,0.0,0,5,0
4950,32,937.0,11,17,85.18181818181819,0.18181818181818182,0.5454545454545454,0.18181818181818182,0.09090909090909091,1,2,4
4693,30,770.25,12,10,64.1875,0.3333333333333333,0.5833333333333334,0.08333333333333333,0.0,0,5,0
5342,22,292.0,5,262,58.4,0.4,0.6,0.0,0.0,0,5,0
3038,18,2040.45,25,28,81.618,0.28,0.48,0.24,0.0,0,4,0
5495,29,1046.4,12,2,87.2,0.25,0.4166666666666667,0.25,0.08333333333333333,0,5,0
3479,31,591.0,7,165,84.42857142857143,0.7142857142857143,0.14285714285714285,0.14285714285714285,0.0,0,0,0
2284,20,1011.5,9,77,112.38888888888889,0.4444444444444444,0.3333333333333333,0.0,0.2222222222222222,0,5,0
4561,27,291.75,5,185,58.35,0.0,0.8,0.2,0.0,0,5,1
5861,29,4498.35,54,11,83.30277777777779,0.18518518518518517,0.4074074074074074,0.2962962962962963,0.1111111111111111,0,4,3
2561,42,2927.25,29,24,100.9396551724138,0.1724137931034483,0.5172413793103449,0.1724137931034483,0.13793103448275862,0,4,0
2455,48,1390.8,16,104,86.925,0.25,0.25,0.1875,0.3125,0,5,0
2162,18,424.9,6,78,70.81666666666666,0.0,0.5,0.5,0.0,0,5,0
4207,38,742.5,8,46,92.8125,0.25,0.375,0.125,0.25,0,5,0
3298,18,614.0,10,13,61.4,0.2,0.4,0.4,0.0,1,2,4
2673,32,673.0,6,48,112.16666666666667,0.0,0.8333333333333334,0.16666666666666666,0.0,1,2,4
2666,31,712.5,6,75,118.75,0.3333333333333333,0.16666666666666666,0.16666666666666666,0.3333333333333333,0,3,0
2360,22,2023.1,25,18,80.92399999999999,0.36,0.4,0.2,0.04,1,2,4
4958,27,1112.9,14,37,79.49285714285715,0.35714285714285715,0.42857142857142855,0.21428571428571427,0.0,0,5,0
5552,29,900.0,6,115,150.0,0.0,0.3333333333333333,0.16666666666666666,0.5,0,3,0
3741,39,322.9,7,152,46.128571428571426,0.5714285714285714,0.2857142857142857,0.14285714285714285,0.0,1,0,4
2885,30,1508.5,17,99,88.73529411764706,0.23529411764705882,0.5294117647058824,0.17647058823529413,0.058823529411764705,0,5,0
3124,31,632.0,9,15,70.22222222222223,0.3333333333333333,0.2222222222222222,0.3333333333333333,0.1111111111111111,1,2,4
2411,27,1125.8,16,103,70.3625,0.3125,0.5,0.1875,0.0,1,2,4
3252,31,512.5,8,12,64.0625,0.0,0.875,0.125,0.0,0,5,0
5677,18,1896.68,20,136,94.834,0.3,0.35,0.2,0.15,0,5,0
4080,37,440.0,8,107,55.0,0.375,0.25,0.25,0.125,1,2,4
5686,34,325.0,3,79,108.33333333333333,0.0,1.0,0.0,0.0,0,5,1
2060,40,671.52,6,206,111.92,0.3333333333333333,0.16666666666666666,0.3333333333333333,0.16666666666666666,0,5,0
5956,36,1639.5,20,2,81.975,0.15,0.7,0.1,0.05,0,5,0
4617,40,320.65,6,86,53.44166666666666,0.0,0.6666666666666666,0.3333333333333333,0.0,1,2,1
4469,45,471.0,4,69,117.75,0.25,0.25,0.0,0.5,1,3,4
4775,18,76.5,2,356,38.25,0.5,0.0,0.5,0.0,1,0,2
3680,25,694.8,8,39,86.85,0.375,0.125,0.5,0.0,0,5,0
4716,39,649.75,9,16,72.19444444444444,0.1111111111111111,0.6666666666666666,0.2222222222222222,0.0,0,5,0
4082,32,3117.15,32,38,97.4109375,0.25,0.4375,0.21875,0.09375,1,4,4
3972,41,1244.5,14,40,88.89285714285714,0.2857142857142857,0.35714285714285715,0.21428571428571427,0.14285714285714285,1,2,4
5231,47,1103.0,11,55,100.27272727272727,0.2727272727272727,0.45454545454545453,0.18181818181818182,0.09090909090909091,0,5,0
5152,30,2300.4,22,23,104.56363636363636,0.3181818181818182,0.45454545454545453,0.09090909090909091,0.13636363636363635,1,2,4
4493,46,1280.0,11,36,116.36363636363636,0.18181818181818182,0.36363636363636365,0.36363636363636365,0.09090909090909091,1,2,4
5851,30,260.0,3,5,86.66666666666667,0.0,0.6666666666666666,0.0,0.3333333333333333,0,5,0
2212,56,556.37,8,73,69.54625,0.375,0.25,0.125,0.25,0,5,0
2792,39,268.8,6,134,44.800000000000004,0.3333333333333333,0.3333333333333333,0.3333333333333333,0.0,0,5,0
4136,18,853.75,8,78,106.71875,0.25,0.25,0.375,0.125,0,5,0
5263,38,2071.85,24,15,86.32708333333333,0.125,0.5833333333333334,0.25,0.041666666666666664,1,2,4
3804,30,1058.0,11,21,96.18181818181819,0.2727272727272727,0.45454545454545453,0.09090909090909091,0.18181818181818182,1,2,4
4537,20,186.5,4,81,46.625,0.5,0.25,0.25,0.0,0,0,0
4382,33,240.0,2,634,120.0,0.0,0.0,0.0,1.0,1,3,0
5789,39,2783.65,30,93,92.78833333333334,0.26666666666666666,0.43333333333333335,0.26666666666666666,0.03333333333333333,0,4,0
2117,24,1116.1,10,7,111.60999999999999,0.1,0.6,0.1,0.2,0,5,0
2732,31,165.0,3,298,55.0,0.0,1.0,0.0,0.0,1,2,1
4517,47,290.5,4,102,72.625,0.25,0.75,0.0,0.0,0,5,1
5258,41,420.8,5,139,84.16,0.0,0.8,0.2,0.0,0,5,1
5095,20,1911.08,28,24,68.25285714285714,0.21428571428571427,0.42857142857142855,0.21428571428571427,0.14285714285714285,1,4,4
2608,55,423.2,6,33,70.53333333333333,0.16666666666666666,0.6666666666666666,0.16666666666666666,0.0,0,5,0
5855,35,940.8,13,0,72.36923076923077,0.23076923076923078,0.38461538461538464,0.3076923076923077,0.07692307692307693,1,2,4
3908,28,356.0,4,63,89.0,0.5,0.25,0.0,0.25,1,2,4
2964,29,259.2,5,350,51.839999999999996,0.6,0.4,0.0,0.0,1,0,5
4362,37,1498.3,24,9,62.42916666666667,0.16666666666666666,0.3333333333333333,0.4583333333333333,0.041666666666666664,0,5,0
4758,35,801.0,7,71,114.42857142857143,0.14285714285714285,0.42857142857142855,0.42857142857142855,0.0,1,2,4
3610,21,1067.5,9,40,118.61111111111111,0.2222222222222222,0.5555555555555556,0.0,0.2222222222222222,1,2,4
5886,40,313.5,2,587,156.75,0.0,1.0,0.0,0.0,0,5,1
4464,46,336.0,2,412,168.0,0.0,0.5,0.0,0.5,0,3,0
5131,52,535.5,6,287,89.25,0.3333333333333333,0.3333333333333333,0.3333333333333333,0.0,0,5,0
2155,25,1718.5,19,16,90.44736842105263,0.15789473684210525,0.5789473684210527,0.05263157894736842,0.21052631578947367,0,5,0
5914,40,252.5,5,180,50.5,0.2,0.2,0.4,0.2,0,5,0
4603,46,305.0,6,190,50.833333333333336,0.3333333333333333,0.3333333333333333,0.3333333333333333,0.0,0,5,0
4555,34,1845.0,20,15,92.25,0.3,0.5,0.15,0.05,0,5,0
2852,37,427.5,2,458,213.75,0.5,0.0,0.0,0.5,1,3,0
4111,46,476.6,4,85,119.15,0.0,0.25,0.75,0.0,0,1,0
2782,26,60.0,1,634,60.0,0.0,1.0,0.0,0.0,0,5,1
4216,29,2169.95,16,41,135.621875,0.125,0.5625,0.125,0.1875,0,5,0
5121,29,2055.0,17,3,120.88235294117646,0.23529411764705882,0.6470588235294118,0.0,0.11764705882352941,0,5,0
2943,25,870.4,11,4,79.12727272727273,0.18181818181818182,0.36363636363636365,0.45454545454545453,0.0,1,2,4
4568,23,260.0,3,354,86.66666666666667,0.3333333333333333,0.0,0.6666666666666666,0.0,0,1,2
3957,34,688.0,7,5,98.28571428571429,0.2857142857142857,0.5714285714285714,0.14285714285714285,0.0,0,5,0
4797,37,707.0,11,59,64.27272727272727,0.18181818181818182,0.6363636363636364,0.09090909090909091,0.09090909090909091,0,5,0
2676,32,466.0,5,233,93.2,0.2,0.8,0.0,0.0,0,5,0
3050,29,435.0,4,166,108.75,0.25,0.5,0.0,0.25,0,5,0
5623,25,1909.75,15,107,127.31666666666666,0.13333333333333333,0.5333333333333333,0.2,0.13333333333333333,1,2,4
2611,26,1426.3,12,24,118.85833333333333,0.16666666666666666,0.3333333333333333,0.3333333333333333,0.16666666666666666,1,2,4
3205,43,378.35,5,400,75.67,0.2,0.6,0.2,0.0,0,5,1
4285,18,1041.3,11,14,94.66363636363636,0.18181818181818182,0.7272727272727273,0.09090909090909091,0.0,1,2,4
4626,34,2210.35,24,1,92.09791666666666,0.25,0.5416666666666666,0.16666666666666666,0.041666666666666664,0,4,0
2654,41,717.8,13,29,55.215384615384615,0.23076923076923078,0.6153846153846154,0.15384615384615385,0.0,1,2,1
3703,43,607.0,9,80,67.44444444444444,0.3333333333333333,0.4444444444444444,0.2222222222222222,0.0,0,5,0
2135,42,493.2,5,39,98.64,0.4,0.2,0.2,0.2,1,2,4
2382,46,348.0,4,67,87.0,0.5,0.25,0.25,0.0,1,2,4
4086,44,1602.5,11,2,145.6818181818182,0.2727272727272727,0.18181818181818182,0.2727272727272727,0.2727272727272727,0,5,0
5711,57,828.35,12,107,69.02916666666667,0.3333333333333333,0.4166666666666667,0.25,0.0,1,2,4
5615,37,705.15,13,85,54.24230769230769,0.15384615384615385,0.46153846153846156,0.38461538461538464,0.0,0,5,0
3919,38,303.0,4,3,75.75,0.0,0.75,0.0,0.25,1,2,4
4139,28,383.4,4,199,95.85,0.5,0.25,0.25,0.0,0,0,0
4697,50,958.7,14,134,68.47857142857143,0.35714285714285715,0.35714285714285715,0.21428571428571427,0.07142857142857142,0,5,0
5530,58,615.2,8,185,76.9,0.25,0.5,0.125,0.125,1,2,4
5242,36,906.0,13,13,69.6923076923077,0.23076923076923078,0.38461538461538464,0.38461538461538464,0.0,1,2,4
2416,51,1470.1,19,51,77.3736842105263,0.3684210526315789,0.47368421052631576,0.15789473684210525,0.0,0,5,0
3323,32,100.0,2,30,50.0,0.5,0.5,0.0,0.0,0,5,0
3004,37,2381.95,16,59,148.871875,0.125,0.4375,0.25,0.1875,1,2,4
4437,31,387.62,6,62,64.60333333333334,0.16666666666666666,0.5,0.16666666666666666,0.16666666666666666,1,2,4
3380,42,888.6,9,4,98.73333333333333,0.0,0.5555555555555556,0.3333333333333333,0.1111111111111111,1,2,4
3611,46,746.5,9,75,82.94444444444444,0.3333333333333333,0.4444444444444444,0.2222222222222222,0.0,0,5,0
3365,25,313.0,6,222,52.166666666666664,0.0,0.6666666666666666,0.3333333333333333,0.0,0,5,1
2147,36,1064.0,10,8,106.4,0.1,0.6,0.3,0.0,0,5,0
3982,39,420.8,7,0,60.114285714285714,0.5714285714285714,0.2857142857142857,0.14285714285714285,0.0,1,2,4
4715,50,4862.55,51,22,95.34411764705882,0.27450980392156865,0.39215686274509803,0.21568627450980393,0.11764705882352941,1,4,3
2940,45,1238.35,14,31,88.45357142857142,0.5714285714285714,0.42857142857142855,0.0,0.0,0,5,0
4638,29,1352.0,8,114,169.0,0.0,0.5,0.375,0.125,1,2,4
2342,23,796.85,9,67,88.53888888888889,0.0,0.4444444444444444,0.3333333333333333,0.2222222222222222,0,5,0
5184,36,3291.6,29,6,113.50344827586207,0.2413793103448276,0.41379310344827586,0.1724137931034483,0.1724137931034483,0,4,0
5796,32,1253.45,15,25,83.56333333333333,0.3333333333333333,0.5333333333333333,0.06666666666666667,0.06666666666666667,0,5,0
2317,23,971.0,12,29,80.91666666666667,0.3333333333333333,0.4166666666666667,0.16666666666666666,0.08333333333333333,0,5,0
4468,18,537.85,8,42,67.23125,0.375,0.25,0.375,0.0,0,5,0
2312,48,1082.25,17,50,63.661764705882355,0.23529411764705882,0.5882352941176471,0.17647058823529413,0.0,0,5,0
2326,18,599.0,10,31,59.9,0.2,0.7,0.1,0.0,0,5,0
4823,42,603.4,6,99,100.56666666666666,0.5,0.16666666666666666,0.16666666666666666,0.16666666666666666,0,0,0
2504,35,448.2,10,194,44.82,0.3,0.5,0.1,0.1,1,2,4
3653,32,592.25,7,176,84.60714285714286,0.2857142857142857,0.42857142857142855,0.2857142857142857,0.0,0,5,0
2081,19,367.5,7,248,52.5,0.42857142857142855,0.42857142857142855,0.0,0.14285714285714285,1,2,4
3714,48,1153.15,14,29,82.36785714285715,0.2857142857142857,0.5,0.21428571428571427,0.0,0,5,0
5339,24,404.0,8,48,50.5,0.25,0.375,0.375,0.0,0,5,0
4376,42,1144.63,11,29,104.05727272727273,0.2727272727272727,0.2727272727272727,0.36363636363636365,0.09090909090909091,1,2,4
3229,18,1053.0,6,79,175.5,0.16666666666666666,0.5,0.16666666666666666,0.16666666666666666,0,5,0
3448,44,178.1,4,154,44.525,0.75,0.25,0.0,0.0,1,0,4
2884,40,1836.93,18,20,102.05166666666668,0.2777777777777778,0.4444444444444444,0.05555555555555555,0.2222222222222222,1,2,4
3710,32,1984.0,20,34,99.2,0.15,0.55,0.25,0.05,0,5,0
2151,44,1218.28,18,15,67.68222222222222,0.3333333333333333,0.4444444444444444,0.1111111111111111,0.1111111111111111,0,5,0
3166,43,758.75,10,40,75.875,0.1,0.5,0.2,0.2,0,5,0
3135,27,840.75,9,95,93.41666666666667,0.1111111111111111,0.6666666666666666,0.1111111111111111,0.1111111111111111,0,5,0
4611,43,1851.95,24,13,77.16458333333334,0.20833333333333334,0.375,0.375,0.041666666666666664,1,2,4
5423,18,908.0,9,95,100.88888888888889,0.3333333333333333,0.2222222222222222,0.4444444444444444,0.0,1,2,4
3990,30,903.35,11,57,82.12272727272727,0.2727272727272727,0.45454545454545453,0.18181818181818182,0.09090909090909091,0,5,0
5777,27,143.75,3,94,47.916666666666664,0.3333333333333333,0.6666666666666666,0.0,0.0,0,5,0
3623,22,235.0,2,458,117.5,0.0,1.0,0.0,0.0,0,5,1
2513,34,6118.51,64,11,95.60171875,0.140625,0.5,0.265625,0.09375,0,4,3
3275,18,1661.75,11,46,151.0681818181818,0.18181818181818182,0.36363636363636365,0.45454545454545453,0.0,1,2,4
5580,18,1088.73,13,113,83.74846153846154,0.3076923076923077,0.46153846153846156,0.07692307692307693,0.15384615384615385,0,5,0
2046,33,2084.5,19,29,109.71052631578948,0.21052631578947367,0.42105263157894735,0.21052631578947367,0.15789473684210525,0,4,0
3085,42,522.5,7,119,74.64285714285714,0.0,0.2857142857142857,0.2857142857142857,0.42857142857142855,0,5,0
2726,41,438.0,2,463,219.0,0.5,0.0,0.0,0.5,0,3,0
5641,32,1188.75,15,3,79.25,0.13333333333333333,0.6666666666666666,0.06666666666666667,0.13333333333333333,0,5,0
5161,30,1354.7,22,16,61.57727272727273,0.2727272727272727,0.4090909090909091,0.2727272727272727,0.045454545454545456,1,2,4
5358,50,5345.95,52,2,102.80673076923077,0.21153846153846154,0.38461538461538464,0.2692307692307692,0.1346153846153846,0,4,3
4066,42,1375.75,17,8,80.92647058823529,0.47058823529411764,0.35294117647058826,0.11764705882352941,0.058823529411764705,0,5,0
5621,31,214.75,5,204,42.95,0.2,0.8,0.0,0.0,0,5,0
4874,24,384.5,6,40,64.08333333333333,0.16666666666666666,0.3333333333333333,0.5,0.0,1,2,4
5937,39,1892.6,14,18,135.18571428571428,0.14285714285714285,0.5714285714285714,0.21428571428571427,0.07142857142857142,1,2,4
3360,52,835.5,10,61,83.55,0.3,0.4,0.3,0.0,1,2,4
3461,18,2406.95,27,13,89.14629629629628,0.18518518518518517,0.37037037037037035,0.3333333333333333,0.1111111111111111,0,4,0
3776,42,517.5,6,124,86.25,0.0,0.6666666666666666,0.16666666666666666,0.16666666666666666,0,5,0
5426,21,592.5,9,18,65.83333333333333,0.2222222222222222,0.4444444444444444,0.2222222222222222,0.1111111111111111,1,2,4
5824,18,649.0,5,398,129.8,0.2,0.8,0.0,0.0,0,5,1
5376,35,679.3,7,70,97.04285714285713,0.42857142857142855,0.2857142857142857,0.2857142857142857,0.0,0,5,0
5647,29,1608.5,17,25,94.61764705882354,0.29411764705882354,0.4117647058823529,0.23529411764705882,0.058823529411764705,1,2,4
4415,68,276.0,5,8,55.2,0.4,0.2,0.4,0.0,0,5,0
4050,45,516.6,6,4,86.10000000000001,0.16666666666666666,0.5,0.16666666666666666,0.16666666666666666,0,5,0
2365,35,841.4,13,9,64.72307692307692,0.15384615384615385,0.5384615384615384,0.3076923076923077,0.0,1,2,4
5519,28,523.75,4,224,130.9375,0.0,0.5,0.5,0.0,0,5,2
2364,29,951.75,9,28,105.75,0.2222222222222222,0.5555555555555556,0.2222222222222222,0.0,1,2,4
3120,33,348.3,7,127,49.75714285714286,0.14285714285714285,0.5714285714285714,0.2857142857142857,0.0,0,5,1
2996,45,591.38,5,72,118.276,0.4,0.2,0.2,0.2,0,5,0
2369,40,2880.25,26,3,110.77884615384616,0.19230769230769232,0.5769230769230769,0.11538461538461539,0.11538461538461539,0,4,0
5256,27,1725.75,24,10,71.90625,0.4166666666666667,0.2916666666666667,0.25,0.041666666666666664,1,2,4
2523,45,1011.0,12,17,84.25,0.16666666666666666,0.5,0.16666666666666666,0.16666666666666666,1,2,4
2203,35,1351.37,13,40,103.95153846153845,0.23076923076923078,0.38461538461538464,0.3076923076923077,0.07692307692307693,0,5,0
5166,20,1299.75,18,32,72.20833333333333,0.3333333333333333,0.3888888888888889,0.16666666666666666,0.1111111111111111,1,2,4
4041,41,1216.7,10,46,121.67,0.4,0.2,0.2,0.2,0,5,0
3333,31,754.75,5,41,150.95,0.0,0.6,0.4,0.0,0,5,0
5478,41,1442.1,19,27,75.89999999999999,0.3157894736842105,0.42105263157894735,0.10526315789473684,0.15789473684210525,0,5,0
2675,37,290.88,4,156,72.72,0.5,0.25,0.0,0.25,0,0,0
2310,33,1021.15,13,36,78.55,0.23076923076923078,0.38461538461538464,0.38461538461538464,0.0,0,5,0
4314,31,515.6,8,12,64.45,0.25,0.625,0.125,0.0,0,5,0
5290,51,548.25,5,107,109.65,0.2,0.6,0.2,0.0,0,5,0
5770,18,777.85,10,20,77.785,0.5,0.2,0.2,0.1,0,0,0
5127,46,1713.35,26,20,65.89807692307691,0.15384615384615385,0.6153846153846154,0.11538461538461539,0.11538461538461539,0,4,0
4675,18,1402.0,14,5,100.14285714285714,0.14285714285714285,0.5,0.35714285714285715,0.0,0,5,0
3342,52,664.7,4,109,166.175,0.25,0.25,0.5,0.0,0,5,0
2694,29,401.8,7,29,57.4,0.2857142857142857,0.42857142857142855,0.2857142857142857,0.0,0,5,0
4665,38,2222.02,26,6,85.46230769230769,0.23076923076923078,0.3076923076923077,0.4230769230769231,0.038461538461538464,0,4,0
3048,42,2395.3,17,2,140.9,0.17647058823529413,0.4117647058823529,0.29411764705882354,0.11764705882352941,0,4,0
4630,44,524.25,4,12,131.0625,0.25,0.25,0.5,0.0,0,5,0
5023,34,81.5,2,288,40.75,0.5,0.5,0.0,0.0,1,0,4
3397,42,1502.9,20,48,75.14500000000001,0.45,0.4,0.1,0.05,0,5,0
2743,35,882.5,5,106,176.5,0.2,0.8,0.0,0.0,0,5,0
2826,20,196.0,3,170,65.33333333333333,0.0,0.6666666666666666,0.3333333333333333,0.0,0,5,1
5179,30,1388.5,19,2,73.07894736842105,0.3157894736842105,0.42105263157894735,0.15789473684210525,0.10526315789473684,0,5,0
3071,26,2472.1,29,5,85.2448275862069,0.2413793103448276,0.4827586206896552,0.20689655172413793,0.06896551724137931,0,4,0
5123,18,422.25,4,92,105.5625,0.25,0.25,0.25,0.25,0,5,0
3780,18,238.5,3,47,79.5,0.0,0.6666666666666666,0.0,0.3333333333333333,0,5,0
3286,19,25.5,1,610,25.5,0.0,0.0,1.0,0.0,0,1,2
3235,41,102.5,3,117,34.166666666666664,0.3333333333333333,0.6666666666666666,0.0,0.0,0,5,0
4774,30,1018.5,7,110,145.5,0.14285714285714285,0.2857142857142857,0.14285714285714285,0.42857142857142855,0,3,0
4899,23,1541.55,23,26,67.02391304347826,0.2608695652173913,0.5217391304347826,0.13043478260869565,0.08695652173913043,0,5,0
3568,19,1313.5,20,14,65.675,0.1,0.6,0.25,0.05,0,5,0
5309,34,931.0,13,23,71.61538461538461,0.3076923076923077,0.38461538461538464,0.23076923076923078,0.07692307692307693,1,2,4
4933,25,398.75,6,103,66.45833333333333,0.8333333333333334,0.0,0.16666666666666666,0.0,0,0,0
4357,39,420.5,5,83,84.1,0.2,0.8,0.0,0.0,1,2,4
4873,42,1384.25,11,82,125.8409090909091,0.2727272727272727,0.36363636363636365,0.36363636363636365,0.0,0,5,0
3684,24,685.0,6,172,114.16666666666667,0.5,0.16666666666666666,0.16666666666666666,0.16666666666666666,1,2,4
5877,22,510.0,7,0,72.85714285714286,0.14285714285714285,0.7142857142857143,0.14285714285714285,0.0,0,5,0
5434,35,955.75,11,3,86.88636363636364,0.2727272727272727,0.45454545454545453,0.2727272727272727,0.0,0,5,0
5882,33,389.5,7,58,55.642857142857146,0.2857142857142857,0.2857142857142857,0.2857142857142857,0.14285714285714285,0,5,0
2053,35,1319.5,14,31,94.25,0.2857142857142857,0.42857142857142855,0.2857142857142857,0.0,0,5,0
3404,29,624.25,9,57,69.36111111111111,0.2222222222222222,0.4444444444444444,0.3333333333333333,0.0,0,5,0
2972,21,1462.1,17,13,86.00588235294117,0.11764705882352941,0.7058823529411765,0.11764705882352941,0.058823529411764705,0,5,0
3647,18,638.6,10,17,63.86,0.4,0.5,0.1,0.0,0,5,0
3853,30,857.6,9,28,95.28888888888889,0.1111111111111111,0.6666666666666666,0.2222222222222222,0.0,1,2,4
2584,25,1304.75,19,22,68.67105263157895,0.15789473684210525,0.47368421052631576,0.3157894736842105,0.05263157894736842,0,5,0
3984,49,725.85,12,9,60.487500000000004,0.16666666666666666,0.5833333333333334,0.16666666666666666,0.08333333333333333,0,5,0
3839,34,1188.0,11,77,108.0,0.2727272727272727,0.36363636363636365,0.36363636363636365,0.0,0,5,0
2014,18,53.8,2,385,26.9,0.0,0.0,1.0,0.0,0,1,2
3411,21,300.0,3,226,100.0,0.0,0.3333333333333333,0.0,0.6666666666666666,0,3,0
5455,36,433.2,9,140,48.13333333333333,0.5555555555555556,0.2222222222222222,0.2222222222222222,0.0,1,0,4
5839,26,329.75,4,50,82.4375,0.25,0.5,0.25,0.0,0,5,0
3368,41,2710.7,25,9,108.428,0.2,0.44,0.16,0.2,1,4,4
2372,38,508.62,9,107,56.513333333333335,0.3333333333333333,0.5555555555555556,0.0,0.1111111111111111,0,5,0
2857,26,874.05,15,6,58.269999999999996,0.2,0.5333333333333333,0.26666666666666666,0.0,0,5,0
4795,46,780.5,6,67,130.08333333333334,0.0,0.3333333333333333,0.6666666666666666,0.0,0,1,0
5513,18,1666.25,14,3,119.01785714285714,0.07142857142857142,0.6428571428571429,0.14285714285714285,0.14285714285714285,0,5,0
4655,28,948.9,9,77,105.43333333333334,0.2222222222222222,0.3333333333333333,0.4444444444444444,0.0,1,2,4
3915,30,1062.9,10,6,106.29,0.2,0.5,0.2,0.1,1,2,4
5999,34,355.5,3,18,118.5,0.0,0.3333333333333333,0.3333333333333333,0.3333333333333333,0,5,0
2746,33,2057.1,21,10,97.95714285714286,0.14285714285714285,0.47619047619047616,0.2857142857142857,0.09523809523809523,0,4,0
3652,18,420.9,5,18,84.17999999999999,0.0,0.8,0.2,0.0,0,5,0
3759,45,388.5,7,151,55.5,0.14285714285714285,0.7142857142857143,0.14285714285714285,0.0,0,5,1
2669,35,565.65,10,42,56.565,0.3,0.6,0.1,0.0,0,5,0
2400,18,348.0,2,158,174.0,0.0,0.5,0.0,0.5,1,3,4
3756,46,155.25,3,51,51.75,0.3333333333333333,0.6666666666666666,0.0,0.0,0,5,0
5118,21,578.05,7,41,82.57857142857142,0.2857142857142857,0.14285714285714285,0.42857142857142855,0.14285714285714285,0,5,0
2431,44,2659.6,27,0,98.5037037037037,0.2222222222222222,0.5185185185185185,0.2222222222222222,0.037037037037037035,0,4,0
2793,32,894.75,11,6,81.3409090909091,0.0,0.6363636363636364,0.2727272727272727,0.09090909090909091,1,2,4
3994,29,1862.1,22,7,84.64090909090909,0.045454545454545456,0.5,0.3181818181818182,0.13636363636363635,0,4,0
3586,47,273.9,4,24,68.475,0.0,0.5,0.5,0.0,0,5,0
2106,18,864.3,13,33,66.48461538461538,0.38461538461538464,0.5384615384615384,0.07692307692307693,0.0,0,5,0
4637,28,1304.13,12,75,108.67750000000001,0.08333333333333333,0.5,0.16666666666666666,0.25,0,5,0
5205,35,266.25,3,322,88.75,0.0,0.3333333333333333,0.3333333333333333,0.3333333333333333,0,3,2
3964,35,255.0,4,1,63.75,0.0,0.75,0.25,0.0,0,5,0
5702,34,744.2,7,82,106.31428571428572,0.14285714285714285,0.2857142857142857,0.2857142857142857,0.2857142857142857,0,5,0
5291,18,1774.8,24,20,73.95,0.16666666666666666,0.5833333333333334,0.16666666666666666,0.08333333333333333,0,4,0
4975,36,1170.15,12,121,97.5125,0.08333333333333333,0.6666666666666666,0.25,0.0,1,2,1
3635,30,355.45,5,251,71.09,0.2,0.6,0.2,0.0,0,5,1
5850,27,99.0,1,604,99.0,0.0,1.0,0.0,0.0,0,5,1
4213,53,2278.63,26,21,87.63961538461538,0.2692307692307692,0.4230769230769231,0.19230769230769232,0.11538461538461539,0,4,0
2587,32,573.0,6,88,95.5,0.16666666666666666,0.3333333333333333,0.3333333333333333,0.16666666666666666,0,5,0
4375,18,962.0,7,52,137.42857142857142,0.14285714285714285,0.2857142857142857,0.14285714285714285,0.42857142857142855,0,3,0
3949,61,2136.25,25,23,85.45,0.28,0.52,0.16,0.04,0,4,0
3737,40,1177.47,12,41,98.1225,0.3333333333333333,0.4166666666666667,0.16666666666666666,0.08333333333333333,0,5,0
4341,43,1376.4,11,44,125.12727272727274,0.18181818181818182,0.36363636363636365,0.36363636363636365,0.09090909090909091,1,2,4
2101,55,1746.3,21,5,83.15714285714286,0.19047619047619047,0.5238095238095238,0.14285714285714285,0.14285714285714285,0,5,0
4450,45,451.1,7,9,64.44285714285715,0.2857142857142857,0.42857142857142855,0.14285714285714285,0.14285714285714285,0,5,0
2007,49,445.25,7,147,63.607142857142854,0.2857142857142857,0.2857142857142857,0.2857142857142857,0.14285714285714285,1,2,4
5234,39,8070.1,75,2,107.60133333333334,0.25333333333333335,0.5066666666666667,0.17333333333333334,0.06666666666666667,0,4,3
3553,33,2121.75,27,2,78.58333333333333,0.14814814814814814,0.4074074074074074,0.3333333333333333,0.1111111111111111,1,4,4
3398,26,1207.52,16,15,75.47,0.3125,0.3125,0.3125,0.0625,0,5,0
2959,30,361.5,4,78,90.375,0.75,0.0,0.25,0.0,0,0,0
4863,44,1294.25,20,2,64.7125,0.1,0.55,0.3,0.05,0,5,0
2590,41,428.6,3,18,142.86666666666667,0.3333333333333333,0.3333333333333333,0.0,0.3333333333333333,0,3,0
2297,40,289.75,5,105,57.95,0.0,0.8,0.2,0.0,0,5,1
2760,32,1349.25,14,14,96.375,0.21428571428571427,0.5,0.21428571428571427,0.07142857142857142,0,5,0
2031,45,725.5,11,126,65.95454545454545,0.36363636363636365,0.2727272727272727,0.18181818181818182,0.18181818181818182,1,2,4
3955,18,63.3,2,398,31.65,0.5,0.5,0.0,0.0,1,0,5
2707,30,417.38,5,24,83.476,0.4,0.4,0.2,0.0,1,2,4
4818,60,451.75,6,29,75.29166666666667,0.0,0.6666666666666666,0.3333333333333333,0.0,0,5,0
2521,43,747.05,8,27,93.38125,0.125,0.5,0.375,0.0,0,5,0
3155,32,162.75,4,334,40.6875,0.0,1.0,0.0,0.0,1,2,1
4445,37,20.0,1,598,20.0,0.0,1.0,0.0,0.0,0,5,1
4118,25,784.3,12,62,65.35833333333333,0.08333333333333333,0.4166666666666667,0.5,0.0,0,5,0
2876,32,1729.75,13,16,133.05769230769232,0.15384615384615385,0.5384615384615384,0.07692307692307693,0.23076923076923078,0,5,0
5454,30,1372.0,19,11,72.21052631578948,0.05263157894736842,0.631578947368421,0.2631578947368421,0.05263157894736842,0,5,0
2606,27,746.6,9,29,82.95555555555556,0.0,0.4444444444444444,0.4444444444444444,0.1111111111111111,0,5,0
4722,19,652.9,10,8,65.28999999999999,0.5,0.3,0.1,0.1,0,5,0
3304,27,949.5,7,70,135.64285714285714,0.14285714285714285,0.7142857142857143,0.14285714285714285,0.0,0,5,0
5452,26,839.0,10,27,83.9,0.3,0.6,0.1,0.0,0,5,0
3512,23,1324.9,12,49,110.40833333333335,0.25,0.4166666666666667,0.25,0.08333333333333333,1,2,4
3881,27,1989.82,22,93,90.44636363636363,0.18181818181818182,0.45454545454545453,0.36363636363636365,0.0,0,5,0
5451,45,775.0,11,48,70.45454545454545,0.09090909090909091,0.7272727272727273,0.09090909090909091,0.09090909090909091,0,5,0
3626,48,244.0,4,15,61.0,0.0,1.0,0.0,0.0,0,5,1
2822,49,790.5,7,62,112.92857142857143,0.2857142857142857,0.42857142857142855,0.0,0.2857142857142857,0,5,0
5045,40,109.25,3,3,36.416666666666664,0.6666666666666666,0.3333333333333333,0.0,0.0,0,0,0
3265,18,1956.6,17,25,115.09411764705882,0.29411764705882354,0.47058823529411764,0.11764705882352941,0.11764705882352941,1,2,4
5856,23,738.4,12,70,61.53333333333333,0.25,0.3333333333333333,0.3333333333333333,0.08333333333333333,1,2,4
3877,19,864.75,12,20,72.0625,0.16666666666666666,0.5,0.25,0.08333333333333333,1,2,4
2665,18,1763.05,10,24,176.305,0.4,0.3,0.1,0.2,0,5,0
2029,44,475.5,6,68,79.25,0.3333333333333333,0.0,0.3333333333333333,0.3333333333333333,1,2,4
3597,18,667.6,9,138,74.17777777777778,0.1111111111111111,0.5555555555555556,0.3333333333333333,0.0,1,2,4
4646,30,820.0,8,111,102.5,0.125,0.75,0.125,0.0,0,5,0
4465,59,2494.9,24,15,103.95416666666667,0.3333333333333333,0.375,0.125,0.16666666666666666,0,4,0
5653,40,344.25,5,36,68.85,0.4,0.4,0.2,0.0,0,5,0
5636,64,1157.4,17,0,68.08235294117648,0.23529411764705882,0.5294117647058824,0.23529411764705882,0.0,0,5,0
4143,25,2540.5,26,62,97.71153846153847,0.19230769230769232,0.5,0.23076923076923078,0.07692307692307693,1,4,4
2903,47,419.15,7,20,59.878571428571426,0.2857142857142857,0.42857142857142855,0.14285714285714285,0.14285714285714285,0,5,0
5496,42,319.0,4,48,79.75,0.0,0.5,0.5,0.0,0,5,0
4812,18,1171.32,16,39,73.2075,0.25,0.4375,0.3125,0.0,0,5,0
3337,34,589.25,9,20,65.47222222222223,0.3333333333333333,0.4444444444444444,0.1111111111111111,0.1111111111111111,1,2,4
2407,34,1048.2,12,18,87.35000000000001,0.16666666666666666,0.4166666666666667,0.3333333333333333,0.08333333333333333,0,5,0
3130,45,2582.45,31,32,83.30483870967741,0.3225806451612903,0.45161290322580644,0.12903225806451613,0.0967741935483871,0,4,0
5248,46,1201.5,17,68,70.67647058823529,0.4117647058823529,0.4117647058823529,0.11764705882352941,0.058823529411764705,1,2,4
2227,38,3210.3,51,15,62.94705882352942,0.2549019607843137,0.5294117647058824,0.17647058823529413,0.0392156862745098,0,4,0
4919,36,980.5,9,42,108.94444444444444,0.3333333333333333,0.5555555555555556,0.1111111111111111,0.0,1,2,4
2005,28,750.4,9,16,83.37777777777778,0.3333333333333333,0.2222222222222222,0.3333333333333333,0.1111111111111111,0,5,0
5499,50,238.12,5,244,47.624,0.2,0.2,0.6,0.0,1,1,4
4964,30,359.5,7,28,51.357142857142854,0.0,0.8571428571428571,0.14285714285714285,0.0,0,5,0
5837,25,985.7,10,8,98.57000000000001,0.3,0.4,0.3,0.0,1,2,4
4791,33,857.12,14,62,61.222857142857144,0.7142857142857143,0.14285714285714285,0.07142857142857142,0.07142857142857142,1,0,4
3271,48,720.7,10,5,72.07000000000001,0.2,0.4,0.3,0.1,1,2,4
4156,28,4908.62,55,0,89.24763636363636,0.2909090909090909,0.36363636363636365,0.21818181818181817,0.12727272727272726,0,4,3
5338,39,628.8,8,35,78.6,0.25,0.5,0.125,0.125,1,2,4
2832,37,485.0,9,26,53.888888888888886,0.1111111111111111,0.5555555555555556,0.3333333333333333,0.0,0,5,0
4870,41,1411.7,14,27,100.83571428571429,0.14285714285714285,0.6428571428571429,0.07142857142857142,0.14285714285714285,0,5,0
2069,42,1658.35,22,34,75.37954545454545,0.22727272727272727,0.5,0.22727272727272727,0.045454545454545456,1,2,4
2452,37,1540.02,19,20,81.05368421052631,0.21052631578947367,0.5789473684210527,0.15789473684210525,0.05263157894736842,0,5,0
4112,36,584.05,8,62,73.00625,0.25,0.5,0.125,0.125,0,5,0
5393,30,49.5,1,591,49.5,0.0,1.0,0.0,0.0,0,5,1
3521,35,1710.8,13,21,131.6,0.3076923076923077,0.38461538461538464,0.07692307692307693,0.23076923076923078,0,5,0
3381,28,701.0,5,2,140.2,0.0,0.8,0.2,0.0,1,2,4
4434,18,850.3,10,2,85.03,0.2,0.6,0.1,0.1,0,5,0
5731,35,473.2,5,6,94.64,0.2,0.2,0.2,0.4,0,5,0
2711,32,509.37,10,12,50.937,0.2,0.7,0.1,0.0,0,5,0
4298,40,139.08,4,131,34.77,0.5,0.5,0.0,0.0,0,0,0
5128,44,1829.05,27,37,67.74259259259259,0.3333333333333333,0.37037037037037035,0.25925925925925924,0.037037037037037035,0,4,0
2321,29,759.0,10,62,75.9,0.0,0.4,0.5,0.1,0,5,0
2660,18,238.0,3,366,79.33333333333333,0.0,1.0,0.0,0.0,0,5,1
2467,29,117.0,1,590,117.0,0.0,1.0,0.0,0.0,0,5,1
5872,25,360.95,7,37,51.56428571428571,0.42857142857142855,0.42857142857142855,0.14285714285714285,0.0,1,2,4
5132,36,870.0,6,202,145.0,0.16666666666666666,0.5,0.16666666666666666,0.16666666666666666,0,5,0
2133,51,1562.4,17,7,91.90588235294118,0.35294117647058826,0.11764705882352941,0.4117647058823529,0.11764705882352941,0,5,0
5669,60,566.4,9,39,62.93333333333333,0.2222222222222222,0.2222222222222222,0.4444444444444444,0.1111111111111111,0,5,0
5009,21,648.7,9,19,72.07777777777778,0.3333333333333333,0.2222222222222222,0.3333333333333333,0.1111111111111111,1,2,4
2529,43,2377.55,24,17,99.06458333333335,0.3333333333333333,0.2916666666666667,0.2916666666666667,0.08333333333333333,0,4,0
4174,41,490.0,6,66,81.66666666666667,0.16666666666666666,0.5,0.3333333333333333,0.0,0,5,0
4776,26,155.05,3,205,51.68333333333334,0.0,0.3333333333333333,0.6666666666666666,0.0,0,1,2
3499,18,115.2,1,589,115.2,1.0,0.0,0.0,0.0,1,0,5
5334,20,452.05,5,242,90.41,0.2,0.6,0.2,0.0,0,5,0
2542,27,1374.8,16,9,85.925,0.125,0.5,0.25,0.125,1,2,4
2062,35,804.75,12,4,67.0625,0.08333333333333333,0.5,0.25,0.16666666666666666,1,2,4
3706,28,200.2,3,248,66.73333333333333,0.0,0.6666666666666666,0.3333333333333333,0.0,1,2,1
2533,33,476.7,5,6,95.34,0.0,0.4,0.6,0.0,1,2,2
5906,18,531.5,7,134,75.92857142857143,0.42857142857142855,0.0,0.2857142857142857,0.2857142857142857,0,0,0
5357,38,1617.35,22,4,73.51590909090909,0.22727272727272727,0.5,0.18181818181818182,0.09090909090909091,1,2,4
4310,61,618.0,5,6,123.6,0.2,0.4,0.4,0.0,1,2,4
5159,40,886.0,5,55,177.2,0.2,0.2,0.4,0.2,0,3,0
2685,53,517.0,4,40,129.25,0.25,0.5,0.0,0.25,1,2,1
4777,35,718.4,11,1,65.30909090909091,0.18181818181818182,0.7272727272727273,0.09090909090909091,0.0,1,2,1
4610,26,992.75,13,6,76.36538461538461,0.15384615384615385,0.5384615384615384,0.23076923076923078,0.07692307692307693,0,5,0
3941,28,1089.75,10,7,108.975,0.1,0.5,0.3,0.1,1,2,4
4653,32,527.5,6,0,87.91666666666667,0.3333333333333333,0.3333333333333333,0.16666666666666666,0.16666666666666666,1,2,4
5913,44,275.0,3,431,91.66666666666667,0.3333333333333333,0.6666666666666666,0.0,0.0,0,5,5
3905,42,348.1,4,241,87.025,0.0,0.25,0.75,0.0,1,1,2
4147,25,348.5,5,152,69.7,0.6,0.2,0.2,0.0,1,0,4
5284,39,797.1,8,36,99.6375,0.375,0.0,0.375,0.25,1,2,4
2643,30,795.0,7,164,113.57142857142857,0.14285714285714285,0.42857142857142855,0.14285714285714285,0.2857142857142857,1,2,4
5836,31,1456.25,11,15,132.38636363636363,0.09090909090909091,0.45454545454545453,0.18181818181818182,0.2727272727272727,0,5,0
2510,35,1829.45,21,29,87.11666666666667,0.19047619047619047,0.5714285714285714,0.14285714285714285,0.09523809523809523,1,2,4
3108,45,1165.05,16,4,72.815625,0.25,0.5,0.125,0.125,1,2,4
5564,41,1336.0,11,221,121.45454545454545,0.18181818181818182,0.2727272727272727,0.18181818181818182,0.36363636363636365,0,3,0
4329,20,214.5,3,83,71.5,0.3333333333333333,0.6666666666666666,0.0,0.0,0,5,0
4255,39,854.0,7,61,122.0,0.42857142857142855,0.14285714285714285,0.2857142857142857,0.14285714285714285,0,5,0
4240,42,434.25,6,229,72.375,0.16666666666666666,0.3333333333333333,0.5,0.0,1,2,4
3391,34,368.5,8,24,46.0625,0.5,0.375,0.125,0.0,0,0,0
3104,46,438.5,5,95,87.7,0.2,0.4,0.4,0.0,1,2,4
5883,40,615.0,8,104,76.875,0.375,0.25,0.375,0.0,1,2,4
4890,31,517.6,6,124,86.26666666666667,0.6666666666666666,0.3333333333333333,0.0,0.0,0,0,0
3178,36,546.25,8,78,68.28125,0.25,0.375,0.375,0.0,0,5,0
2345,28,1338.0,14,2,95.57142857142857,0.14285714285714285,0.35714285714285715,0.5,0.0,1,2,4
2803,43,1091.45,15,2,72.76333333333334,0.3333333333333333,0.4666666666666667,0.13333333333333333,0.06666666666666667,0,5,0
4155,19,502.0,7,124,71.71428571428571,0.14285714285714285,0.7142857142857143,0.14285714285714285,0.0,0,5,1
3592,40,613.5,4,56,153.375,0.0,0.5,0.25,0.25,1,2,4
2755,44,284.0,4,88,71.0,0.0,0.75,0.25,0.0,0,5,1
2388,50,355.0,4,28,88.75,0.25,0.25,0.5,0.0,1,2,4
4096,29,1921.5,29,65,66.25862068965517,0.3103448275862069,0.3103448275862069,0.2413793103448276,0.13793103448275862,0,4,0
4197,23,2021.25,12,2,168.4375,0.3333333333333333,0.25,0.16666666666666666,0.25,1,2,4
4094,34,843.12,10,15,84.312,0.2,0.5,0.2,0.1,0,5,0
3538,18,475.0,6,112,79.16666666666667,0.3333333333333333,0.3333333333333333,0.16666666666666666,0.16666666666666666,0,5,0
4141,19,184.0,3,25,61.333333333333336,0.3333333333333333,0.6666666666666666,0.0,0.0,0,5,0
5576,39,590.25,6,34,98.375,0.3333333333333333,0.5,0.0,0.16666666666666666,1,2,4
3147,40,3071.0,36,4,85.30555555555556,0.19444444444444445,0.3888888888888889,0.3333333333333333,0.08333333333333333,0,4,0
5300,35,1384.7,12,5,115.39166666666667,0.25,0.6666666666666666,0.08333333333333333,0.0,0,5,0
4854,36,65.0,2,343,32.5,0.0,0.5,0.5,0.0,1,2,2
3748,28,450.0,3,296,150.0,0.0,0.3333333333333333,0.3333333333333333,0.3333333333333333,0,3,0
4475,20,1819.8,19,27,95.77894736842104,0.47368421052631576,0.10526315789473684,0.2631578947368421,0.15789473684210525,0,4,0
4030,44,658.25,10,33,65.825,0.3,0.2,0.4,0.1,1,2,4
4929,44,3472.0,27,3,128.59259259259258,0.2962962962962963,0.4444444444444444,0.18518518518518517,0.07407407407407407,0,4,0
3552,41,869.93,10,22,86.993,0.2,0.6,0.1,0.1,0,5,0
4002,38,975.5,17,68,57.38235294117647,0.23529411764705882,0.5294117647058824,0.23529411764705882,0.0,0,5,0
2232,18,901.12,10,33,90.112,0.1,0.3,0.4,0.2,0,5,0
3263,39,593.2,7,13,84.74285714285715,0.42857142857142855,0.2857142857142857,0.2857142857142857,0.0,1,2,4
3848,32,2245.0,16,45,140.3125,0.25,0.3125,0.25,0.1875,1,2,4
2988,43,240.0,1,576,240.0,0.0,0.0,0.0,1.0,0,3,0
2710,27,4649.15,52,1,89.40673076923076,0.11538461538461539,0.5961538461538461,0.25,0.038461538461538464,0,4,3
3747,24,2432.75,27,19,90.10185185185185,0.1111111111111111,0.4074074074074074,0.37037037037037035,0.1111111111111111,0,4,0
5053,35,58.5,1,575,58.5,0.0,1.0,0.0,0.0,0,5,1
4789,31,415.0,5,196,83.0,0.4,0.6,0.0,0.0,0,5,0
5250,34,3430.75,25,16,137.23,0.12,0.56,0.16,0.16,0,4,0
4004,34,153.0,1,574,153.0,0.0,0.0,0.0,1.0,0,3,0
4473,35,192.9,5,73,38.58,0.2,0.6,0.2,0.0,0,5,0
3118,21,1212.5,14,22,86.60714285714286,0.14285714285714285,0.21428571428571427,0.42857142857142855,0.21428571428571427,0,5,0
2445,38,434.25,6,57,72.375,0.0,0.5,0.3333333333333333,0.16666666666666666,0,5,0
4857,41,1952.5,27,16,72.31481481481481,0.2962962962962963,0.48148148148148145,0.2222222222222222,0.0,0,4,0
2457,35,1364.05,12,37,113.67083333333333,0.25,0.5,0.16666666666666666,0.08333333333333333,0,5,0
2786,20,378.2,4,330,94.55,0.0,0.25,0.75,0.0,0,1,2
5305,52,437.0,5,110,87.4,0.2,0.4,0.2,0.2,0,5,0
2166,51,794.62,7,114,113.51714285714286,0.2857142857142857,0.42857142857142855,0.2857142857142857,0.0,0,5,0
5039,41,1346.75,9,20,149.63888888888889,0.4444444444444444,0.3333333333333333,0.2222222222222222,0.0,0,5,0
4714,31,312.95,7,19,44.707142857142856,0.0,0.7142857142857143,0.14285714285714285,0.14285714285714285,0,5,0
2132,26,2996.45,46,13,65.14021739130435,0.21739130434782608,0.43478260869565216,0.2826086956521739,0.06521739130434782,0,4,0
5340,32,656.75,7,123,93.82142857142857,0.0,0.42857142857142855,0.42857142857142855,0.14285714285714285,0,5,0
5440,19,187.75,3,7,62.583333333333336,0.6666666666666666,0.3333333333333333,0.0,0.0,0,0,0
2393,29,1731.25,17,7,101.83823529411765,0.058823529411764705,0.47058823529411764,0.23529411764705882,0.23529411764705882,0,5,0
3208,33,929.5,9,166,103.27777777777777,0.2222222222222222,0.4444444444444444,0.1111111111111111,0.2222222222222222,0,5,0
5741,32,1074.2,11,229,97.65454545454546,0.18181818181818182,0.45454545454545453,0.36363636363636365,0.0,0,5,0
2143,45,2347.25,26,1,90.27884615384616,0.23076923076923078,0.4230769230769231,0.07692307692307693,0.2692307692307692,0,4,0
3339,18,1495.1,21,49,71.1952380952381,0.2857142857142857,0.5238095238095238,0.09523809523809523,0.09523809523809523,0,5,0
4783,42,82.5,2,218,41.25,0.0,1.0,0.0,0.0,0,5,1
4408,44,416.75,4,6,104.1875,0.0,0.5,0.25,0.25,0,5,0
3974,24,342.2,5,9,68.44,0.0,0.2,0.6,0.2,0,1,0
3833,52,240.5,5,75,48.1,0.4,0.6,0.0,0.0,0,5,0
2799,30,1023.5,10,46,102.35,0.2,0.4,0.1,0.3,0,5,0
3730,18,256.0,4,180,64.0,0.0,0.75,0.25,0.0,0,5,1
5069,18,493.0,6,67,82.16666666666667,0.3333333333333333,0.3333333333333333,0.0,0.3333333333333333,0,5,0
4538,18,1650.25,16,19,103.140625,0.25,0.5625,0.125,0.0625,0,5,0
5863,38,1147.55,18,1,63.75277777777777,0.2777777777777778,0.3333333333333333,0.3333333333333333,0.05555555555555555,0,5,0
5742,40,617.0,5,131,123.4,0.0,0.0,1.0,0.0,0,1,2
3782,26,303.65,8,47,37.95625,0.5,0.25,0.25,0.0,0,0,0
5237,44,547.5,10,16,54.75,0.4,0.3,0.2,0.1,0,5,0
4354,48,592.0,5,149,118.4,0.0,0.4,0.6,0.0,0,1,0
5405,25,275.62,6,68,45.93666666666667,0.5,0.5,0.0,0.0,0,5,0
5656,25,113.8,3,231,37.93333333333333,0.0,0.6666666666666666,0.3333333333333333,0.0,0,5,1
4263,33,205.0,2,520,102.5,0.5,0.5,0.0,0.0,0,0,5
5240,35,1673.25,20,118,83.6625,0.2,0.7,0.0,0.1,0,5,0
5936,28,307.5,6,112,51.25,0.16666666666666666,0.16666666666666666,0.6666666666666666,0.0,0,1,0
2296,18,554.1,9,51,61.56666666666667,0.4444444444444444,0.3333333333333333,0.2222222222222222,0.0,0,5,0
3965,24,492.0,5,14,98.4,0.0,0.8,0.2,0.0,0,5,0
4785,30,607.5,5,54,121.5,0.0,0.6,0.4,0.0,0,5,0
4175,43,971.25,10,24,97.125,0.3,0.3,0.2,0.2,0,5,0
5178,37,700.0,4,83,175.0,0.25,0.0,0.5,0.25,0,3,0
3136,18,414.38,6,84,69.06333333333333,0.16666666666666666,0.16666666666666666,0.5,0.16666666666666666,0,1,0
5502,45,1273.5,8,20,159.1875,0.125,0.25,0.5,0.125,0,5,0
5673,36,833.4,10,0,83.34,0.3,0.7,0.0,0.0,0,5,0
3514,46,313.0,5,154,62.6,0.4,0.0,0.4,0.2,0,0,0
2870,31,975.15,9,29,108.35,0.3333333333333333,0.5555555555555556,0.0,0.1111111111111111,0,5,0
4313,41,125.0,3,283,41.666666666666664,1.0,0.0,0.0,0.0,0,0,5
2422,45,289.0,6,56,48.166666666666664,0.3333333333333333,0.5,0.16666666666666666,0.0,0,5,0
5394,36,677.4,12,15,56.449999999999996,0.25,0.5,0.16666666666666666,0.08333333333333333,0,5,0
4525,26,1473.5,19,35,77.55263157894737,0.3157894736842105,0.47368421052631576,0.15789473684210525,0.05263157894736842,0,5,0
2656,21,1150.0,13,57,88.46153846153847,0.23076923076923078,0.6923076923076923,0.07692307692307693,0.0,0,5,0
3183,48,981.8,10,62,98.17999999999999,0.3,0.5,0.1,0.1,0,5,0
3724,40,4102.87,47,8,87.29510638297872,0.2553191489361702,0.425531914893617,0.23404255319148937,0.0851063829787234,0,4,3
2770,41,703.2,5,167,140.64000000000001,0.2,0.2,0.2,0.4,0,3,0
4418,18,857.0,5,56,171.4,0.0,0.8,0.0,0.2,0,5,0
4551,36,234.6,3,248,78.2,0.3333333333333333,0.6666666666666666,0.0,0.0,0,5,0
3193,41,144.0,1,558,144.0,0.0,0.0,0.0,1.0,0,3,0
4849,19,1211.8,16,20,75.7375,0.125,0.625,0.25,0.0,0,5,0
5775,39,2212.4,24,63,92.18333333333334,0.25,0.4166666666666667,0.20833333333333334,0.125,1,2,4
5716,55,156.6,4,241,39.15,0.25,0.75,0.0,0.0,1,2,4
2118,37,863.75,11,55,78.52272727272727,0.18181818181818182,0.5454545454545454,0.2727272727272727,0.0,0,5,0
3716,18,509.5,9,46,56.611111111111114,0.3333333333333333,0.5555555555555556,0.1111111111111111,0.0,0,5,0
2447,23,372.0,2,162,186.0,0.5,0.0,0.5,0.0,1,1,4
3565,40,2105.75,24,13,87.73958333333333,0.16666666666666666,0.625,0.16666666666666666,0.041666666666666664,0,4,0
4573,50,287.25,4,28,71.8125,0.0,0.5,0.5,0.0,0,5,0
5785,40,518.0,5,184,103.6,0.2,0.4,0.2,0.2,0,5,0
5487,18,48.0,1,556,48.0,0.0,1.0,0.0,0.0,0,5,1
3039,52,229.5,2,19,114.75,0.0,0.0,0.5,0.5,1,3,4
3176,40,2167.75,18,12,120.43055555555556,0.1111111111111111,0.6666666666666666,0.16666666666666666,0.05555555555555555,1,2,4
3669,53,490.45,6,23,81.74166666666666,0.16666666666666666,0.5,0.3333333333333333,0.0,1,2,4
5985,39,311.3,4,9,77.825,0.5,0.0,0.25,0.25,1,2,4
4650,43,451.55,6,135,75.25833333333334,0.16666666666666666,0.6666666666666666,0.16666666666666666,0.0,0,5,1
3300,27,532.3,6,57,88.71666666666665,0.16666666666666666,0.3333333333333333,0.3333333333333333,0.16666666666666666,0,5,0
4176,57,2161.49,19,50,113.76263157894736,0.3157894736842105,0.3157894736842105,0.21052631578947367,0.15789473684210525,1,2,4
4912,47,307.0,5,27,61.4,0.2,0.4,0.2,0.2,0,5,0
5629,33,2757.8,34,10,81.11176470588236,0.14705882352941177,0.5882352941176471,0.17647058823529413,0.08823529411764706,0,4,0
5328,29,560.75,7,10,80.10714285714286,0.0,0.5714285714285714,0.2857142857142857,0.14285714285714285,1,2,4
3766,37,1068.25,9,143,118.69444444444444,0.2222222222222222,0.4444444444444444,0.3333333333333333,0.0,1,2,4
4315,40,963.6,15,32,64.24,0.3333333333333333,0.4,0.26666666666666666,0.0,0,5,0
5768,30,1615.92,23,3,70.25739130434783,0.17391304347826086,0.391304347826087,0.34782608695652173,0.08695652173913043,1,2,4
2819,52,251.6,5,21,50.32,0.6,0.4,0.0,0.0,1,2,4
4485,58,1180.12,17,14,69.41882352941175,0.35294117647058826,0.5294117647058824,0.11764705882352941,0.0,1,2,4
4214,20,1506.8,14,122,107.62857142857142,0.21428571428571427,0.5,0.14285714285714285,0.14285714285714285,1,2,4
3603,35,1048.0,10,55,104.8,0.2,0.6,0.2,0.0,1,2,4
5515,31,646.2,7,102,92.31428571428572,0.0,0.5714285714285714,0.42857142857142855,0.0,1,2,2
5807,30,1297.0,10,102,129.7,0.3,0.4,0.2,0.1,1,2,4
5428,22,1234.4,17,40,72.61176470588236,0.11764705882352941,0.47058823529411764,0.35294117647058826,0.058823529411764705,1,2,4
5417,18,665.45,10,40,66.545,0.4,0.5,0.1,0.0,1,2,4
3790,50,716.25,7,120,102.32142857142857,0.0,0.8571428571428571,0.14285714285714285,0.0,1,2,1
4346,36,893.5,10,47,89.35,0.2,0.4,0.3,0.1,1,2,4
2952,36,1914.5,18,52,106.36111111111111,0.2222222222222222,0.5,0.1111111111111111,0.16666666666666666,1,2,4
5188,52,222.3,3,342,74.10000000000001,0.6666666666666666,0.0,0.3333333333333333,0.0,1,0,5
5512,31,1711.75,19,74,90.09210526315789,0.2631578947368421,0.631578947368421,0.05263157894736842,0.05263157894736842,1,2,4
5578,37,156.2,3,227,52.06666666666667,0.6666666666666666,0.3333333333333333,0.0,0.0,1,0,4
2622,26,3552.25,35,4,101.49285714285715,0.2,0.34285714285714286,0.37142857142857144,0.08571428571428572,1,4,3
2551,48,721.75,14,59,51.55357142857143,0.35714285714285715,0.42857142857142855,0.21428571428571427,0.0,1,2,4
3336,45,1124.95,14,8,80.35357142857143,0.21428571428571427,0.5714285714285714,0.21428571428571427,0.0,0,5,0
2208,29,175.0,4,241,43.75,0.0,0.5,0.5,0.0,0,5,2
4808,18,3787.0,36,17,105.19444444444444,0.2222222222222222,0.5833333333333334,0.1388888888888889,0.05555555555555555,0,4,0
2716,39,710.0,11,51,64.54545454545455,0.18181818181818182,0.6363636363636364,0.18181818181818182,0.0,1,2,1
5618,30,116.25,2,180,58.125,0.5,0.5,0.0,0.0,0,0,0
4405,18,3831.75,27,4,141.91666666666666,0.18518518518518517,0.5185185185185185,0.18518518518518517,0.1111111111111111,0,4,0
3467,36,2783.4,21,72,132.54285714285714,0.19047619047619047,0.42857142857142855,0.14285714285714285,0.23809523809523808,0,4,0
5480,26,1306.25,11,21,118.75,0.0,0.5454545454545454,0.2727272727272727,0.18181818181818182,0,5,0
2941,29,1661.2,19,10,87.43157894736842,0.3157894736842105,0.2631578947368421,0.3157894736842105,0.10526315789473684,0,5,0
2600,44,579.0,9,12,64.33333333333333,0.1111111111111111,0.7777777777777778,0.1111111111111111,0.0,0,5,0
3869,44,270.25,3,79,90.08333333333333,0.6666666666666666,0.0,0.0,0.3333333333333333,0,0,0
3873,34,215.5,4,299,53.875,0.0,0.75,0.25,0.0,0,5,1
3231,26,2526.92,34,20,74.32117647058824,0.23529411764705882,0.5294117647058824,0.20588235294117646,0.029411764705882353,0,4,0
2821,46,118.5,2,152,59.25,0.0,0.0,1.0,0.0,0,1,2
5665,39,337.6,5,202,67.52000000000001,0.4,0.4,0.2,0.0,0,5,0
3948,25,1201.38,16,4,75.08625,0.1875,0.5,0.25,0.0625,0,5,0
5403,25,974.4,8,36,121.8,0.25,0.0,0.625,0.125,0,1,0
5602,26,1780.65,29,5,61.40172413793104,0.1724137931034483,0.5862068965517241,0.1724137931034483,0.06896551724137931,0,4,0
3063,46,4800.58,42,8,114.2995238095238,0.14285714285714285,0.5,0.21428571428571427,0.14285714285714285,0,4,3
2196,39,759.75,6,26,126.625,0.0,0.5,0.16666666666666666,0.3333333333333333,0,5,0
4976,45,782.0,10,12,78.2,0.1,0.5,0.3,0.1,0,5,0
3539,25,822.0,7,124,117.42857142857143,0.2857142857142857,0.14285714285714285,0.2857142857142857,0.2857142857142857,0,5,0
2180,26,2106.2,22,20,95.73636363636363,0.3181818181818182,0.4090909090909091,0.22727272727272727,0.045454545454545456,0,4,0
5236,36,202.5,2,186,101.25,0.5,0.0,0.0,0.5,0,3,0
3807,25,4191.75,43,20,97.48255813953489,0.18604651162790697,0.4883720930232558,0.20930232558139536,0.11627906976744186,0,4,3
2693,36,151.5,4,341,37.875,0.25,0.25,0.5,0.0,0,1,0
5375,32,601.5,7,46,85.92857142857143,0.2857142857142857,0.5714285714285714,0.14285714285714285,0.0,0,5,0
2496,42,345.25,5,6,69.05,0.2,0.6,0.2,0.0,0,5,0
4194,40,380.5,4,241,95.125,0.0,0.25,0.75,0.0,0,1,2
5823,32,523.8,5,87,104.75999999999999,0.2,0.4,0.2,0.2,0,5,0
4959,30,400.0,4,72,100.0,0.0,0.75,0.25,0.0,0,5,0
2868,49,1220.25,16,27,76.265625,0.0625,0.5625,0.1875,0.1875,0,5,0
4021,35,522.0,7,122,74.57142857142857,0.2857142857142857,0.42857142857142855,0.0,0.2857142857142857,0,5,0
3976,31,2392.85,22,33,108.76590909090909,0.2727272727272727,0.4090909090909091,0.18181818181818182,0.13636363636363635,0,4,0
4670,38,488.1,7,22,69.72857142857143,0.2857142857142857,0.2857142857142857,0.2857142857142857,0.14285714285714285,0,5,0
4955,29,367.5,5,27,73.5,0.4,0.2,0.2,0.2,0,5,0
3800,24,202.8,2,221,101.4,0.5,0.0,0.5,0.0,0,0,2
4172,37,1571.0,22,24,71.4090909090909,0.2727272727272727,0.3181818181818182,0.3181818181818182,0.09090909090909091,0,5,0
5758,35,622.0,7,31,88.85714285714286,0.14285714285714285,0.5714285714285714,0.14285714285714285,0.14285714285714285,0,5,0
4995,43,1938.4,17,39,114.02352941176471,0.29411764705882354,0.29411764705882354,0.23529411764705882,0.17647058823529413,0,5,0
5804,42,518.7,9,111,57.63333333333334,0.1111111111111111,0.4444444444444444,0.4444444444444444,0.0,0,5,0
2994,40,936.5,16,36,58.53125,0.4375,0.5,0.0625,0.0,0,5,0
5868,38,1719.0,23,45,74.73913043478261,0.30434782608695654,0.5217391304347826,0.08695652173913043,0.08695652173913043,0,5,0
3443,32,176.12,2,233,88.06,1.0,0.0,0.0,0.0,0,0,5
4245,39,277.5,5,6,55.5,0.6,0.0,0.2,0.2,0,0,0
2579,43,1156.8,12,10,96.39999999999999,0.25,0.5833333333333334,0.08333333333333333,0.08333333333333333,0,5,0
5461,45,1758.65,21,22,83.7452380952381,0.2857142857142857,0.47619047619047616,0.09523809523809523,0.14285714285714285,0,5,0
4567,45,1562.3,19,20,82.22631578947369,0.2631578947368421,0.5263157894736842,0.15789473684210525,0.05263157894736842,0,5,0
4647,18,2095.4,18,19,116.41111111111111,0.4444444444444444,0.3333333333333333,0.2222222222222222,0.0,0,4,0
3738,30,1084.0,5,246,216.8,0.2,0.4,0.2,0.2,0,3,0
2713,25,1549.12,24,11,64.54666666666667,0.16666666666666666,0.5833333333333334,0.20833333333333334,0.041666666666666664,0,5,0
5086,29,2194.75,22,50,99.76136363636364,0.22727272727272727,0.5,0.13636363636363635,0.13636363636363635,0,4,0
2434,28,476.0,7,61,68.0,0.2857142857142857,0.42857142857142855,0.0,0.2857142857142857,0,5,0
4850,31,1736.7,19,9,91.40526315789474,0.2631578947368421,0.47368421052631576,0.21052631578947367,0.05263157894736842,0,5,0
4348,21,1005.2,10,31,100.52000000000001,0.4,0.2,0.4,0.0,0,5,0
5674,25,2503.4,27,9,92.71851851851852,0.18518518518518517,0.4074074074074074,0.2962962962962963,0.1111111111111111,0,4,0
4048,39,4588.13,49,2,93.63530612244898,0.16326530612244897,0.5102040816326531,0.24489795918367346,0.08163265306122448,0,4,3
5668,24,95.0,3,165,31.666666666666668,0.0,1.0,0.0,0.0,0,5,1
3207,27,795.85,9,18,88.42777777777778,0.3333333333333333,0.5555555555555556,0.1111111111111111,0.0,0,5,0
5606,46,1040.6,10,119,104.05999999999999,0.2,0.4,0.2,0.2,0,5,0
3719,36,381.0,5,83,76.2,0.2,0.6,0.0,0.2,1,2,4
5453,37,175.0,3,385,58.333333333333336,0.0,1.0,0.0,0.0,1,2,1
3927,23,347.5,6,48,57.916666666666664,0.3333333333333333,0.3333333333333333,0.3333333333333333,0.0,0,5,0
3501,30,804.75,13,84,61.90384615384615,0.3076923076923077,0.5384615384615384,0.15384615384615385,0.0,0,5,0
3904,39,1288.45,16,11,80.528125,0.3125,0.375,0.25,0.0625,1,2,4
5306,27,809.35,11,42,73.57727272727273,0.18181818181818182,0.5454545454545454,0.09090909090909091,0.18181818181818182,1,2,4
4184,32,727.5,10,41,72.75,0.4,0.3,0.2,0.1,0,5,0
4640,30,1810.12,18,5,100.56222222222222,0.1111111111111111,0.4444444444444444,0.2777777777777778,0.16666666666666666,1,2,4
4831,33,788.75,8,24,98.59375,0.125,0.5,0.125,0.25,1,2,4
5213,42,423.0,5,45,84.6,0.2,0.6,0.2,0.0,1,2,1
2176,37,787.75,9,81,87.52777777777777,0.0,0.5555555555555556,0.2222222222222222,0.2222222222222222,0,5,0
3725,25,398.75,6,256,66.45833333333333,0.3333333333333333,0.3333333333333333,0.16666666666666666,0.16666666666666666,0,5,0
2477,24,299.5,5,96,59.9,0.4,0.6,0.0,0.0,1,2,4
2515,18,1886.08,20,25,94.304,0.2,0.55,0.2,0.05,0,5,0
2403,44,192.0,4,186,48.0,0.75,0.25,0.0,0.0,0,0,0
2338,44,190.0,3,320,63.333333333333336,0.0,1.0,0.0,0.0,0,5,1
2567,40,297.5,4,73,74.375,0.5,0.5,0.0,0.0,1,2,4
5044,36,982.6,9,36,109.17777777777778,0.2222222222222222,0.4444444444444444,0.3333333333333333,0.0,0,5,0
4796,51,493.25,5,12,98.65,0.2,0.6,0.0,0.2,0,5,0
3551,25,1032.5,7,46,147.5,0.2857142857142857,0.5714285714285714,0.14285714285714285,0.0,1,2,4
4817,34,2539.42,22,3,115.42818181818183,0.22727272727272727,0.36363636363636365,0.2727272727272727,0.13636363636363635,1,4,4
2470,50,25.0,1,525,25.0,0.0,1.0,0.0,0.0,0,5,1
3913,27,1275.45,13,13,98.11153846153846,0.23076923076923078,0.5384615384615384,0.15384615384615385,0.07692307692307693,1,2,4
5040,35,642.0,5,16,128.4,0.2,0.6,0.2,0.0,0,5,0
5830,36,725.0,6,3,120.83333333333333,0.0,0.5,0.16666666666666666,0.3333333333333333,0,5,0
2043,18,1049.8,17,27,61.752941176470586,0.4117647058823529,0.4117647058823529,0.17647058823529413,0.0,0,5,0
2241,38,791.25,8,14,98.90625,0.375,0.375,0.125,0.125,0,5,0
2030,33,2287.75,24,6,95.32291666666667,0.125,0.5,0.25,0.125,1,4,4
4350,19,254.75,3,146,84.91666666666667,0.3333333333333333,0.3333333333333333,0.0,0.3333333333333333,0,5,0
3702,18,500.25,7,10,71.46428571428571,0.2857142857142857,0.2857142857142857,0.2857142857142857,0.14285714285714285,0,5,0
2123,26,712.25,9,15,79.13888888888889,0.0,0.7777777777777778,0.1111111111111111,0.1111111111111111,0,5,0
4953,46,635.5,5,88,127.1,0.2,0.6,0.2,0.0,0,5,0
5895,49,1051.75,9,92,116.86111111111111,0.2222222222222222,0.4444444444444444,0.3333333333333333,0.0,0,5,0
4199,54,1711.75,17,156,100.69117647058823,0.23529411764705882,0.4117647058823529,0.23529411764705882,0.11764705882352941,0,5,0
2055,38,355.0,4,282,88.75,0.25,0.5,0.0,0.25,1,2,1
5658,29,557.5,9,31,61.94444444444444,0.1111111111111111,0.4444444444444444,0.4444444444444444,0.0,1,2,4
3967,18,1853.0,24,11,77.20833333333333,0.3333333333333333,0.5,0.16666666666666666,0.0,0,4,0
4451,32,662.0,6,222,110.33333333333333,0.3333333333333333,0.3333333333333333,0.0,0.3333333333333333,0,3,0
5227,29,2265.25,27,0,83.89814814814815,0.2222222222222222,0.37037037037037035,0.25925925925925924,0.14814814814814814,1,4,4
2115,37,724.5,6,30,120.75,0.16666666666666666,0.8333333333333334,0.0,0.0,0,5,0
3197,32,1342.85,15,19,89.52333333333333,0.26666666666666666,0.5333333333333333,0.06666666666666667,0.13333333333333333,1,2,4
2723,31,1099.75,19,18,57.88157894736842,0.3684210526315789,0.42105263157894735,0.21052631578947367,0.0,0,5,0
5173,33,111.25,3,24,37.083333333333336,0.6666666666666666,0.3333333333333333,0.0,0.0,1,0,4
2358,49,237.25,3,230,79.08333333333333,0.0,1.0,0.0,0.0,0,5,1
3820,20,477.0,5,17,95.4,0.2,0.4,0.4,0.0,0,5,0
3198,26,830.5,12,46,69.20833333333333,0.08333333333333333,0.75,0.08333333333333333,0.08333333333333333,1,2,4
5720,21,2926.75,41,44,71.38414634146342,0.2682926829268293,0.4634146341463415,0.21951219512195122,0.04878048780487805,0,4,0
4164,18,1216.0,8,97,152.0,0.125,0.375,0.25,0.25,0,5,0
2331,37,267.0,5,3,53.4,0.2,0.8,0.0,0.0,0,5,0
2172,25,736.25,13,49,56.63461538461539,0.07692307692307693,0.6153846153846154,0.3076923076923077,0.0,1,2,4
2068,59,384.5,8,167,48.0625,0.25,0.375,0.375,0.0,0,5,0
5827,49,818.5,10,27,81.85,0.2,0.5,0.3,0.0,0,5,0
5140,30,245.0,3,6,81.66666666666667,0.0,1.0,0.0,0.0,0,5,1
3614,29,440.0,4,26,110.0,0.25,0.5,0.0,0.25,1,2,4
2628,29,896.62,9,28,99.62444444444445,0.2222222222222222,0.4444444444444444,0.3333333333333333,0.0,0,5,0
2813,29,613.75,7,13,87.67857142857143,0.0,0.5714285714285714,0.2857142857142857,0.14285714285714285,1,2,4
3319,50,225.5,3,351,75.16666666666667,0.0,0.6666666666666666,0.3333333333333333,0.0,0,5,1
2603,24,1055.5,11,30,95.95454545454545,0.18181818181818182,0.5454545454545454,0.09090909090909091,0.18181818181818182,0,5,0
3046,31,253.5,5,171,50.7,0.2,0.6,0.2,0.0,0,5,1
4897,39,403.0,3,20,134.33333333333334,0.3333333333333333,0.3333333333333333,0.0,0.3333333333333333,0,3,0
5968,41,964.75,11,71,87.70454545454545,0.09090909090909091,0.5454545454545454,0.18181818181818182,0.18181818181818182,1,2,4
3638,33,560.0,7,53,80.0,0.14285714285714285,0.5714285714285714,0.14285714285714285,0.14285714285714285,1,2,4
4488,57,501.5,8,50,62.6875,0.375,0.125,0.5,0.0,0,5,0
4679,23,454.65,8,20,56.83125,0.0,0.5,0.5,0.0,0,5,0
2794,43,342.0,4,96,85.5,0.0,0.5,0.5,0.0,0,5,0
4671,32,2482.0,26,19,95.46153846153847,0.34615384615384615,0.5769230769230769,0.038461538461538464,0.038461538461538464,0,4,0
5221,29,3512.45,49,3,71.68265306122449,0.20408163265306123,0.5918367346938775,0.12244897959183673,0.08163265306122448,0,4,3
5672,41,1428.9,17,10,84.0529411764706,0.11764705882352941,0.29411764705882354,0.47058823529411764,0.11764705882352941,1,2,4
2690,40,1147.85,13,32,88.29615384615384,0.38461538461538464,0.3076923076923077,0.23076923076923078,0.07692307692307693,1,2,4
3014,20,1616.52,20,11,80.826,0.15,0.35,0.5,0.0,1,2,4
4729,24,834.62,11,28,75.87454545454545,0.2727272727272727,0.45454545454545453,0.18181818181818182,0.09090909090909091,1,2,4
5272,27,1059.45,10,20,105.94500000000001,0.2,0.6,0.2,0.0,1,2,4
4006,27,3591.46,56,2,64.13321428571429,0.23214285714285715,0.5357142857142857,0.17857142857142858,0.05357142857142857,0,4,3
2614,53,1637.0,21,8,77.95238095238095,0.14285714285714285,0.6190476190476191,0.19047619047619047,0.047619047619047616,1,2,4
3210,39,91.4,3,156,30.46666666666667,0.6666666666666666,0.0,0.3333333333333333,0.0,1,0,4
2649,25,1870.65,18,39,103.92500000000001,0.2222222222222222,0.5555555555555556,0.2222222222222222,0.0,0,5,0
3059,18,359.5,4,328,89.875,0.0,0.75,0.25,0.0,0,5,1
2585,25,381.13,8,99,47.64125,0.125,0.75,0.125,0.0,0,5,1
4608,27,337.5,4,59,84.375,0.25,0.5,0.0,0.25,0,5,0
4830,18,269.75,2,449,134.875,0.0,0.5,0.5,0.0,0,1,2
5679,50,819.0,9,4,91.0,0.0,0.7777777777777778,0.2222222222222222,0.0,0,5,0
3267,39,1982.75,29,5,68.37068965517241,0.2413793103448276,0.4827586206896552,0.20689655172413793,0.06896551724137931,0,4,0
2474,26,348.5,3,52,116.16666666666667,0.3333333333333333,0.6666666666666666,0.0,0.0,1,2,4
4132,38,1639.25,18,11,91.06944444444444,0.2222222222222222,0.5555555555555556,0.16666666666666666,0.05555555555555555,0,5,0
5082,42,1379.5,10,4,137.95,0.4,0.4,0.1,0.1,1,2,4
5743,39,725.7,9,9,80.63333333333334,0.4444444444444444,0.2222222222222222,0.2222222222222222,0.1111111111111111,0,5,0
2573,23,1525.7,18,0,84.76111111111112,0.2222222222222222,0.3888888888888889,0.2222222222222222,0.16666666666666666,1,2,4
4479,25,58.5,2,120,29.25,0.0,0.0,1.0,0.0,0,1,2
4378,32,697.75,4,122,174.4375,0.0,0.25,0.5,0.25,1,3,4
4085,41,1108.5,8,15,138.5625,0.125,0.625,0.25,0.0,0,5,0
2494,38,813.3,10,39,81.33,0.2,0.5,0.2,0.1,0,5,0
5065,43,488.5,5,202,97.7,0.4,0.4,0.2,0.0,0,5,0
3998,34,639.0,6,57,106.5,0.3333333333333333,0.5,0.16666666666666666,0.0,0,5,0
2501,46,528.5,7,51,75.5,0.5714285714285714,0.14285714285714285,0.14285714285714285,0.14285714285714285,0,0,0
3001,48,1651.75,13,7,127.0576923076923,0.15384615384615385,0.6153846153846154,0.15384615384615385,0.07692307692307693,0,5,0
2478,61,999.0,9,62,111.0,0.2222222222222222,0.4444444444444444,0.3333333333333333,0.0,0,5,0
2904,28,1081.1,15,30,72.07333333333332,0.06666666666666667,0.6666666666666666,0.2,0.06666666666666667,1,2,4
5112,23,1698.75,20,69,84.9375,0.1,0.7,0.15,0.05,1,2,4
3523,20,300.0,7,5,42.857142857142854,0.14285714285714285,0.42857142857142855,0.42857142857142855,0.0,1,2,4
5812,30,1734.4,17,75,102.02352941176471,0.35294117647058826,0.17647058823529413,0.23529411764705882,0.23529411764705882,1,2,4
4954,26,439.75,9,49,48.861111111111114,0.3333333333333333,0.3333333333333333,0.3333333333333333,0.0,0,5,0
3831,31,488.5,6,104,81.41666666666667,0.16666666666666666,0.6666666666666666,0.0,0.16666666666666666,1,2,4
4059,46,251.0,3,225,83.66666666666667,1.0,0.0,0.0,0.0,0,0,5
5154,25,5256.55,56,14,93.86696428571429,0.23214285714285715,0.44642857142857145,0.23214285714285715,0.08928571428571429,0,4,3
4984,20,284.95,4,32,71.2375,0.25,0.75,0.0,0.0,0,5,0
2088,44,155.5,3,295,51.833333333333336,0.3333333333333333,0.6666666666666666,0.0,0.0,0,5,0
4842,34,119.25,2,476,59.625,0.5,0.5,0.0,0.0,0,0,5
4386,50,882.75,11,116,80.25,0.18181818181818182,0.36363636363636365,0.36363636363636365,0.09090909090909091,0,5,0
5930,28,564.5,8,78,70.5625,0.0,0.875,0.0,0.125,0,5,0
4495,30,2445.75,22,47,111.17045454545455,0.18181818181818182,0.4090909090909091,0.22727272727272727,0.18181818181818182,0,4,0
3587,41,271.2,2,374,135.6,0.5,0.0,0.5,0.0,0,0,2
3882,25,195.0,4,371,48.75,0.5,0.25,0.25,0.0,0,0,5
5890,30,546.12,9,124,60.68,0.3333333333333333,0.3333333333333333,0.2222222222222222,0.1111111111111111,0,5,0
3508,22,755.0,6,109,125.83333333333333,0.0,0.16666666666666666,0.6666666666666666,0.16666666666666666,0,1,0
3664,33,354.0,3,429,118.0,0.3333333333333333,0.0,0.3333333333333333,0.3333333333333333,0,3,0
4562,41,516.0,8,0,64.5,0.375,0.625,0.0,0.0,0,5,0
3663,51,24.0,1,495,24.0,1.0,0.0,0.0,0.0,0,0,5
3335,18,3276.5,34,30,96.36764705882354,0.20588235294117646,0.5,0.23529411764705882,0.058823529411764705,0,4,0
2671,24,1194.0,13,11,91.84615384615384,0.23076923076923078,0.3076923076923077,0.3076923076923077,0.15384615384615385,0,5,0
5386,33,3514.05,45,5,78.09,0.35555555555555557,0.4,0.2,0.044444444444444446,0,4,0
2930,21,862.0,8,72,107.75,0.5,0.375,0.125,0.0,0,5,0
5425,39,759.75,7,83,108.53571428571429,0.42857142857142855,0.5714285714285714,0.0,0.0,0,5,0
2231,18,983.5,10,42,98.35,0.5,0.4,0.1,0.0,0,5,0
3091,22,340.0,4,67,85.0,0.0,0.75,0.25,0.0,0,5,0
3321,30,2406.8,22,17,109.4,0.36363636363636365,0.36363636363636365,0.22727272727272727,0.045454545454545456,0,4,0
3352,32,1432.5,9,117,159.16666666666666,0.2222222222222222,0.2222222222222222,0.4444444444444444,0.1111111111111111,0,5,0
5811,31,2065.5,23,16,89.80434782608695,0.30434782608695654,0.30434782608695654,0.17391304347826086,0.21739130434782608,0,4,0
3486,40,3073.12,40,1,76.828,0.175,0.55,0.2,0.075,0,4,0
2948,42,275.0,2,199,137.5,0.5,0.5,0.0,0.0,1,2,4
3320,45,344.0,7,46,49.142857142857146,0.2857142857142857,0.7142857142857143,0.0,0.0,0,5,0
2635,34,926.0,5,43,185.2,0.2,0.2,0.2,0.4,0,3,0
2466,36,95.25,3,15,31.75,0.3333333333333333,0.3333333333333333,0.3333333333333333,0.0,1,2,4
5084,44,1082.45,10,24,108.245,0.4,0.3,0.3,0.0,1,2,4
3594,32,210.0,3,47,70.0,0.0,0.6666666666666666,0.3333333333333333,0.0,1,2,4
3131,34,450.5,7,31,64.35714285714286,0.14285714285714285,0.7142857142857143,0.14285714285714285,0.0,0,5,0
3116,48,1004.2,13,35,77.24615384615385,0.23076923076923078,0.6153846153846154,0.15384615384615385,0.0,0,5,0
4700,45,615.9,9,28,68.43333333333334,0.4444444444444444,0.2222222222222222,0.0,0.3333333333333333,0,5,0
4871,28,1500.55,21,10,71.45476190476191,0.2857142857142857,0.3333333333333333,0.23809523809523808,0.14285714285714285,1,2,4
4920,23,1022.2,12,95,85.18333333333334,0.3333333333333333,0.5,0.16666666666666666,0.0,0,5,0
2375,48,645.0,5,43,129.0,0.0,1.0,0.0,0.0,0,5,1
2582,45,120.0,1,488,120.0,0.0,0.0,1.0,0.0,0,1,2
4169,20,1602.88,21,10,76.32761904761905,0.3333333333333333,0.38095238095238093,0.23809523809523808,0.047619047619047616,0,5,0
2018,36,202.0,2,247,101.0,0.0,1.0,0.0,0.0,0,5,1
2977,47,1504.4,20,54,75.22,0.25,0.5,0.25,0.0,0,5,0
2299,25,151.0,3,248,50.333333333333336,0.0,0.6666666666666666,0.3333333333333333,0.0,0,5,1
5853,22,635.0,11,0,57.72727272727273,0.09090909090909091,0.7272727272727273,0.18181818181818182,0.0,0,5,0
5865,18,294.5,6,48,49.083333333333336,0.3333333333333333,0.5,0.16666666666666666,0.0,0,5,0
2077,29,1292.4,19,19,68.02105263157895,0.21052631578947367,0.6842105263157895,0.10526315789473684,0.0,1,2,4
5206,45,508.0,6,70,84.66666666666667,0.0,0.3333333333333333,0.6666666666666666,0.0,0,1,0
5302,26,756.6,6,114,126.10000000000001,0.3333333333333333,0.3333333333333333,0.16666666666666666,0.16666666666666666,1,2,4
5283,18,1037.25,8,54,129.65625,0.0,0.75,0.25,0.0,0,5,0
3968,41,114.05,3,172,38.016666666666666,0.3333333333333333,0.6666666666666666,0.0,0.0,0,5,0
5867,23,351.5,6,111,58.583333333333336,0.0,0.6666666666666666,0.0,0.3333333333333333,0,5,0
5767,52,1443.62,13,13,111.0476923076923,0.38461538461538464,0.3076923076923077,0.15384615384615385,0.15384615384615385,0,5,0
5255,18,1100.8,10,17,110.08,0.2,0.4,0.3,0.1,0,5,0
5016,18,1035.0,4,103,258.75,0.0,0.25,0.75,0.0,1,1,4
2961,38,914.25,12,59,76.1875,0.16666666666666666,0.5833333333333334,0.0,0.25,1,2,4
5056,44,139.0,2,198,69.5,0.0,0.5,0.5,0.0,1,2,2
2594,42,1204.5,17,11,70.8529411764706,0.29411764705882354,0.5882352941176471,0.058823529411764705,0.058823529411764705,0,5,0
4548,26,265.0,5,30,53.0,0.4,0.4,0.2,0.0,1,2,4
5418,19,724.77,11,11,65.88818181818182,0.2727272727272727,0.45454545454545453,0.2727272727272727,0.0,1,2,4
4917,35,1373.62,17,13,80.80117647058823,0.17647058823529413,0.5882352941176471,0.23529411764705882,0.0,0,5,0
5717,22,1743.0,18,10,96.83333333333333,0.1111111111111111,0.6111111111111112,0.16666666666666666,0.1111111111111111,0,5,0
2577,46,714.0,6,21,119.0,0.16666666666666666,0.16666666666666666,0.6666666666666666,0.0,0,1,0
2171,34,1725.7,18,3,95.87222222222222,0.1111111111111111,0.6666666666666666,0.16666666666666666,0.05555555555555555,1,2,4
4946,18,1999.75,19,96,105.25,0.2631578947368421,0.21052631578947367,0.21052631578947367,0.3157894736842105,1,2,4
4103,55,2748.45,25,34,109.93799999999999,0.36,0.28,0.24,0.12,0,4,0
3278,32,899.0,6,103,149.83333333333334,0.5,0.3333333333333333,0.16666666666666666,0.0,0,5,0
5588,27,244.5,5,69,48.9,0.8,0.0,0.2,0.0,1,0,4
5019,18,1808.87,15,12,120.59133333333332,0.2,0.6,0.06666666666666667,0.13333333333333333,0,5,0
5993,32,1941.4,19,12,102.17894736842106,0.3684210526315789,0.3684210526315789,0.15789473684210525,0.10526315789473684,0,4,0
5514,38,380.0,5,113,76.0,0.0,0.8,0.0,0.2,0,5,0
4913,27,1239.5,10,45,123.95,0.2,0.4,0.4,0.0,1,2,4
4727,34,367.6,4,133,91.9,0.5,0.25,0.0,0.25,0,0,0
2215,23,105.25,3,232,35.083333333333336,0.3333333333333333,0.6666666666666666,0.0,0.0,1,2,4
3402,24,825.0,9,4,91.66666666666667,0.2222222222222222,0.5555555555555556,0.1111111111111111,0.1111111111111111,1,2,4
2480,32,4196.55,46,24,91.22934782608696,0.32608695652173914,0.34782608695652173,0.21739130434782608,0.10869565217391304,0,4,3
3491,37,689.4,9,26,76.6,0.3333333333333333,0.6666666666666666,0.0,0.0,0,5,0
4312,41,1381.75,14,40,98.69642857142857,0.07142857142857142,0.5,0.21428571428571427,0.21428571428571427,0,5,0
4736,28,913.4,11,21,83.03636363636363,0.36363636363636365,0.36363636363636365,0.2727272727272727,0.0,0,5,0
4109,32,186.0,2,20,93.0,1.0,0.0,0.0,0.0,0,0,5
2384,33,1047.9,12,56,87.325,0.0,0.4166666666666667,0.5,0.08333333333333333,0,5,0
5327,18,882.5,11,0,80.22727272727273,0.09090909090909091,0.8181818181818182,0.09090909090909091,0.0,0,5,0
3867,26,1104.0,7,62,157.71428571428572,0.0,0.5714285714285714,0.2857142857142857,0.14285714285714285,0,5,0
5978,21,311.25,5,27,62.25,0.4,0.4,0.2,0.0,0,5,0
3246,26,1036.5,7,90,148.07142857142858,0.2857142857142857,0.2857142857142857,0.14285714285714285,0.2857142857142857,0,3,0
4275,50,3062.95,37,1,82.78243243243243,0.24324324324324326,0.40540540540540543,0.2972972972972973,0.05405405405405406,1,4,4
3244,44,190.25,2,227,95.125,0.0,1.0,0.0,0.0,1,2,1
2361,43,2735.1,31,44,88.2290322580645,0.25806451612903225,0.4838709677419355,0.22580645161290322,0.03225806451612903,1,4,4
2850,44,923.5,10,55,92.35,0.2,0.4,0.4,0.0,1,2,4
4326,26,524.5,6,20,87.41666666666667,0.16666666666666666,0.5,0.16666666666666666,0.16666666666666666,1,2,4
2508,21,1279.0,9,88,142.11111111111111,0.3333333333333333,0.4444444444444444,0.1111111111111111,0.1111111111111111,1,2,4
3297,43,4294.0,43,1,99.86046511627907,0.16279069767441862,0.46511627906976744,0.32558139534883723,0.046511627906976744,0,4,3
5078,49,369.0,6,176,61.5,0.0,1.0,0.0,0.0,0,5,1
2156,18,1655.25,21,5,78.82142857142857,0.23809523809523808,0.42857142857142855,0.2857142857142857,0.047619047619047616,1,2,4
4622,38,407.0,7,48,58.142857142857146,0.0,0.5714285714285714,0.42857142857142855,0.0,1,2,2
5389,44,1922.9,23,12,83.60434782608696,0.2608695652173913,0.5652173913043478,0.08695652173913043,0.08695652173913043,0,4,0
4035,42,56.0,1,470,56.0,0.0,0.0,1.0,0.0,1,1,2
5491,35,839.0,5,23,167.8,0.2,0.4,0.2,0.2,1,2,4
2306,30,1174.38,11,69,106.76181818181819,0.2727272727272727,0.36363636363636365,0.2727272727272727,0.09090909090909091,0,5,0
5573,26,431.0,4,212,107.75,0.5,0.0,0.5,0.0,0,0,2
4654,29,2695.45,40,1,67.38624999999999,0.35,0.45,0.15,0.05,1,4,4
5162,36,1524.3,12,8,127.02499999999999,0.3333333333333333,0.16666666666666666,0.4166666666666667,0.08333333333333333,1,2,4
3668,37,914.22,14,32,65.30142857142857,0.35714285714285715,0.42857142857142855,0.21428571428571427,0.0,0,5,0
3161,21,532.25,6,61,88.70833333333333,0.0,0.6666666666666666,0.3333333333333333,0.0,0,5,0
5024,34,291.0,4,235,72.75,0.0,0.25,0.5,0.25,0,1,2
5715,28,225.25,5,118,45.05,0.2,0.4,0.4,0.0,0,5,0
5938,35,4054.2,41,4,98.88292682926829,0.1951219512195122,0.4634146341463415,0.3170731707317073,0.024390243902439025,0,4,0
4564,29,518.0,5,41,103.6,0.2,0.6,0.2,0.0,0,5,0
3348,34,632.5,3,132,210.83333333333334,0.0,0.6666666666666666,0.0,0.3333333333333333,0,3,0
5982,34,985.4,12,7,82.11666666666666,0.16666666666666666,0.25,0.5,0.08333333333333333,0,5,0
2562,26,1428.75,14,0,102.05357142857143,0.35714285714285715,0.5,0.14285714285714285,0.0,0,5,0
2848,48,1462.8,15,174,97.52,0.3333333333333333,0.3333333333333333,0.2,0.13333333333333333,0,5,0
4424,46,1874.0,14,13,133.85714285714286,0.21428571428571427,0.6428571428571429,0.14285714285714285,0.0,1,2,4
5771,18,1418.25,13,47,109.09615384615384,0.15384615384615385,0.6923076923076923,0.15384615384615385,0.0,0,5,0
5784,34,2085.5,15,48,139.03333333333333,0.26666666666666666,0.4666666666666667,0.13333333333333333,0.13333333333333333,0,5,0
4483,21,278.4,4,240,69.6,0.25,0.25,0.25,0.25,1,2,4
4040,34,300.0,2,202,150.0,0.0,0.0,0.0,1.0,0,3,0
4456,34,980.5,10,61,98.05,0.2,0.5,0.1,0.2,0,5,0
4129,37,842.25,7,33,120.32142857142857,0.2857142857142857,0.14285714285714285,0.2857142857142857,0.2857142857142857,1,2,4
3143,52,427.5,5,191,85.5,0.4,0.2,0.4,0.0,0,0,0
4309,39,308.2,4,305,77.05,0.25,0.25,0.25,0.25,0,5,0
3920,26,403.5,6,4,67.25,0.16666666666666666,0.5,0.3333333333333333,0.0,0,5,0
3288,23,335.25,6,29,55.875,0.3333333333333333,0.5,0.16666666666666666,0.0,0,5,0
5119,33,351.25,2,410,175.625,0.0,0.5,0.5,0.0,0,1,2
5043,40,1661.0,18,2,92.27777777777777,0.05555555555555555,0.6111111111111112,0.2222222222222222,0.1111111111111111,1,2,4
5218,38,4129.6,44,8,93.85454545454546,0.29545454545454547,0.36363636363636365,0.20454545454545456,0.13636363636363635,1,4,3
4506,21,5306.6,61,5,86.99344262295082,0.18032786885245902,0.4918032786885246,0.18032786885245902,0.14754098360655737,0,4,3
3656,18,629.88,12,56,52.49,0.25,0.4166666666666667,0.3333333333333333,0.0,0,5,0
5604,47,448.0,5,22,89.6,0.2,0.4,0.4,0.0,0,5,0
2651,28,1157.0,17,53,68.05882352941177,0.17647058823529413,0.6470588235294118,0.17647058823529413,0.0,1,2,4
2840,34,1162.75,11,24,105.70454545454545,0.18181818181818182,0.45454545454545453,0.2727272727272727,0.09090909090909091,0,5,0
5825,39,828.0,7,106,118.28571428571429,0.2857142857142857,0.14285714285714285,0.42857142857142855,0.14285714285714285,0,5,0
2276,42,1248.05,12,83,104.00416666666666,0.16666666666666666,0.5,0.3333333333333333,0.0,0,5,0
4944,19,295.0,4,263,73.75,0.0,1.0,0.0,0.0,0,5,1
4224,25,1404.55,13,14,108.04230769230769,0.15384615384615385,0.3076923076923077,0.3076923076923077,0.23076923076923078,1,2,4
2946,23,1403.0,13,5,107.92307692307692,0.15384615384615385,0.38461538461538464,0.3076923076923077,0.15384615384615385,0,5,0
5791,47,95.5,3,425,31.833333333333332,0.3333333333333333,0.3333333333333333,0.3333333333333333,0.0,1,2,2
2367,49,388.75,4,235,97.1875,0.0,0.75,0.25,0.0,0,5,1
5932,35,214.6,3,225,71.53333333333333,0.3333333333333333,0.3333333333333333,0.3333333333333333,0.0,0,5,0
2688,30,1575.0,11,1,143.1818181818182,0.0,0.45454545454545453,0.18181818181818182,0.36363636363636365,0,5,0
4231,18,1379.5,16,74,86.21875,0.1875,0.625,0.125,0.0625,0,5,0
3061,39,1313.5,21,27,62.54761904761905,0.38095238095238093,0.38095238095238093,0.23809523809523808,0.0,0,5,0
2706,44,1039.5,13,43,79.96153846153847,0.38461538461538464,0.3076923076923077,0.15384615384615385,0.15384615384615385,0,5,0
2599,46,2983.63,34,42,87.75382352941176,0.29411764705882354,0.5294117647058824,0.11764705882352941,0.058823529411764705,1,4,4
3311,42,150.0,1,456,150.0,1.0,0.0,0.0,0.0,0,0,5
4091,26,588.5,5,30,117.7,0.4,0.4,0.2,0.0,0,5,0
3937,41,311.75,5,135,62.35,0.0,0.8,0.2,0.0,1,2,1
5846,38,191.0,3,298,63.666666666666664,0.0,0.3333333333333333,0.3333333333333333,0.3333333333333333,0,5,2
4826,19,1063.75,10,74,106.375,0.0,0.7,0.3,0.0,0,5,0
3302,46,1366.0,9,98,151.77777777777777,0.0,0.6666666666666666,0.2222222222222222,0.1111111111111111,0,5,0
3862,33,189.0,4,180,47.25,0.25,0.5,0.25,0.0,1,2,4
3735,38,371.0,4,90,92.75,0.0,0.75,0.25,0.0,0,5,0
4195,38,1226.4,9,13,136.26666666666668,0.2222222222222222,0.4444444444444444,0.2222222222222222,0.1111111111111111,0,5,0
5408,19,1848.25,15,15,123.21666666666667,0.06666666666666667,0.5333333333333333,0.2,0.2,1,2,4
5167,25,67.75,2,354,33.875,0.0,1.0,0.0,0.0,1,2,1
5058,18,385.0,6,83,64.16666666666667,0.3333333333333333,0.6666666666666666,0.0,0.0,1,2,4
4203,38,1807.65,19,15,95.13947368421053,0.3157894736842105,0.47368421052631576,0.21052631578947367,0.0,0,5,0
3593,18,617.5,6,69,102.91666666666667,0.16666666666666666,0.5,0.16666666666666666,0.16666666666666666,0,5,0
2410,48,645.0,3,155,215.0,0.3333333333333333,0.3333333333333333,0.3333333333333333,0.0,0,5,0
2627,28,170.0,2,322,85.0,0.0,1.0,0.0,0.0,0,5,1
5971,44,230.7,3,71,76.89999999999999,0.6666666666666666,0.3333333333333333,0.0,0.0,0,0,0
4088,18,1047.7,10,3,104.77000000000001,0.3,0.3,0.2,0.2,1,2,4
4225,23,764.75,11,20,69.52272727272727,0.45454545454545453,0.18181818181818182,0.36363636363636365,0.0,1,2,4
2759,30,183.0,2,308,91.5,0.0,1.0,0.0,0.0,1,2,1
4557,43,726.7,10,24,72.67,0.3,0.5,0.2,0.0,0,5,0
2048,48,1212.4,13,0,93.26153846153846,0.23076923076923078,0.38461538461538464,0.3076923076923077,0.07692307692307693,0,5,0
2712,31,2385.35,29,5,82.25344827586207,0.27586206896551724,0.4827586206896552,0.10344827586206896,0.13793103448275862,0,4,0
4272,39,326.5,4,145,81.625,0.75,0.25,0.0,0.0,0,0,0
2740,33,1185.25,15,0,79.01666666666667,0.13333333333333333,0.4,0.4,0.06666666666666667,0,5,0
4507,29,972.1,10,126,97.21000000000001,0.1,0.5,0.3,0.1,1,2,4
4635,19,2243.7,22,8,101.98636363636363,0.18181818181818182,0.4090909090909091,0.2727272727272727,0.13636363636363635,0,4,0
5834,37,112.25,2,207,56.125,0.0,1.0,0.0,0.0,0,5,1
2217,25,1288.75,17,17,75.80882352941177,0.23529411764705882,0.6470588235294118,0.058823529411764705,0.058823529411764705,0,5,0
3455,59,968.05,14,18,69.14642857142857,0.0,0.8571428571428571,0.14285714285714285,0.0,0,5,0
4012,41,231.75,4,318,57.9375,0.25,0.25,0.5,0.0,0,1,0
4745,66,67.5,1,445,67.5,0.0,1.0,0.0,0.0,0,5,1
2846,48,246.35,5,13,49.269999999999996,0.4,0.6,0.0,0.0,0,5,0
5008,36,1404.5,11,8,127.68181818181819,0.09090909090909091,0.5454545454545454,0.18181818181818182,0.18181818181818182,0,5,0
2928,38,622.0,6,32,103.66666666666667,0.6666666666666666,0.0,0.3333333333333333,0.0,0,0,0
3097,45,464.5,9,29,51.611111111111114,0.3333333333333333,0.4444444444444444,0.1111111111111111,0.1111111111111111,0,5,0
5387,43,800.1,7,131,114.3,0.14285714285714285,0.42857142857142855,0.14285714285714285,0.2857142857142857,0,5,0
4829,54,1214.8,14,3,86.77142857142857,0.2857142857142857,0.42857142857142855,0.21428571428571427,0.07142857142857142,0,5,0
3723,20,573.0,5,54,114.6,0.4,0.4,0.0,0.2,0,5,0
2150,60,973.2,8,12,121.65,0.125,0.5,0.375,0.0,1,2,4
3740,29,477.8,12,14,39.81666666666667,0.16666666666666666,0.5833333333333334,0.25,0.0,0,5,0
4993,18,1877.95,20,23,93.89750000000001,0.15,0.5,0.35,0.0,0,5,0
2855,26,2736.65,35,8,78.19,0.22857142857142856,0.45714285714285713,0.2,0.11428571428571428,0,4,0
5198,30,1630.65,15,6,108.71000000000001,0.13333333333333333,0.4,0.26666666666666666,0.2,1,2,4
5064,32,114.5,3,143,38.166666666666664,0.0,0.6666666666666666,0.3333333333333333,0.0,0,5,1
4658,53,961.0,6,89,160.16666666666666,0.0,0.8333333333333334,0.0,0.16666666666666666,1,2,1
4911,36,423.75,6,33,70.625,0.16666666666666666,0.5,0.3333333333333333,0.0,0,5,0
5570,52,627.7,13,14,48.284615384615385,0.23076923076923078,0.46153846153846156,0.3076923076923077,0.0,0,5,0
4093,23,135.0,2,378,67.5,0.0,0.5,0.5,0.0,0,1,2
2728,50,50.0,1,440,50.0,0.0,1.0,0.0,0.0,0,5,1
3401,20,533.8,5,98,106.75999999999999,0.2,0.8,0.0,0.0,1,2,4
2534,28,354.0,5,2,70.8,0.0,0.8,0.2,0.0,0,5,0
4750,59,673.75,7,80,96.25,0.14285714285714285,0.5714285714285714,0.2857142857142857,0.0,0,5,0
3099,43,289.75,4,1,72.4375,0.0,0.5,0.25,0.25,1,2,4
4234,30,472.0,4,132,118.0,0.0,0.25,0.5,0.25,1,2,4
4846,48,430.5,7,126,61.5,0.0,0.7142857142857143,0.2857142857142857,0.0,1,2,1
5293,51,1093.55,14,83,78.11071428571428,0.14285714285714285,0.5714285714285714,0.21428571428571427,0.07142857142857142,1,2,4
3819,30,992.5,11,42,90.22727272727273,0.09090909090909091,0.36363636363636365,0.45454545454545453,0.09090909090909091,0,5,0
2777,23,1161.5,9,50,129.05555555555554,0.1111111111111111,0.6666666666666666,0.2222222222222222,0.0,0,5,0
5114,34,449.0,4,4,112.25,0.5,0.5,0.0,0.0,1,2,4
2028,37,96.0,1,436,96.0,1.0,0.0,0.0,0.0,0,0,5
5734,25,812.38,10,33,81.238,0.1,0.5,0.3,0.1,0,5,0
5085,61,660.12,8,15,82.515,0.375,0.375,0.25,0.0,1,2,4
4577,50,1404.55,13,12,108.04230769230769,0.15384615384615385,0.46153846153846156,0.38461538461538464,0.0,0,5,0
2041,33,4124.75,53,0,77.8254716981132,0.22641509433962265,0.5283018867924528,0.1509433962264151,0.09433962264150944,0,4,3
3906,24,210.0,2,159,105.0,0.5,0.5,0.0,0.0,0,5,0
3599,51,1734.55,20,0,86.72749999999999,0.25,0.5,0.25,0.0,0,5,0
5277,32,587.0,6,131,97.83333333333333,0.3333333333333333,0.5,0.16666666666666666,0.0,0,5,0
3615,42,378.0,6,16,63.0,0.0,0.6666666666666666,0.3333333333333333,0.0,0,5,0
5473,20,519.5,5,46,103.9,0.4,0.4,0.0,0.2,1,2,4
5259,18,348.9,4,59,87.225,0.5,0.25,0.25,0.0,0,0,0
3817,37,179.0,2,397,89.5,0.5,0.5,0.0,0.0,0,0,5
2721,27,806.8,14,7,57.628571428571426,0.35714285714285715,0.5,0.14285714285714285,0.0,0,5,0
5899,31,3067.0,44,11,69.70454545454545,0.25,0.6136363636363636,0.13636363636363635,0.0,1,4,4
4760,39,1571.45,18,1,87.30277777777778,0.3333333333333333,0.2777777777777778,0.3333333333333333,0.05555555555555555,1,2,4
4271,40,1317.63,18,49,73.20166666666667,0.2777777777777778,0.4444444444444444,0.2222222222222222,0.05555555555555555,1,2,4
5466,44,120.0,2,70,60.0,0.0,0.0,1.0,0.0,1,1,2
3343,30,279.75,4,97,69.9375,0.25,0.5,0.0,0.25,0,5,0
4365,35,45.0,1,433,45.0,0.0,1.0,0.0,0.0,0,5,1
5032,24,1819.7,24,10,75.82083333333334,0.125,0.5833333333333334,0.20833333333333334,0.08333333333333333,1,2,4
5655,33,606.6,7,35,86.65714285714286,0.0,0.42857142857142855,0.2857142857142857,0.2857142857142857,0,5,0
5980,37,615.5,10,155,61.55,0.3,0.3,0.4,0.0,0,5,0
4778,50,588.98,9,58,65.44222222222223,0.2222222222222222,0.5555555555555556,0.2222222222222222,0.0,0,5,0
2984,43,905.0,8,113,113.125,0.25,0.25,0.375,0.125,1,2,4
5199,28,70.0,2,44,35.0,0.0,1.0,0.0,0.0,0,5,1
2392,34,336.0,7,106,48.0,0.42857142857142855,0.5714285714285714,0.0,0.0,1,2,4
3506,38,865.6,3,185,288.53333333333336,1.0,0.0,0.0,0.0,0,3,0
3679,37,1576.5,18,19,87.58333333333333,0.16666666666666666,0.5555555555555556,0.2777777777777778,0.0,1,2,4
5456,26,1017.25,18,27,56.513888888888886,0.2777777777777778,0.4444444444444444,0.2222222222222222,0.05555555555555555,0,5,0
2356,18,734.5,6,196,122.41666666666667,0.3333333333333333,0.0,0.5,0.16666666666666666,1,2,4
3992,18,1377.77,20,60,68.8885,0.25,0.45,0.2,0.1,1,2,4
3590,37,481.5,7,94,68.78571428571429,0.2857142857142857,0.2857142857142857,0.42857142857142855,0.0,0,5,0
4799,38,1248.8,13,116,96.06153846153846,0.15384615384615385,0.6153846153846154,0.07692307692307693,0.15384615384615385,1,2,4
4233,37,2151.8,13,27,165.52307692307693,0.23076923076923078,0.3076923076923077,0.38461538461538464,0.07692307692307693,1,2,4
2435,34,1730.72,17,26,101.80705882352942,0.17647058823529413,0.5294117647058824,0.11764705882352941,0.17647058823529413,0,5,0
4411,35,2724.75,29,10,93.95689655172414,0.13793103448275862,0.5862068965517241,0.2413793103448276,0.034482758620689655,0,4,0
2084,48,562.5,8,20,70.3125,0.125,0.75,0.0,0.125,0,5,0
5739,31,74.8,2,249,37.4,0.0,0.0,1.0,0.0,1,1,2
3349,18,561.9,10,41,56.19,0.5,0.5,0.0,0.0,0,5,0
3284,29,1864.25,25,13,74.57,0.2,0.56,0.2,0.04,0,4,0
2157,29,138.0,2,281,69.0,0.5,0.0,0.5,0.0,1,0,2
5831,44,772.0,12,27,64.33333333333333,0.25,0.5,0.25,0.0,0,5,0
5035,18,413.0,9,8,45.888888888888886,0.3333333333333333,0.4444444444444444,0.2222222222222222,0.0,0,5,0
3204,40,125.0,1,428,125.0,0.0,1.0,0.0,0.0,0,5,1
4168,23,1639.75,20,34,81.9875,0.3,0.6,0.1,0.0,0,5,0
2605,47,284.5,3,221,94.83333333333333,0.3333333333333333,0.3333333333333333,0.0,0.3333333333333333,0,3,0
4325,20,295.0,5,13,59.0,0.2,0.6,0.2,0.0,0,5,0
4718,37,284.0,5,55,56.8,0.4,0.4,0.2,0.0,1,2,4
3650,25,849.3,12,2,70.77499999999999,0.3333333333333333,0.3333333333333333,0.3333333333333333,0.0,1,2,4
3103,27,539.5,7,132,77.07142857142857,0.14285714285714285,0.7142857142857143,0.14285714285714285,0.0,0,5,1
2036,32,722.1,9,8,80.23333333333333,0.3333333333333333,0.4444444444444444,0.2222222222222222,0.0,0,5,0
2184,20,1496.55,15,45,99.77,0.13333333333333333,0.6666666666666666,0.2,0.0,0,5,0
3627,31,910.0,8,7,113.75,0.0,0.5,0.375,0.125,0,5,0
4627,51,2987.0,33,14,90.51515151515152,0.24242424242424243,0.48484848484848486,0.24242424242424243,0.030303030303030304,1,4,4
4106,31,1298.0,8,1,162.25,0.125,0.5,0.125,0.25,1,2,4
2473,38,345.5,7,80,49.357142857142854,0.14285714285714285,0.5714285714285714,0.2857142857142857,0.0,0,5,0
2783,50,123.2,4,68,30.8,0.25,0.5,0.25,0.0,1,2,4
4034,33,844.1,11,92,76.73636363636363,0.18181818181818182,0.45454545454545453,0.36363636363636365,0.0,0,5,0
4559,26,749.5,10,49,74.95,0.0,0.5,0.3,0.2,0,5,0
2493,42,120.0,2,5,60.0,0.5,0.5,0.0,0.0,0,5,0
4293,41,426.25,8,221,53.28125,0.375,0.5,0.125,0.0,0,5,0
3657,32,279.0,3,166,93.0,0.0,0.6666666666666666,0.3333333333333333,0.0,1,2,1
3815,50,2619.15,33,15,79.36818181818182,0.2727272727272727,0.48484848484848486,0.18181818181818182,0.06060606060606061,1,4,4
2681,32,75.0,1,422,75.0,0.0,1.0,0.0,0.0,1,2,1
3362,25,518.1,7,72,74.01428571428572,0.5714285714285714,0.2857142857142857,0.14285714285714285,0.0,1,2,4
3222,35,1704.0,7,5,243.42857142857142,0.2857142857142857,0.42857142857142855,0.2857142857142857,0.0,0,5,0
2139,43,334.5,7,46,47.785714285714285,0.2857142857142857,0.5714285714285714,0.14285714285714285,0.0,1,2,1
3301,45,312.5,5,218,62.5,0.4,0.2,0.2,0.2,0,0,0
2093,33,564.25,5,134,112.85,0.0,0.8,0.2,0.0,0,5,0
5379,52,45.0,1,420,45.0,1.0,0.0,0.0,0.0,0,0,5
4352,40,332.88,4,129,83.22,0.25,0.5,0.25,0.0,1,2,4
5021,35,64.0,2,76,32.0,1.0,0.0,0.0,0.0,0,0,5
3648,41,624.0,8,11,78.0,0.125,0.75,0.125,0.0,0,5,0
4741,45,588.0,3,289,196.0,0.3333333333333333,0.3333333333333333,0.0,0.3333333333333333,0,3,0
2040,29,1042.5,18,12,57.916666666666664,0.3333333333333333,0.2777777777777778,0.2222222222222222,0.16666666666666666,0,5,0
5619,36,568.0,5,13,113.6,0.4,0.4,0.0,0.2,0,5,0
2441,29,3930.55,47,15,83.62872340425533,0.2553191489361702,0.40425531914893614,0.23404255319148937,0.10638297872340426,1,4,3
5984,41,919.0,11,37,83.54545454545455,0.18181818181818182,0.7272727272727273,0.0,0.09090909090909091,0,5,0
4075,36,522.9,7,1,74.7,0.2857142857142857,0.42857142857142855,0.2857142857142857,0.0,0,5,0
5324,34,837.0,7,61,119.57142857142857,0.2857142857142857,0.5714285714285714,0.0,0.14285714285714285,1,2,4
5038,43,193.0,4,179,48.25,0.25,0.25,0.5,0.0,0,1,0
2192,42,752.2,7,49,107.45714285714287,0.2857142857142857,0.5714285714285714,0.0,0.14285714285714285,1,2,4
2112,38,190.0,5,6,38.0,0.2,0.6,0.2,0.0,0,5,0
3087,34,373.0,4,168,93.25,0.0,0.5,0.25,0.25,0,5,0
3583,36,260.8,5,38,52.160000000000004,0.4,0.2,0.4,0.0,0,5,0
2424,45,343.5,4,138,85.875,0.0,0.75,0.25,0.0,0,5,1
3772,18,1152.5,12,54,96.04166666666667,0.16666666666666666,0.4166666666666667,0.3333333333333333,0.08333333333333333,0,5,0
2251,32,1096.25,10,45,109.625,0.0,0.6,0.3,0.1,0,5,0
4692,27,1032.0,14,84,73.71428571428571,0.21428571428571427,0.42857142857142855,0.35714285714285715,0.0,0,5,0
3369,29,144.0,1,413,144.0,1.0,0.0,0.0,0.0,0,0,5
4730,18,1166.85,7,61,166.69285714285712,0.2857142857142857,0.42857142857142855,0.14285714285714285,0.14285714285714285,0,5,0
2491,32,215.4,5,11,43.08,0.2,0.2,0.6,0.0,1,2,4
4821,34,3345.6,24,1,139.4,0.3333333333333333,0.4166666666666667,0.08333333333333333,0.16666666666666666,1,4,4
5485,45,386.0,5,3,77.2,0.0,1.0,0.0,0.0,0,5,1
5567,23,2462.6,24,31,102.60833333333333,0.16666666666666666,0.5416666666666666,0.20833333333333334,0.08333333333333333,1,4,4
4284,29,286.0,3,1,95.33333333333333,0.3333333333333333,0.3333333333333333,0.3333333333333333,0.0,0,5,0
3344,38,1213.5,11,24,110.31818181818181,0.18181818181818182,0.36363636363636365,0.36363636363636365,0.09090909090909091,0,5,0
4982,28,1735.5,16,7,108.46875,0.0625,0.5625,0.25,0.125,1,2,4
5245,45,514.12,5,44,102.824,0.4,0.6,0.0,0.0,1,2,1
5854,53,1323.15,15,6,88.21000000000001,0.26666666666666666,0.4,0.2,0.13333333333333333,1,2,4
4883,48,518.25,5,80,103.65,0.0,0.6,0.2,0.2,1,2,4
2332,51,1996.12,20,1,99.806,0.15,0.5,0.35,0.0,0,5,0
2390,21,1352.5,11,113,122.95454545454545,0.2727272727272727,0.5454545454545454,0.18181818181818182,0.0,0,5,0
3902,53,185.0,3,155,61.666666666666664,0.3333333333333333,0.3333333333333333,0.3333333333333333,0.0,1,2,4
2428,29,439.6,8,21,54.95,0.5,0.5,0.0,0.0,0,5,0
5103,28,779.6,9,26,86.62222222222222,0.3333333333333333,0.4444444444444444,0.2222222222222222,0.0,1,2,4
3363,18,929.75,7,65,132.82142857142858,0.42857142857142855,0.5714285714285714,0.0,0.0,0,5,0
5910,28,1790.65,17,48,105.33235294117648,0.058823529411764705,0.5882352941176471,0.35294117647058826,0.0,0,5,0
3243,28,231.05,5,102,46.21,0.4,0.4,0.0,0.2,0,5,0
3578,25,682.05,11,0,62.00454545454545,0.5454545454545454,0.2727272727272727,0.18181818181818182,0.0,0,0,0
4227,29,1211.95,14,38,86.56785714285715,0.07142857142857142,0.6428571428571429,0.14285714285714285,0.14285714285714285,0,5,0
3526,31,325.0,2,373,162.5,0.0,0.5,0.5,0.0,0,1,2
4037,29,528.05,8,40,66.00625,0.125,0.625,0.25,0.0,1,2,4
4463,43,81.0,1,407,81.0,0.0,1.0,0.0,0.0,1,2,1
5521,18,185.4,4,23,46.35,0.25,0.5,0.25,0.0,0,5,0
4685,35,113.25,2,157,56.625,0.0,1.0,0.0,0.0,1,2,1
3621,30,716.35,8,20,89.54375,0.125,0.5,0.125,0.25,0,5,0
3936,21,218.5,3,3,72.83333333333333,0.0,0.6666666666666666,0.3333333333333333,0.0,0,5,0
2489,33,1638.75,20,3,81.9375,0.15,0.5,0.3,0.05,0,5,0
3764,23,848.45,8,9,106.05625,0.125,0.75,0.125,0.0,0,5,0
2173,26,1070.5,8,0,133.8125,0.125,0.375,0.375,0.125,0,5,0
4078,18,278.0,3,135,92.66666666666667,0.3333333333333333,0.3333333333333333,0.0,0.3333333333333333,1,2,4
2305,48,22.5,1,406,22.5,1.0,0.0,0.0,0.0,0,0,5
2875,22,642.0,6,69,107.0,0.16666666666666666,0.5,0.3333333333333333,0.0,1,2,4
4083,24,3126.15,41,3,76.24756097560976,0.21951219512195122,0.2926829268292683,0.36585365853658536,0.12195121951219512,0,4,0
4809,29,517.45,7,78,73.92142857142858,0.42857142857142855,0.42857142857142855,0.14285714285714285,0.0,0,5,0
4712,42,777.25,9,12,86.36111111111111,0.0,0.7777777777777778,0.1111111111111111,0.1111111111111111,0,5,0
5351,33,2961.08,31,5,95.51870967741935,0.25806451612903225,0.5161290322580645,0.1935483870967742,0.03225806451612903,1,4,4
4241,54,164.75,3,121,54.916666666666664,0.0,1.0,0.0,0.0,0,5,1
5421,60,389.0,5,176,77.8,0.2,0.4,0.4,0.0,0,5,0
5780,18,442.0,5,0,88.4,0.4,0.4,0.2,0.0,1,2,4
3472,24,1155.55,13,51,88.88846153846154,0.15384615384615385,0.3076923076923077,0.46153846153846156,0.07692307692307693,1,2,4
2820,24,502.5,6,46,83.75,0.16666666666666666,0.5,0.3333333333333333,0.0,0,5,0
2225,36,2014.4,24,0,83.93333333333334,0.3333333333333333,0.5,0.08333333333333333,0.08333333333333333,0,4,0
5735,28,593.15,11,31,53.92272727272727,0.2727272727272727,0.36363636363636365,0.36363636363636365,0.0,0,5,0
5536,32,1028.85,14,50,73.48928571428571,0.21428571428571427,0.42857142857142855,0.21428571428571427,0.14285714285714285,0,5,0
3218,28,268.0,5,81,53.6,0.6,0.2,0.2,0.0,0,0,0
2476,45,514.7,7,23,73.52857142857144,0.2857142857142857,0.2857142857142857,0.14285714285714285,0.2857142857142857,1,2,4
5369,49,214.0,3,129,71.33333333333333,0.0,0.3333333333333333,0.6666666666666666,0.0,1,1,2
5676,31,725.95,5,169,145.19,0.2,0.4,0.2,0.2,0,5,0
2532,43,395.0,7,6,56.42857142857143,0.14285714285714285,0.42857142857142855,0.42857142857142855,0.0,0,5,0
3840,27,110.62,3,145,36.873333333333335,0.3333333333333333,0.6666666666666666,0.0,0.0,1,2,4
4788,29,206.0,3,89,68.66666666666667,0.0,0.3333333333333333,0.6666666666666666,0.0,0,1,0
2962,28,2370.0,26,1,91.15384615384616,0.23076923076923078,0.5,0.19230769230769232,0.07692307692307693,1,4,4
5441,20,1153.5,15,5,76.9,0.2,0.6666666666666666,0.13333333333333333,0.0,1,2,4
3609,29,595.12,7,39,85.01714285714286,0.2857142857142857,0.42857142857142855,0.14285714285714285,0.14285714285714285,1,2,4
5271,18,729.2,5,28,145.84,0.2,0.4,0.2,0.2,0,5,0
2992,36,1147.6,15,81,76.50666666666666,0.4666666666666667,0.4,0.06666666666666667,0.06666666666666667,0,5,0
3327,36,238.65,3,166,79.55,0.6666666666666666,0.3333333333333333,0.0,0.0,0,0,0
2661,18,1906.65,23,24,82.89782608695653,0.13043478260869565,0.5652173913043478,0.17391304347826086,0.13043478260869565,0,4,0
3024,49,795.4,10,3,79.53999999999999,0.1,0.3,0.4,0.2,0,5,0
4288,31,398.0,4,57,99.5,0.0,0.25,0.5,0.25,0,5,0
2448,42,195.25,5,166,39.05,0.4,0.4,0.2,0.0,0,5,0
3128,31,2277.9,34,10,66.99705882352941,0.23529411764705882,0.5588235294117647,0.11764705882352941,0.08823529411764706,0,4,0
5467,40,2904.5,37,0,78.5,0.2972972972972973,0.4864864864864865,0.16216216216216217,0.05405405405405406,0,4,0
4349,23,2606.5,22,7,118.47727272727273,0.18181818181818182,0.5909090909090909,0.13636363636363635,0.09090909090909091,0,4,0
5219,30,302.0,6,51,50.333333333333336,0.3333333333333333,0.16666666666666666,0.5,0.0,0,5,0
4731,26,2460.65,34,2,72.37205882352941,0.2647058823529412,0.4117647058823529,0.17647058823529413,0.14705882352941177,0,4,0
4529,34,433.5,6,20,72.25,0.3333333333333333,0.5,0.16666666666666666,0.0,0,5,0
5497,31,279.0,4,92,69.75,0.0,0.75,0.25,0.0,0,5,0
3515,20,1168.25,8,23,146.03125,0.25,0.625,0.0,0.125,0,5,0
3991,32,206.0,2,3,103.0,0.5,0.5,0.0,0.0,0,5,0
4101,35,848.45,8,54,106.05625,0.25,0.25,0.375,0.125,0,5,0
2100,43,525.85,6,155,87.64166666666667,0.3333333333333333,0.5,0.16666666666666666,0.0,0,5,0
3396,36,934.35,11,16,84.94090909090909,0.36363636363636365,0.2727272727272727,0.36363636363636365,0.0,0,5,0
5225,40,2721.32,32,2,85.04125,0.21875,0.40625,0.34375,0.03125,0,4,0
3673,26,1297.87,21,5,61.80333333333333,0.38095238095238093,0.42857142857142855,0.19047619047619047,0.0,0,5,0
2625,22,463.25,4,26,115.8125,0.75,0.25,0.0,0.0,0,0,0
4448,35,502.25,6,20,83.70833333333333,0.3333333333333333,0.5,0.16666666666666666,0.0,0,5,0
4423,47,664.8,11,26,60.43636363636363,0.2727272727272727,0.5454545454545454,0.09090909090909091,0.09090909090909091,1,2,1
3332,31,640.75,11,27,58.25,0.09090909090909091,0.5454545454545454,0.36363636363636365,0.0,1,2,4
5308,36,692.5,11,38,62.95454545454545,0.18181818181818182,0.2727272727272727,0.45454545454545453,0.09090909090909091,0,5,0
2632,24,3051.75,32,13,95.3671875,0.25,0.5,0.21875,0.03125,0,4,0
5904,34,1107.9,11,11,100.71818181818183,0.36363636363636365,0.45454545454545453,0.09090909090909091,0.09090909090909091,1,2,4
2037,43,1182.0,5,21,236.4,0.2,0.4,0.2,0.2,1,3,4
3799,42,282.0,4,51,70.5,0.25,0.5,0.25,0.0,1,2,4
2075,45,255.5,4,37,63.875,0.25,0.25,0.5,0.0,1,2,4
3326,36,1420.45,15,6,94.69666666666667,0.13333333333333333,0.4,0.2,0.26666666666666666,1,2,4
5462,41,155.0,2,258,77.5,0.0,1.0,0.0,0.0,0,5,1
2488,18,1041.5,15,20,69.43333333333334,0.2,0.6,0.2,0.0,0,5,0
2522,24,1062.5,12,8,88.54166666666667,0.16666666666666666,0.5,0.08333333333333333,0.25,0,5,0
3179,35,405.0,5,8,81.0,0.0,0.0,0.8,0.2,1,1,2
2078,47,295.0,5,217,59.0,0.4,0.2,0.4,0.0,0,0,0
2886,32,525.7,10,24,52.57000000000001,0.4,0.5,0.1,0.0,1,2,4
3996,38,28.0,1,391,28.0,0.0,0.0,1.0,0.0,0,1,2
3109,48,1086.0,10,31,108.6,0.1,0.3,0.4,0.2,0,5,0
5172,47,965.0,8,104,120.625,0.375,0.5,0.0,0.125,0,5,0
2124,36,270.0,4,218,67.5,0.0,0.75,0.25,0.0,0,5,1
4534,22,165.0,1,390,165.0,0.0,1.0,0.0,0.0,0,5,1
2169,37,1005.0,6,26,167.5,0.3333333333333333,0.6666666666666666,0.0,0.0,0,5,0
5926,37,456.75,6,35,76.125,0.16666666666666666,0.5,0.16666666666666666,0.16666666666666666,0,5,0
4202,25,539.0,6,107,89.83333333333333,0.3333333333333333,0.3333333333333333,0.3333333333333333,0.0,0,5,0
2778,20,503.75,5,33,100.75,0.0,0.8,0.2,0.0,1,2,4
5593,32,1613.35,14,3,115.23928571428571,0.14285714285714285,0.35714285714285715,0.42857142857142855,0.07142857142857142,0,5,0
5953,43,87.2,3,27,29.066666666666666,0.3333333333333333,0.6666666666666666,0.0,0.0,0,5,0
2385,20,162.0,2,307,81.0,0.5,0.5,0.0,0.0,0,0,0
5699,54,416.0,3,90,138.66666666666666,0.6666666666666666,0.0,0.3333333333333333,0.0,0,0,0
2642,38,60.0,1,389,60.0,0.0,0.0,1.0,0.0,1,1,2
4744,45,655.2,8,26,81.9,0.25,0.625,0.125,0.0,0,5,0
3463,22,282.5,5,15,56.5,0.2,0.8,0.0,0.0,1,2,4
3299,31,312.5,6,17,52.083333333333336,0.16666666666666666,0.5,0.16666666666666666,0.16666666666666666,0,5,0
4620,43,58.0,2,61,29.0,0.0,0.0,1.0,0.0,0,1,2
5816,33,375.0,5,43,75.0,0.2,0.8,0.0,0.0,0,5,0
4377,44,242.45,6,137,40.40833333333333,0.5,0.16666666666666666,0.3333333333333333,0.0,0,0,0
4952,27,118.0,3,118,39.333333333333336,0.6666666666666666,0.3333333333333333,0.0,0.0,0,0,0
3253,19,637.0,7,2,91.0,0.2857142857142857,0.7142857142857143,0.0,0.0,1,2,4
5135,32,310.0,4,88,77.5,0.0,0.75,0.25,0.0,1,2,1
3154,44,3208.4,37,11,86.71351351351352,0.32432432432432434,0.4864864864864865,0.10810810810810811,0.08108108108108109,0,4,0
2391,19,197.5,3,117,65.83333333333333,0.3333333333333333,0.3333333333333333,0.0,0.3333333333333333,0,5,0
2072,25,1130.0,9,141,125.55555555555556,0.0,0.2222222222222222,0.7777777777777778,0.0,1,1,2
4504,23,311.02,7,29,44.43142857142857,0.42857142857142855,0.2857142857142857,0.2857142857142857,0.0,0,5,0
4558,45,468.0,5,47,93.6,0.2,0.6,0.2,0.0,1,2,1
5817,18,1642.0,16,11,102.625,0.3125,0.4375,0.25,0.0,0,5,0
4394,37,325.0,4,110,81.25,0.0,1.0,0.0,0.0,1,2,1
3778,36,333.4,4,60,83.35,0.25,0.25,0.5,0.0,0,5,0
4429,25,606.25,8,90,75.78125,0.125,0.625,0.125,0.125,0,5,0
3960,24,60.0,1,384,60.0,0.0,1.0,0.0,0.0,0,5,1
5973,26,2542.62,30,2,84.75399999999999,0.26666666666666666,0.4666666666666667,0.16666666666666666,0.1,0,4,0
4887,42,752.0,14,4,53.714285714285715,0.2857142857142857,0.5714285714285714,0.0,0.14285714285714285,1,2,4
3460,43,1195.2,13,32,91.93846153846154,0.23076923076923078,0.46153846153846156,0.3076923076923077,0.0,1,2,4
4268,34,1287.75,17,0,75.75,0.058823529411764705,0.7058823529411765,0.23529411764705882,0.0,1,2,4
4220,33,478.0,5,119,95.6,0.4,0.6,0.0,0.0,1,2,4
2483,35,291.0,3,75,97.0,0.3333333333333333,0.6666666666666666,0.0,0.0,0,5,0
3649,45,624.0,7,5,89.14285714285714,0.0,0.7142857142857143,0.0,0.2857142857142857,1,2,1
3490,45,1883.0,16,6,117.6875,0.1875,0.375,0.25,0.1875,1,2,4
4860,61,28.0,1,382,28.0,0.0,0.0,1.0,0.0,0,1,2
5285,18,283.0,4,57,70.75,0.5,0.5,0.0,0.0,1,2,4
2874,35,516.0,5,34,103.2,0.2,0.2,0.4,0.2,1,2,4
5074,38,1092.1,14,45,78.00714285714285,0.35714285714285715,0.42857142857142855,0.14285714285714285,0.07142857142857142,1,2,4
2617,48,1828.85,29,7,63.063793103448276,0.27586206896551724,0.4827586206896552,0.20689655172413793,0.034482758620689655,0,4,0
3086,61,424.75,5,12,84.95,0.2,0.8,0.0,0.0,0,5,0
2907,43,147.0,3,63,49.0,0.3333333333333333,0.6666666666666666,0.0,0.0,0,5,0
4594,30,395.75,7,18,56.535714285714285,0.14285714285714285,0.42857142857142855,0.42857142857142855,0.0,0,5,0
2897,36,465.0,2,133,232.5,0.0,0.5,0.0,0.5,0,3,0
5844,48,105.0,2,76,52.5,0.0,0.5,0.5,0.0,1,2,2
4428,35,1122.9,9,96,124.76666666666668,0.2222222222222222,0.2222222222222222,0.2222222222222222,0.3333333333333333,1,2,4
3752,46,1277.5,18,2,70.97222222222223,0.2222222222222222,0.5,0.2222222222222222,0.05555555555555555,0,5,0
2818,51,1063.5,14,110,75.96428571428571,0.07142857142857142,0.6428571428571429,0.21428571428571427,0.07142857142857142,1,2,4
4983,33,1743.0,19,72,91.73684210526316,0.2631578947368421,0.3684210526315789,0.21052631578947367,0.15789473684210525,0,5,0
5138,34,187.0,3,152,62.333333333333336,0.3333333333333333,0.6666666666666666,0.0,0.0,0,5,0
5484,59,152.4,2,201,76.2,0.5,0.0,0.5,0.0,1,0,4
5613,39,734.0,5,123,146.8,0.2,0.2,0.4,0.2,1,2,4
2652,45,807.0,4,115,201.75,0.0,0.5,0.5,0.0,0,5,0
4513,21,1430.0,14,71,102.14285714285714,0.35714285714285715,0.2857142857142857,0.21428571428571427,0.14285714285714285,0,5,0
4851,18,350.0,2,313,175.0,0.0,0.0,0.5,0.5,0,3,0
3291,23,802.0,12,56,66.83333333333333,0.16666666666666666,0.6666666666666666,0.16666666666666666,0.0,1,2,4
5169,37,1048.8,10,2,104.88,0.1,0.2,0.6,0.1,0,1,0
2128,29,299.1,4,190,74.775,0.75,0.0,0.25,0.0,0,0,0
2949,34,457.0,4,133,114.25,0.0,0.5,0.5,0.0,0,5,0
3020,18,830.7,10,14,83.07000000000001,0.2,0.6,0.1,0.1,1,2,4
4210,38,230.75,4,173,57.6875,0.25,0.75,0.0,0.0,0,5,0
4992,32,3417.62,30,0,113.92066666666666,0.23333333333333334,0.36666666666666664,0.26666666666666666,0.13333333333333333,1,4,4
2979,41,1537.0,18,17,85.38888888888889,0.3333333333333333,0.4444444444444444,0.16666666666666666,0.05555555555555555,1,2,4
5463,18,401.5,5,246,80.3,0.4,0.2,0.2,0.2,0,0,0
2506,49,24.0,1,373,24.0,1.0,0.0,0.0,0.0,1,0,5
3107,40,3947.6,51,5,77.40392156862745,0.23529411764705882,0.43137254901960786,0.2549019607843137,0.0784313725490196,0,4,3
4810,48,1219.35,13,22,93.79615384615384,0.3076923076923077,0.3076923076923077,0.23076923076923078,0.15384615384615385,1,2,4
2363,54,408.5,5,117,81.7,0.0,0.2,0.2,0.6,0,3,0
3366,38,496.75,7,41,70.96428571428571,0.14285714285714285,0.7142857142857143,0.14285714285714285,0.0,0,5,0
2402,18,3245.5,33,33,98.34848484848484,0.06060606060606061,0.7272727272727273,0.12121212121212122,0.09090909090909091,1,4,4
3414,36,814.0,8,6,101.75,0.375,0.625,0.0,0.0,0,5,0
5821,48,273.5,5,2,54.7,0.6,0.4,0.0,0.0,0,0,0
4403,51,442.0,9,13,49.111111111111114,0.4444444444444444,0.3333333333333333,0.1111111111111111,0.1111111111111111,0,5,0
2213,25,1897.35,17,0,111.60882352941177,0.29411764705882354,0.4117647058823529,0.17647058823529413,0.11764705882352941,0,5,0
5352,31,573.6,5,127,114.72,0.6,0.2,0.0,0.2,0,0,0
4187,47,151.0,2,160,75.5,0.5,0.5,0.0,0.0,0,0,0
5235,28,768.25,9,52,85.36111111111111,0.5555555555555556,0.3333333333333333,0.1111111111111111,0.0,0,0,0
5204,29,134.8,3,232,44.93333333333334,0.3333333333333333,0.3333333333333333,0.3333333333333333,0.0,0,5,0
3522,35,4363.9,39,5,111.89487179487179,0.20512820512820512,0.5384615384615384,0.1282051282051282,0.1282051282051282,0,4,3
2432,42,329.0,4,61,82.25,0.25,0.5,0.25,0.0,0,5,0
2514,30,507.0,10,39,50.7,0.1,0.5,0.3,0.1,1,2,4
3439,57,1654.9,19,53,87.10000000000001,0.2631578947368421,0.3157894736842105,0.21052631578947367,0.21052631578947367,0,5,0
2152,36,705.3,8,27,88.1625,0.375,0.5,0.0,0.125,0,5,0
2525,41,662.8,7,23,94.68571428571428,0.42857142857142855,0.42857142857142855,0.14285714285714285,0.0,1,2,4
3096,23,637.4,12,64,53.11666666666667,0.4166666666666667,0.3333333333333333,0.25,0.0,1,2,4
2905,18,60.0,1,367,60.0,0.0,1.0,0.0,0.0,0,5,1
5207,42,424.25,6,53,70.70833333333333,0.5,0.5,0.0,0.0,0,5,0
5013,27,92.5,2,192,46.25,0.5,0.5,0.0,0.0,0,0,0
5124,41,686.65,10,53,68.66499999999999,0.4,0.3,0.2,0.1,0,5,0
2263,21,510.5,10,9,51.05,0.3,0.5,0.2,0.0,0,5,0
4250,50,367.0,4,39,91.75,0.0,0.75,0.25,0.0,0,5,0
3293,29,563.0,8,0,70.375,0.125,0.625,0.125,0.125,1,2,4
3671,23,629.1,9,23,69.9,0.3333333333333333,0.4444444444444444,0.2222222222222222,0.0,1,2,4
5587,32,1099.0,20,1,54.95,0.3,0.35,0.3,0.05,1,2,4
5079,27,508.0,4,29,127.0,0.25,0.0,0.5,0.25,1,2,4
2974,26,878.75,8,18,109.84375,0.0,0.375,0.125,0.5,0,3,0
5946,20,1706.3,18,18,94.79444444444444,0.1111111111111111,0.3333333333333333,0.4444444444444444,0.1111111111111111,0,5,0
5474,37,2754.7,30,13,91.82333333333332,0.23333333333333334,0.6,0.1,0.06666666666666667,1,4,4
2482,51,849.88,8,26,106.235,0.25,0.375,0.375,0.0,1,2,4
3213,18,219.0,2,248,109.5,0.0,0.5,0.5,0.0,1,2,2
4803,36,607.1,7,6,86.72857142857143,0.42857142857142855,0.2857142857142857,0.2857142857142857,0.0,0,5,0
4482,37,603.0,8,272,75.375,0.25,0.5,0.25,0.0,0,5,1
2288,18,935.0,10,6,93.5,0.4,0.4,0.2,0.0,0,5,0
5346,22,419.0,4,65,104.75,0.75,0.25,0.0,0.0,0,0,0
2056,32,280.0,4,137,70.0,0.5,0.25,0.25,0.0,1,2,4
5472,44,265.0,2,345,132.5,0.5,0.5,0.0,0.0,0,0,0
2894,33,170.0,2,258,85.0,0.0,1.0,0.0,0.0,1,2,1
2929,41,544.0,8,74,68.0,0.5,0.25,0.25,0.0,1,2,4
3924,33,758.0,5,58,151.6,0.4,0.4,0.2,0.0,1,2,4
3944,33,2427.1,40,0,60.677499999999995,0.3,0.525,0.15,0.025,1,4,4
5233,37,709.5,10,1,70.95,0.3,0.4,0.1,0.2,1,2,4
5525,47,318.0,4,64,79.5,0.5,0.25,0.25,0.0,1,2,4
5583,31,380.5,6,5,63.416666666666664,0.16666666666666666,0.3333333333333333,0.16666666666666666,0.3333333333333333,0,5,0
3217,34,544.7,6,20,90.78333333333335,0.16666666666666666,0.5,0.16666666666666666,0.16666666666666666,0,5,0
3113,21,412.75,5,90,82.55,0.4,0.4,0.0,0.2,0,5,0
5385,29,1000.6,10,13,100.06,0.2,0.5,0.1,0.2,0,5,0
3190,46,261.75,5,243,52.35,0.2,0.6,0.2,0.0,0,5,1
3674,43,1095.62,11,22,99.60181818181817,0.5454545454545454,0.09090909090909091,0.2727272727272727,0.09090909090909091,1,2,4
2074,35,165.0,2,358,82.5,0.0,0.5,0.5,0.0,1,2,2
2144,30,287.5,3,265,95.83333333333333,0.3333333333333333,0.3333333333333333,0.3333333333333333,0.0,1,2,4
3732,53,915.4,10,48,91.53999999999999,0.4,0.3,0.3,0.0,0,5,0
4264,30,898.7,16,72,56.16875,0.375,0.25,0.375,0.0,1,2,4
4476,22,418.0,6,45,69.66666666666667,0.0,0.6666666666666666,0.16666666666666666,0.16666666666666666,0,5,0
3641,44,942.7,10,35,94.27000000000001,0.2,0.4,0.3,0.1,1,2,4
5952,19,1052.75,13,28,80.98076923076923,0.15384615384615385,0.5384615384615384,0.3076923076923077,0.0,0,5,0
2754,25,2514.25,27,5,93.12037037037037,0.25925925925925924,0.5185185185185185,0.14814814814814814,0.07407407407407407,0,4,0
4947,31,150.0,1,357,150.0,0.0,1.0,0.0,0.0,0,5,1
2090,30,1449.6,16,5,90.6,0.1875,0.5625,0.1875,0.0625,0,5,0
2267,50,638.8,5,147,127.75999999999999,0.2,0.4,0.2,0.2,0,5,0
2439,34,331.3,7,123,47.32857142857143,0.2857142857142857,0.7142857142857143,0.0,0.0,1,2,4
4746,39,777.0,7,66,111.0,0.0,0.42857142857142855,0.5714285714285714,0.0,0,5,0
4223,32,1360.33,16,90,85.020625,0.25,0.5625,0.125,0.0625,0,5,0
3519,28,664.8,13,6,51.138461538461534,0.07692307692307693,0.6153846153846154,0.3076923076923077,0.0,0,5,0
2274,41,442.4,8,10,55.3,0.25,0.625,0.125,0.0,0,5,0
3251,30,1141.0,6,103,190.16666666666666,0.0,0.3333333333333333,0.6666666666666666,0.0,0,1,0
5498,34,171.0,2,223,85.5,0.5,0.0,0.5,0.0,0,0,2
5028,51,440.0,6,61,73.33333333333333,0.16666666666666666,0.3333333333333333,0.5,0.0,0,5,0
5517,31,2007.25,17,45,118.07352941176471,0.35294117647058826,0.4117647058823529,0.058823529411764705,0.17647058823529413,0,5,0
2325,26,572.0,5,8,114.4,0.2,0.4,0.2,0.2,0,5,0
5216,51,57.0,2,272,28.5,0.5,0.5,0.0,0.0,0,0,0
5286,49,3078.3,29,9,106.14827586206897,0.3448275862068966,0.5172413793103449,0.10344827586206896,0.034482758620689655,0,4,0
3122,27,609.25,9,15,67.69444444444444,0.1111111111111111,0.5555555555555556,0.1111111111111111,0.2222222222222222,0,5,0
2223,22,235.0,4,186,58.75,0.25,0.25,0.25,0.25,0,5,0
3789,18,902.2,12,19,75.18333333333334,0.16666666666666666,0.6666666666666666,0.08333333333333333,0.08333333333333333,0,5,0
5969,21,1187.38,10,4,118.73800000000001,0.2,0.5,0.2,0.1,0,5,0
3248,27,1157.75,9,32,128.63888888888889,0.2222222222222222,0.3333333333333333,0.2222222222222222,0.2222222222222222,0,5,0
5819,35,1357.45,15,0,90.49666666666667,0.4,0.4,0.2,0.0,0,5,0
5965,33,84.5,2,178,42.25,0.0,1.0,0.0,0.0,0,5,1
2463,39,1009.45,17,69,59.379411764705885,0.29411764705882354,0.35294117647058826,0.11764705882352941,0.23529411764705882,0,5,0
4519,26,1351.12,11,14,122.8290909090909,0.36363636363636365,0.18181818181818182,0.45454545454545453,0.0,1,2,4
4102,40,402.6,5,12,80.52000000000001,0.0,0.4,0.6,0.0,0,1,0
2613,39,454.25,9,46,50.47222222222222,0.3333333333333333,0.4444444444444444,0.2222222222222222,0.0,0,5,0
4706,23,749.0,11,6,68.0909090909091,0.36363636363636365,0.5454545454545454,0.0,0.09090909090909091,0,5,0
3932,18,473.5,7,13,67.64285714285714,0.14285714285714285,0.42857142857142855,0.42857142857142855,0.0,0,5,0
2405,41,4318.65,40,15,107.96624999999999,0.325,0.35,0.2,0.125,0,4,3
4157,34,653.0,5,84,130.6,0.0,0.8,0.2,0.0,0,5,0
3105,24,154.12,3,29,51.373333333333335,0.3333333333333333,0.3333333333333333,0.3333333333333333,0.0,0,5,0
2557,18,49.5,1,349,49.5,0.0,1.0,0.0,0.0,0,5,1
4612,36,475.0,5,67,95.0,0.0,0.8,0.0,0.2,0,5,0
3651,34,1522.5,13,33,117.11538461538461,0.15384615384615385,0.46153846153846156,0.38461538461538464,0.0,0,5,0
5396,29,533.0,4,3,133.25,0.5,0.25,0.25,0.0,0,5,0
4511,32,104.0,2,83,52.0,1.0,0.0,0.0,0.0,0,0,5
4367,34,418.8,8,5,52.35,0.5,0.375,0.125,0.0,0,5,0
3751,18,70.5,2,265,35.25,0.5,0.5,0.0,0.0,0,0,0
5201,36,904.5,12,5,75.375,0.25,0.4166666666666667,0.3333333333333333,0.0,0,5,0
2234,39,895.0,9,59,99.44444444444444,0.1111111111111111,0.5555555555555556,0.2222222222222222,0.1111111111111111,1,2,4
5693,33,1139.25,11,17,103.56818181818181,0.09090909090909091,0.5454545454545454,0.18181818181818182,0.18181818181818182,0,5,0
3049,23,3315.5,30,0,110.51666666666667,0.13333333333333333,0.5333333333333333,0.16666666666666666,0.16666666666666666,1,4,4
3149,35,493.5,5,49,98.7,0.6,0.2,0.2,0.0,0,0,0
4856,38,1364.03,19,5,71.79105263157895,0.2631578947368421,0.5263157894736842,0.21052631578947367,0.0,1,2,4
3841,25,1164.5,10,13,116.45,0.1,0.6,0.1,0.2,0,5,0
4896,30,847.5,8,23,105.9375,0.25,0.5,0.0,0.25,0,5,0
3407,39,679.5,6,109,113.25,0.0,0.6666666666666666,0.16666666666666666,0.16666666666666666,0,5,0
2437,24,318.0,5,77,63.6,0.0,0.8,0.2,0.0,0,5,0
2105,29,663.0,9,23,73.66666666666667,0.3333333333333333,0.3333333333333333,0.2222222222222222,0.1111111111111111,0,5,0
3660,46,449.0,4,253,112.25,0.25,0.25,0.25,0.25,0,5,0
4987,18,353.5,5,190,70.7,0.2,0.6,0.2,0.0,1,2,4
5468,41,136.8,1,346,136.8,1.0,0.0,0.0,0.0,0,0,5
2563,56,989.9,9,9,109.98888888888888,0.0,0.4444444444444444,0.5555555555555556,0.0,0,5,0
4399,42,150.0,2,230,75.0,0.0,0.5,0.5,0.0,0,5,2
2193,21,403.25,6,69,67.20833333333333,0.0,0.6666666666666666,0.3333333333333333,0.0,0,5,0
5540,49,641.8,8,143,80.225,0.125,0.5,0.375,0.0,0,5,0
3437,38,178.2,4,76,44.55,0.25,0.75,0.0,0.0,0,5,0
3634,52,439.3,6,92,73.21666666666667,0.3333333333333333,0.5,0.16666666666666666,0.0,0,5,0
2837,18,44.9,2,244,22.45,0.5,0.0,0.5,0.0,1,0,2
2591,29,416.2,8,27,52.025,0.25,0.625,0.125,0.0,1,2,4
5243,33,930.25,6,126,155.04166666666666,0.16666666666666666,0.5,0.16666666666666666,0.16666666666666666,0,5,0
3864,30,653.8,12,4,54.48333333333333,0.4166666666666667,0.3333333333333333,0.16666666666666666,0.08333333333333333,0,5,0
4904,25,1333.5,13,2,102.57692307692308,0.15384615384615385,0.46153846153846156,0.23076923076923078,0.15384615384615385,0,5,0
3232,39,823.3,11,4,74.84545454545454,0.36363636363636365,0.2727272727272727,0.18181818181818182,0.18181818181818182,0,5,0
4442,35,381.25,5,35,76.25,0.2,0.4,0.4,0.0,0,5,0
4892,43,909.5,10,3,90.95,0.0,0.7,0.0,0.3,0,5,0
4531,22,1219.2,13,20,93.78461538461539,0.3076923076923077,0.46153846153846156,0.15384615384615385,0.07692307692307693,0,5,0
5110,40,848.5,5,115,169.7,0.0,0.2,0.2,0.6,0,3,0
2715,50,301.25,5,6,60.25,0.0,0.8,0.2,0.0,0,5,0
2061,24,1330.75,12,68,110.89583333333333,0.0,0.4166666666666667,0.5,0.08333333333333333,0,5,0
4317,30,567.0,5,186,113.4,0.0,0.6,0.2,0.2,0,5,0
4023,45,103.5,2,184,51.75,0.0,0.5,0.5,0.0,0,5,2
2772,19,768.05,8,103,96.00625,0.375,0.375,0.125,0.125,0,5,0
2423,24,1960.25,29,3,67.59482758620689,0.10344827586206896,0.5172413793103449,0.3103448275862069,0.06896551724137931,0,4,0
3742,29,543.25,6,9,90.54166666666667,0.16666666666666666,0.6666666666666666,0.16666666666666666,0.0,0,5,0
5407,65,405.0,6,102,67.5,0.3333333333333333,0.5,0.0,0.16666666666666666,0,5,0
3492,19,312.8,8,150,39.1,0.375,0.5,0.125,0.0,0,5,0
2621,28,460.95,6,44,76.825,0.3333333333333333,0.5,0.0,0.16666666666666666,0,5,0
5524,32,220.0,2,160,110.0,0.0,1.0,0.0,0.0,0,5,1
5445,29,630.5,8,38,78.8125,0.375,0.625,0.0,0.0,0,5,0
2871,38,1405.45,18,26,78.08055555555556,0.2222222222222222,0.3333333333333333,0.2777777777777778,0.16666666666666666,0,5,0
2287,39,685.0,4,130,171.25,0.25,0.5,0.25,0.0,0,5,0
2838,24,397.7,6,93,66.28333333333333,0.5,0.3333333333333333,0.16666666666666666,0.0,0,0,0
2451,35,1441.5,12,3,120.125,0.25,0.5833333333333334,0.16666666666666666,0.0,0,5,0
2308,59,241.38,4,78,60.345,0.25,0.5,0.25,0.0,0,5,0
5607,32,3171.4,34,6,93.2764705882353,0.2647058823529412,0.5588235294117647,0.14705882352941177,0.029411764705882353,0,4,0
4266,37,869.0,10,68,86.9,0.0,0.8,0.2,0.0,1,2,1
3384,37,350.5,3,145,116.83333333333333,0.3333333333333333,0.3333333333333333,0.0,0.3333333333333333,1,2,4
3969,31,192.5,3,3,64.16666666666667,0.3333333333333333,0.3333333333333333,0.3333333333333333,0.0,1,2,4
5912,24,879.0,5,97,175.8,0.6,0.2,0.2,0.0,1,2,4
3393,47,632.92,9,35,70.32444444444444,0.2222222222222222,0.6666666666666666,0.0,0.1111111111111111,0,5,0
3693,51,1018.0,8,57,127.25,0.125,0.375,0.25,0.25,0,5,0
5659,26,180.0,1,337,180.0,0.0,0.0,1.0,0.0,0,1,2
2417,24,721.2,10,30,72.12,0.1,0.5,0.3,0.1,1,2,4
3101,33,455.5,5,33,91.1,0.6,0.2,0.2,0.0,0,0,0
5828,26,460.0,4,87,115.0,0.0,1.0,0.0,0.0,1,2,1
2745,19,1684.2,16,19,105.2625,0.25,0.25,0.375,0.125,1,2,4
5170,49,495.25,8,134,61.90625,0.125,0.625,0.25,0.0,0,5,0
4906,45,660.75,10,24,66.075,0.1,0.6,0.2,0.1,0,5,0
3034,18,1369.0,10,43,136.9,0.2,0.5,0.0,0.3,0,5,0
2348,34,50.5,2,44,25.25,0.5,0.5,0.0,0.0,0,0,0
4600,48,47.4,2,242,23.7,0.0,0.5,0.5,0.0,0,5,2
4334,30,436.75,8,13,54.59375,0.125,0.875,0.0,0.0,0,5,0
5022,28,100.0,2,205,50.0,0.0,0.0,1.0,0.0,1,1,2
2045,47,787.38,6,15,131.23,0.16666666666666666,0.3333333333333333,0.3333333333333333,0.16666666666666666,0,5,0
3670,18,564.0,7,103,80.57142857142857,0.2857142857142857,0.2857142857142857,0.2857142857142857,0.14285714285714285,0,5,0
2082,33,427.5,3,220,142.5,0.3333333333333333,0.3333333333333333,0.3333333333333333,0.0,0,5,0
4924,40,232.12,5,132,46.424,0.4,0.6,0.0,0.0,0,5,0
2204,39,5780.15,49,1,117.96224489795918,0.1836734693877551,0.4897959183673469,0.24489795918367346,0.08163265306122448,1,4,3
3483,28,4172.77,41,18,101.7748780487805,0.2926829268292683,0.36585365853658536,0.2682926829268293,0.07317073170731707,0,4,3
2294,43,275.0,2,31,137.5,0.5,0.5,0.0,0.0,1,2,4
4903,40,1187.62,14,21,84.83,0.14285714285714285,0.42857142857142855,0.42857142857142855,0.0,0,5,0
4258,18,582.0,4,29,145.5,0.25,0.0,0.25,0.5,1,3,4
3240,27,485.0,4,212,121.25,0.5,0.25,0.25,0.0,0,0,0
4128,18,732.25,7,121,104.60714285714286,0.14285714285714285,0.2857142857142857,0.42857142857142855,0.14285714285714285,0,5,0
5764,44,460.0,3,118,153.33333333333334,0.3333333333333333,0.0,0.3333333333333333,0.3333333333333333,0,3,0
3678,41,405.5,5,50,81.1,0.2,0.4,0.2,0.2,0,5,0
2731,30,1621.2,13,11,124.70769230769231,0.15384615384615385,0.3076923076923077,0.23076923076923078,0.3076923076923077,1,2,4
4097,50,474.5,7,12,67.78571428571429,0.0,0.7142857142857143,0.2857142857142857,0.0,1,2,1
3377,28,921.45,8,60,115.18125,0.375,0.0,0.375,0.25,1,2,4
2519,43,1948.0,12,25,162.33333333333334,0.25,0.3333333333333333,0.25,0.16666666666666666,0,5,0
5610,52,2391.5,32,5,74.734375,0.1875,0.5625,0.1875,0.0625,0,4,0
3549,47,3019.6,36,6,83.87777777777778,0.25,0.4166666666666667,0.2777777777777778,0.05555555555555555,0,4,0
5377,23,209.5,5,13,41.9,0.4,0.4,0.2,0.0,1,2,4
4820,55,991.5,13,6,76.26923076923077,0.3076923076923077,0.6153846153846154,0.07692307692307693,0.0,0,5,0
2224,42,1634.15,28,15,58.362500000000004,0.42857142857142855,0.4642857142857143,0.10714285714285714,0.0,1,2,4
4710,40,83.0,2,278,41.5,0.0,0.5,0.5,0.0,0,5,2
4291,18,511.0,4,16,127.75,0.25,0.25,0.5,0.0,0,5,0
2003,23,230.5,4,228,57.625,0.5,0.5,0.0,0.0,0,0,0
5815,34,589.28,7,14,84.18285714285715,0.42857142857142855,0.42857142857142855,0.14285714285714285,0.0,1,2,4
3406,27,1752.15,20,30,87.6075,0.3,0.4,0.25,0.05,0,5,0
2335,30,762.75,8,25,95.34375,0.0,0.5,0.5,0.0,0,5,0
5289,31,390.0,3,1,130.0,0.0,0.3333333333333333,0.6666666666666666,0.0,0,1,0
3329,18,658.0,5,118,131.6,0.2,0.4,0.0,0.4,0,3,0
4366,43,1003.65,13,10,77.20384615384616,0.15384615384615385,0.6923076923076923,0.15384615384615385,0.0,0,5,0
2479,18,393.0,5,34,78.6,0.2,0.6,0.0,0.2,1,2,4
5537,28,2007.6,25,3,80.304,0.24,0.4,0.28,0.08,1,2,4
4249,29,2042.37,26,4,78.5526923076923,0.11538461538461539,0.6538461538461539,0.11538461538461539,0.11538461538461539,0,4,0
5335,21,820.87,10,10,82.087,0.1,0.5,0.4,0.0,0,5,0
5046,26,81.0,2,65,40.5,0.0,0.5,0.5,0.0,1,2,2
4994,34,1113.0,14,5,79.5,0.2857142857142857,0.42857142857142855,0.21428571428571427,0.07142857142857142,1,2,4
2264,32,220.0,1,326,220.0,0.0,0.0,1.0,0.0,0,1,2
4835,25,1126.25,13,26,86.63461538461539,0.15384615384615385,0.5384615384615384,0.23076923076923078,0.07692307692307693,0,5,0
5935,36,255.4,4,51,63.85,0.25,0.5,0.25,0.0,1,2,4
3860,61,80.0,2,224,40.0,0.0,0.5,0.5,0.0,0,5,0
3808,35,577.0,6,118,96.16666666666667,0.16666666666666666,0.5,0.0,0.3333333333333333,0,5,0
2549,38,1124.5,13,2,86.5,0.07692307692307693,0.5384615384615384,0.23076923076923078,0.15384615384615385,0,5,0
4625,41,2198.35,17,5,129.31470588235294,0.23529411764705882,0.47058823529411764,0.23529411764705882,0.058823529411764705,0,5,0
4432,43,1022.75,10,15,102.275,0.3,0.5,0.1,0.1,1,2,4
4970,37,437.05,5,14,87.41,0.4,0.4,0.2,0.0,0,5,0
4509,36,533.4,3,170,177.79999999999998,0.3333333333333333,0.6666666666666666,0.0,0.0,1,2,4
2280,50,345.8,5,154,69.16,0.2,0.4,0.4,0.0,0,5,0
5681,29,164.0,3,118,54.666666666666664,0.0,0.6666666666666666,0.3333333333333333,0.0,1,2,1
4127,45,433.75,5,12,86.75,0.6,0.2,0.0,0.2,1,2,4
5876,19,1120.0,6,88,186.66666666666666,0.16666666666666666,0.5,0.3333333333333333,0.0,0,5,0
5568,18,320.5,5,8,64.1,0.6,0.4,0.0,0.0,1,2,4
2253,47,809.0,8,40,101.125,0.125,0.375,0.5,0.0,1,2,4
2487,32,428.0,5,129,85.6,0.4,0.4,0.2,0.0,0,5,0
4049,31,1519.35,21,10,72.35,0.19047619047619047,0.47619047619047616,0.23809523809523808,0.09523809523809523,1,2,4
4436,18,416.5,6,154,69.41666666666667,0.0,0.6666666666666666,0.16666666666666666,0.16666666666666666,1,2,4
3170,25,980.3,12,70,81.69166666666666,0.16666666666666666,0.5833333333333334,0.25,0.0,1,2,4
4140,20,1917.5,24,44,79.89583333333333,0.3333333333333333,0.4583333333333333,0.20833333333333334,0.0,1,2,4
3606,36,798.0,4,13,199.5,0.0,0.5,0.25,0.25,1,2,4
4345,27,48.0,1,319,48.0,1.0,0.0,0.0,0.0,0,0,5
3826,42,1308.2,11,0,118.92727272727274,0.2727272727272727,0.2727272727272727,0.2727272727272727,0.18181818181818182,1,2,4
3876,38,421.9,7,19,60.271428571428565,0.14285714285714285,0.5714285714285714,0.2857142857142857,0.0,0,5,0
2993,32,96.0,1,317,96.0,1.0,0.0,0.0,0.0,0,0,5
3262,21,215.2,4,136,53.8,0.5,0.5,0.0,0.0,0,0,0
4500,36,2814.83,30,23,93.82766666666666,0.16666666666666666,0.4666666666666667,0.3,0.06666666666666667,0,4,0
4022,40,130.0,1,314,130.0,0.0,1.0,0.0,0.0,0,5,1
2771,28,234.0,3,137,78.0,0.3333333333333333,0.6666666666666666,0.0,0.0,1,2,4
2238,43,735.0,4,38,183.75,0.25,0.25,0.5,0.0,0,5,0
3021,31,440.0,4,1,110.0,0.25,0.75,0.0,0.0,0,5,0
3963,48,126.8,3,196,42.266666666666666,0.3333333333333333,0.3333333333333333,0.3333333333333333,0.0,1,2,4
3358,50,293.8,5,33,58.760000000000005,0.0,0.2,0.8,0.0,0,1,0
5563,22,595.5,5,5,119.1,0.8,0.0,0.0,0.2,0,0,0
5001,18,2572.43,33,8,77.95242424242424,0.18181818181818182,0.5454545454545454,0.21212121212121213,0.06060606060606061,0,4,0
2136,46,1672.0,13,52,128.6153846153846,0.38461538461538464,0.23076923076923078,0.3076923076923077,0.07692307692307693,1,2,4
2235,18,1211.35,10,25,121.13499999999999,0.2,0.4,0.1,0.3,0,5,0
4289,39,175.0,2,155,87.5,0.0,0.5,0.0,0.5,0,3,0
2804,42,425.4,4,53,106.35,0.25,0.25,0.25,0.25,1,2,4
5203,36,1811.1,17,24,106.53529411764706,0.11764705882352941,0.4117647058823529,0.35294117647058826,0.11764705882352941,0,5,0
4909,60,1067.0,9,69,118.55555555555556,0.2222222222222222,0.3333333333333333,0.3333333333333333,0.1111111111111111,0,5,0
4065,28,1732.5,16,10,108.28125,0.25,0.5,0.0625,0.1875,1,2,4
3072,24,1213.1,13,55,93.3153846153846,0.07692307692307693,0.6923076923076923,0.23076923076923078,0.0,1,2,4
5638,32,498.75,4,101,124.6875,0.25,0.75,0.0,0.0,0,5,0
3151,40,1156.75,9,10,128.52777777777777,0.3333333333333333,0.5555555555555556,0.1111111111111111,0.0,0,5,0
3624,18,45.0,1,309,45.0,0.0,1.0,0.0,0.0,0,5,1
3471,33,917.55,11,35,83.41363636363636,0.2727272727272727,0.5454545454545454,0.09090909090909091,0.09090909090909091,0,5,0
2960,20,228.0,1,309,228.0,0.0,0.0,0.0,1.0,0,3,0
2454,26,587.5,6,174,97.91666666666667,0.0,0.6666666666666666,0.0,0.3333333333333333,1,2,4
4813,60,290.5,6,99,48.416666666666664,0.5,0.16666666666666666,0.16666666666666666,0.16666666666666666,0,0,0
4247,23,439.5,4,170,109.875,0.0,0.25,0.5,0.25,1,2,4
5055,26,22.5,1,307,22.5,1.0,0.0,0.0,0.0,1,0,5
5531,48,911.25,9,8,101.25,0.1111111111111111,0.2222222222222222,0.4444444444444444,0.2222222222222222,0,5,0
5772,40,923.6,11,7,83.96363636363637,0.36363636363636365,0.45454545454545453,0.18181818181818182,0.0,1,2,4
4578,39,605.3,11,11,55.027272727272724,0.18181818181818182,0.6363636363636364,0.18181818181818182,0.0,1,2,1
3712,49,35.0,1,307,35.0,0.0,1.0,0.0,0.0,0,5,1
3794,37,272.5,4,117,68.125,0.0,0.5,0.5,0.0,0,5,0
5774,35,290.0,3,73,96.66666666666667,0.3333333333333333,0.3333333333333333,0.3333333333333333,0.0,1,2,4
4571,37,60.8,1,306,60.8,1.0,0.0,0.0,0.0,1,0,5
3078,26,280.0,3,130,93.33333333333333,0.0,0.3333333333333333,0.0,0.6666666666666666,0,3,0
3081,18,174.0,2,197,87.0,0.5,0.5,0.0,0.0,0,0,0
5081,18,805.5,8,56,100.6875,0.375,0.375,0.25,0.0,0,5,0
4530,40,1237.75,15,69,82.51666666666667,0.3333333333333333,0.4666666666666667,0.06666666666666667,0.13333333333333333,0,5,0
3595,41,310.0,3,54,103.33333333333333,0.0,0.6666666666666666,0.3333333333333333,0.0,0,5,0
2698,39,298.0,3,124,99.33333333333333,0.0,0.6666666666666666,0.3333333333333333,0.0,0,5,0
5211,32,336.5,2,237,168.25,0.5,0.0,0.0,0.5,0,3,0
5493,60,243.0,5,54,48.6,0.2,0.6,0.2,0.0,0,5,0
3567,41,258.0,3,19,86.0,0.0,0.0,0.6666666666666666,0.3333333333333333,0,1,0
4934,44,660.0,8,46,82.5,0.125,0.375,0.375,0.125,1,2,4
2066,30,1195.75,8,6,149.46875,0.25,0.25,0.25,0.25,0,5,0
2911,26,588.0,6,9,98.0,0.16666666666666666,0.5,0.3333333333333333,0.0,0,5,0
4351,46,2590.4,23,6,112.62608695652175,0.17391304347826086,0.5217391304347826,0.2608695652173913,0.043478260869565216,0,4,0
4120,38,313.5,2,228,156.75,0.0,0.0,0.5,0.5,0,3,0
3954,31,774.4,9,20,86.04444444444444,0.2222222222222222,0.4444444444444444,0.3333333333333333,0.0,0,5,0
3696,26,85.0,1,304,85.0,0.0,0.0,0.0,1.0,1,3,0
2997,55,315.6,2,170,157.8,0.5,0.0,0.5,0.0,0,1,0
4806,38,185.0,2,41,92.5,0.0,1.0,0.0,0.0,0,5,1
5566,31,1029.0,10,39,102.9,0.3,0.4,0.1,0.2,0,5,0
4235,22,253.0,3,106,84.33333333333333,0.3333333333333333,0.3333333333333333,0.0,0.3333333333333333,1,2,4
3477,48,2736.4,24,9,114.01666666666667,0.2916666666666667,0.4166666666666667,0.20833333333333334,0.08333333333333333,0,4,0
5639,39,169.0,4,11,42.25,0.5,0.25,0.25,0.0,0,0,0
5826,49,324.0,4,5,81.0,0.0,0.0,0.75,0.25,1,1,2
4011,27,390.9,6,145,65.14999999999999,0.3333333333333333,0.5,0.16666666666666666,0.0,1,2,4
2971,39,513.7,8,17,64.2125,0.375,0.375,0.25,0.0,0,5,0
2998,36,699.5,8,49,87.4375,0.25,0.625,0.125,0.0,0,5,0
5917,30,35.0,1,300,35.0,0.0,1.0,0.0,0.0,1,2,1
2013,25,170.0,1,300,170.0,0.0,0.0,0.0,1.0,0,3,0
4948,43,255.0,3,118,85.0,0.3333333333333333,0.3333333333333333,0.3333333333333333,0.0,0,5,0
4295,18,183.75,4,128,45.9375,0.25,0.5,0.25,0.0,0,5,0
2790,31,240.0,3,138,80.0,0.0,0.3333333333333333,0.3333333333333333,0.3333333333333333,1,2,4
4687,47,305.5,2,18,152.75,0.0,0.5,0.5,0.0,1,2,4
3241,41,927.5,6,54,154.58333333333334,0.16666666666666666,0.5,0.0,0.3333333333333333,1,2,4
3250,35,515.7,5,24,103.14000000000001,0.4,0.6,0.0,0.0,0,5,0
5924,37,591.0,4,163,147.75,0.25,0.5,0.0,0.25,0,5,0
3858,28,1105.85,15,4,73.72333333333333,0.3333333333333333,0.3333333333333333,0.13333333333333333,0.2,1,2,4
5944,48,240.0,1,299,240.0,0.0,0.0,0.0,1.0,1,3,0
4339,51,522.0,3,164,174.0,0.3333333333333333,0.3333333333333333,0.3333333333333333,0.0,0,5,0
2705,19,260.0,3,51,86.66666666666667,0.0,0.6666666666666666,0.0,0.3333333333333333,0,5,0
2211,46,565.7,4,178,141.425,0.25,0.25,0.0,0.5,0,3,0
3313,40,234.0,4,21,58.5,0.25,0.5,0.25,0.0,1,2,4
3971,24,553.75,9,23,61.52777777777778,0.2222222222222222,0.5555555555555556,0.2222222222222222,0.0,1,2,4
2286,23,135.0,1,297,135.0,0.0,1.0,0.0,0.0,1,2,1
3589,36,576.5,6,44,96.08333333333333,0.16666666666666666,0.5,0.3333333333333333,0.0,1,2,4
3811,30,1420.0,14,4,101.42857142857143,0.14285714285714285,0.5714285714285714,0.14285714285714285,0.14285714285714285,0,5,0
3596,55,48.0,1,296,48.0,1.0,0.0,0.0,0.0,1,0,5
3459,39,1206.5,10,46,120.65,0.3,0.5,0.1,0.1,1,2,4
2554,46,303.35,5,23,60.67,0.6,0.2,0.0,0.2,0,0,0
2412,53,285.0,5,80,57.0,0.2,0.0,0.6,0.2,0,1,0
3037,46,416.0,7,57,59.42857142857143,0.0,0.42857142857142855,0.2857142857142857,0.2857142857142857,0,5,0
5557,27,1622.9,13,10,124.83846153846154,0.15384615384615385,0.5384615384615384,0.07692307692307693,0.23076923076923078,0,5,0
2271,36,198.0,4,91,49.5,0.25,0.25,0.5,0.0,0,5,0
4719,54,280.0,4,184,70.0,0.25,0.75,0.0,0.0,0,5,1
3435,39,25.0,1,294,25.0,0.0,1.0,0.0,0.0,0,5,1
5320,37,724.5,9,23,80.5,0.2222222222222222,0.5555555555555556,0.0,0.2222222222222222,1,2,4
3571,45,273.0,4,28,68.25,0.0,1.0,0.0,0.0,1,2,1
2700,32,3085.3,37,6,83.38648648648649,0.1891891891891892,0.43243243243243246,0.24324324324324326,0.13513513513513514,1,4,4
5857,43,120.0,2,69,60.0,0.0,1.0,0.0,0.0,0,5,1
3127,42,943.6,12,3,78.63333333333334,0.0,0.6666666666666666,0.25,0.08333333333333333,1,2,1
2337,28,2510.0,31,4,80.96774193548387,0.22580645161290322,0.5483870967741935,0.06451612903225806,0.16129032258064516,1,4,4
5332,53,106.6,2,250,53.3,0.5,0.5,0.0,0.0,1,2,4
3033,46,45.0,1,292,45.0,0.0,1.0,0.0,0.0,1,2,1
4733,41,812.0,16,5,50.75,0.375,0.3125,0.25,0.0625,1,2,4
3075,33,260.5,6,53,43.416666666666664,0.16666666666666666,0.5,0.16666666666666666,0.16666666666666666,1,2,4
5553,18,394.95,7,8,56.42142857142857,0.2857142857142857,0.7142857142857143,0.0,0.0,0,5,0
5343,40,143.0,3,46,47.666666666666664,0.3333333333333333,0.6666666666666666,0.0,0.0,0,5,0
3562,29,251.75,7,44,35.964285714285715,0.42857142857142855,0.2857142857142857,0.2857142857142857,0.0,1,2,4
2362,29,411.75,4,42,102.9375,0.25,0.75,0.0,0.0,0,5,0
2163,34,220.5,3,84,73.5,0.6666666666666666,0.3333333333333333,0.0,0.0,0,0,0
2277,18,945.4,7,13,135.05714285714285,0.5714285714285714,0.2857142857142857,0.0,0.14285714285714285,0,5,0
3513,34,204.0,2,93,102.0,0.0,1.0,0.0,0.0,0,5,1
4138,20,631.25,8,2,78.90625,0.125,0.75,0.125,0.0,0,5,0
3558,23,275.25,4,26,68.8125,0.5,0.25,0.25,0.0,1,2,4
4832,32,55.0,1,288,55.0,0.0,1.0,0.0,0.0,0,5,1
3883,34,157.3,3,41,52.43333333333334,0.0,0.3333333333333333,0.6666666666666666,0.0,1,1,2
3173,36,294.2,4,139,73.55,0.5,0.5,0.0,0.0,1,2,4
3988,58,321.0,3,68,107.0,0.3333333333333333,0.3333333333333333,0.3333333333333333,0.0,0,5,0
5264,30,902.25,10,10,90.225,0.2,0.5,0.3,0.0,0,5,0
5753,42,1096.0,15,7,73.06666666666666,0.13333333333333333,0.6,0.26666666666666666,0.0,0,5,0
3966,29,3193.5,34,10,93.92647058823529,0.2647058823529412,0.5,0.14705882352941177,0.08823529411764706,0,4,0
4737,40,605.0,7,3,86.42857142857143,0.0,0.5714285714285714,0.14285714285714285,0.2857142857142857,0,5,0
3598,43,315.5,4,35,78.875,0.0,0.5,0.5,0.0,0,5,0
4642,36,1207.55,19,11,63.555263157894736,0.3157894736842105,0.631578947368421,0.05263157894736842,0.0,0,5,0
5004,45,996.4,11,0,90.58181818181818,0.09090909090909091,0.7272727272727273,0.18181818181818182,0.0,0,5,0
3863,52,275.5,4,3,68.875,0.75,0.25,0.0,0.0,0,0,0
3755,44,1354.9,15,11,90.32666666666667,0.26666666666666666,0.3333333333333333,0.3333333333333333,0.06666666666666667,0,5,0
4974,49,406.5,5,75,81.3,0.6,0.4,0.0,0.0,0,0,0
2990,18,2401.15,20,29,120.0575,0.05,0.35,0.25,0.35,0,4,0
5470,40,2920.55,33,4,88.50151515151515,0.42424242424242425,0.2727272727272727,0.21212121212121213,0.09090909090909091,0,4,0
4387,18,212.0,5,26,42.4,0.4,0.0,0.4,0.2,0,0,0
5751,18,2848.5,31,6,91.88709677419355,0.06451612903225806,0.5806451612903226,0.2903225806451613,0.06451612903225806,1,4,4
4230,48,652.5,6,58,108.75,0.0,0.6666666666666666,0.16666666666666666,0.16666666666666666,0,5,0
3067,40,82.2,2,208,41.1,0.5,0.5,0.0,0.0,1,2,4
5809,32,1082.1,16,23,67.63125,0.375,0.25,0.1875,0.1875,0,5,0
2887,32,46.5,2,109,23.25,1.0,0.0,0.0,0.0,1,0,5
4414,39,1520.25,10,35,152.025,0.2,0.4,0.1,0.3,0,5,0
3334,58,142.0,4,176,35.5,0.25,0.25,0.5,0.0,1,2,4
5813,31,135.0,4,48,33.75,0.0,1.0,0.0,0.0,0,5,1
4631,51,357.15,8,13,44.64375,0.25,0.375,0.25,0.125,0,5,0
2091,20,1181.0,12,42,98.41666666666667,0.25,0.5833333333333334,0.08333333333333333,0.08333333333333333,0,5,0
4383,20,726.0,7,16,103.71428571428571,0.2857142857142857,0.42857142857142855,0.14285714285714285,0.14285714285714285,1,2,4
5014,43,22.5,1,279,22.5,1.0,0.0,0.0,0.0,1,0,5
2568,37,716.4,9,17,79.6,0.3333333333333333,0.2222222222222222,0.3333333333333333,0.1111111111111111,0,5,0
4699,51,591.0,5,35,118.2,0.6,0.2,0.0,0.2,0,0,0
3395,27,711.55,10,16,71.155,0.3,0.5,0.1,0.1,1,2,4
2024,30,439.5,6,71,73.25,0.0,0.8333333333333334,0.0,0.16666666666666666,1,2,4
2404,25,382.5,8,75,47.8125,0.5,0.375,0.0,0.125,1,2,4
2298,18,620.35,9,37,68.92777777777778,0.1111111111111111,0.3333333333333333,0.4444444444444444,0.1111111111111111,1,2,4
4267,33,1403.15,21,0,66.81666666666668,0.38095238095238093,0.3333333333333333,0.19047619047619047,0.09523809523809523,1,2,4
2558,29,2817.2,32,0,88.0375,0.4375,0.34375,0.1875,0.03125,0,4,0
5031,31,540.0,4,33,135.0,0.25,0.5,0.0,0.25,1,2,4
5348,38,22.5,1,277,22.5,1.0,0.0,0.0,0.0,0,0,5
3192,41,136.0,2,142,68.0,0.0,0.5,0.5,0.0,1,2,2
2703,55,835.95,11,1,75.99545454545455,0.45454545454545453,0.36363636363636365,0.09090909090909091,0.09090909090909091,0,5,0
3106,37,1430.1,18,51,79.44999999999999,0.1111111111111111,0.5555555555555556,0.2222222222222222,0.1111111111111111,1,2,4
4142,25,487.5,4,69,121.875,0.25,0.5,0.0,0.25,0,5,0
3875,27,1143.25,13,26,87.9423076923077,0.07692307692307693,0.6153846153846154,0.3076923076923077,0.0,0,5,0
5633,65,695.0,6,9,115.83333333333333,0.3333333333333333,0.5,0.16666666666666666,0.0,0,5,0
5195,18,2403.55,21,11,114.45476190476191,0.23809523809523808,0.38095238095238093,0.23809523809523808,0.14285714285714285,0,4,0
2381,22,1209.0,14,6,86.35714285714286,0.21428571428571427,0.6428571428571429,0.07142857142857142,0.07142857142857142,0,5,0
3601,29,22.5,1,275,22.5,1.0,0.0,0.0,0.0,1,0,5
4927,33,181.25,4,82,45.3125,0.0,1.0,0.0,0.0,0,5,1
4972,62,262.25,4,15,65.5625,0.25,0.75,0.0,0.0,0,5,0
3838,34,559.5,6,86,93.25,0.16666666666666666,0.5,0.3333333333333333,0.0,0,5,0
5729,38,125.0,3,82,41.666666666666664,0.3333333333333333,0.6666666666666666,0.0,0.0,0,5,0
2609,47,591.0,5,86,118.2,0.2,0.4,0.4,0.0,1,2,4
2807,36,615.1,9,12,68.34444444444445,0.4444444444444444,0.3333333333333333,0.1111111111111111,0.1111111111111111,1,2,4
3454,48,2144.05,29,28,73.93275862068967,0.3793103448275862,0.4827586206896552,0.10344827586206896,0.034482758620689655,0,4,0
3617,34,1545.0,16,23,96.5625,0.25,0.375,0.3125,0.0625,1,2,4
2624,32,360.0,1,273,360.0,0.0,0.0,0.0,1.0,1,3,0
3203,25,374.5,7,9,53.5,0.0,0.42857142857142855,0.42857142857142855,0.14285714285714285,1,2,4
5808,22,837.3,7,2,119.61428571428571,0.2857142857142857,0.5714285714285714,0.14285714285714285,0.0,1,2,4
2936,31,937.0,10,6,93.7,0.0,0.5,0.4,0.1,0,5,0
2350,24,743.25,6,20,123.875,0.16666666666666666,0.16666666666666666,0.3333333333333333,0.3333333333333333,0,5,0
2593,63,515.0,5,6,103.0,0.0,0.6,0.0,0.4,0,5,0
5803,30,228.0,2,261,114.0,0.5,0.0,0.0,0.5,1,3,0
4583,40,329.0,5,1,65.8,0.2,0.2,0.6,0.0,0,1,0
4859,18,94.25,3,236,31.416666666666668,0.3333333333333333,0.3333333333333333,0.3333333333333333,0.0,1,2,4
3068,24,589.0,6,7,98.16666666666667,0.16666666666666666,0.16666666666666666,0.6666666666666666,0.0,0,1,0
4489,39,515.0,5,80,103.0,0.0,0.4,0.4,0.2,0,5,0
2774,48,1921.25,17,21,113.01470588235294,0.17647058823529413,0.47058823529411764,0.29411764705882354,0.058823529411764705,1,2,4
2918,36,1018.5,6,15,169.75,0.0,0.6666666666666666,0.0,0.3333333333333333,1,2,4
2883,30,1012.1,17,13,59.53529411764706,0.29411764705882354,0.5294117647058824,0.11764705882352941,0.058823529411764705,1,2,4
2667,38,1181.75,13,19,90.90384615384616,0.15384615384615385,0.5384615384615384,0.23076923076923078,0.07692307692307693,1,2,4
2408,28,415.0,2,169,207.5,0.0,0.5,0.0,0.5,0,3,0
3041,53,157.0,4,42,39.25,0.25,0.75,0.0,0.0,0,5,0
2226,24,577.85,9,11,64.20555555555556,0.1111111111111111,0.7777777777777778,0.1111111111111111,0.0,0,5,0
3188,26,764.9,11,48,69.53636363636363,0.2727272727272727,0.45454545454545453,0.18181818181818182,0.09090909090909091,1,2,4
5543,18,494.0,3,100,164.66666666666666,0.6666666666666666,0.0,0.0,0.3333333333333333,0,3,0
4177,29,922.0,8,2,115.25,0.375,0.375,0.125,0.125,1,2,4
4135,53,988.6,13,0,76.04615384615384,0.38461538461538464,0.38461538461538464,0.23076923076923078,0.0,1,2,4
2683,35,30.0,1,269,30.0,0.0,0.0,1.0,0.0,0,1,2
3295,30,476.2,10,2,47.62,0.3,0.6,0.1,0.0,1,2,4
3090,20,131.0,3,209,43.666666666666664,0.0,1.0,0.0,0.0,0,5,1
2795,30,779.0,11,14,70.81818181818181,0.36363636363636365,0.45454545454545453,0.18181818181818182,0.0,0,5,0
2589,23,422.75,7,5,60.392857142857146,0.2857142857142857,0.7142857142857143,0.0,0.0,1,2,4
5586,37,55.0,2,96,27.5,0.0,0.5,0.5,0.0,1,2,2
4462,38,659.25,9,38,73.25,0.2222222222222222,0.3333333333333333,0.2222222222222222,0.2222222222222222,1,2,4
2113,18,566.75,10,12,56.675,0.2,0.5,0.3,0.0,0,5,0
4524,18,188.2,4,51,47.05,0.25,0.75,0.0,0.0,0,5,0
5054,24,458.25,5,40,91.65,0.0,0.4,0.6,0.0,1,2,2
4062,44,600.0,2,241,300.0,0.0,0.5,0.0,0.5,0,3,0
5275,41,406.0,5,20,81.2,0.0,0.6,0.2,0.2,0,5,0
5769,53,159.4,4,19,39.85,0.5,0.5,0.0,0.0,1,2,4
3999,36,332.0,3,127,110.66666666666667,0.3333333333333333,0.3333333333333333,0.0,0.3333333333333333,0,5,0
2829,28,742.5,8,24,92.8125,0.25,0.375,0.375,0.0,0,5,0
5125,44,251.0,5,49,50.2,0.8,0.2,0.0,0.0,0,0,0
5678,30,771.0,7,1,110.14285714285714,0.2857142857142857,0.2857142857142857,0.14285714285714285,0.2857142857142857,1,2,4
4566,43,742.65,7,16,106.09285714285714,0.14285714285714285,0.42857142857142855,0.42857142857142855,0.0,1,2,4
2640,41,211.0,3,63,70.33333333333333,0.0,0.3333333333333333,0.3333333333333333,0.3333333333333333,1,2,4
4546,22,56.0,1,265,56.0,0.0,0.0,1.0,0.0,1,1,2
3917,36,177.0,2,72,88.5,0.0,0.5,0.5,0.0,0,5,0
3895,22,1525.25,14,42,108.94642857142857,0.14285714285714285,0.6428571428571429,0.14285714285714285,0.07142857142857142,1,2,4
3959,32,170.25,2,83,85.125,1.0,0.0,0.0,0.0,0,0,5
5479,24,139.0,2,219,69.5,0.0,0.5,0.5,0.0,1,2,2
2538,30,1205.0,13,33,92.6923076923077,0.3076923076923077,0.5384615384615384,0.07692307692307693,0.07692307692307693,0,5,0
5042,33,160.7,4,17,40.175,0.25,0.25,0.25,0.25,0,5,0
5144,27,948.15,13,2,72.93461538461538,0.23076923076923078,0.5384615384615384,0.23076923076923078,0.0,1,2,4
4287,28,598.0,5,32,119.6,0.2,0.6,0.2,0.0,0,5,0
3950,18,574.85,9,38,63.87222222222223,0.4444444444444444,0.4444444444444444,0.1111111111111111,0.0,1,2,4
4425,28,957.5,11,2,87.04545454545455,0.2727272727272727,0.6363636363636364,0.09090909090909091,0.0,1,2,4
4259,32,435.5,5,20,87.1,0.2,0.8,0.0,0.0,1,2,4
2198,31,218.8,4,45,54.7,0.0,0.25,0.75,0.0,0,1,0
2768,48,663.82,10,23,66.382,0.6,0.4,0.0,0.0,0,0,0
3153,29,450.5,8,13,56.3125,0.125,0.5,0.25,0.125,0,5,0
4915,47,190.0,2,179,95.0,0.0,0.5,0.0,0.5,0,3,0
2138,20,611.0,5,128,122.2,0.0,0.0,0.6,0.4,1,3,4
5832,51,371.5,4,53,92.875,0.75,0.25,0.0,0.0,0,0,0
5414,60,50.0,1,258,50.0,0.0,1.0,0.0,0.0,1,2,1
5105,19,85.0,1,258,85.0,0.0,0.0,0.0,1.0,1,3,0
3064,36,859.0,12,13,71.58333333333333,0.0,0.6666666666666666,0.3333333333333333,0.0,0,5,0
2221,31,90.0,1,258,90.0,0.0,0.0,1.0,0.0,0,1,2
4015,21,120.0,1,258,120.0,0.0,1.0,0.0,0.0,0,5,1
5620,28,873.5,7,106,124.78571428571429,0.0,0.7142857142857143,0.0,0.2857142857142857,1,2,4
5347,25,96.75,2,42,48.375,0.0,1.0,0.0,0.0,0,5,1
3628,31,360.5,6,68,60.083333333333336,0.16666666666666666,0.5,0.16666666666666666,0.16666666666666666,0,5,0
4070,23,336.85,6,6,56.14166666666667,0.16666666666666666,0.3333333333333333,0.5,0.0,0,5,0
2537,40,484.0,6,0,80.66666666666667,0.16666666666666666,0.16666666666666666,0.5,0.16666666666666666,0,5,0
4767,35,70.5,2,171,35.25,0.5,0.0,0.5,0.0,0,0,2
3777,32,3201.05,30,20,106.70166666666667,0.16666666666666666,0.5,0.23333333333333334,0.1,0,4,0
4522,43,55.25,1,256,55.25,0.0,1.0,0.0,0.0,0,5,1
5632,40,481.25,7,18,68.75,0.2857142857142857,0.42857142857142855,0.2857142857142857,0.0,0,5,0
3340,34,1301.75,8,68,162.71875,0.125,0.5,0.25,0.125,0,5,0
5424,27,1017.65,10,68,101.765,0.3,0.3,0.2,0.2,0,5,0
2339,31,223.75,2,174,111.875,0.0,1.0,0.0,0.0,1,2,1
5117,45,72.0,1,255,72.0,0.0,0.0,1.0,0.0,0,1,2
2779,54,933.5,13,10,71.8076923076923,0.15384615384615385,0.3076923076923077,0.46153846153846156,0.07692307692307693,0,5,0
3238,49,227.38,5,20,45.476,0.4,0.4,0.2,0.0,0,5,0
4703,24,676.3,11,43,61.48181818181818,0.18181818181818182,0.6363636363636364,0.18181818181818182,0.0,1,2,4
4178,37,150.0,2,205,75.0,0.0,0.0,0.5,0.5,0,3,0
4060,35,71.4,3,69,23.8,0.6666666666666666,0.3333333333333333,0.0,0.0,0,0,0
4181,32,646.82,9,0,71.86888888888888,0.4444444444444444,0.2222222222222222,0.2222222222222222,0.1111111111111111,1,2,4
2181,36,889.6,6,144,148.26666666666668,0.3333333333333333,0.16666666666666666,0.3333333333333333,0.16666666666666666,0,5,0
2815,18,449.6,7,109,64.22857142857143,0.2857142857142857,0.42857142857142855,0.2857142857142857,0.0,1,2,4
2177,18,580.0,5,26,116.0,0.0,0.4,0.6,0.0,0,1,0
4368,48,439.25,7,37,62.75,0.14285714285714285,0.5714285714285714,0.2857142857142857,0.0,1,2,1
3554,45,1996.0,31,6,64.38709677419355,0.22580645161290322,0.5161290322580645,0.25806451612903225,0.0,0,4,0
2920,31,525.55,6,22,87.59166666666665,0.3333333333333333,0.3333333333333333,0.3333333333333333,0.0,0,5,0
5390,36,1315.75,14,3,93.98214285714286,0.14285714285714285,0.42857142857142855,0.2857142857142857,0.14285714285714285,0,5,0
5321,46,503.0,7,6,71.85714285714286,0.2857142857142857,0.5714285714285714,0.14285714285714285,0.0,0,5,0
2104,44,72.5,2,81,36.25,0.0,1.0,0.0,0.0,1,2,1
2242,26,902.2,7,120,128.8857142857143,0.2857142857142857,0.14285714285714285,0.42857142857142855,0.14285714285714285,0,5,0
4018,18,18.0,1,250,18.0,1.0,0.0,0.0,0.0,0,0,5
4599,55,2434.08,28,28,86.93142857142857,0.35714285714285715,0.35714285714285715,0.17857142857142858,0.10714285714285714,0,4,0
4395,57,1058.25,10,9,105.825,0.3,0.3,0.2,0.2,0,5,0
4304,25,682.1,9,24,75.78888888888889,0.2222222222222222,0.7777777777777778,0.0,0.0,0,5,0
2236,19,1268.5,18,1,70.47222222222223,0.2222222222222222,0.4444444444444444,0.3333333333333333,0.0,0,5,0
2925,23,603.4,7,56,86.2,0.14285714285714285,0.2857142857142857,0.42857142857142855,0.14285714285714285,0,5,0
5036,37,527.75,7,12,75.39285714285714,0.14285714285714285,0.7142857142857143,0.14285714285714285,0.0,1,2,1
2704,33,61.62,2,230,30.810000000000002,0.5,0.5,0.0,0.0,1,2,4
4115,36,284.6,6,40,47.43333333333334,0.16666666666666666,0.16666666666666666,0.6666666666666666,0.0,0,1,0
5591,33,123.25,2,13,61.625,0.0,0.5,0.5,0.0,0,5,0
4875,27,316.0,3,17,105.33333333333333,0.3333333333333333,0.6666666666666666,0.0,0.0,1,2,4
2387,27,705.08,10,12,70.50800000000001,0.4,0.3,0.3,0.0,0,5,0
5562,34,307.5,4,21,76.875,0.5,0.5,0.0,0.0,0,5,0
5829,25,160.0,3,78,53.333333333333336,0.0,1.0,0.0,0.0,0,5,1
2933,22,72.0,1,247,72.0,0.0,1.0,0.0,0.0,0,5,1
3481,41,80.0,2,54,40.0,0.5,0.0,0.5,0.0,1,0,4
4704,40,47.2,2,31,23.6,0.5,0.5,0.0,0.0,1,2,4
3221,29,126.0,3,110,42.0,0.3333333333333333,0.6666666666666666,0.0,0.0,0,5,0
4296,28,210.5,3,37,70.16666666666667,0.0,0.6666666666666666,0.3333333333333333,0.0,1,2,4
2505,28,369.8,5,110,73.96000000000001,0.4,0.4,0.2,0.0,0,5,0
3824,33,275.2,4,174,68.8,0.0,0.5,0.5,0.0,0,5,2
4427,31,51.2,1,246,51.2,1.0,0.0,0.0,0.0,1,0,5
5141,41,133.25,4,79,33.3125,0.5,0.25,0.25,0.0,0,0,0
5902,22,1107.25,13,27,85.17307692307692,0.07692307692307693,0.6153846153846154,0.07692307692307693,0.23076923076923078,0,5,0
5634,37,423.25,7,0,60.464285714285715,0.14285714285714285,0.2857142857142857,0.42857142857142855,0.14285714285714285,1,2,4
4294,38,505.0,9,8,56.111111111111114,0.2222222222222222,0.6666666666666666,0.1111111111111111,0.0,0,5,0
2126,36,1189.3,8,16,148.6625,0.25,0.25,0.25,0.25,0,5,0
5197,34,977.9,11,35,88.89999999999999,0.09090909090909091,0.6363636363636364,0.18181818181818182,0.09090909090909091,0,5,0
4619,43,645.0,4,71,161.25,0.25,0.25,0.5,0.0,1,2,4
3525,21,346.0,3,0,115.33333333333333,0.0,1.0,0.0,0.0,0,5,1
3711,36,328.75,5,6,65.75,0.6,0.4,0.0,0.0,0,0,0
2809,31,186.75,2,177,93.375,0.5,0.0,0.0,0.5,0,3,0
2578,44,267.6,3,31,89.2,0.6666666666666666,0.3333333333333333,0.0,0.0,0,0,0
2719,18,479.75,7,29,68.53571428571429,0.14285714285714285,0.8571428571428571,0.0,0.0,0,5,0
3781,41,1925.75,29,1,66.40517241379311,0.1724137931034483,0.7241379310344828,0.10344827586206896,0.0,0,4,0
5113,38,485.62,4,103,121.405,0.75,0.0,0.0,0.25,0,0,0
4071,45,984.9,16,0,61.55625,0.375,0.5,0.0625,0.0625,1,2,4
3718,27,455.5,5,7,91.1,0.0,0.4,0.4,0.2,1,2,4
2456,24,255.5,4,13,63.875,0.5,0.25,0.25,0.0,1,2,4
4686,27,287.25,4,185,71.8125,0.0,0.75,0.25,0.0,0,5,1
5362,49,220.5,5,135,44.1,0.2,0.8,0.0,0.0,1,2,4
2867,34,186.0,2,229,93.0,0.5,0.0,0.0,0.5,0,3,0
5000,41,612.0,5,59,122.4,0.0,0.4,0.6,0.0,0,1,0
3015,32,389.25,4,34,97.3125,0.5,0.25,0.25,0.0,0,0,0
4633,47,130.25,2,152,65.125,0.0,1.0,0.0,0.0,0,5,1
2490,43,2065.45,17,2,121.4970588235294,0.11764705882352941,0.6470588235294118,0.058823529411764705,0.17647058823529413,0,5,0
3084,18,264.75,5,1,52.95,0.2,0.4,0.4,0.0,0,5,0
3636,18,654.25,6,155,109.04166666666667,0.3333333333333333,0.5,0.0,0.16666666666666666,0,5,0
4028,27,196.0,4,41,49.0,0.0,0.75,0.25,0.0,1,2,4
2744,35,180.0,1,244,180.0,0.0,1.0,0.0,0.0,1,2,1
2492,37,869.5,8,2,108.6875,0.25,0.625,0.0,0.125,0,5,0
5897,38,600.5,6,75,100.08333333333333,0.0,0.8333333333333334,0.16666666666666666,0.0,0,5,0
4453,36,202.3,5,19,40.46,0.4,0.6,0.0,0.0,0,5,0
5230,38,2319.65,30,6,77.32166666666667,0.23333333333333334,0.4,0.3,0.06666666666666667,0,4,0
3318,37,344.5,3,40,114.83333333333333,0.0,0.6666666666666666,0.0,0.3333333333333333,1,2,4
4518,49,201.25,2,222,100.625,0.0,1.0,0.0,0.0,1,2,1
4837,24,998.3,14,18,71.30714285714285,0.21428571428571427,0.35714285714285715,0.35714285714285715,0.07142857142857142,1,2,4
5958,25,84.0,1,243,84.0,0.0,0.0,0.0,1.0,0,3,0
3814,25,678.5,10,11,67.85,0.6,0.4,0.0,0.0,0,0,0
3426,38,611.6,7,64,87.37142857142858,0.14285714285714285,0.5714285714285714,0.2857142857142857,0.0,0,5,0
5730,39,327.5,5,86,65.5,0.4,0.4,0.2,0.0,0,5,0
5654,44,467.25,3,33,155.75,0.0,0.3333333333333333,0.3333333333333333,0.3333333333333333,0,3,0
4556,25,2247.2,15,3,149.81333333333333,0.26666666666666666,0.4,0.2,0.13333333333333333,1,2,4
2687,21,257.5,2,131,128.75,0.0,0.5,0.0,0.5,1,3,4
2982,24,652.65,8,21,81.58125,0.125,0.625,0.25,0.0,1,2,4
5326,43,1039.5,12,2,86.625,0.25,0.5833333333333334,0.0,0.16666666666666666,0,5,0
2889,28,251.72,4,33,62.93,0.25,0.5,0.25,0.0,1,2,4
4514,22,1468.85,11,35,133.53181818181818,0.09090909090909091,0.45454545454545453,0.18181818181818182,0.2727272727272727,0,5,0
2798,37,242.5,3,72,80.83333333333333,0.0,0.3333333333333333,0.3333333333333333,0.3333333333333333,0,5,0
3458,51,594.5,11,10,54.04545454545455,0.09090909090909091,0.6363636363636364,0.2727272727272727,0.0,0,5,0
4105,28,40.8,1,242,40.8,1.0,0.0,0.0,0.0,0,0,5
4669,29,297.55,4,74,74.3875,0.5,0.25,0.25,0.0,0,0,0
3695,27,278.8,6,67,46.46666666666667,0.16666666666666666,0.8333333333333334,0.0,0.0,0,5,0
3370,27,76.0,2,0,38.0,0.0,1.0,0.0,0.0,0,5,1
2763,26,124.0,2,165,62.0,0.0,0.5,0.5,0.0,1,2,2
3859,43,176.5,3,27,58.833333333333336,0.3333333333333333,0.3333333333333333,0.3333333333333333,0.0,1,2,4
3784,18,239.75,4,10,59.9375,0.25,0.75,0.0,0.0,1,2,4
2120,41,192.0,2,20,96.0,0.5,0.0,0.5,0.0,0,0,0
5034,35,1114.5,8,18,139.3125,0.25,0.375,0.125,0.25,1,2,4
5612,34,1327.15,16,10,82.946875,0.25,0.5,0.125,0.125,1,2,4
2195,39,68.1,3,26,22.7,0.3333333333333333,0.6666666666666666,0.0,0.0,1,2,4
5437,30,265.5,3,141,88.5,0.3333333333333333,0.3333333333333333,0.0,0.3333333333333333,1,2,4
3733,46,478.5,4,54,119.625,0.25,0.5,0.0,0.25,0,5,0
2314,38,1029.4,14,3,73.52857142857144,0.42857142857142855,0.35714285714285715,0.07142857142857142,0.14285714285714285,0,5,0
5372,42,323.0,3,123,107.66666666666667,0.0,0.3333333333333333,0.6666666666666666,0.0,0,1,0
4937,18,74.5,2,204,37.25,0.0,1.0,0.0,0.0,0,5,1
2841,45,21.25,1,240,21.25,0.0,1.0,0.0,0.0,0,5,1
4738,28,179.0,4,65,44.75,0.25,0.5,0.25,0.0,0,5,0
5399,37,54.0,1,239,54.0,0.0,1.0,0.0,0.0,0,5,1
4331,49,180.0,1,239,180.0,0.0,1.0,0.0,0.0,0,5,1
4390,56,1008.5,9,3,112.05555555555556,0.4444444444444444,0.3333333333333333,0.1111111111111111,0.1111111111111111,0,5,0
5901,30,77.5,2,220,38.75,0.0,0.5,0.5,0.0,0,5,2
3310,30,827.8,6,62,137.96666666666667,0.0,0.5,0.3333333333333333,0.16666666666666666,0,5,0
4772,41,300.6,3,156,100.2,0.6666666666666666,0.3333333333333333,0.0,0.0,0,0,0
4323,34,774.0,12,30,64.5,0.25,0.16666666666666666,0.4166666666666667,0.16666666666666666,1,2,4
4299,23,255.75,5,5,51.15,0.4,0.6,0.0,0.0,0,5,0
5048,20,90.0,1,236,90.0,0.0,1.0,0.0,0.0,0,5,1
2987,52,106.25,1,236,106.25,0.0,1.0,0.0,0.0,0,5,1
5345,35,912.1,10,1,91.21000000000001,0.4,0.4,0.1,0.1,0,5,0
4644,18,243.0,2,77,121.5,0.0,0.5,0.5,0.0,0,5,0
4755,32,27.2,1,235,27.2,1.0,0.0,0.0,0.0,0,0,5
5406,19,839.5,9,48,93.27777777777777,0.0,0.7777777777777778,0.2222222222222222,0.0,0,5,0
4862,33,218.25,4,129,54.5625,0.25,0.75,0.0,0.0,0,5,0
5747,37,537.6,4,4,134.4,0.25,0.0,0.5,0.25,0,1,0
5477,37,108.0,1,233,108.0,0.0,1.0,0.0,0.0,0,5,1
3292,46,326.0,4,54,81.5,0.0,0.5,0.5,0.0,0,5,0
5330,34,130.5,3,71,43.5,0.0,0.6666666666666666,0.3333333333333333,0.0,0,5,0
2910,42,1814.65,18,29,100.8138888888889,0.3333333333333333,0.3888888888888889,0.2222222222222222,0.05555555555555555,0,5,0
5852,31,480.5,6,67,80.08333333333333,0.3333333333333333,0.3333333333333333,0.0,0.3333333333333333,0,5,0
5538,28,650.0,4,104,162.5,0.0,0.75,0.25,0.0,0,5,0
2570,30,890.5,9,3,98.94444444444444,0.1111111111111111,0.5555555555555556,0.2222222222222222,0.1111111111111111,0,5,0
5925,43,189.0,3,97,63.0,0.3333333333333333,0.0,0.6666666666666666,0.0,0,1,0
5759,43,86.0,2,80,43.0,0.5,0.5,0.0,0.0,1,2,4
2096,23,51.2,1,233,51.2,1.0,0.0,0.0,0.0,0,0,5
4844,61,22.4,1,232,22.4,0.0,0.0,1.0,0.0,0,1,2
2021,53,21.6,1,232,21.6,1.0,0.0,0.0,0.0,0,0,5
5052,24,517.25,6,20,86.20833333333333,0.0,0.8333333333333334,0.0,0.16666666666666666,0,5,0
5349,46,348.5,4,67,87.125,0.0,0.75,0.25,0.0,1,2,1
3117,45,262.02,5,44,52.403999999999996,0.6,0.4,0.0,0.0,0,0,0
5962,23,155.4,3,64,51.800000000000004,0.3333333333333333,0.3333333333333333,0.3333333333333333,0.0,0,5,0
3473,44,1075.85,9,22,119.53888888888888,0.3333333333333333,0.5555555555555556,0.1111111111111111,0.0,0,5,0
4595,18,293.88,5,29,58.775999999999996,0.2,0.6,0.2,0.0,0,5,0
5395,47,202.5,2,54,101.25,0.0,0.5,0.0,0.5,1,3,4
5664,36,1321.9,12,7,110.15833333333335,0.3333333333333333,0.5,0.0,0.16666666666666666,0,5,0
4056,23,76.5,1,231,76.5,0.0,0.0,1.0,0.0,0,1,2
3500,27,191.5,5,22,38.3,0.4,0.4,0.2,0.0,0,5,0
5893,43,59.5,1,231,59.5,0.0,1.0,0.0,0.0,0,5,1
5294,25,125.85,3,37,41.949999999999996,0.3333333333333333,0.3333333333333333,0.3333333333333333,0.0,0,5,0
4278,46,554.25,5,62,110.85,0.2,0.8,0.0,0.0,0,5,0
2352,18,20.25,1,231,20.25,1.0,0.0,0.0,0.0,0,0,5
2398,38,198.0,1,231,198.0,0.0,1.0,0.0,0.0,0,5,1
4815,36,58.5,1,231,58.5,0.0,1.0,0.0,0.0,0,5,1
5183,38,254.0,4,72,63.5,0.25,0.5,0.25,0.0,0,5,0
5690,29,1173.0,13,7,90.23076923076923,0.07692307692307693,0.5384615384615384,0.3076923076923077,0.07692307692307693,0,5,0
4925,22,573.65,9,90,63.73888888888889,0.5555555555555556,0.3333333333333333,0.1111111111111111,0.0,0,0,0
4031,44,638.4,6,30,106.39999999999999,0.3333333333333333,0.16666666666666666,0.5,0.0,0,5,0
2346,38,504.55,7,45,72.07857142857144,0.2857142857142857,0.5714285714285714,0.0,0.14285714285714285,0,5,0
3272,34,294.5,3,203,98.16666666666667,0.6666666666666666,0.0,0.0,0.3333333333333333,1,0,0
4889,45,88.0,3,81,29.333333333333332,0.3333333333333333,0.6666666666666666,0.0,0.0,0,5,0
2619,40,415.0,5,4,83.0,0.6,0.2,0.0,0.2,0,0,0
3423,25,1650.38,19,20,86.8621052631579,0.15789473684210525,0.631578947368421,0.21052631578947367,0.0,0,5,0
4254,19,558.8,7,50,79.82857142857142,0.2857142857142857,0.14285714285714285,0.5714285714285714,0.0,0,1,0
2257,43,247.2,4,6,61.8,0.25,0.25,0.25,0.25,1,2,4
3312,23,432.0,5,37,86.4,0.0,0.6,0.4,0.0,0,5,0
6000,37,595.4,8,14,74.425,0.375,0.25,0.375,0.0,0,5,0
3409,37,20.25,1,228,20.25,1.0,0.0,0.0,0.0,0,0,5
4609,37,348.2,4,117,87.05,0.25,0.5,0.0,0.25,0,5,0
5642,47,175.0,3,137,58.333333333333336,0.0,0.6666666666666666,0.3333333333333333,0.0,0,5,1
3872,35,342.25,5,12,68.45,0.4,0.4,0.2,0.0,0,5,0
5266,23,607.0,5,31,121.4,0.0,0.6,0.2,0.2,0,5,0
4586,24,241.35,4,91,60.3375,0.0,0.25,0.25,0.5,0,3,0
3256,18,328.8,3,84,109.60000000000001,0.0,0.0,0.6666666666666666,0.3333333333333333,0,1,0
2507,19,245.3,3,23,81.76666666666667,0.3333333333333333,0.0,0.3333333333333333,0.3333333333333333,0,5,0
5063,54,337.73,6,16,56.288333333333334,0.6666666666666666,0.16666666666666666,0.0,0.16666666666666666,0,0,0
4474,47,413.6,6,60,68.93333333333334,0.5,0.16666666666666666,0.3333333333333333,0.0,1,2,4
5918,18,270.0,2,157,135.0,0.5,0.0,0.5,0.0,0,0,2
4269,22,147.5,3,103,49.166666666666664,0.3333333333333333,0.6666666666666666,0.0,0.0,0,5,0
4380,60,430.8,6,74,71.8,0.5,0.3333333333333333,0.16666666666666666,0.0,0,0,0
5838,45,427.8,6,26,71.3,0.16666666666666666,0.6666666666666666,0.16666666666666666,0.0,1,2,1
5089,31,396.0,3,105,132.0,0.0,0.3333333333333333,0.3333333333333333,0.3333333333333333,0,3,0
3639,25,1101.25,9,19,122.36111111111111,0.1111111111111111,0.6666666666666666,0.1111111111111111,0.1111111111111111,1,2,4
2272,18,664.6,4,30,166.15,0.25,0.5,0.25,0.0,0,5,0
2785,46,940.4,10,37,94.03999999999999,0.2,0.6,0.2,0.0,0,5,0
2739,28,204.0,2,137,102.0,0.0,1.0,0.0,0.0,1,2,1
3325,48,103.25,2,99,51.625,0.5,0.5,0.0,0.0,0,0,0
3129,48,126.75,2,84,63.375,0.0,1.0,0.0,0.0,0,5,1
5155,44,422.0,6,2,70.33333333333333,0.16666666666666666,0.3333333333333333,0.5,0.0,0,5,0
3441,32,696.5,7,39,99.5,0.42857142857142855,0.42857142857142855,0.14285714285714285,0.0,0,5,0
3836,44,215.0,2,80,107.5,0.5,0.5,0.0,0.0,1,2,4
4124,42,842.25,15,4,56.15,0.26666666666666666,0.4,0.2,0.13333333333333333,0,5,0
2302,32,713.75,6,1,118.95833333333333,0.0,0.8333333333333334,0.16666666666666666,0.0,1,2,4
4865,33,1803.25,14,5,128.80357142857142,0.21428571428571427,0.5,0.21428571428571427,0.07142857142857142,1,2,4
3051,28,200.0,3,13,66.66666666666667,0.3333333333333333,0.6666666666666666,0.0,0.0,1,2,4
3722,29,841.0,5,34,168.2,0.0,0.2,0.2,0.6,0,3,0
2137,27,398.0,4,10,99.5,0.25,0.75,0.0,0.0,0,5,0
2472,54,310.0,4,85,77.5,0.0,1.0,0.0,0.0,1,2,1
5367,34,608.6,7,41,86.94285714285715,0.42857142857142855,0.5714285714285714,0.0,0.0,1,2,4
4908,55,233.0,3,28,77.66666666666667,0.3333333333333333,0.6666666666666666,0.0,0.0,0,5,0
2401,22,28.0,1,223,28.0,0.0,0.0,1.0,0.0,0,1,2
2966,34,585.75,6,13,97.625,0.0,0.6666666666666666,0.3333333333333333,0.0,1,2,4
3546,34,349.0,6,116,58.166666666666664,0.5,0.3333333333333333,0.16666666666666666,0.0,1,2,4
5995,50,70.0,1,223,70.0,1.0,0.0,0.0,0.0,0,0,5
3185,21,1654.25,14,2,118.16071428571429,0.14285714285714285,0.5,0.21428571428571427,0.14285714285714285,1,2,4
5298,56,415.0,4,47,103.75,0.25,0.75,0.0,0.0,0,5,0
2516,50,653.35,7,23,93.33571428571429,0.14285714285714285,0.7142857142857143,0.0,0.14285714285714285,1,2,1
4409,38,364.0,4,81,91.0,0.25,0.5,0.0,0.25,0,5,0
3259,36,195.0,2,222,97.5,0.5,0.5,0.0,0.0,0,0,0
5049,22,180.0,1,223,180.0,0.0,0.0,0.0,1.0,1,3,0
4286,59,169.2,4,45,42.3,0.25,0.5,0.25,0.0,1,2,4
3825,35,30.0,1,222,30.0,0.0,0.0,1.0,0.0,0,1,2
2064,50,238.0,3,48,79.33333333333333,0.0,0.3333333333333333,0.6666666666666666,0.0,0,1,0
3444,40,532.65,10,1,53.265,0.2,0.6,0.1,0.1,1,2,1
5948,39,175.0,2,121,87.5,0.5,0.5,0.0,0.0,1,2,4
3158,33,50.0,2,121,25.0,0.0,1.0,0.0,0.0,0,5,1
4190,33,358.75,4,49,89.6875,0.0,0.75,0.0,0.25,1,2,4
5706,35,214.5,4,31,53.625,0.0,1.0,0.0,0.0,0,5,1
3383,32,116.0,2,37,58.0,0.0,0.0,1.0,0.0,1,1,2
3452,54,155.5,3,40,51.833333333333336,0.6666666666666666,0.3333333333333333,0.0,0.0,1,0,4
3577,51,276.5,5,10,55.3,0.2,0.4,0.4,0.0,1,2,4
2824,34,142.5,4,31,35.625,0.0,0.75,0.25,0.0,0,5,0
3935,20,140.0,2,124,70.0,0.0,1.0,0.0,0.0,1,2,1
5919,32,1997.0,21,3,95.0952380952381,0.2857142857142857,0.47619047619047616,0.14285714285714285,0.09523809523809523,1,2,4
3163,47,532.0,7,62,76.0,0.2857142857142857,0.7142857142857143,0.0,0.0,1,2,1
3952,36,176.4,2,135,88.2,0.5,0.0,0.5,0.0,0,0,0
4183,38,249.0,2,13,124.5,0.5,0.5,0.0,0.0,0,5,0
2458,40,676.0,6,16,112.66666666666667,0.5,0.3333333333333333,0.16666666666666666,0.0,1,2,4
5041,18,932.0,5,5,186.4,0.0,0.6,0.2,0.2,1,2,4
4866,35,70.0,1,219,70.0,1.0,0.0,0.0,0.0,0,0,5
2975,28,436.0,7,9,62.285714285714285,0.2857142857142857,0.2857142857142857,0.42857142857142855,0.0,0,5,0
4336,48,168.0,2,111,84.0,0.5,0.5,0.0,0.0,0,5,0
5145,33,271.0,3,50,90.33333333333333,0.6666666666666666,0.3333333333333333,0.0,0.0,0,0,0
2808,22,206.62,3,42,68.87333333333333,0.6666666666666666,0.3333333333333333,0.0,0.0,0,0,0
2500,19,276.0,2,209,138.0,0.5,0.0,0.0,0.5,0,3,0
2189,46,295.0,2,169,147.5,0.5,0.5,0.0,0.0,0,5,0
4677,25,432.0,5,134,86.4,0.2,0.4,0.4,0.0,0,5,0
4417,35,115.0,2,75,57.5,0.0,1.0,0.0,0.0,0,5,1
4416,33,309.0,3,182,103.0,0.3333333333333333,0.3333333333333333,0.3333333333333333,0.0,1,2,4
5786,40,260.0,2,68,130.0,0.5,0.0,0.0,0.5,1,3,4
5200,42,759.25,7,41,108.46428571428571,0.0,0.42857142857142855,0.2857142857142857,0.2857142857142857,0,5,0
2179,18,375.0,4,36,93.75,0.25,0.25,0.25,0.25,1,2,4
3918,19,60.0,1,218,60.0,0.0,0.0,1.0,0.0,1,1,2
2158,42,430.0,2,123,215.0,0.0,0.5,0.5,0.0,0,5,0
4270,40,669.5,7,9,95.64285714285714,0.42857142857142855,0.2857142857142857,0.14285714285714285,0.14285714285714285,1,2,4
5941,47,24.0,1,216,24.0,1.0,0.0,0.0,0.0,1,0,5
3896,26,1179.75,17,2,69.3970588235294,0.29411764705882354,0.35294117647058826,0.29411764705882354,0.058823529411764705,0,5,0
5745,24,190.0,3,71,63.333333333333336,0.3333333333333333,0.0,0.6666666666666666,0.0,1,1,4
5238,28,172.0,2,19,86.0,0.0,0.5,0.5,0.0,1,2,2
4355,43,298.0,5,74,59.6,0.4,0.2,0.4,0.0,1,2,4
3092,21,2723.75,26,3,104.75961538461539,0.4230769230769231,0.46153846153846156,0.07692307692307693,0.038461538461538464,0,4,0
3844,49,194.0,3,92,64.66666666666667,0.0,1.0,0.0,0.0,0,5,1
3372,49,222.0,4,75,55.5,0.25,0.5,0.25,0.0,0,5,0
2140,42,108.75,2,14,54.375,0.5,0.5,0.0,0.0,1,2,4
2520,26,1412.75,23,3,61.42391304347826,0.17391304347826086,0.6086956521739131,0.17391304347826086,0.043478260869565216,0,5,0
2890,29,50.0,1,213,50.0,0.0,1.0,0.0,0.0,0,5,1
3675,27,540.25,4,23,135.0625,0.5,0.5,0.0,0.0,1,2,4
5966,33,1788.9,21,1,85.18571428571428,0.2857142857142857,0.42857142857142855,0.23809523809523808,0.047619047619047616,1,2,4
5481,28,45.0,1,211,45.0,0.0,1.0,0.0,0.0,0,5,1
2357,57,75.0,1,211,75.0,0.0,1.0,0.0,0.0,1,2,1
4544,31,530.2,5,68,106.04,0.2,0.6,0.2,0.0,0,5,0
3561,37,2284.75,25,31,91.39,0.24,0.44,0.2,0.12,0,4,0
3453,43,467.5,8,21,58.4375,0.25,0.625,0.125,0.0,0,5,0
5792,30,383.5,4,47,95.875,0.0,1.0,0.0,0.0,0,5,1
2980,36,175.5,2,34,87.75,0.5,0.0,0.5,0.0,0,0,0
5476,37,422.0,4,71,105.5,0.0,0.5,0.5,0.0,0,5,0
5350,18,362.75,6,8,60.458333333333336,0.5,0.3333333333333333,0.0,0.16666666666666666,0,0,0
5685,63,25.5,1,208,25.5,0.0,0.0,1.0,0.0,0,1,2
5083,54,486.5,7,59,69.5,0.42857142857142855,0.5714285714285714,0.0,0.0,0,5,0
3115,44,479.4,5,79,95.88,0.4,0.2,0.4,0.0,0,5,0
4668,41,481.1,5,25,96.22,0.2,0.2,0.4,0.2,0,5,0
3276,28,82.25,2,18,41.125,0.0,0.5,0.5,0.0,0,5,0
2906,33,480.5,5,90,96.1,0.2,0.4,0.4,0.0,0,5,0
2497,34,295.75,4,24,73.9375,0.5,0.5,0.0,0.0,0,5,0
2844,19,305.6,5,50,61.120000000000005,0.2,0.6,0.0,0.2,0,5,0
3058,24,627.75,3,93,209.25,0.0,0.6666666666666666,0.0,0.3333333333333333,0,3,0
4570,37,1140.4,16,5,71.275,0.25,0.4375,0.1875,0.125,0,5,0
3642,31,222.0,2,203,111.0,0.0,0.5,0.5,0.0,0,5,2
4616,18,526.0,6,20,87.66666666666667,0.16666666666666666,0.5,0.3333333333333333,0.0,0,5,0
5951,27,810.0,3,43,270.0,0.0,0.3333333333333333,0.3333333333333333,0.3333333333333333,0,3,0
3019,18,143.0,2,29,71.5,0.0,0.5,0.5,0.0,0,5,0
3074,38,120.0,1,204,120.0,0.0,0.0,0.0,1.0,0,3,0
5533,18,22.5,1,203,22.5,0.0,1.0,0.0,0.0,0,5,1
2052,29,1525.15,14,34,108.93928571428572,0.14285714285714285,0.7142857142857143,0.14285714285714285,0.0,0,5,0
2845,23,1787.5,22,2,81.25,0.3181818181818182,0.45454545454545453,0.09090909090909091,0.13636363636363635,0,4,0
5153,41,2859.95,27,6,105.92407407407407,0.25925925925925924,0.5925925925925926,0.1111111111111111,0.037037037037037035,0,4,0
5793,23,436.45,8,52,54.55625,0.625,0.375,0.0,0.0,0,0,0
3909,38,40.5,1,202,40.5,0.0,1.0,0.0,0.0,0,5,1
3874,31,486.0,1,202,486.0,0.0,0.0,0.0,1.0,0,3,0
4576,18,1521.87,18,11,84.54833333333333,0.2777777777777778,0.4444444444444444,0.16666666666666666,0.1111111111111111,0,5,0
5579,34,734.7,10,2,73.47,0.2,0.5,0.3,0.0,0,5,0
2730,18,144.0,1,201,144.0,0.0,0.0,1.0,0.0,0,1,2
3694,33,50.0,1,201,50.0,0.0,1.0,0.0,0.0,0,5,1
3062,19,384.0,2,57,192.0,0.0,0.0,0.5,0.5,0,3,0
2285,30,395.5,4,136,98.875,0.0,1.0,0.0,0.0,0,5,1
5186,18,276.0,4,45,69.0,0.25,0.25,0.5,0.0,0,5,0
3940,26,382.5,1,201,382.5,0.0,0.0,1.0,0.0,0,3,2
5171,35,110.5,1,200,110.5,0.0,1.0,0.0,0.0,0,5,1
5489,18,170.0,3,95,56.666666666666664,0.0,1.0,0.0,0.0,0,5,1
2576,27,514.0,8,27,64.25,0.625,0.25,0.0,0.125,0,0,0
2107,32,485.13,6,10,80.855,0.3333333333333333,0.6666666666666666,0.0,0.0,0,5,0
2847,49,324.0,1,200,324.0,0.0,0.0,1.0,0.0,0,1,2
3692,51,255.0,1,198,255.0,0.0,0.0,0.0,1.0,0,3,0
5192,23,210.0,2,51,105.0,0.0,0.0,0.5,0.5,1,3,4
2945,37,2253.95,24,3,93.91458333333333,0.20833333333333334,0.5,0.20833333333333334,0.08333333333333333,0,4,0
4494,18,852.0,5,23,170.4,0.4,0.6,0.0,0.0,1,2,4
4117,26,482.0,5,53,96.4,0.2,0.2,0.4,0.2,0,5,0
3294,30,55.0,1,197,55.0,0.0,1.0,0.0,0.0,0,5,1
3187,43,75.0,1,197,75.0,0.0,1.0,0.0,0.0,0,5,1
3975,18,360.0,1,197,360.0,0.0,0.0,0.0,1.0,0,3,0
2738,29,515.0,4,41,128.75,0.25,0.0,0.25,0.5,1,3,4
4318,25,189.6,2,30,94.8,0.5,0.0,0.5,0.0,0,0,0
4845,38,235.0,2,131,117.5,0.0,1.0,0.0,0.0,1,2,1
3137,31,977.4,14,40,69.81428571428572,0.07142857142857142,0.6428571428571429,0.14285714285714285,0.14285714285714285,1,2,4
3929,52,335.0,3,31,111.66666666666667,0.0,1.0,0.0,0.0,1,2,1
4512,36,426.25,5,23,85.25,0.4,0.2,0.4,0.0,0,5,0
2595,40,777.0,11,0,70.63636363636364,0.18181818181818182,0.6363636363636364,0.18181818181818182,0.0,1,2,1
5359,32,400.0,4,66,100.0,0.0,0.5,0.0,0.5,1,3,4
4188,52,287.6,3,46,95.86666666666667,0.3333333333333333,0.6666666666666666,0.0,0.0,0,5,0
3880,34,95.0,2,24,47.5,0.5,0.5,0.0,0.0,1,2,4
5010,29,375.25,8,26,46.90625,0.375,0.5,0.125,0.0,1,2,4
5997,50,86.5,2,96,43.25,1.0,0.0,0.0,0.0,1,0,5
3531,38,60.0,1,194,60.0,0.0,1.0,0.0,0.0,0,5,1
5756,21,1499.95,20,14,74.9975,0.3,0.6,0.05,0.05,0,5,0
3427,34,460.0,4,92,115.0,0.5,0.0,0.5,0.0,0,0,0
5249,19,285.25,4,81,71.3125,0.25,0.75,0.0,0.0,0,5,0
3317,34,272.6,4,21,68.15,0.25,0.25,0.25,0.25,0,5,0
5810,26,1426.0,18,4,79.22222222222223,0.05555555555555555,0.8333333333333334,0.1111111111111111,0.0,1,2,4
3705,40,300.0,1,192,300.0,1.0,0.0,0.0,0.0,0,3,0
2343,29,196.5,3,142,65.5,0.0,0.3333333333333333,0.3333333333333333,0.3333333333333333,0,5,0
5364,18,158.0,3,63,52.666666666666664,0.0,0.6666666666666666,0.3333333333333333,0.0,1,2,4
4151,29,64.0,1,190,64.0,1.0,0.0,0.0,0.0,1,0,5
3547,30,45.0,1,190,45.0,1.0,0.0,0.0,0.0,0,0,5
2969,42,1407.0,18,3,78.16666666666667,0.16666666666666666,0.6666666666666666,0.1111111111111111,0.05555555555555555,1,2,4
4888,33,667.0,5,30,133.4,0.0,0.8,0.2,0.0,1,2,4
5120,42,55.0,1,189,55.0,0.0,1.0,0.0,0.0,0,5,1
5116,53,60.0,2,122,30.0,0.0,0.0,1.0,0.0,1,1,2
2718,32,769.0,6,34,128.16666666666666,0.3333333333333333,0.16666666666666666,0.3333333333333333,0.16666666666666666,0,5,0
4814,31,1435.25,13,26,110.40384615384616,0.15384615384615385,0.5384615384615384,0.3076923076923077,0.0,1,2,4
2751,35,113.5,2,93,56.75,0.0,0.0,0.5,0.5,0,3,0
2219,36,2101.5,23,20,91.3695652173913,0.43478260869565216,0.30434782608695654,0.21739130434782608,0.043478260869565216,0,4,0
3055,37,617.9,12,3,51.49166666666667,0.4166666666666667,0.3333333333333333,0.25,0.0,1,2,4
4591,38,343.0,5,34,68.6,0.2,0.8,0.0,0.0,1,2,4
2260,18,342.5,7,22,48.92857142857143,0.0,0.7142857142857143,0.2857142857142857,0.0,1,2,4
4765,50,320.0,3,29,106.66666666666667,0.0,1.0,0.0,0.0,1,2,1
3484,28,200.25,2,178,100.125,0.5,0.0,0.5,0.0,0,0,2
4337,41,280.0,3,54,93.33333333333333,0.0,0.6666666666666666,0.3333333333333333,0.0,0,5,0
3773,33,653.9,11,33,59.445454545454545,0.2727272727272727,0.2727272727272727,0.2727272727272727,0.18181818181818182,0,5,0
3201,29,372.5,4,10,93.125,0.25,0.75,0.0,0.0,0,5,0
3970,43,90.0,1,187,90.0,0.0,0.0,1.0,0.0,0,1,2
5939,33,64.0,1,187,64.0,1.0,0.0,0.0,0.0,0,0,5
2541,48,205.75,5,2,41.15,0.4,0.4,0.2,0.0,0,5,0
3788,41,1920.35,24,6,80.01458333333333,0.2916666666666667,0.4583333333333333,0.125,0.125,0,4,0
4204,41,30.0,1,186,30.0,0.0,0.0,1.0,0.0,0,1,2
3816,23,30.0,1,186,30.0,0.0,0.0,1.0,0.0,0,1,2
2229,27,400.0,2,114,200.0,0.0,0.0,0.5,0.5,0,3,0
3630,33,781.9,5,11,156.38,0.4,0.2,0.0,0.4,0,3,0
2190,31,1038.75,9,3,115.41666666666667,0.4444444444444444,0.2222222222222222,0.1111111111111111,0.2222222222222222,1,2,4
4822,44,1134.75,13,1,87.28846153846153,0.07692307692307693,0.6923076923076923,0.23076923076923078,0.0,0,5,0
3619,24,623.3,10,19,62.33,0.0,0.6,0.3,0.1,1,2,4
4867,27,375.0,5,34,75.0,0.2,0.6,0.2,0.0,1,2,4
4260,41,445.5,5,39,89.1,0.4,0.4,0.0,0.2,0,5,0
2812,44,85.0,2,179,42.5,0.0,0.5,0.5,0.0,1,2,2
4602,21,65.0,1,184,65.0,0.0,1.0,0.0,0.0,0,5,1
2834,32,731.2,7,7,104.45714285714287,0.5714285714285714,0.14285714285714285,0.2857142857142857,0.0,0,0,0
3978,42,318.5,4,62,79.625,0.25,0.25,0.5,0.0,0,5,0
2863,18,374.0,5,7,74.8,0.2,0.8,0.0,0.0,1,2,4
4099,28,437.38,7,84,62.48285714285714,0.14285714285714285,0.5714285714285714,0.2857142857142857,0.0,1,2,4
4061,18,332.5,4,79,83.125,0.5,0.25,0.25,0.0,0,0,0
5975,20,45.0,1,182,45.0,0.0,1.0,0.0,0.0,0,5,1
2511,18,512.0,4,78,128.0,0.25,0.5,0.25,0.0,0,5,0
4301,44,460.0,4,1,115.0,0.25,0.5,0.25,0.0,0,5,0
2602,39,460.0,4,67,115.0,0.0,0.75,0.25,0.0,0,5,0
2415,50,120.0,1,181,120.0,0.0,0.0,0.0,1.0,0,3,0
4838,49,110.0,1,181,110.0,0.0,0.0,1.0,0.0,1,1,2
3958,19,456.25,7,30,65.17857142857143,0.0,0.7142857142857143,0.2857142857142857,0.0,0,5,0
4891,38,498.0,4,28,124.5,0.25,0.75,0.0,0.0,0,5,0
4047,36,45.0,1,180,45.0,1.0,0.0,0.0,0.0,1,0,5
2199,37,275.75,5,45,55.15,0.2,0.6,0.2,0.0,0,5,0
5267,55,286.4,3,44,95.46666666666665,0.3333333333333333,0.0,0.3333333333333333,0.3333333333333333,0,5,0
2657,39,460.0,7,78,65.71428571428571,0.2857142857142857,0.42857142857142855,0.14285714285714285,0.14285714285714285,1,2,4
4356,33,516.0,5,17,103.2,0.2,0.4,0.2,0.2,0,5,0
4179,40,173.0,3,57,57.666666666666664,0.0,0.6666666666666666,0.3333333333333333,0.0,0,5,0
2912,46,1214.5,8,19,151.8125,0.25,0.25,0.25,0.25,0,5,0
5017,48,70.0,1,178,70.0,1.0,0.0,0.0,0.0,0,0,5
2581,42,286.25,5,32,57.25,0.6,0.2,0.2,0.0,0,0,0
4252,37,434.1,7,14,62.01428571428572,0.2857142857142857,0.2857142857142857,0.42857142857142855,0.0,0,5,0
5025,27,63.0,1,178,63.0,0.0,1.0,0.0,0.0,0,5,1
3914,34,301.5,4,24,75.375,0.25,0.75,0.0,0.0,0,5,0
2406,32,1640.5,15,24,109.36666666666666,0.2,0.4,0.3333333333333333,0.06666666666666667,0,5,0
5790,36,465.5,6,5,77.58333333333333,0.16666666666666666,0.3333333333333333,0.3333333333333333,0.16666666666666666,0,5,0
5134,44,1231.75,12,1,102.64583333333333,0.16666666666666666,0.6666666666666666,0.16666666666666666,0.0,0,5,0
5608,32,229.5,1,176,229.5,0.0,0.0,0.0,1.0,0,3,0
2616,38,173.0,2,124,86.5,1.0,0.0,0.0,0.0,0,0,5
4003,34,250.5,4,25,62.625,0.5,0.25,0.25,0.0,0,0,0
2395,33,679.0,6,82,113.16666666666667,0.3333333333333333,0.16666666666666666,0.3333333333333333,0.16666666666666666,0,5,0
5164,42,24.0,1,175,24.0,1.0,0.0,0.0,0.0,0,0,5
3069,55,258.0,2,146,129.0,0.0,0.5,0.0,0.5,0,3,0
4998,20,582.0,5,44,116.4,0.2,0.2,0.4,0.2,0,5,0
5923,39,600.25,6,22,100.04166666666667,0.3333333333333333,0.6666666666666666,0.0,0.0,0,5,0
3507,51,175.0,3,0,58.333333333333336,0.0,1.0,0.0,0.0,0,5,1
4322,24,79.0,2,10,39.5,0.5,0.5,0.0,0.0,0,5,0
2626,27,64.12,1,175,64.12,1.0,0.0,0.0,0.0,0,0,5
5329,35,320.75,4,61,80.1875,0.25,0.75,0.0,0.0,0,5,0
3739,39,240.0,3,108,80.0,0.0,0.6666666666666666,0.3333333333333333,0.0,0,5,0
3900,28,658.0,3,64,219.33333333333334,0.3333333333333333,0.0,0.6666666666666666,0.0,0,1,0
3215,32,336.3,4,16,84.075,0.75,0.25,0.0,0.0,0,0,0
2070,25,312.0,4,41,78.0,0.75,0.25,0.0,0.0,0,0,0
5577,33,49.5,1,174,49.5,0.0,1.0,0.0,0.0,0,5,1
2942,42,636.0,3,71,212.0,0.3333333333333333,0.0,0.3333333333333333,0.3333333333333333,0,3,0
4406,48,780.0,7,19,111.42857142857143,0.14285714285714285,0.5714285714285714,0.2857142857142857,0.0,0,5,0
4554,42,22.5,1,174,22.5,0.0,1.0,0.0,0.0,0,5,1
2394,38,162.5,3,111,54.166666666666664,0.6666666666666666,0.3333333333333333,0.0,0.0,0,0,0
4540,36,1214.8,9,20,134.97777777777776,0.3333333333333333,0.5555555555555556,0.1111111111111111,0.0,0,5,0
2318,38,1031.5,13,13,79.34615384615384,0.15384615384615385,0.5384615384615384,0.23076923076923078,0.07692307692307693,0,5,0
2607,44,1005.0,2,163,502.5,0.5,0.0,0.0,0.5,0,3,0
4539,21,288.0,5,13,57.6,0.2,0.4,0.4,0.0,0,5,0
4017,35,449.0,2,121,224.5,0.5,0.0,0.0,0.5,0,3,0
5274,18,28.5,1,172,28.5,0.0,0.0,1.0,0.0,0,1,2
3341,34,480.0,6,28,80.0,0.16666666666666666,0.5,0.16666666666666666,0.16666666666666666,0,5,0
3850,44,1195.0,10,47,119.5,0.2,0.4,0.3,0.1,0,5,0
4742,27,467.75,6,82,77.95833333333333,0.8333333333333334,0.0,0.0,0.16666666666666666,0,0,0
4545,57,657.0,5,17,131.4,0.0,0.4,0.2,0.4,0,3,0
5957,36,362.25,4,29,90.5625,0.25,0.75,0.0,0.0,0,5,0
5011,55,277.5,2,14,138.75,0.5,0.5,0.0,0.0,0,5,0
2802,21,33.25,1,171,33.25,0.0,1.0,0.0,0.0,0,5,1
3701,31,759.8,8,59,94.975,0.625,0.125,0.25,0.0,0,0,0
4125,39,54.0,1,170,54.0,0.0,0.0,1.0,0.0,0,1,2
3433,19,32.0,1,170,32.0,1.0,0.0,0.0,0.0,0,0,5
4580,36,265.25,3,40,88.41666666666667,0.3333333333333333,0.6666666666666666,0.0,0.0,0,5,0
5652,23,676.25,4,10,169.0625,0.0,0.75,0.25,0.0,0,5,0
5820,33,112.25,2,158,56.125,0.0,1.0,0.0,0.0,0,5,1
3428,30,1087.0,15,17,72.46666666666667,0.2,0.6,0.2,0.0,0,5,0
2811,51,235.4,4,38,58.85,0.25,0.75,0.0,0.0,0,5,0
3040,34,361.25,3,40,120.41666666666667,0.0,0.6666666666666666,0.0,0.3333333333333333,0,5,0
4158,18,638.25,11,2,58.02272727272727,0.2727272727272727,0.7272727272727273,0.0,0.0,0,5,0
3573,28,743.0,5,38,148.6,0.2,0.6,0.2,0.0,0,5,0
3981,22,699.6,9,39,77.73333333333333,0.4444444444444444,0.2222222222222222,0.3333333333333333,0.0,0,5,0
5724,28,235.6,4,115,58.9,0.25,0.75,0.0,0.0,0,5,0
3731,25,637.0,4,19,159.25,0.0,0.25,0.5,0.25,0,5,0
4477,45,507.25,8,22,63.40625,0.125,0.75,0.125,0.0,0,5,0
4592,47,203.0,3,56,67.66666666666667,0.3333333333333333,0.6666666666666666,0.0,0.0,0,5,0
4045,18,633.5,6,27,105.58333333333333,0.0,1.0,0.0,0.0,0,5,1
3027,33,703.9,8,27,87.9875,0.5,0.125,0.375,0.0,0,0,0
2009,18,129.0,2,63,64.5,0.5,0.0,0.5,0.0,0,0,0
5265,39,235.0,3,0,78.33333333333333,0.0,0.6666666666666666,0.3333333333333333,0.0,0,5,0
3743,46,763.0,6,5,127.16666666666667,0.3333333333333333,0.5,0.16666666666666666,0.0,0,5,0
4623,32,1727.2,21,1,82.24761904761905,0.14285714285714285,0.5238095238095238,0.3333333333333333,0.0,0,5,0
3287,33,1120.5,9,28,124.5,0.2222222222222222,0.2222222222222222,0.2222222222222222,0.3333333333333333,0,5,0
3007,47,115.5,2,146,57.75,0.0,0.0,1.0,0.0,0,1,2
5492,18,368.0,4,9,92.0,0.25,0.5,0.0,0.25,0,5,0
3934,27,3009.1,29,2,103.76206896551724,0.10344827586206896,0.4827586206896552,0.27586206896551724,0.13793103448275862,0,4,0
4605,37,85.0,2,71,42.5,0.0,1.0,0.0,0.0,0,5,1
2727,18,713.25,8,32,89.15625,0.125,0.625,0.125,0.125,0,5,0
2110,43,104.5,1,167,104.5,0.0,0.0,1.0,0.0,0,1,2
3417,31,58.5,1,167,58.5,0.0,1.0,0.0,0.0,0,5,1
2202,32,772.25,7,21,110.32142857142857,0.2857142857142857,0.42857142857142855,0.14285714285714285,0.14285714285714285,0,5,0
4761,34,245.5,3,16,81.83333333333333,0.6666666666666666,0.3333333333333333,0.0,0.0,0,0,0
2245,31,469.5,5,45,93.9,0.4,0.2,0.4,0.0,0,5,0
5843,21,153.7,3,11,51.23333333333333,0.3333333333333333,0.6666666666666666,0.0,0.0,0,5,0
5581,23,391.5,4,38,97.875,0.25,0.5,0.25,0.0,1,2,4
4013,20,294.75,6,51,49.125,0.3333333333333333,0.5,0.16666666666666666,0.0,0,5,0
2544,38,309.0,3,75,103.0,0.3333333333333333,0.3333333333333333,0.0,0.3333333333333333,1,2,4
4784,41,216.5,5,4,43.3,0.4,0.6,0.0,0.0,1,2,4
3682,35,185.0,2,56,92.5,0.0,0.5,0.5,0.0,1,2,2
3053,31,360.0,4,74,90.0,0.0,0.5,0.25,0.25,0,5,0
2991,40,180.0,1,162,180.0,0.0,0.0,1.0,0.0,1,1,2
4407,33,788.5,8,51,98.5625,0.125,0.25,0.375,0.25,1,2,4
3392,32,208.5,3,75,69.5,0.6666666666666666,0.0,0.3333333333333333,0.0,0,0,0
4575,40,400.5,3,29,133.5,0.0,0.6666666666666666,0.0,0.3333333333333333,0,5,0
3922,18,491.6,9,16,54.62222222222223,0.3333333333333333,0.3333333333333333,0.2222222222222222,0.1111111111111111,1,2,4
5469,44,65.0,1,162,65.0,0.0,1.0,0.0,0.0,0,5,1
3233,18,449.5,6,26,74.91666666666667,0.16666666666666666,0.5,0.3333333333333333,0.0,1,2,4
2789,18,231.5,3,54,77.16666666666667,0.0,0.6666666666666666,0.3333333333333333,0.0,0,5,0
4723,34,152.5,2,128,76.25,0.5,0.5,0.0,0.0,0,5,0
3659,41,398.0,4,24,99.5,0.25,0.5,0.25,0.0,1,2,4
2341,42,22.5,1,161,22.5,1.0,0.0,0.0,0.0,0,0,5
2273,34,288.25,3,33,96.08333333333333,0.0,0.6666666666666666,0.3333333333333333,0.0,0,5,0
2810,38,67.5,1,161,67.5,1.0,0.0,0.0,0.0,0,0,5
5761,20,216.0,2,149,108.0,0.5,0.0,0.0,0.5,0,3,0
5247,46,737.0,6,12,122.83333333333333,0.3333333333333333,0.16666666666666666,0.16666666666666666,0.3333333333333333,1,2,4
4804,37,120.0,1,160,120.0,0.0,0.0,0.0,1.0,0,3,0
4389,37,200.0,3,60,66.66666666666667,0.3333333333333333,0.3333333333333333,0.3333333333333333,0.0,0,5,0
3194,35,971.5,11,24,88.31818181818181,0.09090909090909091,0.5454545454545454,0.36363636363636365,0.0,1,2,4
4330,36,88.0,2,103,44.0,0.0,0.5,0.5,0.0,1,2,2
5974,28,350.0,2,113,175.0,1.0,0.0,0.0,0.0,0,0,0
3226,18,135.0,2,9,67.5,0.0,0.5,0.5,0.0,0,5,0
2641,18,175.0,1,159,175.0,0.0,1.0,0.0,0.0,1,2,4
2902,26,472.75,6,16,78.79166666666667,0.16666666666666666,0.5,0.16666666666666666,0.16666666666666666,0,5,0
4110,22,101.0,2,121,50.5,0.5,0.0,0.5,0.0,1,0,4
3260,38,288.0,3,78,96.0,0.3333333333333333,0.3333333333333333,0.3333333333333333,0.0,0,5,0
4779,50,535.0,5,20,107.0,0.2,0.8,0.0,0.0,1,2,1
3430,29,80.0,2,105,40.0,0.0,1.0,0.0,0.0,0,5,1
4221,21,705.0,10,29,70.5,0.3,0.3,0.4,0.0,0,5,0
5888,54,48.0,1,157,48.0,1.0,0.0,0.0,0.0,0,0,5
5972,18,281.75,2,140,140.875,0.0,0.5,0.5,0.0,0,5,0
2094,31,84.0,1,157,84.0,0.0,0.0,1.0,0.0,0,1,2
2359,28,325.5,3,36,108.5,0.0,1.0,0.0,0.0,1,2,1
4297,57,50.0,1,157,50.0,0.0,1.0,0.0,0.0,0,5,1
2167,35,244.8,4,7,61.2,0.75,0.25,0.0,0.0,0,0,0
5945,37,255.0,2,120,127.5,0.0,1.0,0.0,0.0,0,5,1
4900,26,267.0,5,63,53.4,0.6,0.4,0.0,0.0,0,0,0
2197,23,67.5,1,156,67.5,1.0,0.0,0.0,0.0,0,0,5
2879,46,330.0,1,156,330.0,0.0,0.0,1.0,0.0,0,1,2
2471,30,315.0,5,68,63.0,0.2,0.4,0.4,0.0,0,5,0
4973,44,144.0,2,88,72.0,0.0,0.0,0.5,0.5,1,3,4
5101,26,371.5,6,9,61.916666666666664,0.3333333333333333,0.3333333333333333,0.3333333333333333,0.0,1,2,4
2958,47,375.35,7,8,53.621428571428574,0.42857142857142855,0.14285714285714285,0.2857142857142857,0.14285714285714285,0,0,0
5067,33,270.0,4,35,67.5,0.25,0.25,0.25,0.25,0,5,0
4680,31,948.25,7,41,135.46428571428572,0.14285714285714285,0.42857142857142855,0.2857142857142857,0.14285714285714285,0,5,0
3612,46,324.0,3,14,108.0,0.0,0.0,1.0,0.0,1,1,2
5239,42,300.0,2,126,150.0,0.0,0.5,0.5,0.0,1,2,4
4014,42,60.0,1,154,60.0,0.0,1.0,0.0,0.0,0,5,1
3855,44,896.35,13,13,68.95,0.07692307692307693,0.6153846153846154,0.23076923076923078,0.07692307692307693,1,2,1
2543,31,229.0,4,9,57.25,0.25,0.5,0.25,0.0,1,2,4
5030,53,194.0,2,95,97.0,0.5,0.0,0.0,0.5,0,3,0
5378,18,86.38,2,94,43.19,0.5,0.5,0.0,0.0,0,0,0
3102,19,110.0,1,153,110.0,0.0,1.0,0.0,0.0,0,5,1
2460,27,238.5,3,43,79.5,0.6666666666666666,0.3333333333333333,0.0,0.0,0,0,0
5818,22,219.0,3,83,73.0,0.0,1.0,0.0,0.0,0,5,1
3750,29,155.0,2,150,77.5,0.0,0.5,0.5,0.0,1,2,2
2011,42,130.0,1,151,130.0,0.0,1.0,0.0,0.0,0,5,1
4069,18,864.5,12,27,72.04166666666667,0.16666666666666666,0.6666666666666666,0.08333333333333333,0.08333333333333333,1,2,4
2148,39,892.7,9,2,99.1888888888889,0.3333333333333333,0.4444444444444444,0.1111111111111111,0.1111111111111111,0,5,0
2085,18,30.0,1,150,30.0,0.0,0.0,1.0,0.0,1,1,2
5287,51,293.0,5,7,58.6,0.2,0.4,0.4,0.0,0,5,0
5528,33,208.0,3,3,69.33333333333333,0.3333333333333333,0.3333333333333333,0.0,0.3333333333333333,1,2,4
4794,45,469.5,7,2,67.07142857142857,0.2857142857142857,0.42857142857142855,0.2857142857142857,0.0,0,5,0
2686,31,360.0,2,74,180.0,0.0,1.0,0.0,0.0,1,2,4
4569,22,226.33,5,15,45.266,0.4,0.4,0.2,0.0,1,2,4
5281,33,22.5,1,150,22.5,1.0,0.0,0.0,0.0,1,0,5
5866,27,55.0,1,149,55.0,0.0,1.0,0.0,0.0,0,5,1
2647,29,635.0,4,61,158.75,0.0,0.75,0.0,0.25,0,5,0
2125,37,80.0,2,64,40.0,0.0,1.0,0.0,0.0,1,2,1
4855,35,123.5,3,34,41.166666666666664,0.3333333333333333,0.6666666666666666,0.0,0.0,1,2,4
4674,35,430.0,5,34,86.0,0.4,0.2,0.2,0.2,0,5,0
4316,39,110.0,1,148,110.0,0.0,1.0,0.0,0.0,1,2,1
3006,47,1057.15,15,15,70.47666666666667,0.13333333333333333,0.6666666666666666,0.2,0.0,1,2,4
2446,29,240.0,2,99,120.0,0.5,0.0,0.5,0.0,1,2,4
3530,20,114.3,3,15,38.1,1.0,0.0,0.0,0.0,1,0,5
2849,18,80.0,2,13,40.0,1.0,0.0,0.0,0.0,1,0,5
2495,42,1652.5,16,11,103.28125,0.1875,0.6875,0.0625,0.0625,1,2,4
3677,51,316.6,5,24,63.32000000000001,0.4,0.6,0.0,0.0,1,2,4
3478,31,90.0,1,145,90.0,0.0,1.0,0.0,0.0,1,2,1
3076,18,208.3,4,15,52.075,0.5,0.0,0.25,0.25,0,0,0
2145,37,1207.2,8,13,150.9,0.375,0.375,0.125,0.125,0,5,0
3575,24,299.0,5,0,59.8,0.4,0.0,0.6,0.0,0,1,0
3749,30,72.0,2,26,36.0,0.5,0.0,0.5,0.0,0,0,0
2371,34,22.5,1,145,22.5,1.0,0.0,0.0,0.0,0,0,5
5220,18,902.5,14,22,64.46428571428571,0.14285714285714285,0.5714285714285714,0.2857142857142857,0.0,0,5,0
2377,28,216.0,1,144,216.0,0.0,0.0,0.0,1.0,0,3,0
2022,41,42.95,2,44,21.475,0.5,0.5,0.0,0.0,0,0,0
4932,48,100.0,2,75,50.0,0.0,1.0,0.0,0.0,0,5,1
4133,20,266.3,3,133,88.76666666666667,0.3333333333333333,0.0,0.3333333333333333,0.3333333333333333,0,0,0
4587,37,122.75,3,15,40.916666666666664,0.3333333333333333,0.6666666666666666,0.0,0.0,0,5,0
4280,31,135.0,1,144,135.0,0.0,1.0,0.0,0.0,0,5,1
2836,26,360.0,1,144,360.0,0.0,0.0,1.0,0.0,0,1,2
4869,18,171.0,1,143,171.0,0.0,1.0,0.0,0.0,0,5,1
5660,34,114.0,1,143,114.0,0.0,0.0,0.0,1.0,0,3,0
2032,30,557.5,7,49,79.64285714285714,0.14285714285714285,0.42857142857142855,0.14285714285714285,0.2857142857142857,1,2,4
3907,21,1811.0,16,6,113.1875,0.125,0.4375,0.375,0.0625,1,2,4
5708,34,83.65,2,132,41.825,0.0,0.5,0.5,0.0,1,2,2
5535,24,217.0,5,69,43.4,0.2,0.2,0.6,0.0,0,1,0
5246,52,180.75,3,82,60.25,0.0,0.6666666666666666,0.3333333333333333,0.0,1,2,1
5800,23,255.0,3,4,85.0,0.0,1.0,0.0,0.0,1,2,1
2383,22,190.75,3,4,63.583333333333336,0.3333333333333333,0.0,0.3333333333333333,0.3333333333333333,1,2,4
3570,30,108.0,1,142,108.0,0.0,0.0,0.0,1.0,0,3,0
3357,35,52.25,1,142,52.25,0.0,1.0,0.0,0.0,0,5,1
2893,22,127.5,2,97,63.75,0.0,1.0,0.0,0.0,0,5,1
2178,42,1683.65,19,1,88.61315789473684,0.21052631578947367,0.42105263157894735,0.3157894736842105,0.05263157894736842,1,2,4
2509,34,22.5,1,140,22.5,1.0,0.0,0.0,0.0,1,0,5
5363,26,875.5,8,30,109.4375,0.25,0.25,0.375,0.125,0,5,0
3306,35,450.25,6,31,75.04166666666667,0.16666666666666666,0.5,0.3333333333333333,0.0,0,5,0
4988,21,162.0,1,140,162.0,0.0,0.0,1.0,0.0,0,1,2
4180,56,349.5,5,20,69.9,0.0,0.6,0.0,0.4,0,5,0
2275,29,153.0,1,139,153.0,0.0,0.0,0.0,1.0,1,3,0
4707,31,161.0,2,54,80.5,0.5,0.5,0.0,0.0,0,5,0
2330,39,278.0,3,51,92.66666666666667,0.0,0.6666666666666666,0.3333333333333333,0.0,0,5,0
3305,31,171.0,1,139,171.0,0.0,0.0,1.0,0.0,0,1,2
2355,41,73.0,2,35,36.5,0.0,0.5,0.5,0.0,1,2,2
2900,24,71.25,1,139,71.25,0.0,1.0,0.0,0.0,1,2,1
3827,32,32.0,1,139,32.0,1.0,0.0,0.0,0.0,1,0,5
4526,36,105.8,3,35,35.266666666666666,0.0,0.3333333333333333,0.6666666666666666,0.0,0,1,0
4979,18,191.0,2,109,95.5,0.0,0.0,1.0,0.0,1,1,2
3676,43,335.0,3,133,111.66666666666667,0.0,0.3333333333333333,0.6666666666666666,0.0,1,1,2
3823,20,176.0,3,42,58.666666666666664,0.3333333333333333,0.6666666666666666,0.0,0.0,0,5,0
3172,29,767.27,11,1,69.75181818181818,0.36363636363636365,0.45454545454545453,0.09090909090909091,0.09090909090909091,1,2,4
4682,47,165.0,3,24,55.0,0.3333333333333333,0.6666666666666666,0.0,0.0,0,5,0
3119,31,713.8,8,5,89.225,0.5,0.25,0.25,0.0,0,5,0
2827,25,180.0,2,80,90.0,0.0,0.5,0.5,0.0,0,5,0
4042,18,407.25,6,48,67.875,0.5,0.3333333333333333,0.16666666666666666,0.0,0,0,0
2720,19,120.0,1,137,120.0,0.0,0.0,1.0,0.0,0,1,2
4076,27,605.0,7,55,86.42857142857143,0.0,0.14285714285714285,0.2857142857142857,0.5714285714285714,0,3,0
5787,33,200.25,2,5,100.125,0.5,0.0,0.5,0.0,0,0,0
5976,35,129.6,1,136,129.6,1.0,0.0,0.0,0.0,0,0,5
2019,34,228.0,1,136,228.0,0.0,0.0,0.0,1.0,0,3,0
5222,32,43.2,1,135,43.2,1.0,0.0,0.0,0.0,1,0,5
3496,29,75.0,1,135,75.0,0.0,1.0,0.0,0.0,1,2,1
4090,36,31.5,1,135,31.5,0.0,1.0,0.0,0.0,0,5,1
5180,42,286.0,5,37,57.2,0.4,0.6,0.0,0.0,1,2,4
2630,27,25.0,1,134,25.0,0.0,1.0,0.0,0.0,1,2,1
4173,26,725.25,11,5,65.93181818181819,0.09090909090909091,0.8181818181818182,0.0,0.09090909090909091,1,2,4
5150,42,214.0,2,28,107.0,0.5,0.5,0.0,0.0,1,2,4
2185,51,114.0,3,9,38.0,0.6666666666666666,0.3333333333333333,0.0,0.0,1,0,4
5433,45,628.0,6,12,104.66666666666667,0.3333333333333333,0.5,0.16666666666666666,0.0,0,5,0
2122,25,295.0,2,67,147.5,0.0,0.5,0.5,0.0,0,5,0
4968,49,1300.4,9,4,144.4888888888889,0.4444444444444444,0.1111111111111111,0.2222222222222222,0.2222222222222222,0,5,0
4067,54,370.8,4,16,92.7,0.0,0.75,0.25,0.0,0,5,0
2461,57,305.0,4,71,76.25,0.0,0.75,0.25,0.0,0,5,0
4374,40,320.0,3,13,106.66666666666667,0.0,1.0,0.0,0.0,1,2,1
2788,46,108.0,1,131,108.0,0.0,0.0,0.0,1.0,1,3,0
5548,54,675.5,8,7,84.4375,0.0,0.875,0.0,0.125,0,5,1
2983,47,438.0,9,22,48.666666666666664,0.2222222222222222,0.5555555555555556,0.2222222222222222,0.0,0,5,0
2035,31,367.87,5,8,73.574,0.2,0.4,0.4,0.0,1,2,4
3016,38,233.5,6,39,38.916666666666664,0.5,0.5,0.0,0.0,0,5,0
4951,43,414.0,2,5,207.0,0.5,0.0,0.0,0.5,0,3,0
4154,33,1261.5,17,3,74.20588235294117,0.11764705882352941,0.5882352941176471,0.29411764705882354,0.0,1,2,4
5600,24,329.0,4,0,82.25,0.5,0.5,0.0,0.0,0,5,0
4553,36,826.5,5,8,165.3,0.6,0.2,0.2,0.0,1,2,4
5778,46,340.0,3,7,113.33333333333333,0.0,0.6666666666666666,0.3333333333333333,0.0,1,2,1
3140,23,72.0,2,76,36.0,1.0,0.0,0.0,0.0,1,0,5
4471,18,285.0,4,4,71.25,0.5,0.5,0.0,0.0,0,5,0
4073,26,45.0,1,129,45.0,0.0,1.0,0.0,0.0,1,2,1
4466,32,399.0,2,48,199.5,0.5,0.5,0.0,0.0,0,5,0
3469,25,1144.5,10,28,114.45,0.2,0.4,0.2,0.2,0,5,0
5304,20,55.0,1,128,55.0,0.0,1.0,0.0,0.0,0,5,1
3837,27,330.0,1,128,330.0,0.0,0.0,1.0,0.0,1,1,2
5356,18,781.75,9,21,86.86111111111111,0.2222222222222222,0.6666666666666666,0.1111111111111111,0.0,1,2,4
3535,50,212.2,4,24,53.05,0.25,0.0,0.5,0.25,0,1,0
5585,41,99.2,2,41,49.6,0.5,0.0,0.5,0.0,0,0,0
5695,45,703.0,9,13,78.11111111111111,0.1111111111111111,0.5555555555555556,0.3333333333333333,0.0,0,5,0
4396,28,834.5,4,16,208.625,0.0,0.25,0.5,0.25,0,3,0
3803,43,330.0,1,126,330.0,0.0,0.0,1.0,0.0,0,1,2
2674,26,446.0,2,94,223.0,0.5,0.0,0.0,0.5,0,3,0
3931,31,195.0,3,20,65.0,0.0,0.3333333333333333,0.6666666666666666,0.0,0,1,0
3475,42,458.2,8,52,57.275,0.5,0.125,0.25,0.125,1,2,4
2702,18,439.6,6,7,73.26666666666667,0.3333333333333333,0.5,0.16666666666666666,0.0,1,2,4
3186,33,184.0,3,93,61.333333333333336,0.3333333333333333,0.0,0.6666666666666666,0.0,0,1,0
3704,25,120.0,1,125,120.0,0.0,0.0,1.0,0.0,0,1,2
2206,20,193.2,3,14,64.39999999999999,0.3333333333333333,0.3333333333333333,0.3333333333333333,0.0,0,5,0
4302,22,881.5,8,29,110.1875,0.375,0.25,0.25,0.125,0,5,0
5960,39,24.0,1,124,24.0,1.0,0.0,0.0,0.0,0,0,5
3643,43,428.25,5,10,85.65,0.0,0.6,0.2,0.2,1,2,4
2421,26,135.0,2,34,67.5,0.0,1.0,0.0,0.0,1,2,1
5151,31,240.0,1,123,240.0,0.0,0.0,0.0,1.0,1,3,0
2103,33,251.0,6,16,41.833333333333336,0.3333333333333333,0.5,0.16666666666666666,0.0,0,5,0
4999,21,87.5,2,31,43.75,0.0,1.0,0.0,0.0,0,5,1
2970,46,368.0,3,25,122.66666666666667,0.0,1.0,0.0,0.0,1,2,1
4560,21,352.25,3,76,117.41666666666667,0.0,0.3333333333333333,0.3333333333333333,0.3333333333333333,0,5,0
2629,55,50.0,1,123,50.0,0.0,1.0,0.0,0.0,0,5,1
3921,48,450.0,1,122,450.0,1.0,0.0,0.0,0.0,1,3,0
4931,53,1154.5,10,6,115.45,0.2,0.6,0.2,0.0,0,5,0
5202,19,295.0,2,103,147.5,0.0,0.5,0.5,0.0,0,5,0
5223,18,133.62,3,27,44.54,0.6666666666666666,0.3333333333333333,0.0,0.0,0,0,0
5922,39,570.0,3,74,190.0,0.3333333333333333,0.6666666666666666,0.0,0.0,1,2,4
3760,42,668.75,5,17,133.75,0.4,0.6,0.0,0.0,0,5,0
3822,22,75.0,1,122,75.0,0.0,1.0,0.0,0.0,1,2,1
5147,47,95.0,2,84,47.5,0.0,0.5,0.5,0.0,1,2,2
3162,42,212.0,3,3,70.66666666666667,0.3333333333333333,0.6666666666666666,0.0,0.0,0,5,0
4841,36,212.0,5,28,42.4,0.6,0.2,0.2,0.0,0,0,0
4702,37,235.0,3,21,78.33333333333333,0.0,1.0,0.0,0.0,0,5,1
2552,18,343.0,3,0,114.33333333333333,0.3333333333333333,0.3333333333333333,0.0,0.3333333333333333,0,5,0
2839,27,60.0,1,121,60.0,0.0,1.0,0.0,0.0,0,5,1
3845,35,263.8,3,40,87.93333333333334,0.0,0.3333333333333333,0.6666666666666666,0.0,1,1,2
4728,30,452.0,7,19,64.57142857142857,0.14285714285714285,0.5714285714285714,0.2857142857142857,0.0,0,5,0
2006,25,202.5,3,20,67.5,0.3333333333333333,0.3333333333333333,0.3333333333333333,0.0,1,2,4
2034,49,1028.0,5,27,205.6,0.0,0.6,0.4,0.0,1,2,4
4397,44,524.8,5,9,104.96,0.2,0.4,0.4,0.0,1,2,4
3897,20,65.0,1,120,65.0,0.0,1.0,0.0,0.0,0,5,1
3121,25,366.0,5,8,73.2,0.0,0.6,0.4,0.0,0,5,0
4853,34,65.0,1,120,65.0,0.0,1.0,0.0,0.0,0,5,1
4381,18,898.25,12,5,74.85416666666667,0.08333333333333333,0.75,0.16666666666666666,0.0,0,5,0
4962,39,158.2,3,41,52.73333333333333,0.3333333333333333,0.6666666666666666,0.0,0.0,0,5,0
3338,38,192.0,6,20,32.0,0.16666666666666666,0.6666666666666666,0.16666666666666666,0.0,0,5,0
4764,22,133.0,2,67,66.5,0.0,0.5,0.5,0.0,1,2,2
4205,26,145.25,3,33,48.416666666666664,0.0,0.3333333333333333,0.6666666666666666,0.0,0,1,0
5158,33,714.0,8,7,89.25,0.125,0.75,0.0,0.125,0,5,0
3806,28,409.5,5,27,81.9,0.2,0.6,0.0,0.2,1,2,4
3687,25,400.75,7,14,57.25,0.14285714285714285,0.8571428571428571,0.0,0.0,0,5,0
3200,35,174.0,2,56,87.0,0.5,0.5,0.0,0.0,0,5,0
2733,50,410.0,3,6,136.66666666666666,0.0,0.3333333333333333,0.6666666666666666,0.0,0,1,0
3505,25,578.0,5,46,115.6,0.2,0.4,0.4,0.0,0,5,0
2835,40,990.0,13,1,76.15384615384616,0.23076923076923078,0.5384615384615384,0.15384615384615385,0.07692307692307693,0,5,0
2636,42,111.0,2,29,55.5,0.0,1.0,0.0,0.0,0,5,1
5931,18,205.0,2,58,102.5,0.0,1.0,0.0,0.0,1,2,1
3412,51,76.0,2,57,38.0,0.5,0.0,0.5,0.0,0,0,0
5963,51,647.0,6,13,107.83333333333333,0.16666666666666666,0.6666666666666666,0.16666666666666666,0.0,1,2,1
2340,26,30.0,1,117,30.0,0.0,0.0,1.0,0.0,0,1,2
2475,32,60.0,1,117,60.0,0.0,0.0,1.0,0.0,0,1,2
2556,39,80.0,2,44,40.0,0.5,0.5,0.0,0.0,1,2,4
2484,35,180.0,2,61,90.0,0.0,1.0,0.0,0.0,0,5,1
5689,35,48.0,1,116,48.0,1.0,0.0,0.0,0.0,1,0,5
3923,38,701.0,8,44,87.625,0.125,0.5,0.375,0.0,1,2,4
4359,24,22.5,1,116,22.5,1.0,0.0,0.0,0.0,1,0,5
3281,46,176.0,2,23,88.0,0.0,0.5,0.0,0.5,1,2,4
2596,22,1091.5,13,9,83.96153846153847,0.23076923076923078,0.46153846153846156,0.15384615384615385,0.15384615384615385,1,2,4
4431,30,246.0,4,54,61.5,0.25,0.5,0.25,0.0,0,5,0
4484,50,195.0,1,115,195.0,0.0,1.0,0.0,0.0,0,5,1
2830,42,35.0,1,114,35.0,0.0,1.0,0.0,0.0,0,5,1
5210,35,712.85,12,1,59.40416666666667,0.4166666666666667,0.5,0.08333333333333333,0.0,0,5,0
3986,24,65.0,1,113,65.0,0.0,1.0,0.0,0.0,1,2,1
2397,32,815.0,10,1,81.5,0.2,0.2,0.5,0.1,1,2,4
5148,31,430.0,3,40,143.33333333333334,0.0,0.6666666666666666,0.3333333333333333,0.0,0,5,0
5365,25,196.9,3,33,65.63333333333334,0.6666666666666666,0.3333333333333333,0.0,0.0,1,0,4
5299,22,25.0,1,112,25.0,0.0,1.0,0.0,0.0,1,2,1
2095,49,526.5,5,14,105.3,0.2,0.6,0.2,0.0,0,5,0
5037,44,503.75,6,6,83.95833333333333,0.3333333333333333,0.5,0.16666666666666666,0.0,0,5,0
2142,38,210.0,1,112,210.0,1.0,0.0,0.0,0.0,1,0,5
4261,26,165.0,1,112,165.0,0.0,1.0,0.0,0.0,0,5,1
2861,31,250.0,3,3,83.33333333333333,0.6666666666666666,0.0,0.3333333333333333,0.0,0,0,0
2575,18,60.0,2,10,30.0,0.0,1.0,0.0,0.0,0,5,1
4528,27,212.0,3,90,70.66666666666667,0.0,0.3333333333333333,0.6666666666666666,0.0,1,1,2
2174,41,695.5,10,13,69.55,0.5,0.3,0.1,0.1,1,2,4
5670,39,240.0,2,78,120.0,0.0,0.5,0.5,0.0,0,5,0
4443,56,30.0,1,111,30.0,0.0,0.0,1.0,0.0,0,1,2
3771,28,92.25,3,12,30.75,0.6666666666666666,0.0,0.3333333333333333,0.0,0,0,0
2865,18,50.0,1,111,50.0,0.0,1.0,0.0,0.0,0,5,1
2955,40,360.0,1,111,360.0,0.0,0.0,0.0,1.0,0,3,0
5889,21,150.0,1,110,150.0,1.0,0.0,0.0,0.0,0,0,0
2386,18,861.0,9,16,95.66666666666667,0.1111111111111111,0.6666666666666666,0.2222222222222222,0.0,1,2,4
3316,40,224.0,2,27,112.0,0.0,1.0,0.0,0.0,1,2,1
5760,42,413.0,8,28,51.625,0.25,0.5,0.25,0.0,0,5,0
4186,39,1030.0,6,47,171.66666666666666,0.16666666666666666,0.6666666666666666,0.0,0.16666666666666666,0,5,0
5757,36,70.0,1,110,70.0,1.0,0.0,0.0,0.0,0,0,5
2228,30,184.75,2,91,92.375,0.0,0.5,0.0,0.5,0,3,0
4095,21,22.5,1,110,22.5,1.0,0.0,0.0,0.0,0,0,5
5988,49,385.0,5,5,77.0,0.0,0.8,0.2,0.0,0,5,0
2259,35,60.0,1,110,60.0,0.0,1.0,0.0,0.0,1,2,1
2430,34,225.0,1,110,225.0,0.0,1.0,0.0,0.0,1,2,4
3002,47,120.0,1,110,120.0,0.0,0.0,0.0,1.0,0,3,0
5051,29,55.0,1,109,55.0,0.0,1.0,0.0,0.0,1,2,1
3324,49,210.75,3,29,70.25,0.3333333333333333,0.3333333333333333,0.3333333333333333,0.0,0,5,0
2610,37,253.3,3,24,84.43333333333334,0.3333333333333333,0.3333333333333333,0.3333333333333333,0.0,0,5,0
4754,32,255.0,3,5,85.0,0.6666666666666666,0.3333333333333333,0.0,0.0,0,0,0
2486,19,507.0,3,21,169.0,0.3333333333333333,0.6666666666666666,0.0,0.0,0,5,0
2736,43,70.0,1,109,70.0,1.0,0.0,0.0,0.0,1,0,5
4116,55,135.0,1,109,135.0,0.0,1.0,0.0,0.0,0,5,1
5879,18,150.0,1,109,150.0,0.0,1.0,0.0,0.0,1,2,4
2677,18,86.5,2,32,43.25,1.0,0.0,0.0,0.0,0,0,5
5874,41,58.0,2,97,29.0,0.0,0.0,1.0,0.0,0,1,2
5129,40,143.0,3,41,47.666666666666664,0.0,0.6666666666666666,0.3333333333333333,0.0,1,2,1
5814,44,86.25,2,25,43.125,0.5,0.5,0.0,0.0,0,5,0
5565,32,350.0,2,104,175.0,0.0,1.0,0.0,0.0,1,2,4
2222,48,162.0,3,34,54.0,0.3333333333333333,0.6666666666666666,0.0,0.0,0,5,0
2524,24,294.0,3,32,98.0,0.3333333333333333,0.3333333333333333,0.3333333333333333,0.0,1,2,4
3672,43,509.0,9,15,56.55555555555556,0.2222222222222222,0.5555555555555556,0.2222222222222222,0.0,0,5,0
3432,40,400.0,2,6,200.0,0.0,0.0,1.0,0.0,0,1,2
2065,40,274.0,3,27,91.33333333333333,0.0,0.3333333333333333,0.6666666666666666,0.0,0,1,0
3685,21,651.0,7,5,93.0,0.14285714285714285,0.2857142857142857,0.42857142857142855,0.14285714285714285,1,2,4
4499,44,335.6,5,13,67.12,0.2,0.0,0.8,0.0,0,1,0
4134,18,488.4,6,7,81.39999999999999,0.3333333333333333,0.3333333333333333,0.16666666666666666,0.16666666666666666,0,5,0
5398,41,70.0,1,105,70.0,0.0,1.0,0.0,0.0,0,5,1
4283,33,380.0,3,9,126.66666666666667,0.0,0.3333333333333333,0.6666666666666666,0.0,0,1,0
5628,24,230.5,3,41,76.83333333333333,0.3333333333333333,0.3333333333333333,0.3333333333333333,0.0,1,2,4
5457,19,100.0,2,52,50.0,0.0,1.0,0.0,0.0,0,5,1
5723,26,358.9,4,28,89.725,0.0,0.25,0.75,0.0,1,1,2
5475,29,360.0,1,104,360.0,0.0,0.0,0.0,1.0,0,3,0
4598,32,326.0,4,21,81.5,0.5,0.25,0.25,0.0,1,2,4
5510,27,255.5,5,21,51.1,0.4,0.6,0.0,0.0,0,5,0
3403,32,255.5,3,5,85.16666666666667,0.0,0.3333333333333333,0.6666666666666666,0.0,0,1,0
5029,35,80.0,2,21,40.0,1.0,0.0,0.0,0.0,0,0,5
5383,58,558.2,6,5,93.03333333333335,0.3333333333333333,0.5,0.0,0.16666666666666666,0,5,0
2856,18,559.5,7,7,79.92857142857143,0.5714285714285714,0.14285714285714285,0.2857142857142857,0.0,1,2,4
3805,37,378.0,6,45,63.0,0.0,0.5,0.5,0.0,1,2,2
5802,44,391.5,4,3,97.875,0.25,0.75,0.0,0.0,0,5,0
4872,46,518.5,6,12,86.41666666666667,0.3333333333333333,0.3333333333333333,0.3333333333333333,0.0,0,5,0
5374,30,90.0,1,102,90.0,0.0,1.0,0.0,0.0,0,5,1
4256,27,197.5,3,28,65.83333333333333,0.3333333333333333,0.3333333333333333,0.3333333333333333,0.0,1,2,4
4458,21,365.5,7,13,52.214285714285715,0.0,0.5714285714285714,0.42857142857142855,0.0,0,5,0
2336,24,167.2,3,27,55.73333333333333,0.0,0.6666666666666666,0.3333333333333333,0.0,1,2,4
3925,24,75.0,1,101,75.0,0.0,1.0,0.0,0.0,0,5,1
2773,33,252.0,2,90,126.0,0.0,0.5,0.0,0.5,1,3,4
3721,22,510.0,6,64,85.0,0.16666666666666666,0.5,0.3333333333333333,0.0,0,5,0
4333,34,30.0,1,101,30.0,0.0,0.0,1.0,0.0,1,1,2
3910,27,70.0,1,101,70.0,1.0,0.0,0.0,0.0,0,0,5
2216,40,485.0,5,56,97.0,0.4,0.2,0.2,0.2,0,5,0
3440,22,725.0,10,4,72.5,0.2,0.3,0.5,0.0,0,5,0
2888,30,265.5,5,0,53.1,0.2,0.8,0.0,0.0,0,5,0
3690,30,405.0,6,10,67.5,0.0,0.8333333333333334,0.0,0.16666666666666666,1,2,4
2023,44,255.0,1,100,255.0,0.0,0.0,0.0,1.0,0,3,0
2825,18,81.0,2,67,40.5,0.0,0.5,0.5,0.0,0,5,0
4126,24,474.2,4,26,118.55,0.5,0.25,0.25,0.0,1,2,4
5409,18,90.0,1,99,90.0,0.0,0.0,1.0,0.0,0,1,2
3328,25,323.5,3,23,107.83333333333333,0.0,0.6666666666666666,0.0,0.3333333333333333,0,5,0
3182,44,407.0,4,9,101.75,0.5,0.5,0.0,0.0,0,5,0
5142,38,230.1,6,16,38.35,0.8333333333333334,0.16666666666666666,0.0,0.0,1,0,5
4757,50,90.0,1,99,90.0,0.0,0.0,1.0,0.0,1,1,2
5518,52,90.0,1,99,90.0,0.0,0.0,1.0,0.0,0,1,2
3564,26,142.0,2,77,71.0,0.5,0.5,0.0,0.0,0,5,0
5228,38,35.0,1,98,35.0,0.0,1.0,0.0,0.0,1,2,1
3557,50,55.0,1,98,55.0,0.0,1.0,0.0,0.0,0,5,1
4209,27,281.0,5,20,56.2,0.4,0.6,0.0,0.0,0,5,0
3485,41,228.0,3,23,76.0,0.3333333333333333,0.6666666666666666,0.0,0.0,0,5,0
2057,31,91.5,3,30,30.5,0.3333333333333333,0.6666666666666666,0.0,0.0,0,5,0
3359,34,128.0,1,98,128.0,1.0,0.0,0.0,0.0,1,0,5
4709,27,1420.55,20,18,71.0275,0.2,0.6,0.15,0.05,0,5,0
5094,25,345.9,8,11,43.2375,0.125,0.25,0.625,0.0,0,1,0
4470,18,247.5,3,53,82.5,0.3333333333333333,0.6666666666666666,0.0,0.0,0,5,0
3080,42,191.5,3,41,63.833333333333336,0.3333333333333333,0.6666666666666666,0.0,0.0,0,5,0
4170,24,100.0,1,96,100.0,0.0,1.0,0.0,0.0,1,2,1
5848,30,48.0,1,95,48.0,1.0,0.0,0.0,0.0,0,0,5
5232,32,154.0,3,64,51.333333333333336,0.3333333333333333,0.6666666666666666,0.0,0.0,1,2,4
3209,39,84.0,2,45,42.0,0.5,0.5,0.0,0.0,0,5,0
2247,36,139.1,3,13,46.36666666666667,0.0,0.3333333333333333,0.6666666666666666,0.0,0,1,0
5704,32,167.5,3,20,55.833333333333336,0.0,1.0,0.0,0.0,0,5,1
2194,19,247.5,6,43,41.25,0.5,0.5,0.0,0.0,0,5,0
4353,46,178.1,4,6,44.525,0.25,0.75,0.0,0.0,0,5,0
2843,32,142.5,2,55,71.25,0.5,0.5,0.0,0.0,0,5,0
3168,27,71.25,1,94,71.25,0.0,1.0,0.0,0.0,0,5,1
3600,18,57.0,1,94,57.0,0.0,0.0,1.0,0.0,0,1,2
5736,61,185.25,1,94,185.25,0.0,1.0,0.0,0.0,0,5,1
5382,30,483.75,3,45,161.25,0.3333333333333333,0.0,0.6666666666666666,0.0,0,1,0
5435,35,178.0,2,19,89.0,0.0,0.5,0.5,0.0,0,5,0
4966,18,133.0,1,93,133.0,0.0,1.0,0.0,0.0,0,5,1
5432,20,28.5,1,92,28.5,0.0,0.0,1.0,0.0,0,1,2
3214,38,225.5,4,0,56.375,0.25,0.5,0.25,0.0,0,5,0
4480,18,454.4,4,40,113.6,0.5,0.0,0.5,0.0,0,0,0
2481,32,326.7,3,45,108.89999999999999,0.3333333333333333,0.3333333333333333,0.3333333333333333,0.0,0,5,0
5444,18,72.0,1,92,72.0,1.0,0.0,0.0,0.0,0,0,5
5316,40,198.0,2,22,99.0,0.5,0.5,0.0,0.0,0,5,0
3791,33,43.2,1,92,43.2,1.0,0.0,0.0,0.0,0,0,5
3541,23,78.9,2,32,39.45,0.5,0.5,0.0,0.0,0,5,0
3045,30,96.0,1,91,96.0,1.0,0.0,0.0,0.0,0,0,5
4402,18,191.25,2,84,95.625,0.5,0.5,0.0,0.0,0,5,0
2817,35,21.6,1,91,21.6,1.0,0.0,0.0,0.0,0,0,5
4847,24,55.0,1,90,55.0,0.0,1.0,0.0,0.0,0,5,1
2766,40,207.0,2,33,103.5,0.0,0.5,0.5,0.0,0,5,0
3468,20,25.0,1,90,25.0,0.0,1.0,0.0,0.0,0,5,1
3713,38,45.0,1,90,45.0,0.0,1.0,0.0,0.0,0,5,1
5651,18,58.5,1,90,58.5,0.0,1.0,0.0,0.0,0,5,1
4510,49,323.0,3,5,107.66666666666667,0.0,0.6666666666666666,0.0,0.3333333333333333,0,5,0
5898,54,64.12,1,89,64.12,1.0,0.0,0.0,0.0,0,0,5
5909,36,254.5,3,39,84.83333333333333,0.0,0.6666666666666666,0.0,0.3333333333333333,0,5,0
5526,53,21.6,1,88,21.6,1.0,0.0,0.0,0.0,0,0,5
3933,34,70.0,1,88,70.0,1.0,0.0,0.0,0.0,0,0,5
3442,38,255.0,2,86,127.5,0.0,0.5,0.0,0.5,0,3,0
2218,35,198.0,1,88,198.0,0.0,0.0,1.0,0.0,0,1,2
5762,35,114.0,1,88,114.0,0.0,1.0,0.0,0.0,0,5,1
5556,35,175.0,3,12,58.333333333333336,0.3333333333333333,0.6666666666666666,0.0,0.0,0,5,0
5060,29,269.0,5,27,53.8,0.2,0.4,0.4,0.0,0,5,0
3762,48,25.0,1,87,25.0,0.0,1.0,0.0,0.0,0,5,1
3993,47,105.0,2,43,52.5,0.0,0.5,0.0,0.5,0,5,0
3387,28,30.0,1,86,30.0,0.0,0.0,1.0,0.0,0,1,2
3073,18,262.5,3,16,87.5,0.3333333333333333,0.6666666666666666,0.0,0.0,0,5,0
5726,38,175.5,2,17,87.75,0.0,1.0,0.0,0.0,0,5,1
5344,18,286.0,3,52,95.33333333333333,0.0,0.3333333333333333,0.6666666666666666,0.0,0,1,0
5384,34,311.5,5,42,62.3,0.2,0.4,0.4,0.0,0,5,0
3000,27,30.0,1,86,30.0,0.0,0.0,1.0,0.0,0,1,2
4344,24,130.0,1,86,130.0,0.0,1.0,0.0,0.0,0,5,1
2663,19,319.12,7,5,45.58857142857143,0.42857142857142855,0.42857142857142855,0.14285714285714285,0.0,0,5,0
4621,18,242.5,4,0,60.625,0.25,0.75,0.0,0.0,0,5,0
3801,45,308.0,3,34,102.66666666666667,0.6666666666666666,0.3333333333333333,0.0,0.0,0,0,0
2664,40,31.5,1,85,31.5,0.0,1.0,0.0,0.0,0,5,1
3884,30,28.0,1,85,28.0,0.0,0.0,1.0,0.0,0,1,2
4027,47,300.0,1,85,300.0,1.0,0.0,0.0,0.0,0,3,0
2503,39,291.0,5,25,58.2,0.0,0.8,0.2,0.0,0,5,0
5560,28,54.0,1,84,54.0,0.0,0.0,1.0,0.0,0,1,2
3715,18,263.1,6,0,43.85,0.3333333333333333,0.3333333333333333,0.3333333333333333,0.0,0,5,0
5794,26,61.75,1,83,61.75,0.0,1.0,0.0,0.0,0,5,1
5646,32,1107.0,10,5,110.7,0.2,0.7,0.1,0.0,0,5,0
3382,27,175.0,2,28,87.5,0.0,1.0,0.0,0.0,0,5,1
2153,28,128.25,1,83,128.25,0.0,1.0,0.0,0.0,0,5,1
3697,18,28.5,1,83,28.5,0.0,0.0,1.0,0.0,0,1,2
3451,32,73.0,2,5,36.5,0.5,0.0,0.5,0.0,0,0,0
5574,43,28.5,1,83,28.5,0.0,0.0,1.0,0.0,0,1,2
2601,38,985.25,10,9,98.525,0.0,0.6,0.3,0.1,0,5,0
3616,37,25.0,1,82,25.0,0.0,1.0,0.0,0.0,0,5,1
5663,27,297.0,2,42,148.5,0.0,0.5,0.0,0.5,1,3,4
4068,21,315.0,2,34,157.5,0.0,0.5,0.5,0.0,0,5,0
5503,43,60.0,1,81,60.0,0.0,1.0,0.0,0.0,1,2,1
2170,40,399.5,8,8,49.9375,0.125,0.75,0.125,0.0,0,5,0
4957,32,240.0,2,48,120.0,0.0,0.5,0.5,0.0,1,2,2
2453,34,90.0,1,81,90.0,0.0,0.0,1.0,0.0,1,1,2
3408,18,150.0,1,81,150.0,0.0,1.0,0.0,0.0,0,5,1
5500,38,138.0,2,59,69.0,0.0,0.5,0.5,0.0,1,2,2
2373,46,35.0,1,80,35.0,0.0,1.0,0.0,0.0,0,5,1
5106,37,275.0,3,62,91.66666666666667,0.0,0.6666666666666666,0.0,0.3333333333333333,0,5,0
5891,50,484.25,6,8,80.70833333333333,0.16666666666666666,0.6666666666666666,0.16666666666666666,0.0,1,2,1
2462,24,128.0,3,17,42.666666666666664,0.3333333333333333,0.6666666666666666,0.0,0.0,0,5,0
3885,43,235.0,2,61,117.5,0.0,1.0,0.0,0.0,0,5,1
2913,27,204.75,4,24,51.1875,0.0,0.75,0.25,0.0,0,5,0
4145,39,28.0,1,79,28.0,0.0,0.0,1.0,0.0,0,1,2
2517,53,63.3,2,46,31.65,1.0,0.0,0.0,0.0,1,0,5
3088,20,495.5,5,18,99.1,0.2,0.6,0.2,0.0,0,5,0
3373,18,110.0,1,79,110.0,0.0,0.0,1.0,0.0,0,1,2
4237,41,365.0,3,33,121.66666666666667,0.0,0.6666666666666666,0.3333333333333333,0.0,0,5,0
2638,33,55.0,1,78,55.0,0.0,1.0,0.0,0.0,0,5,1
3548,48,22.5,1,78,22.5,1.0,0.0,0.0,0.0,1,0,5
3156,32,25.0,1,78,25.0,0.0,1.0,0.0,0.0,1,2,1
2678,53,150.0,1,78,150.0,0.0,1.0,0.0,0.0,0,5,1
4717,45,25.0,1,78,25.0,0.0,1.0,0.0,0.0,1,2,1
5683,35,342.0,2,38,171.0,0.0,0.0,0.5,0.5,0,3,0
2999,38,146.0,2,48,73.0,0.0,0.0,1.0,0.0,0,1,2
5402,29,100.0,1,77,100.0,0.0,1.0,0.0,0.0,0,5,1
5797,55,331.2,5,14,66.24,0.2,0.6,0.2,0.0,0,5,0
5682,20,25.0,1,77,25.0,0.0,1.0,0.0,0.0,0,5,1
2644,39,22.5,1,77,22.5,1.0,0.0,0.0,0.0,0,0,5
3602,37,600.0,1,77,600.0,0.0,0.0,0.0,1.0,0,3,0
2526,36,55.0,1,77,55.0,0.0,1.0,0.0,0.0,0,5,1
4648,33,180.0,1,77,180.0,0.0,1.0,0.0,0.0,0,5,0
5047,63,25.0,1,77,25.0,0.0,1.0,0.0,0.0,0,5,1
4025,50,166.5,2,21,83.25,0.0,0.5,0.5,0.0,0,5,0
3729,34,165.0,1,76,165.0,0.0,1.0,0.0,0.0,0,5,0
4989,37,35.0,1,76,35.0,0.0,1.0,0.0,0.0,0,5,1
5314,44,125.0,1,75,125.0,0.0,1.0,0.0,0.0,1,2,1
2465,54,115.0,3,38,38.333333333333336,1.0,0.0,0.0,0.0,0,0,5
5410,25,24.0,1,75,24.0,1.0,0.0,0.0,0.0,1,0,5
2252,18,220.0,2,7,110.0,0.0,1.0,0.0,0.0,0,5,1
3857,31,321.5,4,9,80.375,0.25,0.25,0.5,0.0,0,5,0
2316,46,35.0,1,74,35.0,0.0,1.0,0.0,0.0,1,2,1
3012,21,225.0,3,2,75.0,0.0,0.6666666666666666,0.3333333333333333,0.0,0,5,0
3892,43,242.25,3,33,80.75,0.0,0.3333333333333333,0.0,0.6666666666666666,0,3,0
3196,53,60.0,2,58,30.0,0.0,0.0,1.0,0.0,0,1,2
3498,35,22.5,1,73,22.5,1.0,0.0,0.0,0.0,0,0,5
5933,31,281.4,3,24,93.8,0.6666666666666666,0.3333333333333333,0.0,0.0,0,0,0
3114,27,96.0,1,72,96.0,1.0,0.0,0.0,0.0,0,0,5
4171,21,32.0,1,72,32.0,1.0,0.0,0.0,0.0,1,0,5
5196,37,35.0,1,72,35.0,0.0,1.0,0.0,0.0,1,2,1
2695,33,25.0,1,72,25.0,0.0,1.0,0.0,0.0,0,5,1
5282,37,32.0,1,72,32.0,1.0,0.0,0.0,0.0,1,0,5
4690,36,260.0,3,31,86.66666666666667,0.0,0.6666666666666666,0.3333333333333333,0.0,0,5,0
5212,30,587.75,7,30,83.96428571428571,0.5714285714285714,0.2857142857142857,0.14285714285714285,0.0,0,0,0
2963,31,28.0,1,71,28.0,0.0,0.0,1.0,0.0,0,1,2
4420,43,90.0,1,71,90.0,0.0,0.0,1.0,0.0,0,1,2
4459,41,506.5,4,45,126.625,0.0,0.5,0.25,0.25,0,5,0
2450,18,105.0,2,36,52.5,0.0,0.5,0.0,0.5,0,5,0
3834,40,30.0,1,71,30.0,0.0,0.0,1.0,0.0,0,1,2
3783,18,70.0,1,71,70.0,0.0,1.0,0.0,0.0,1,2,1
5501,31,22.5,1,71,22.5,1.0,0.0,0.0,0.0,1,0,5
2054,19,753.0,5,8,150.6,0.2,0.2,0.4,0.2,0,5,0
3008,24,532.15,10,9,53.214999999999996,0.3,0.5,0.2,0.0,0,5,0
2539,34,299.0,4,3,74.75,0.0,0.75,0.25,0.0,0,5,0
2639,32,466.0,6,12,77.66666666666667,0.16666666666666666,0.6666666666666666,0.16666666666666666,0.0,0,5,0
3351,25,252.0,3,4,84.0,0.0,0.6666666666666666,0.3333333333333333,0.0,1,2,4
3420,19,60.0,1,70,60.0,0.0,1.0,0.0,0.0,0,5,1
4666,39,90.0,1,70,90.0,0.0,0.0,1.0,0.0,0,1,2
5858,23,225.0,1,70,225.0,0.0,1.0,0.0,0.0,0,5,0
2038,26,390.6,6,26,65.10000000000001,0.5,0.16666666666666666,0.3333333333333333,0.0,1,2,4
4215,42,296.0,3,11,98.66666666666667,0.3333333333333333,0.3333333333333333,0.3333333333333333,0.0,0,5,0
2017,27,80.0,2,41,40.0,0.0,0.5,0.5,0.0,1,2,2
5092,20,90.0,1,69,90.0,0.0,0.0,1.0,0.0,0,1,2
3010,24,120.0,1,69,120.0,0.0,1.0,0.0,0.0,0,5,1
2512,42,490.5,5,14,98.1,0.4,0.4,0.0,0.2,0,5,0
2921,31,413.0,5,29,82.6,0.4,0.6,0.0,0.0,0,5,0
2079,42,163.4,3,30,54.46666666666667,0.3333333333333333,0.6666666666666666,0.0,0.0,0,5,0
2102,29,45.0,1,68,45.0,1.0,0.0,0.0,0.0,0,0,5
5781,33,224.5,3,37,74.83333333333333,0.0,1.0,0.0,0.0,1,2,1
5508,19,135.0,2,48,67.5,0.0,1.0,0.0,0.0,1,2,1
2502,47,270.0,2,9,135.0,0.0,1.0,0.0,0.0,1,2,1
4533,20,225.0,1,68,225.0,0.0,1.0,0.0,0.0,1,2,4
3518,26,746.0,6,12,124.33333333333333,0.0,0.5,0.3333333333333333,0.16666666666666666,1,2,4
3632,47,65.0,1,68,65.0,0.0,1.0,0.0,0.0,1,2,1
4039,39,128.0,1,68,128.0,1.0,0.0,0.0,0.0,0,0,5
4193,26,75.0,1,68,75.0,0.0,1.0,0.0,0.0,1,2,1
4596,21,75.0,1,68,75.0,0.0,1.0,0.0,0.0,0,5,1
5949,32,600.0,1,68,600.0,0.0,0.0,0.0,1.0,0,3,0
5592,20,322.5,5,0,64.5,0.4,0.4,0.2,0.0,0,5,0
2368,18,35.0,1,67,35.0,0.0,1.0,0.0,0.0,0,5,1
5057,45,219.75,3,25,73.25,0.0,0.6666666666666666,0.3333333333333333,0.0,0,5,0
5631,39,75.0,1,67,75.0,0.0,1.0,0.0,0.0,0,5,1
4460,48,325.0,2,2,162.5,0.0,1.0,0.0,0.0,0,5,1
4713,25,150.0,1,67,150.0,0.0,1.0,0.0,0.0,1,2,1
5870,21,262.0,3,11,87.33333333333333,0.0,0.3333333333333333,0.6666666666666666,0.0,0,1,0
4107,31,25.0,1,66,25.0,0.0,1.0,0.0,0.0,0,5,1
4038,41,423.75,3,24,141.25,0.3333333333333333,0.3333333333333333,0.0,0.3333333333333333,1,2,4
3126,40,64.0,1,66,64.0,1.0,0.0,0.0,0.0,1,0,5
2127,44,240.0,1,66,240.0,0.0,1.0,0.0,0.0,1,2,4
4634,26,22.5,1,66,22.5,1.0,0.0,0.0,0.0,0,0,5
4916,36,112.0,1,65,112.0,0.0,0.0,1.0,0.0,0,1,2
4092,25,46.5,2,20,23.25,0.5,0.5,0.0,0.0,0,0,0
4708,26,90.0,1,65,90.0,0.0,0.0,1.0,0.0,1,1,2
2414,33,255.0,2,51,127.5,0.0,0.5,0.0,0.5,1,3,4
4243,28,390.0,5,25,78.0,0.6,0.4,0.0,0.0,1,2,4
4940,32,45.0,1,65,45.0,1.0,0.0,0.0,0.0,1,0,5
3169,41,192.0,2,16,96.0,0.0,0.5,0.5,0.0,0,5,0
3268,51,192.0,1,64,192.0,1.0,0.0,0.0,0.0,0,0,0
2873,46,108.5,3,26,36.166666666666664,0.3333333333333333,0.6666666666666666,0.0,0.0,0,5,0
5990,32,100.8,2,14,50.4,0.5,0.0,0.5,0.0,0,0,0
5571,30,75.0,1,64,75.0,0.0,1.0,0.0,0.0,1,2,1
2290,25,45.25,2,41,22.625,0.5,0.5,0.0,0.0,1,2,4
5026,47,55.0,1,64,55.0,0.0,1.0,0.0,0.0,0,5,1
3891,33,32.0,1,63,32.0,1.0,0.0,0.0,0.0,0,0,5
3307,28,55.0,1,63,55.0,0.0,1.0,0.0,0.0,0,5,1
4033,43,125.0,1,62,125.0,0.0,1.0,0.0,0.0,0,5,1
5765,39,48.0,1,62,48.0,1.0,0.0,0.0,0.0,0,0,5
5018,20,45.0,1,62,45.0,0.0,1.0,0.0,0.0,1,2,1
2111,40,105.0,1,62,105.0,0.0,1.0,0.0,0.0,0,5,1
2333,24,150.0,1,62,150.0,1.0,0.0,0.0,0.0,0,0,0
3698,30,45.0,1,62,45.0,1.0,0.0,0.0,0.0,0,0,5
3707,24,180.0,1,61,180.0,0.0,0.0,1.0,0.0,0,1,2
4768,18,45.0,1,61,45.0,1.0,0.0,0.0,0.0,1,0,5
4721,18,398.0,4,14,99.5,0.5,0.5,0.0,0.0,1,2,4
2419,29,55.0,1,61,55.0,0.0,1.0,0.0,0.0,0,5,1
2853,32,154.75,5,5,30.95,0.0,0.6,0.4,0.0,0,5,0
4005,48,100.5,2,18,50.25,0.0,1.0,0.0,0.0,0,5,1
5301,27,220.0,1,60,220.0,0.0,0.0,1.0,0.0,1,1,2
4057,36,240.0,2,48,120.0,0.0,0.0,1.0,0.0,1,1,2
2089,27,119.75,2,32,59.875,0.0,0.5,0.5,0.0,0,5,0
2099,25,65.0,1,60,65.0,0.0,1.0,0.0,0.0,1,2,1
2655,48,25.0,1,60,25.0,0.0,1.0,0.0,0.0,1,2,1
3662,39,45.0,1,60,45.0,0.0,1.0,0.0,0.0,0,5,1
5254,48,75.0,1,60,75.0,0.0,1.0,0.0,0.0,1,2,1
2468,28,180.0,1,59,180.0,0.0,0.0,1.0,0.0,0,1,2
2645,38,110.0,1,59,110.0,0.0,0.0,1.0,0.0,0,1,2
5482,31,30.0,1,59,30.0,0.0,0.0,1.0,0.0,0,1,2
2780,28,330.0,2,55,165.0,0.0,0.5,0.5,0.0,0,5,0
4696,33,25.0,1,58,25.0,0.0,1.0,0.0,0.0,0,5,1
5193,38,90.0,1,58,90.0,0.0,0.0,1.0,0.0,0,1,2
5799,25,387.5,3,15,129.16666666666666,0.0,0.6666666666666666,0.0,0.3333333333333333,1,2,4
2951,42,65.0,1,57,65.0,0.0,1.0,0.0,0.0,1,2,1
2187,33,55.0,1,57,55.0,0.0,1.0,0.0,0.0,1,2,1
4217,23,160.0,2,6,80.0,0.5,0.0,0.5,0.0,0,0,0
5773,18,48.0,1,57,48.0,1.0,0.0,0.0,0.0,0,0,5
5215,45,212.0,2,41,106.0,0.0,0.5,0.5,0.0,0,5,0
3854,32,50.0,1,56,50.0,0.0,1.0,0.0,0.0,0,5,1
3566,38,130.5,3,16,43.5,0.6666666666666666,0.0,0.3333333333333333,0.0,0,0,0
3633,18,62.5,2,29,31.25,0.5,0.5,0.0,0.0,0,0,0
3537,37,300.0,1,56,300.0,0.0,1.0,0.0,0.0,1,2,4
4274,47,70.0,1,56,70.0,1.0,0.0,0.0,0.0,0,0,5
5601,19,70.0,1,55,70.0,0.0,1.0,0.0,0.0,1,2,1
5981,38,177.0,2,21,88.5,0.0,0.5,0.5,0.0,0,5,0
4782,27,110.0,1,55,110.0,0.0,0.0,1.0,0.0,1,1,2
4878,38,45.0,1,55,45.0,1.0,0.0,0.0,0.0,0,0,5
3159,27,121.5,2,21,60.75,0.0,1.0,0.0,0.0,0,5,1
4858,62,25.0,1,55,25.0,0.0,1.0,0.0,0.0,0,5,1
5068,20,32.0,1,54,32.0,1.0,0.0,0.0,0.0,0,0,5
3095,36,344.75,3,33,114.91666666666667,0.0,1.0,0.0,0.0,1,2,1
2328,33,174.0,3,9,58.0,0.6666666666666666,0.0,0.3333333333333333,0.0,0,0,0
2141,22,60.0,1,54,60.0,0.0,0.0,1.0,0.0,0,1,2
5322,60,110.0,1,54,110.0,0.0,1.0,0.0,0.0,1,2,1
4684,26,163.2,3,2,54.4,0.3333333333333333,0.0,0.6666666666666666,0.0,1,1,4
2701,22,94.5,2,49,47.25,1.0,0.0,0.0,0.0,1,0,5
3852,43,339.0,2,21,169.5,1.0,0.0,0.0,0.0,0,0,5
4902,37,103.0,2,2,51.5,0.0,0.5,0.5,0.0,0,5,0
3809,34,330.0,1,53,330.0,0.0,0.0,1.0,0.0,0,1,2
4182,47,24.0,1,53,24.0,1.0,0.0,0.0,0.0,0,0,5
5429,39,300.0,1,53,300.0,0.0,1.0,0.0,0.0,0,5,0
4160,29,492.0,4,3,123.0,0.25,0.75,0.0,0.0,0,5,0
4624,23,45.0,1,52,45.0,0.0,1.0,0.0,0.0,0,5,1
5696,29,294.5,2,31,147.25,0.0,0.5,0.5,0.0,0,5,0
5096,33,25.0,1,52,25.0,0.0,1.0,0.0,0.0,1,2,1
4404,30,1258.5,4,3,314.625,0.25,0.5,0.0,0.25,1,3,4
5928,42,270.0,1,51,270.0,0.0,0.0,1.0,0.0,1,1,2
4552,39,150.0,1,51,150.0,1.0,0.0,0.0,0.0,0,0,5
2735,35,219.2,4,2,54.8,0.0,0.5,0.5,0.0,1,2,2
3504,33,28.0,1,51,28.0,0.0,0.0,1.0,0.0,0,1,2
2747,36,746.0,5,3,149.2,0.6,0.2,0.0,0.2,0,0,0
3345,30,48.0,1,51,48.0,1.0,0.0,0.0,0.0,1,0,5
3184,18,613.7,6,0,102.28333333333335,0.3333333333333333,0.3333333333333333,0.3333333333333333,0.0,0,5,0
2076,27,110.0,1,51,110.0,0.0,0.0,1.0,0.0,1,1,2
3802,42,330.0,1,51,330.0,0.0,0.0,1.0,0.0,0,1,2
4657,18,60.0,1,51,60.0,0.0,1.0,0.0,0.0,0,5,1
3285,26,314.75,4,20,78.6875,0.0,1.0,0.0,0.0,0,5,1
2781,43,90.0,1,50,90.0,0.0,0.0,1.0,0.0,1,1,2
3726,28,65.0,1,50,65.0,0.0,1.0,0.0,0.0,1,2,1
4641,31,30.0,1,50,30.0,0.0,0.0,1.0,0.0,1,1,2
5555,40,24.0,1,50,24.0,1.0,0.0,0.0,0.0,0,0,5
5605,45,180.0,2,35,90.0,0.0,0.5,0.5,0.0,1,2,2
2108,18,60.0,1,49,60.0,0.0,0.0,1.0,0.0,0,1,2
5257,32,22.5,1,49,22.5,1.0,0.0,0.0,0.0,1,0,5
4447,26,75.0,1,49,75.0,0.0,1.0,0.0,0.0,0,5,1
4895,42,375.0,2,7,187.5,0.0,1.0,0.0,0.0,1,2,1
2696,44,44.2,2,34,22.1,0.5,0.5,0.0,0.0,0,0,0
3572,36,220.0,1,48,220.0,0.0,0.0,1.0,0.0,1,1,2
3346,46,45.0,1,48,45.0,1.0,0.0,0.0,0.0,0,0,5
4208,18,50.0,1,48,50.0,0.0,1.0,0.0,0.0,0,5,1
2097,28,174.5,3,17,58.166666666666664,0.0,0.6666666666666666,0.3333333333333333,0.0,0,5,0
2329,40,70.0,1,48,70.0,1.0,0.0,0.0,0.0,1,0,5
4010,20,28.0,1,48,28.0,0.0,0.0,1.0,0.0,1,1,2
5460,34,65.0,1,48,65.0,0.0,1.0,0.0,0.0,1,2,1
4446,45,313.0,3,5,104.33333333333333,0.0,1.0,0.0,0.0,1,2,1
5353,27,174.0,2,19,87.0,0.5,0.0,0.0,0.5,0,3,0
5795,32,146.0,2,0,73.0,0.5,0.5,0.0,0.0,1,2,4
2892,25,86.95,3,15,28.983333333333334,0.3333333333333333,0.3333333333333333,0.3333333333333333,0.0,0,5,0
3279,63,561.0,3,3,187.0,0.0,0.3333333333333333,0.3333333333333333,0.3333333333333333,0,3,0
3482,39,198.5,3,41,66.16666666666667,0.0,0.3333333333333333,0.6666666666666666,0.0,1,1,2
2086,18,45.0,1,47,45.0,0.0,1.0,0.0,0.0,0,5,1
2303,37,140.0,1,47,140.0,0.0,0.0,1.0,0.0,0,1,2
3431,32,25.0,1,47,25.0,0.0,1.0,0.0,0.0,0,5,1
3394,28,61.5,2,46,30.75,0.0,0.5,0.5,0.0,0,5,0
4893,23,66.5,2,33,33.25,0.0,1.0,0.0,0.0,0,5,1
3376,44,83.4,2,30,41.7,0.5,0.5,0.0,0.0,1,2,4
3946,20,18.0,1,46,18.0,1.0,0.0,0.0,0.0,1,0,5
2637,30,63.0,1,45,63.0,1.0,0.0,0.0,0.0,1,0,5
5020,18,67.5,1,45,67.5,0.0,1.0,0.0,0.0,1,2,1
4886,21,447.75,3,14,149.25,0.0,0.6666666666666666,0.3333333333333333,0.0,0,5,0
4663,22,291.0,2,20,145.5,0.5,0.0,0.0,0.5,1,3,4
3094,47,140.0,1,44,140.0,0.0,1.0,0.0,0.0,0,5,1
4200,43,156.25,3,28,52.083333333333336,0.0,0.6666666666666666,0.3333333333333333,0.0,0,5,0
4358,20,133.0,2,8,66.5,0.0,1.0,0.0,0.0,1,2,1
5894,30,180.0,1,44,180.0,0.0,1.0,0.0,0.0,0,5,0
3255,36,146.0,2,18,73.0,0.5,0.5,0.0,0.0,0,5,0
2548,26,22.4,1,44,22.4,0.0,0.0,1.0,0.0,1,1,2
5174,34,44.0,1,44,44.0,0.0,1.0,0.0,0.0,0,5,1
5991,24,27.2,1,43,27.2,1.0,0.0,0.0,0.0,1,0,5
5156,41,92.0,2,38,46.0,0.0,0.5,0.5,0.0,0,5,0
4497,25,28.0,1,43,28.0,0.0,0.0,1.0,0.0,1,1,2
2919,39,106.75,2,40,53.375,0.0,1.0,0.0,0.0,0,5,1
3728,25,556.0,4,12,139.0,0.25,0.5,0.0,0.25,0,5,0
3550,30,221.35,4,8,55.3375,0.25,0.75,0.0,0.0,1,2,4
4371,25,719.25,6,1,119.875,0.16666666666666666,0.3333333333333333,0.3333333333333333,0.16666666666666666,0,5,0
5694,44,82.0,2,4,41.0,0.5,0.5,0.0,0.0,1,2,4
5657,18,31.5,1,42,31.5,0.0,1.0,0.0,0.0,0,5,1
3843,38,223.75,2,34,111.875,0.0,1.0,0.0,0.0,0,5,1
2214,24,55.0,1,42,55.0,0.0,1.0,0.0,0.0,0,5,1
2438,34,70.0,1,42,70.0,1.0,0.0,0.0,0.0,1,0,5
3025,22,162.0,2,3,81.0,0.5,0.0,0.5,0.0,0,0,0
2753,35,108.0,1,41,108.0,0.0,1.0,0.0,0.0,1,2,1
4257,34,28.0,1,41,28.0,0.0,1.0,0.0,0.0,0,5,1
5806,23,195.2,3,17,65.06666666666666,0.3333333333333333,0.3333333333333333,0.0,0.3333333333333333,0,5,0
2814,25,28.8,1,41,28.8,1.0,0.0,0.0,0.0,0,0,5
5964,39,51.0,1,41,51.0,0.0,1.0,0.0,0.0,0,5,1
3257,22,206.8,2,17,103.4,0.0,0.5,0.5,0.0,0,5,0
5725,29,238.2,4,16,59.55,0.25,0.25,0.25,0.25,1,2,4
4149,37,76.5,1,40,76.5,1.0,0.0,0.0,0.0,0,0,5
3681,44,25.0,1,40,25.0,0.0,1.0,0.0,0.0,0,5,1
3644,43,438.0,3,18,146.0,0.3333333333333333,0.3333333333333333,0.3333333333333333,0.0,0,5,0
4192,38,185.75,4,8,46.4375,0.0,1.0,0.0,0.0,1,2,1
4588,32,40.5,1,40,40.5,0.0,1.0,0.0,0.0,0,5,1
5950,29,81.0,1,40,81.0,0.0,0.0,1.0,0.0,0,1,2
2012,35,38.25,1,39,38.25,0.0,1.0,0.0,0.0,0,5,1
5546,28,20.4,1,39,20.4,1.0,0.0,0.0,0.0,1,0,5
2749,18,245.2,2,1,122.6,0.5,0.5,0.0,0.0,0,5,0
5337,43,162.0,1,39,162.0,0.0,1.0,0.0,0.0,1,2,1
5841,27,81.6,1,39,81.6,1.0,0.0,0.0,0.0,1,0,5
2956,32,93.5,1,38,93.5,0.0,1.0,0.0,0.0,0,5,1
4007,18,54.0,1,38,54.0,0.0,1.0,0.0,0.0,0,5,1
5710,29,213.25,3,21,71.08333333333333,0.3333333333333333,0.6666666666666666,0.0,0.0,0,5,0
2160,29,60.0,1,38,60.0,0.0,0.0,1.0,0.0,1,1,2
4543,29,38.25,1,38,38.25,1.0,0.0,0.0,0.0,1,0,5
4590,25,240.75,3,26,80.25,0.0,0.3333333333333333,0.6666666666666666,0.0,0,1,0
3100,37,38.4,1,37,38.4,1.0,0.0,0.0,0.0,0,0,5
2896,30,72.0,1,37,72.0,0.0,0.0,1.0,0.0,0,1,2
2425,18,225.25,2,17,112.625,0.5,0.5,0.0,0.0,1,2,4
3249,44,192.0,1,37,192.0,0.0,0.0,0.0,1.0,0,3,0
3489,25,60.0,1,37,60.0,0.0,1.0,0.0,0.0,0,5,1
3658,45,119.2,4,1,29.799999999999997,0.5,0.0,0.5,0.0,0,0,0
4840,37,113.0,2,28,56.5,0.0,0.5,0.5,0.0,0,5,0
3032,32,45.0,1,36,45.0,0.0,1.0,0.0,0.0,1,2,1
4454,42,255.0,1,36,255.0,1.0,0.0,0.0,0.0,0,0,0
4981,38,130.75,3,27,43.583333333333336,0.3333333333333333,0.6666666666666666,0.0,0.0,1,2,4
5224,46,190.0,3,3,63.333333333333336,0.0,0.6666666666666666,0.3333333333333333,0.0,0,5,0
5864,23,216.0,1,35,216.0,0.0,0.0,1.0,0.0,0,1,2
2230,53,50.4,1,35,50.4,0.0,0.0,1.0,0.0,0,1,2
3890,45,135.0,1,35,135.0,0.0,1.0,0.0,0.0,1,2,1
5438,33,40.0,1,35,40.0,0.0,1.0,0.0,0.0,1,2,1
4422,26,27.0,1,34,27.0,0.0,0.0,1.0,0.0,1,1,2
3462,34,270.0,1,34,270.0,0.0,0.0,1.0,0.0,1,1,2
4229,33,71.4,1,34,71.4,0.0,0.0,1.0,0.0,1,1,2
3180,53,153.9,2,33,76.95,0.5,0.5,0.0,0.0,0,5,0
2433,29,120.0,1,34,120.0,0.0,1.0,0.0,0.0,0,5,1
2566,50,99.0,1,34,99.0,0.0,0.0,1.0,0.0,0,1,2
3141,28,24.0,1,34,24.0,0.0,0.0,1.0,0.0,0,1,2
4114,42,44.8,1,34,44.8,0.0,0.0,1.0,0.0,1,1,2
5544,18,24.0,1,34,24.0,0.0,0.0,1.0,0.0,1,1,2
2750,42,73.0,2,3,36.5,0.5,0.5,0.0,0.0,1,2,4
3378,29,54.4,1,33,54.4,1.0,0.0,0.0,0.0,1,0,5
4146,32,19.2,1,33,19.2,1.0,0.0,0.0,0.0,0,0,5
2653,20,122.25,2,4,61.125,0.5,0.0,0.5,0.0,1,0,4
3942,42,59.5,1,33,59.5,1.0,0.0,0.0,0.0,0,0,5
4711,43,20.0,1,33,20.0,0.0,1.0,0.0,0.0,0,5,1
4805,18,122.4,1,33,122.4,1.0,0.0,0.0,0.0,1,0,5
2765,35,407.15,5,18,81.42999999999999,0.2,0.4,0.4,0.0,0,5,0
3899,23,102.0,1,32,102.0,0.0,0.0,0.0,1.0,1,3,0
3720,18,51.0,1,32,51.0,0.0,1.0,0.0,0.0,0,5,1
3374,39,127.5,1,31,127.5,0.0,1.0,0.0,0.0,1,2,1
3851,34,23.8,1,31,23.8,0.0,0.0,1.0,0.0,0,1,2
3533,22,191.25,1,31,191.25,0.0,1.0,0.0,0.0,0,5,0
3753,22,62.25,2,26,31.125,0.0,0.5,0.5,0.0,1,2,2
3150,32,272.5,3,6,90.83333333333333,0.0,0.6666666666666666,0.3333333333333333,0.0,1,2,4
2002,28,255.0,1,31,255.0,0.0,1.0,0.0,0.0,1,2,4
2261,38,176.0,1,31,176.0,0.0,0.0,1.0,0.0,1,1,2
4449,28,117.0,1,31,117.0,0.0,1.0,0.0,0.0,1,2,1
4901,39,76.5,1,31,76.5,0.0,0.0,1.0,0.0,1,1,2
5643,34,225.0,1,31,225.0,0.0,1.0,0.0,0.0,0,5,0
2073,28,31.5,1,30,31.5,0.0,1.0,0.0,0.0,0,5,1
3043,25,954.0,6,5,159.0,0.0,0.5,0.3333333333333333,0.16666666666666666,0,5,0
4793,24,99.0,1,30,99.0,0.0,0.0,1.0,0.0,0,1,2
3042,27,159.53,3,22,53.17666666666667,0.6666666666666666,0.3333333333333333,0.0,0.0,0,0,0
3429,32,634.0,8,5,79.25,0.375,0.25,0.375,0.0,0,5,0
3082,39,19.2,1,30,19.2,1.0,0.0,0.0,0.0,0,0,5
4119,41,195.0,2,5,97.5,0.0,1.0,0.0,0.0,0,5,1
4361,40,243.0,1,29,243.0,0.0,0.0,1.0,0.0,0,1,2
5698,37,228.5,3,20,76.16666666666667,0.3333333333333333,0.6666666666666666,0.0,0.0,0,5,0
5860,31,27.0,1,29,27.0,0.0,0.0,1.0,0.0,0,1,2
3464,26,120.0,2,26,60.0,0.5,0.0,0.5,0.0,0,0,0
3787,30,30.0,1,29,30.0,0.0,0.0,1.0,0.0,0,1,2
2528,31,65.0,1,29,65.0,0.0,1.0,0.0,0.0,0,5,1
2588,57,96.0,1,29,96.0,0.0,1.0,0.0,0.0,0,5,1
5066,41,81.6,1,29,81.6,1.0,0.0,0.0,0.0,0,0,5
5713,25,29.75,1,29,29.75,0.0,1.0,0.0,0.0,0,5,1
4490,67,55.0,1,28,55.0,0.0,1.0,0.0,0.0,0,5,1
3813,25,110.5,1,28,110.5,0.0,1.0,0.0,0.0,0,5,1
4303,18,63.75,1,28,63.75,0.0,1.0,0.0,0.0,0,5,1
5661,57,51.0,1,28,51.0,0.0,0.0,1.0,0.0,0,1,2
5992,33,23.8,1,27,23.8,0.0,0.0,1.0,0.0,0,1,2
5740,36,94.4,2,11,47.2,0.5,0.0,0.5,0.0,0,0,0
2279,28,170.0,2,6,85.0,0.5,0.0,0.5,0.0,0,0,0
2995,18,389.5,2,16,194.75,0.0,1.0,0.0,0.0,0,5,0
3534,27,49.5,1,27,49.5,0.0,1.0,0.0,0.0,0,5,1
3871,39,88.0,1,27,88.0,0.0,1.0,0.0,0.0,0,5,1
4008,40,95.62,1,27,95.62,1.0,0.0,0.0,0.0,0,0,5
4861,41,25.0,1,27,25.0,0.0,1.0,0.0,0.0,0,5,1
4683,18,437.82,5,7,87.564,0.2,0.2,0.6,0.0,0,1,0
5061,39,95.62,1,26,95.62,1.0,0.0,0.0,0.0,0,0,5
4343,44,145.0,2,21,72.5,0.0,1.0,0.0,0.0,0,5,1
3797,47,284.62,3,18,94.87333333333333,0.6666666666666666,0.3333333333333333,0.0,0.0,0,0,0
5080,39,75.6,1,26,75.6,0.0,0.0,1.0,0.0,0,1,2
3399,38,18.0,1,25,18.0,1.0,0.0,0.0,0.0,0,0,5
3421,39,76.5,1,25,76.5,0.0,1.0,0.0,0.0,0,5,1
4054,54,55.25,1,25,55.25,0.0,1.0,0.0,0.0,0,5,1
5160,69,48.8,2,5,24.4,0.0,0.5,0.5,0.0,0,5,0
5590,43,176.0,1,25,176.0,0.0,1.0,0.0,0.0,0,5,1
2201,50,81.0,1,25,81.0,0.0,0.0,1.0,0.0,0,1,2
2878,39,330.0,1,25,330.0,0.0,0.0,1.0,0.0,0,1,2
3157,25,27.2,1,25,27.2,1.0,0.0,0.0,0.0,0,0,5
3347,35,90.0,1,25,90.0,0.0,0.0,1.0,0.0,0,1,2
3667,49,30.0,1,25,30.0,0.0,0.0,1.0,0.0,0,1,2
5419,26,40.0,1,25,40.0,0.0,1.0,0.0,0.0,0,5,1
5522,34,27.0,1,25,27.0,0.0,0.0,1.0,0.0,0,1,2
4740,31,220.0,1,24,220.0,0.0,0.0,1.0,0.0,0,1,2
5087,28,40.0,1,24,40.0,0.0,1.0,0.0,0.0,0,5,1
2859,22,20.25,1,24,20.25,1.0,0.0,0.0,0.0,0,0,5
5983,27,164.5,3,1,54.833333333333336,0.0,1.0,0.0,0.0,0,5,1
2722,47,60.0,1,24,60.0,0.0,1.0,0.0,0.0,0,5,1
3683,39,19.12,1,24,19.12,1.0,0.0,0.0,0.0,0,0,5
2697,24,47.6,1,24,47.6,0.0,0.0,1.0,0.0,0,1,2
3237,35,52.0,1,24,52.0,0.0,1.0,0.0,0.0,0,5,1
3457,32,270.0,1,24,270.0,0.0,0.0,1.0,0.0,0,1,2
4461,18,45.0,1,24,45.0,1.0,0.0,0.0,0.0,0,0,5
5354,30,24.0,1,24,24.0,0.0,0.0,1.0,0.0,0,1,2
2293,52,108.0,1,23,108.0,0.0,1.0,0.0,0.0,0,5,1
2580,30,93.5,1,23,93.5,0.0,0.0,1.0,0.0,0,1,2
3254,45,405.0,1,23,405.0,1.0,0.0,0.0,0.0,0,3,0
3503,33,42.5,1,23,42.5,0.0,1.0,0.0,0.0,0,5,1
3132,61,284.9,4,2,71.225,0.0,0.75,0.25,0.0,0,5,0
2083,25,29.75,1,23,29.75,0.0,1.0,0.0,0.0,0,5,1
3018,41,54.0,1,23,54.0,0.0,1.0,0.0,0.0,0,5,1
4827,40,50.0,1,23,50.0,0.0,1.0,0.0,0.0,0,5,1
3810,51,31.5,1,22,31.5,0.0,1.0,0.0,0.0,0,5,1
3422,39,90.0,1,22,90.0,0.0,0.0,1.0,0.0,0,1,2
5903,48,63.75,1,22,63.75,0.0,1.0,0.0,0.0,0,5,1
4166,24,63.0,1,22,63.0,1.0,0.0,0.0,0.0,0,0,5
5007,44,130.0,1,22,130.0,0.0,1.0,0.0,0.0,0,5,1
3865,31,22.5,1,21,22.5,1.0,0.0,0.0,0.0,0,0,5
3354,45,31.5,1,21,31.5,0.0,1.0,0.0,0.0,0,5,1
3985,38,60.0,1,21,60.0,0.0,0.0,1.0,0.0,0,1,2
4930,50,54.0,1,20,54.0,0.0,1.0,0.0,0.0,0,5,1
4122,23,175.0,1,20,175.0,0.0,1.0,0.0,0.0,0,5,0
2182,21,25.0,1,20,25.0,0.0,1.0,0.0,0.0,0,5,1
3792,36,88.0,1,20,88.0,0.0,1.0,0.0,0.0,0,5,1
3987,24,130.0,1,20,130.0,0.0,1.0,0.0,0.0,0,5,1
4236,42,25.5,1,20,25.5,0.0,0.0,1.0,0.0,0,1,2
5782,34,29.75,1,20,29.75,0.0,1.0,0.0,0.0,0,5,1
5027,29,29.75,1,19,29.75,0.0,1.0,0.0,0.0,0,5,1
2149,21,96.0,1,19,96.0,0.0,1.0,0.0,0.0,0,5,1
4705,27,81.0,1,19,81.0,0.0,0.0,1.0,0.0,0,1,2
3580,50,58.8,2,6,29.4,0.0,0.5,0.5,0.0,0,5,0
3938,24,72.0,1,19,72.0,0.0,0.0,1.0,0.0,0,1,2
5360,28,70.0,1,19,70.0,1.0,0.0,0.0,0.0,0,0,5
5176,23,72.0,1,19,72.0,0.0,0.0,1.0,0.0,0,1,2
3152,24,144.0,1,19,144.0,0.0,1.0,0.0,0.0,0,5,1
3199,39,40.8,1,19,40.8,1.0,0.0,0.0,0.0,0,0,5
3637,48,24.0,1,19,24.0,0.0,0.0,1.0,0.0,0,1,2
4503,43,22.5,1,19,22.5,0.0,1.0,0.0,0.0,0,5,1
3277,34,25.0,1,18,25.0,0.0,1.0,0.0,0.0,0,5,1
2586,31,99.5,2,10,49.75,1.0,0.0,0.0,0.0,0,0,5
3727,31,57.5,2,8,28.75,0.5,0.5,0.0,0.0,0,5,0
3795,24,110.0,1,18,110.0,0.0,0.0,1.0,0.0,0,1,2
2164,39,27.0,1,17,27.0,0.0,0.0,1.0,0.0,0,1,2
2186,41,44.0,1,17,44.0,0.0,1.0,0.0,0.0,0,5,1
5297,30,24.0,1,17,24.0,0.0,0.0,1.0,0.0,0,1,2
5307,28,81.0,1,17,81.0,0.0,0.0,1.0,0.0,0,1,2
5645,45,36.0,1,17,36.0,1.0,0.0,0.0,0.0,0,0,5
5754,38,27.0,1,17,27.0,0.0,0.0,1.0,0.0,0,1,2
3973,51,251.0,3,5,83.66666666666667,0.3333333333333333,0.0,0.3333333333333333,0.3333333333333333,0,5,0
2748,50,48.0,1,16,48.0,0.0,0.0,1.0,0.0,0,1,2
2937,38,99.0,1,16,99.0,0.0,1.0,0.0,0.0,0,5,1
4167,44,60.75,1,16,60.75,1.0,0.0,0.0,0.0,0,0,5
4800,31,44.0,1,16,44.0,0.0,1.0,0.0,0.0,0,5,1
5062,38,180.0,1,16,180.0,0.0,0.0,1.0,0.0,0,1,2
5268,34,122.4,1,16,122.4,1.0,0.0,0.0,0.0,0,0,5
5323,18,90.0,1,16,90.0,0.0,0.0,1.0,0.0,0,1,2
5688,35,67.5,1,16,67.5,1.0,0.0,0.0,0.0,0,0,5
3171,24,99.5,2,8,49.75,0.0,1.0,0.0,0.0,0,5,1
3028,38,75.0,1,15,75.0,0.0,1.0,0.0,0.0,0,5,1
5584,44,99.0,2,1,49.5,0.0,1.0,0.0,0.0,0,5,1
4265,18,72.0,1,15,72.0,0.0,0.0,1.0,0.0,0,1,2
3273,28,20.25,1,15,20.25,1.0,0.0,0.0,0.0,0,0,5
5070,25,297.5,1,15,297.5,1.0,0.0,0.0,0.0,0,3,0
5146,24,20.25,1,15,20.25,1.0,0.0,0.0,0.0,0,0,5
3947,36,76.5,1,14,76.5,0.0,1.0,0.0,0.0,0,5,1
5099,39,140.0,1,14,140.0,0.0,1.0,0.0,0.0,0,5,1
3608,50,51.0,1,14,51.0,0.0,0.0,1.0,0.0,0,1,2
3322,30,22.5,1,14,22.5,0.0,1.0,0.0,0.0,0,5,1
4536,23,24.0,1,14,24.0,0.0,0.0,1.0,0.0,0,1,2
4656,32,20.4,1,14,20.4,1.0,0.0,0.0,0.0,0,0,5
4792,42,32.0,1,14,32.0,1.0,0.0,0.0,0.0,0,0,5
5091,46,67.5,1,14,67.5,1.0,0.0,0.0,0.0,0,0,5
5594,23,450.0,1,14,450.0,0.0,0.0,1.0,0.0,0,3,2
5649,43,155.5,2,2,77.75,0.0,0.5,0.5,0.0,0,5,0
5527,36,49.5,1,13,49.5,0.0,1.0,0.0,0.0,0,5,1
5996,41,280.0,3,7,93.33333333333333,0.0,0.6666666666666666,0.3333333333333333,0.0,0,5,0
2899,23,50.4,1,13,50.4,0.0,0.0,1.0,0.0,0,1,2
4426,40,90.0,1,13,90.0,0.0,0.0,1.0,0.0,0,1,2
5644,50,25.6,1,13,25.6,1.0,0.0,0.0,0.0,0,0,5
3699,33,75.0,1,13,75.0,0.0,1.0,0.0,0.0,0,5,1
4165,21,64.8,1,13,64.8,1.0,0.0,0.0,0.0,0,0,5
5907,18,110.5,1,13,110.5,0.0,1.0,0.0,0.0,0,5,1
5887,23,20.0,1,12,20.0,0.0,1.0,0.0,0.0,0,5,1
5616,24,162.0,1,12,162.0,0.0,0.0,1.0,0.0,0,1,2
2389,46,48.0,1,12,48.0,1.0,0.0,0.0,0.0,0,0,5
3145,46,191.0,2,11,95.5,0.0,0.5,0.5,0.0,0,5,0
5684,28,19.12,1,12,19.12,1.0,0.0,0.0,0.0,0,0,5
5697,34,96.0,1,12,96.0,1.0,0.0,0.0,0.0,0,0,5
5822,18,168.0,1,12,168.0,1.0,0.0,0.0,0.0,0,0,0
4816,47,360.0,1,11,360.0,0.0,0.0,1.0,0.0,0,1,2
3005,22,99.0,1,11,99.0,0.0,0.0,1.0,0.0,0,1,2
2250,29,132.0,1,11,132.0,0.0,1.0,0.0,0.0,0,5,1
2752,31,45.0,1,11,45.0,0.0,1.0,0.0,0.0,0,5,1
4290,35,48.0,1,11,48.0,0.0,1.0,0.0,0.0,0,5,1
4673,55,54.0,1,11,54.0,0.0,1.0,0.0,0.0,0,5,1
2679,39,75.0,1,10,75.0,0.0,1.0,0.0,0.0,0,5,1
3618,23,75.0,1,10,75.0,0.0,1.0,0.0,0.0,1,2,1
4834,42,48.0,1,10,48.0,1.0,0.0,0.0,0.0,1,0,5
5072,35,110.0,1,10,110.0,0.0,0.0,1.0,0.0,1,1,2
2130,25,64.0,1,10,64.0,1.0,0.0,0.0,0.0,0,0,5
4121,23,96.0,1,10,96.0,1.0,0.0,0.0,0.0,1,0,5
4601,18,70.0,1,10,70.0,0.0,1.0,0.0,0.0,0,5,1
5355,36,120.0,1,10,120.0,0.0,1.0,0.0,0.0,0,5,1
2947,38,220.0,1,9,220.0,0.0,0.0,1.0,0.0,0,1,2
3289,43,75.0,1,9,75.0,0.0,1.0,0.0,0.0,1,2,1
4963,20,60.0,1,9,60.0,0.0,0.0,1.0,0.0,0,1,2
4430,41,48.0,1,9,48.0,1.0,0.0,0.0,0.0,1,0,5
5107,44,60.0,1,9,60.0,0.0,0.0,1.0,0.0,0,1,2
5446,18,84.0,1,9,84.0,0.0,0.0,1.0,0.0,0,1,2
4196,40,45.0,1,8,45.0,0.0,1.0,0.0,0.0,1,2,1
4759,46,260.0,1,8,260.0,0.0,1.0,0.0,0.0,0,5,0
2244,43,75.0,1,8,75.0,0.0,1.0,0.0,0.0,0,5,1
4613,39,110.0,1,8,110.0,0.0,1.0,0.0,0.0,1,2,1
4922,50,50.0,1,8,50.0,0.0,1.0,0.0,0.0,0,5,1
5892,31,110.0,1,8,110.0,0.0,0.0,1.0,0.0,0,1,2
2269,18,75.0,1,7,75.0,0.0,1.0,0.0,0.0,0,5,1
4113,36,55.0,1,7,55.0,0.0,1.0,0.0,0.0,0,5,1
3494,40,48.0,1,7,48.0,1.0,0.0,0.0,0.0,0,0,5
3607,38,84.0,1,6,84.0,0.0,0.0,1.0,0.0,0,1,2
2248,32,60.0,1,6,60.0,0.0,0.0,1.0,0.0,1,1,2
3400,61,240.0,1,6,240.0,0.0,1.0,0.0,0.0,0,5,0
3666,32,22.5,1,6,22.5,1.0,0.0,0.0,0.0,1,0,5
4965,34,105.0,1,6,105.0,0.0,1.0,0.0,0.0,1,2,1
5391,44,90.0,1,6,90.0,0.0,1.0,0.0,0.0,1,2,1
5954,36,30.0,1,6,30.0,0.0,0.0,1.0,0.0,0,1,2
4104,32,150.0,1,5,150.0,1.0,0.0,0.0,0.0,0,0,5
2931,21,25.0,1,5,25.0,0.0,1.0,0.0,0.0,1,2,1
2059,21,96.0,1,5,96.0,1.0,0.0,0.0,0.0,0,0,5
2374,39,270.0,1,5,270.0,0.0,0.0,1.0,0.0,1,1,2
2776,39,35.0,1,5,35.0,0.0,1.0,0.0,0.0,0,5,1
3495,46,28.0,1,5,28.0,0.0,0.0,1.0,0.0,1,1,2
3556,57,35.0,1,5,35.0,0.0,1.0,0.0,0.0,1,2,1
4079,23,48.0,1,5,48.0,1.0,0.0,0.0,0.0,0,0,5
5448,27,30.0,1,5,30.0,0.0,0.0,1.0,0.0,0,1,2
5728,50,45.0,1,5,45.0,0.0,1.0,0.0,0.0,0,5,1
2631,42,25.0,1,4,25.0,0.0,1.0,0.0,0.0,1,2,1
4565,18,48.0,1,4,48.0,1.0,0.0,0.0,0.0,1,0,5
3026,46,60.0,1,4,60.0,0.0,0.0,1.0,0.0,1,1,2
3303,31,30.0,1,4,30.0,0.0,0.0,1.0,0.0,0,1,2
4253,25,75.0,1,4,75.0,0.0,1.0,0.0,0.0,0,5,1
4467,34,120.0,1,4,120.0,0.0,1.0,0.0,0.0,0,5,1
5603,18,90.0,1,3,90.0,0.0,0.0,1.0,0.0,1,1,2
4300,36,30.0,1,3,30.0,0.0,0.0,1.0,0.0,1,1,2
5397,31,35.0,1,3,35.0,0.0,1.0,0.0,0.0,0,5,1
2379,34,90.0,1,3,90.0,0.0,1.0,0.0,0.0,0,5,1
5516,19,35.0,1,3,35.0,0.0,1.0,0.0,0.0,1,2,1
2615,28,60.0,1,3,60.0,0.0,0.0,1.0,0.0,1,1,2
3903,39,30.0,1,3,30.0,0.0,0.0,1.0,0.0,0,1,2
4487,45,195.0,1,3,195.0,0.0,1.0,0.0,0.0,1,2,1
4667,18,24.0,1,3,24.0,1.0,0.0,0.0,0.0,1,0,5
4786,32,30.0,1,3,30.0,0.0,0.0,1.0,0.0,0,1,2
4877,23,96.0,1,3,96.0,1.0,0.0,0.0,0.0,1,0,5
2146,52,90.0,1,2,90.0,1.0,0.0,0.0,0.0,0,0,5
5955,49,50.0,1,2,50.0,0.0,1.0,0.0,0.0,0,5,1
4319,19,50.0,1,2,50.0,0.0,1.0,0.0,0.0,1,2,1
3629,35,25.0,1,2,25.0,0.0,1.0,0.0,0.0,1,2,1
2161,42,70.0,1,2,70.0,0.0,1.0,0.0,0.0,1,2,1
3227,28,210.0,2,0,105.0,0.0,0.5,0.5,0.0,0,5,0
2399,36,25.0,1,2,25.0,0.0,1.0,0.0,0.0,0,5,1
3089,31,96.0,1,2,96.0,1.0,0.0,0.0,0.0,1,0,5
3543,32,240.0,1,2,240.0,0.0,1.0,0.0,0.0,0,5,0
4419,34,35.0,1,2,35.0,0.0,1.0,0.0,0.0,1,2,1
5921,22,65.0,1,2,65.0,0.0,1.0,0.0,0.0,1,2,1
2550,18,25.0,1,1,25.0,0.0,1.0,0.0,0.0,1,2,1
3493,21,96.0,1,1,96.0,1.0,0.0,0.0,0.0,0,0,5
2001,18,105.0,1,1,105.0,0.0,1.0,0.0,0.0,0,5,1
3282,36,75.0,1,1,75.0,0.0,1.0,0.0,0.0,1,2,1
4150,30,25.0,1,1,25.0,0.0,1.0,0.0,0.0,0,5,1
4222,39,180.0,1,1,180.0,0.0,0.0,1.0,0.0,1,1,2
4282,32,180.0,1,1,180.0,0.0,1.0,0.0,0.0,0,5,0
5551,18,65.0,1,0,65.0,0.0,1.0,0.0,0.0,0,5,1
3585,39,165.0,1,0,165.0,0.0,1.0,0.0,0.0,0,5,1
2553,59,96.0,1,0,96.0,1.0,0.0,0.0,0.0,0,0,5
3139,28,100.0,1,0,100.0,0.0,1.0,0.0,0.0,0,5,1
4439,24,30.0,1,0,30.0,0.0,0.0,1.0,0.0,0,1,2
2168,26,60.0,1,0,60.0,0.0,1.0,0.0,0.0,0,5,1
2237,32,65.0,1,0,65.0,0.0,1.0,0.0,0.0,1,2,1
4226,29,270.0,1,0,270.0,0.0,0.0,1.0,0.0,1,1,2
4281,32,330.0,1,0,330.0,0.0,0.0,1.0,0.0,1,1,2
