Customer_ID,Churn,CLV,Age,Gender_Male,Tenure_Days,Recency,Frequency,Monetary,AOV,Pct_Online,N_Categories,N_Products,Avg_Basket_Qty,Avg_Discount,Avg_Days_Between,Share_Accessories,Share_Clothing,Share_Footwear,Share_Outerwear
3828,0,1165.3,36,0,634,50.0,7,1094.25,156.32142857142858,0.7142857142857143,3,6,2.7142857142857144,0.042857142857142864,49.5,0.07402330363262509,0.17934658441855153,0.7466301119488234,0.0
2732,0,65.0,31,0,361,12.0,2,100.0,50.0,0.5,1,2,1.0,0.0,260.0,0.0,1.0,0.0,0.0
5401,0,1913.25,33,1,600,5.0,25,2724.2,108.96799999999999,0.64,4,12,1.84,0.08399999999999999,13.583333333333334,0.24638425959914836,0.3318405403421188,0.1134277953160561,0.30834740474267675
4945,0,75.0,26,1,835,5.0,6,683.0,113.83333333333333,0.5,3,3,1.3333333333333333,0.10833333333333334,59.6,0.19765739385065886,0.07320644216691069,0.0,0.7291361639824304
2390,0,1202.5,21,1,135,45.0,1,150.0,150.0,1.0,1,1,2.0,0.0,45.0,0.0,1.0,0.0,0.0
3853,0,538.6,30,1,402,138.0,3,319.0,106.33333333333333,0.3333333333333333,2,3,2.3333333333333335,0.06666666666666665,52.5,0.0,0.7366771159874608,0.26332288401253917,0.0
3646,0,86.4,32,1,369,13.0,7,595.0,85.0,0.8571428571428571,3,6,2.0,0.049999999999999996,46.5,0.3226890756302521,0.534453781512605,0.0,0.14285714285714285
5283,0,1002.25,18,1,207,119.0,1,35.0,35.0,1.0,1,1,1.0,0.0,119.0,0.0,1.0,0.0,0.0
2382,0,110.0,46,0,371,24.0,2,238.0,119.0,0.5,2,2,2.5,0.0,241.0,0.5378151260504201,0.0,0.46218487394957986,0.0
2367,0,148.75,49,1,112,19.0,2,240.0,120.0,1.0,2,2,2.5,0.0,75.0,0.0,0.625,0.375,0.0
5227,0,1881.95,29,0,170,27.0,7,383.3,54.75714285714286,0.7142857142857143,3,6,1.4285714285714286,0.028571428571428564,21.166666666666668,0.07513696843203757,0.3769893034176885,0.5478737281502739,0.0
2850,0,698.5,44,1,131,51.0,2,225.0,112.5,0.0,1,1,1.5,0.0,55.0,0.0,1.0,0.0,0.0
5478,0,312.5,41,1,289,2.0,12,1129.6,94.13333333333333,0.5,4,9,1.5,0.05833333333333334,22.363636363636363,0.1784702549575071,0.15934844192634562,0.07436260623229463,0.5878186968838527
3166,0,610.25,43,0,317,19.0,2,148.5,74.25,0.5,2,2,1.0,0.15000000000000002,236.0,0.15151515151515152,0.0,0.0,0.8484848484848485
5139,0,2995.3,23,0,918,14.0,29,2191.05,75.55344827586208,0.6896551724137931,4,15,1.6206896551724137,0.09310344827586206,13.535714285714286,0.1544008580361014,0.6123776271650578,0.010953652358458273,0.22226786244038244
2671,0,832.5,24,0,774,90.0,2,361.5,180.75,1.0,2,2,2.5,0.025000000000000022,40.0,0.13278008298755187,0.0,0.8672199170124482,0.0
4245,0,102.5,39,1,198,93.0,2,175.0,87.5,1.0,2,2,1.0,0.0,77.0,0.0,0.0,0.5142857142857142,0.4857142857142857
3499,1,0.0,18,0,813,224.0,1,115.2,115.2,0.0,1,1,4.0,0.09999999999999998,224.0,1.0,0.0,0.0,0.0
3915,0,612.4,30,1,415,123.0,5,450.5,90.1,0.4,3,5,1.6,0.09,29.75,0.29966703662597116,0.5005549389567148,0.1997780244173141,0.0
4791,0,377.1,33,1,229,30.0,7,480.02,68.57428571428571,0.5714285714285714,3,6,1.2857142857142858,0.06431746031746031,33.0,0.3656514311903671,0.2593641931586184,0.0,0.37498437565101456
4645,0,2077.9700000000003,42,0,491,0.0,29,2239.35,77.21896551724137,0.6551724137931034,4,15,1.5517241379310345,0.055172413793103454,13.464285714285714,0.25042981222229665,0.3415053475338826,0.35447786187956326,0.053586978364257486
3361,0,194.0,20,0,399,89.0,5,530.0,106.0,0.4,3,5,1.6,0.0,64.0,0.0,0.33962264150943394,0.33962264150943394,0.32075471698113206
5317,0,273.0,36,0,586,103.0,6,1066.0,177.66666666666666,1.0,4,5,1.6666666666666667,0.016666666666666663,49.0,0.13133208255159476,0.06097560975609756,0.4699812382739212,0.33771106941838647
3868,0,3331.1,26,0,810,20.0,28,2334.0,83.35714285714286,0.6071428571428571,4,12,1.8928571428571428,0.05892857142857143,13.777777777777779,0.10646958011996573,0.5227077977720651,0.21658097686375322,0.15424164524421594
3103,0,511.5,27,0,154,63.0,1,28.0,28.0,1.0,1,1,1.0,0.0,63.0,0.0,0.0,1.0,0.0
2884,0,1175.93,40,1,876,68.0,4,661.0,165.25,0.25,3,3,2.25,0.09999999999999998,62.666666666666664,0.14523449319213314,0.20121028744326777,0.0,0.653555219364599
2531,0,551.0,35,0,524,42.0,11,1098.5,99.86363636363636,0.9090909090909091,4,9,2.1818181818181817,0.05454545454545454,34.7,0.23623122439690486,0.31770596267637685,0.13654984069185253,0.30951297223486574
4688,0,513.0,38,0,866,19.0,12,842.4,70.2,0.8333333333333334,3,8,1.6666666666666667,0.03333333333333335,30.90909090909091,0.19753086419753088,0.6956315289648624,0.10683760683760685,0.0
2016,0,536.0,39,1,526,37.0,3,624.0,208.0,0.3333333333333333,2,2,2.3333333333333335,0.0666666666666667,152.0,0.0,0.0,0.6346153846153846,0.36538461538461536
4394,0,300.0,37,0,88,19.0,1,25.0,25.0,0.0,1,1,1.0,0.0,19.0,0.0,1.0,0.0,0.0
2301,0,2485.63,30,1,726,13.0,17,2169.15,127.59705882352942,0.47058823529411764,4,11,1.8823529411764706,0.07058823529411766,22.9375,0.11248645782910356,0.18843786736740198,0.38835488555424935,0.31072078924924507
3297,0,3557.0,43,1,114,8.0,5,737.0,147.4,0.8,3,5,2.2,0.0,24.25,0.4233378561736771,0.21031207598371776,0.36635006784260515,0.0
4129,0,572.25,37,0,111,100.0,1,270.0,270.0,0.0,1,1,3.0,0.0,100.0,0.0,0.0,1.0,0.0
5630,0,307.0,32,0,661,127.0,5,561.88,112.376,0.8,3,5,2.2,0.029991111111111125,53.75,0.2471702142806293,0.32569231864455045,0.0,0.42713746707482025
5103,0,686.6,28,1,814,27.0,2,93.0,46.5,0.0,2,2,1.0,0.0,17.0,0.5161290322580645,0.4838709677419355,0.0,0.0
2364,0,534.5,29,0,250,10.0,4,417.25,104.3125,0.25,3,4,2.0,0.1,79.66666666666667,0.24505692031156381,0.35949670461354105,0.39544637507489516,0.0
3014,0,1156.12,20,0,205,30.0,5,460.4,92.08,0.6,1,2,1.8,0.08,28.75,0.0,0.0,1.0,0.0
3175,0,303.9,32,0,867,25.0,8,750.8,93.85,0.875,4,7,1.875,0.012499999999999997,46.0,0.2727757059136921,0.23308470964304742,0.15450186467767715,0.3396377197655834
5167,0,25.0,25,1,537,88.0,1,42.75,42.75,0.0,1,1,1.0,0.050000000000000044,88.0,0.0,1.0,0.0,0.0
5771,0,1135.25,18,1,205,46.0,2,283.0,141.5,1.0,2,2,2.5,0.04999999999999999,55.0,0.2226148409893993,0.7773851590106007,0.0,0.0
2717,0,673.5,30,0,885,23.0,14,1263.8,90.27142857142857,0.7142857142857143,3,11,1.6428571428571428,0.08214285714285714,27.923076923076923,0.31872131666402914,0.5360816584902675,0.14519702484570343,0.0
5333,0,85.5,22,0,477,50.0,2,50.5,25.25,1.0,2,2,1.0,0.07500000000000001,326.0,0.0,0.49504950495049505,0.504950495049505,0.0
4716,0,400.75,39,1,858,10.0,3,249.0,83.0,1.0,2,3,2.0,0.06666666666666665,133.5,0.0,0.7590361445783133,0.24096385542168675,0.0
3528,0,1065.25,56,1,537,30.0,7,722.25,103.17857142857143,0.7142857142857143,4,7,1.2857142857142858,0.08571428571428572,51.833333333333336,0.2284527518172378,0.14849428868120457,0.04153686396677051,0.5815160955347871
5839,0,160.0,26,1,774,162.0,2,169.75,84.875,0.5,2,2,1.5,0.07500000000000001,80.0,0.8247422680412371,0.17525773195876287,0.0,0.0
5502,0,498.5,45,1,650,86.0,4,775.0,193.75,0.5,3,4,2.0,0.04999999999999999,37.333333333333336,0.08129032258064516,0.0,0.5006451612903225,0.4180645161290323
3245,0,462.0,36,1,636,25.0,7,553.5,79.07142857142857,0.8571428571428571,4,7,1.1428571428571428,0.0,56.166666666666664,0.2140921409214092,0.14453477868112014,0.16260162601626016,0.4787714543812105
2726,1,0.0,41,0,650,98.0,2,438.0,219.0,0.5,2,2,1.5,0.09999999999999998,154.0,0.3424657534246575,0.0,0.0,0.6575342465753424
2606,0,382.09999999999997,27,0,821,144.0,4,364.5,91.125,0.75,2,3,2.5,0.0625,29.333333333333332,0.0,0.5185185185185185,0.48148148148148145,0.0
4863,0,780.75,44,0,265,137.0,7,513.5,73.35714285714286,1.0,3,5,1.8571428571428572,0.05714285714285715,16.166666666666668,0.36806231742940604,0.4040895813047712,0.22784810126582278,0.0
3524,0,490.35,33,0,725,6.0,19,1747.5,91.97368421052632,0.6842105263157895,4,12,1.631578947368421,0.05789473684210527,21.333333333333332,0.17882689556509299,0.16909871244635194,0.25178826895565093,0.4002861230329042
5656,0,73.8,25,0,236,200.0,1,40.0,40.0,1.0,1,1,2.0,0.19999999999999996,200.0,0.0,1.0,0.0,0.0
2555,0,1548.85,37,0,550,27.0,18,2274.9,126.38333333333334,0.7777777777777778,4,13,1.7777777777777777,0.03333333333333333,20.941176470588236,0.3304540858938854,0.2755066156754143,0.07754186997230647,0.31649742845839374
5260,0,305.0,44,1,348,10.0,5,504.5,100.9,0.6,2,5,2.2,0.030000000000000006,84.25,0.0,0.7621407333994054,0.0,0.23785926660059464
5881,0,92.25,18,1,314,183.0,4,160.5,40.125,0.25,1,3,1.0,0.07499999999999998,42.333333333333336,0.0,1.0,0.0,0.0
4132,0,1066.25,38,0,185,15.0,6,573.0,95.5,0.8333333333333334,3,4,2.1666666666666665,0.0,24.8,0.2931937172774869,0.2356020942408377,0.4712041884816754,0.0
4016,0,733.9,53,0,692,36.0,5,719.0,143.8,0.8,2,5,2.0,0.09,85.25,0.0,0.5493741307371349,0.0,0.4506258692628651
5126,0,1664.0,39,0,745,44.0,18,1298.6,72.14444444444445,0.7777777777777778,3,13,1.6666666666666667,0.04722222222222222,16.647058823529413,0.40455105498228866,0.29628060988757127,0.2991683351301402,0.0
3870,0,90.0,18,1,516,202.0,3,254.0,84.66666666666667,0.6666666666666666,3,3,1.6666666666666667,0.033333333333333326,55.5,0.08858267716535433,0.47834645669291337,0.4330708661417323,0.0
2129,0,19.2,39,0,871,22.0,3,245.25,81.75,0.6666666666666666,2,2,1.3333333333333333,0.033333333333333326,162.0,0.08256880733944955,0.9174311926605505,0.0,0.0
4694,0,390.0,33,0,711,60.0,3,345.0,115.0,1.0,1,2,2.3333333333333335,0.0,139.5,0.0,1.0,0.0,0.0
2071,0,1000.4,43,0,775,5.0,9,1013.0,112.55555555555556,0.7777777777777778,4,5,2.2222222222222223,0.03888888888888889,45.25,0.06663376110562685,0.44175715695952616,0.37314906219151034,0.11846001974333663
5119,1,0.0,33,1,383,45.0,2,351.25,175.625,1.0,2,2,2.0,0.07500000000000001,53.0,0.0,0.060498220640569395,0.9395017793594306,0.0
2734,0,471.0,35,1,895,173.0,3,284.12,94.70666666666666,0.6666666666666666,2,3,2.0,0.05007407407407405,72.0,0.06729550893988456,0.9327044910601154,0.0,0.0
3622,0,1062.0,25,1,341,16.0,9,542.0,60.22222222222222,0.5555555555555556,3,7,1.3333333333333333,0.061111111111111116,37.75,0.0,0.6614391143911439,0.21309963099630996,0.12546125461254612
4469,0,69.0,45,0,439,242.0,2,402.0,201.0,0.5,1,2,1.5,0.04999999999999999,36.0,0.0,0.0,0.0,1.0
4691,1,0.0,36,1,637,1.0,5,283.0,56.6,0.6,3,4,1.0,0.0,92.0,0.1696113074204947,0.22968197879858657,0.6007067137809188,0.0
4606,0,696.0,65,0,496,67.0,4,479.0,119.75,0.75,3,3,1.75,0.0,100.0,0.1336116910229645,0.407098121085595,0.4592901878914405,0.0
3362,0,422.1,25,0,826,57.0,1,96.0,96.0,0.0,1,1,4.0,0.0,57.0,1.0,0.0,0.0,0.0
3056,0,1233.5,24,0,576,42.0,5,922.3,184.45999999999998,0.8,4,5,2.6,0.06999999999999999,78.5,0.05204380353464166,0.33665835411471323,0.02580505258592649,0.5854927897647186
3724,0,2883.62,40,1,209,8.0,14,1219.25,87.08928571428571,0.6428571428571429,3,8,1.7857142857142858,0.03929629629629628,14.307692307692308,0.22083247898298133,0.70535165060488,0.0738158704121386,0.0
3520,0,727.38,28,0,765,61.0,4,260.0,65.0,0.5,2,4,1.5,0.0,97.33333333333333,0.0,0.8846153846153846,0.11538461538461539,0.0
5325,0,388.0,35,0,664,367.0,1,55.0,55.0,1.0,1,1,1.0,0.0,367.0,0.0,1.0,0.0,0.0
5985,0,166.8,39,0,481,188.0,1,144.5,144.5,0.0,1,1,2.0,0.15000000000000002,188.0,0.0,0.0,0.0,1.0
3216,0,85.5,29,1,594,22.0,4,284.0,71.0,0.5,1,3,1.75,0.037500000000000006,117.66666666666667,0.0,1.0,0.0,0.0
4164,0,392.0,18,0,764,5.0,4,824.0,206.0,0.75,3,4,2.0,0.024999999999999994,48.666666666666664,0.05825242718446602,0.0,0.35194174757281554,0.5898058252427184
4326,0,179.5,26,1,282,20.0,2,345.0,172.5,0.5,2,2,2.5,0.0,86.0,0.0,0.30434782608695654,0.0,0.6956521739130435
2909,0,984.0,19,0,360,2.0,10,783.95,78.39500000000001,0.7,3,7,1.6,0.09999999999999999,34.666666666666664,0.20084189042668535,0.5389374322341985,0.0,0.260220677339116
4340,0,586.35,50,0,895,38.0,3,177.1,59.03333333333333,0.6666666666666666,3,3,1.0,0.11666666666666665,160.0,0.14455110107284022,0.42348955392433657,0.4319593450028233,0.0
4482,0,573.0,37,0,138,0.0,1,30.0,30.0,1.0,1,1,1.0,0.0,1.0,0.0,0.0,1.0,0.0
2694,0,93.8,29,0,912,30.0,4,308.0,77.0,0.75,3,3,1.5,0.125,72.0,0.1038961038961039,0.1461038961038961,0.75,0.0
5842,0,961.0,18,0,359,0.0,8,549.25,68.65625,0.75,4,6,1.75,0.08125,46.285714285714285,0.11470186618115612,0.5029585798816568,0.16385980883022302,0.21847974510696405
5798,0,956.6,20,0,752,15.0,9,845.0,93.88888888888889,0.6666666666666666,4,8,1.3333333333333333,0.027777777777777776,43.0,0.2331360946745562,0.04792899408284024,0.19230769230769232,0.5266272189349113
5831,0,636.5,44,1,64,33.0,2,135.5,67.75,1.0,2,2,1.5,0.07500000000000001,31.0,0.0,0.8118081180811808,0.1881918819188192,0.0
2737,0,379.0,57,1,847,11.0,4,223.0,55.75,1.0,3,4,1.0,0.04999999999999999,110.66666666666667,0.21524663677130046,0.24663677130044842,0.0,0.5381165919282511
5090,0,1060.8,32,0,659,43.0,11,1090.25,99.11363636363636,0.7272727272727273,4,9,1.6363636363636365,0.049999999999999996,33.7,0.07337766567301078,0.2689750057326301,0.4072460444852098,0.2504012841091493
5310,0,2063.1,38,1,522,2.0,18,1100.3,61.12777777777777,0.7222222222222222,4,11,1.3888888888888888,0.03611111111111111,22.764705882352942,0.018540398073252747,0.8147777878760338,0.08943015541216033,0.07725165863855313
3765,0,1042.0,24,1,816,141.0,5,505.5,101.1,0.8,3,5,1.8,0.06999999999999999,50.5,0.0,0.19782393669634027,0.4826904055390702,0.31948565776458954
4203,0,1529.95,38,0,94,35.0,4,277.7,69.425,0.5,2,4,1.25,0.04999999999999999,17.333333333333332,0.0,0.5131436802304645,0.4868563197695355,0.0
5755,0,76.8,55,1,601,64.0,5,325.05,65.01,0.4,2,5,1.8,0.06999999999999999,76.0,0.0,0.6898938624826949,0.31010613751730504,0.0
5846,0,110.0,38,1,329,90.0,1,81.0,81.0,1.0,1,1,1.0,0.09999999999999998,90.0,0.0,0.0,1.0,0.0
3120,0,208.0,33,1,819,62.0,4,140.3,35.075,1.0,2,3,1.25,0.1,62.333333333333336,0.0,0.8303635067712045,0.16963649322879543,0.0
4959,0,60.0,30,1,572,96.0,3,340.0,113.33333333333333,1.0,1,2,2.0,0.0,38.0,0.0,1.0,0.0,0.0
2255,0,935.5,49,0,543,33.0,9,1419.0,157.66666666666666,0.6666666666666666,4,6,2.0,0.049999999999999996,37.5,0.012684989429175475,0.04580690627202255,0.5313601127554616,0.41014799154334036
5711,0,266.35,57,1,413,37.0,7,562.0,80.28571428571429,0.42857142857142855,3,7,1.5714285714285714,0.07857142857142856,38.0,0.0400355871886121,0.6298932384341637,0.3300711743772242,0.0
4604,0,188.5,39,1,525,26.0,2,336.5,168.25,0.5,2,2,2.5,0.07500000000000001,348.0,0.0,0.7726597325408618,0.22734026745913818,0.0
3261,0,1381.7,29,0,701,17.0,15,1201.4,80.09333333333333,0.5333333333333333,4,13,1.3333333333333333,0.046666666666666676,22.428571428571427,0.10362909938405193,0.5297985683369402,0.22423838854669548,0.14233394373231228
5953,0,52.2,43,1,205,24.0,1,35.0,35.0,1.0,1,1,1.0,0.0,24.0,0.0,1.0,0.0,0.0
4369,0,2288.45,33,1,894,15.0,14,1208.35,86.31071428571428,0.8571428571428571,4,10,1.5,0.05357142857142856,27.076923076923077,0.36049157942649074,0.34075392063557747,0.22841064261182606,0.07034385732610585
4756,0,115.0,35,1,405,60.0,11,744.4,67.67272727272727,0.6363636363636364,4,9,1.4545454545454546,0.07727272727272727,29.9,0.18860827512090275,0.2219908651262762,0.08060182697474476,0.5087990327780764
4357,0,329.5,39,1,525,244.0,1,91.0,91.0,0.0,1,1,2.0,0.30000000000000004,244.0,0.0,1.0,0.0,0.0
3060,0,1932.75,20,0,372,48.0,13,1102.7,84.82307692307693,0.6153846153846154,4,11,1.5384615384615385,0.06538461538461537,25.666666666666668,0.10156887639430488,0.580847011879931,0.15434841752063116,0.16323569420513284
4136,0,616.25,18,0,669,40.0,3,237.5,79.16666666666667,1.0,3,3,2.3333333333333335,0.0,117.0,0.47368421052631576,0.14736842105263157,0.37894736842105264,0.0
4211,0,130.0,27,1,447,47.0,4,140.75,35.1875,0.75,1,3,1.0,0.0875,113.33333333333333,0.0,1.0,0.0,0.0
4654,0,2266.95,29,1,151,27.0,8,428.5,53.5625,0.625,3,7,1.375,0.03749999999999999,11.0,0.6277712952158693,0.17386231038506417,0.0,0.1983663943990665
4910,0,521.7,34,0,736,76.0,10,1083.85,108.38499999999999,0.7,3,8,1.7,0.05,27.77777777777778,0.06306223185865202,0.3187710476541957,0.0,0.6181667204871524
3610,0,728.5,21,0,299,30.0,4,339.0,84.75,0.75,2,4,1.75,0.0875,80.33333333333333,0.5398230088495575,0.46017699115044247,0.0,0.0
3339,0,624.2,18,1,245,25.0,11,870.9,79.17272727272727,0.8181818181818182,4,10,1.5454545454545454,0.027272727272727268,17.9,0.16132736249856472,0.5172809737053623,0.05787116775749225,0.2635204960385808
4836,0,246.0,36,1,663,83.0,5,636.5,127.3,1.0,4,5,1.8,0.05,69.75,0.20031421838177532,0.2827965435978005,0.2498036135113904,0.2670856245090338
2258,0,420.65,30,0,530,8.0,7,679.55,97.07857142857142,1.0,4,7,1.5714285714285714,0.042857142857142864,63.5,0.1412699580604812,0.16150393642851887,0.5206386579353984,0.17658744757560152
5273,0,611.5,42,0,338,0.0,12,966.2,80.51666666666667,0.8333333333333334,3,9,1.5833333333333333,0.05416666666666666,30.181818181818183,0.08445456427240736,0.4020906644587042,0.5134547712688884,0.0
4658,0,491.0,53,0,546,9.0,3,470.0,156.66666666666666,0.3333333333333333,1,2,2.6666666666666665,0.0,33.0,0.0,1.0,0.0,0.0
4523,0,1643.6,42,0,880,23.0,13,1464.5,112.65384615384616,0.6923076923076923,4,8,1.6153846153846154,0.0423076923076923,26.75,0.4226698531922158,0.07340389211334927,0.03687265278251963,0.4670536019119153
5640,0,323.0,24,0,715,68.0,2,500.0,250.0,0.5,2,2,3.0,0.0,305.0,0.28,0.0,0.72,0.0
5669,0,370.0,60,1,609,8.0,3,196.4,65.46666666666667,1.0,2,2,1.3333333333333333,0.05000000000000001,108.5,0.439918533604888,0.0,0.560081466395112,0.0
2782,1,0.0,26,0,542,269.0,1,60.0,60.0,1.0,1,1,1.0,0.0,269.0,0.0,1.0,0.0,0.0
5313,0,424.6,46,0,779,40.0,3,196.3,65.43333333333334,1.0,2,3,1.6666666666666667,0.0666666666666667,153.0,0.3097300050942435,0.6902699949057565,0.0,0.0
2688,0,1234.0,30,0,132,21.0,3,341.0,113.66666666666667,0.6666666666666666,3,3,2.0,0.0,35.5,0.0,0.4838709677419355,0.16422287390029325,0.3519061583577713
5617,0,368.0,20,1,644,52.0,4,438.0,109.5,0.5,3,4,2.25,0.012500000000000011,97.66666666666667,0.1541095890410959,0.6506849315068494,0.1952054794520548,0.0
2496,0,145.0,42,0,644,23.0,2,200.25,100.125,1.0,2,2,1.5,0.04999999999999999,150.0,0.10112359550561797,0.0,0.898876404494382,0.0
3029,0,265.0,18,1,660,293.0,1,75.0,75.0,0.0,1,1,1.0,0.0,293.0,0.0,1.0,0.0,0.0
3280,0,471.0,20,1,825,22.0,6,434.0,72.33333333333333,0.8333333333333334,3,5,1.6666666666666667,0.05833333333333335,66.0,0.11059907834101383,0.4055299539170507,0.4838709677419355,0.0
4744,0,505.2,45,1,89,24.0,1,150.0,150.0,1.0,1,1,2.0,0.0,24.0,0.0,1.0,0.0,0.0
3356,0,937.25,25,1,418,25.0,12,948.25,79.02083333333333,0.5833333333333334,3,8,2.0833333333333335,0.0625,29.0,0.10493013445821249,0.6504086475085684,0.24466121803321908,0.0
4762,0,1077.5,44,0,347,64.0,7,795.5,113.64285714285714,0.7142857142857143,4,7,1.8571428571428572,0.06428571428571428,46.0,0.2250157133878064,0.322438717787555,0.2262727844123193,0.2262727844123193
5262,0,2606.65,23,0,682,30.0,18,1948.85,108.26944444444445,0.5,3,10,1.6111111111111112,0.044444444444444446,21.235294117647058,0.5354952920953383,0.2867075454755369,0.17779716242912488,0.0
4034,0,789.1,33,1,89,60.0,1,55.0,55.0,1.0,1,1,1.0,0.0,60.0,0.0,1.0,0.0,0.0
4808,0,2228.0,18,1,195,3.0,12,1559.0,129.91666666666666,0.6666666666666666,3,8,2.0833333333333335,0.008333333333333331,16.09090909090909,0.0,0.6549069916613214,0.268120590121873,0.07697241821680564
5131,0,301.5,52,1,685,74.0,4,234.0,58.5,1.0,3,4,1.25,0.04999999999999999,65.66666666666667,0.23931623931623933,0.37606837606837606,0.38461538461538464,0.0
4234,0,382.0,30,1,153,71.0,1,90.0,90.0,0.0,1,1,3.0,0.0,71.0,0.0,0.0,1.0,0.0
3661,0,735.0,23,1,423,178.0,5,588.0,117.6,0.6,2,4,1.8,0.14,32.75,0.0,0.4336734693877551,0.5663265306122449,0.0
5998,0,988.6,37,0,489,137.0,9,925.0,102.77777777777777,0.5555555555555556,3,8,1.4444444444444444,0.022222222222222216,28.75,0.0,0.45297297297297295,0.15783783783783784,0.3891891891891892
5386,0,1895.8,33,1,130,4.0,17,1618.25,95.19117647058823,0.5882352941176471,4,12,1.8235294117647058,0.008823529411764707,7.875,0.12698903136103815,0.4663988876873165,0.25830372315773215,0.1483083577939132
4098,0,865.2,30,0,500,101.0,12,670.55,55.87916666666666,0.8333333333333334,3,9,1.4166666666666667,0.07083333333333335,19.90909090909091,0.1712027440161062,0.6647528148534785,0.16404444113041533,0.0
5626,0,1045.5,21,0,571,120.0,10,1258.65,125.86500000000001,0.6,3,7,2.1,0.1,29.666666666666668,0.0,0.42327096492273464,0.3622134826997179,0.21451555237754735
5358,0,4232.55,50,1,291,9.0,15,1113.4,74.22666666666667,0.6,3,8,1.6,0.043333333333333335,17.357142857142858,0.1293335728399497,0.2227411532243578,0.6479252739356924,0.0
4547,0,421.0,46,1,490,85.0,4,172.0,43.0,0.25,2,3,1.25,0.012500000000000011,88.66666666666667,0.0,0.6686046511627907,0.3313953488372093,0.0
5132,0,362.0,36,1,270,65.0,3,508.0,169.33333333333334,1.0,2,3,2.0,0.06666666666666665,80.0,0.5905511811023622,0.4094488188976378,0.0,0.0
5940,0,747.2,43,1,584,22.0,8,584.25,73.03125,0.625,2,7,2.0,0.018750000000000003,42.57142857142857,0.2233632862644416,0.7766367137355584,0.0,0.0
3410,0,310.0,18,1,399,87.0,8,633.0,79.125,0.5,3,7,1.375,0.04375,40.285714285714285,0.11058451816745656,0.7045813586097947,0.1848341232227488,0.0
3957,0,323.0,34,1,325,129.0,2,365.0,182.5,0.5,1,2,2.5,0.0,139.0,0.0,1.0,0.0,0.0
5252,0,1232.0,30,0,380,24.0,8,1028.0,128.5,0.625,4,8,2.125,0.0,43.857142857142854,0.2509727626459144,0.42315175097276264,0.24319066147859922,0.08268482490272373
2370,0,685.55,38,0,378,42.0,4,150.0,37.5,0.5,2,4,1.25,0.04999999999999999,97.66666666666667,0.46,0.54,0.0,0.0
4976,0,490.5,45,0,743,70.0,4,291.5,72.875,0.25,3,4,1.5,0.012500000000000011,34.666666666666664,0.0,0.3996569468267582,0.30874785591766724,0.2915951972555746
4628,1,0.0,29,0,759,185.0,3,189.1,63.03333333333333,0.6666666666666666,2,3,1.3333333333333333,0.16666666666666666,95.5,0.7461660497091486,0.25383395029085143,0.0,0.0
4262,0,475.0,33,1,720,158.0,3,128.0,42.666666666666664,0.3333333333333333,2,3,1.0,0.06666666666666665,117.0,0.1875,0.8125,0.0,0.0
5088,0,1541.9,33,0,526,79.0,9,899.75,99.97222222222223,0.6666666666666666,4,6,1.7777777777777777,0.0611111111111111,35.375,0.11753264795776605,0.21116976938038343,0.5768268963601,0.09447068630175048
4991,0,138.0,39,0,605,70.0,2,68.0,34.0,0.5,2,2,1.5,0.09999999999999998,298.0,0.7058823529411765,0.29411764705882354,0.0,0.0
3178,0,450.25,36,0,245,219.0,1,96.0,96.0,1.0,1,1,2.0,0.19999999999999996,219.0,0.0,1.0,0.0,0.0
2915,0,75.0,42,1,410,33.0,8,961.95,120.24375,1.0,3,7,2.0,0.04375000000000001,47.142857142857146,0.043349446436924996,0.9254639014501793,0.031186652112895678,0.0
2432,0,284.0,42,1,86,4.0,1,45.0,45.0,1.0,1,1,1.0,0.0,4.0,0.0,1.0,0.0,0.0
2115,0,669.5,37,1,269,153.0,1,55.0,55.0,1.0,1,1,1.0,0.0,153.0,0.0,1.0,0.0,0.0
5859,0,536.5,26,1,743,15.0,13,1360.05,104.61923076923077,0.7692307692307693,4,10,2.230769230769231,0.03461538461538462,26.333333333333332,0.4106466674019338,0.31156942759457373,0.1939634572258373,0.08382044777765524
4352,0,302.88,40,0,752,54.0,1,30.0,30.0,0.0,1,1,1.0,0.0,54.0,0.0,0.0,1.0,0.0
3461,0,1206.75,18,0,256,2.0,13,1200.2,92.32307692307693,0.8461538461538461,4,8,1.5384615384615385,0.06538461538461539,20.75,0.03599400099983336,0.44784202632894515,0.21621396433927678,0.2999500083319447
5744,0,1659.5,44,0,861,7.0,16,999.1,62.44375,0.75,4,12,1.4375,0.05625000000000001,25.0,0.08817936142528275,0.6831148033229907,0.14362926633970574,0.08507656891202081
4769,0,752.12,36,0,449,3.0,18,1105.25,61.40277777777778,0.7777777777777778,4,12,1.3333333333333333,0.05555555555555555,20.176470588235293,0.34290884415290657,0.46075548518434745,0.11942999321420493,0.07690567744854106
2143,0,1496.75,45,0,215,19.0,8,850.5,106.3125,0.375,4,6,1.625,0.012499999999999997,26.428571428571427,0.08465608465608465,0.3509700176366843,0.07054673721340388,0.49382716049382713
5823,0,138.8,32,0,860,55.0,3,385.0,128.33333333333334,0.6666666666666666,3,3,1.3333333333333333,0.0,59.0,0.0,0.14285714285714285,0.23376623376623376,0.6233766233766234
5547,0,95.0,45,0,520,26.0,2,208.0,104.0,0.5,2,2,2.0,0.0,275.0,0.0,0.8653846153846154,0.1346153846153846,0.0
4647,0,1346.4,18,1,198,6.0,7,749.0,107.0,0.7142857142857143,3,6,2.0,0.021428571428571432,27.166666666666668,0.17089452603471295,0.5660881174899867,0.2630173564753004,0.0
3202,0,757.5,47,1,421,28.0,4,558.0,139.5,0.5,3,4,1.75,0.07499999999999998,96.66666666666667,0.5913978494623656,0.13440860215053763,0.0,0.27419354838709675
3424,0,2661.5,40,1,871,32.0,37,3466.9,93.7,0.6756756756756757,4,16,1.5405405405405406,0.08648648648648649,9.472222222222221,0.22127837549395712,0.31432980472468197,0.27488534425567507,0.18950647552568575
3866,0,155.0,45,1,583,19.0,5,385.75,77.15,0.8,3,5,1.6,0.05,83.5,0.14128321451717435,0.13545042125729098,0.7232663642255347,0.0
2131,0,1544.25,38,1,433,46.0,13,1423.75,109.51923076923077,0.7692307692307693,3,11,2.1538461538461537,0.07692307692307691,24.666666666666668,0.08375768217734855,0.28832309043020193,0.6279192273924495,0.0
3746,0,878.5,33,0,679,54.0,10,1031.1,103.10999999999999,0.6,3,8,1.6,0.065,36.55555555555556,0.2590437396954709,0.1784501988167976,0.5625060614877316,0.0
3022,0,940.7,22,1,548,109.0,4,402.45,100.6125,0.75,2,3,1.75,0.04999999999999999,91.0,0.22661200149086844,0.7733879985091315,0.0,0.0
5515,0,178.0,31,0,192,32.0,3,468.2,156.06666666666666,0.6666666666666666,2,3,3.3333333333333335,0.10000000000000002,76.0,0.0,0.3267834258863734,0.6732165741136267,0.0
5194,0,186.0,35,0,429,345.0,1,55.0,55.0,1.0,1,1,1.0,0.0,345.0,0.0,1.0,0.0,0.0
4672,0,282.0,26,1,638,5.0,6,524.6,87.43333333333334,0.8333333333333334,4,6,1.6666666666666667,0.033333333333333326,70.4,0.04879908501715593,0.2764010674799847,0.21730842546702248,0.4574914220358368
3956,0,2224.95,30,0,641,15.0,27,2921.0,108.18518518518519,0.7407407407407407,4,16,1.8148148148148149,0.04814814814814815,14.384615384615385,0.10821636425881548,0.26189661074974324,0.21051009928106812,0.41937692571037316
5878,0,1860.25,18,1,553,14.0,19,1588.7,83.61578947368422,0.5789473684210527,4,13,1.368421052631579,0.023684210526315794,21.11111111111111,0.23679738150689242,0.4233020708755586,0.22660036507836595,0.11330018253918298
2088,0,115.0,44,0,208,134.0,1,40.5,40.5,1.0,1,1,2.0,0.09999999999999998,134.0,1.0,0.0,0.0,0.0
4659,0,593.75,37,0,539,112.0,6,406.75,67.79166666666667,0.5,3,6,1.1666666666666667,0.025000000000000005,55.6,0.0,0.4960049170251998,0.29502151198524895,0.20897357098955133
4773,0,295.4,38,0,921,20.0,5,359.25,71.85,0.6,3,5,1.4,0.06999999999999999,87.0,0.0,0.336812804453723,0.46207376478775225,0.2011134307585247
5910,0,1402.9,28,1,81,21.0,4,387.75,96.9375,0.75,2,4,2.0,0.0875,7.666666666666667,0.0,0.7911025145067698,0.20889748549323017,0.0
2787,0,488.9,48,0,767,22.0,8,412.5,51.5625,0.625,2,6,1.25,0.05,48.42857142857143,0.3490909090909091,0.6509090909090909,0.0,0.0
4581,0,902.25,39,0,926,153.0,11,1167.5,106.13636363636364,0.6363636363636364,3,8,1.7272727272727273,0.11363636363636363,22.9,0.02740899357601713,0.24796573875803,0.7246252676659529,0.0
2513,0,2916.15,34,1,283,9.0,32,3202.36,100.07375,0.6875,4,13,1.90625,0.0734236111111111,7.870967741935484,0.04098852096578773,0.4107907917910541,0.30277670218214064,0.2454439850610175
3565,0,1681.75,40,0,259,58.0,5,424.0,84.8,0.8,2,4,1.6,0.030000000000000006,33.25,0.35377358490566035,0.6462264150943396,0.0,0.0
4370,0,570.0,37,1,632,95.0,3,233.0,77.66666666666667,0.6666666666666666,2,3,1.3333333333333333,0.033333333333333326,133.0,0.0,0.34334763948497854,0.0,0.6566523605150214
4086,0,1082.5,44,0,709,147.0,4,520.0,130.0,0.75,3,4,1.25,0.0,39.333333333333336,0.1346153846153846,0.0,0.057692307692307696,0.8076923076923077
3161,0,462.25,21,0,475,103.0,1,70.0,70.0,1.0,1,1,2.0,0.0,103.0,0.0,1.0,0.0,0.0
3901,1,0.0,33,1,453,223.0,3,181.0,60.333333333333336,0.6666666666666666,2,3,1.0,0.1333333333333333,60.0,0.30939226519337015,0.6906077348066298,0.0,0.0
5673,0,429.4,36,0,628,59.0,5,404.0,80.8,0.6,2,4,1.4,0.039999999999999994,34.75,0.2376237623762376,0.7623762376237624,0.0,0.0
2746,0,1064.85,33,1,244,28.0,10,992.25,99.225,0.7,3,9,1.9,0.08,23.77777777777778,0.15117157974300832,0.5893172083648274,0.25951121189216425,0.0
4722,0,426.9,19,1,651,109.0,4,226.0,56.5,1.0,2,4,1.5,0.04999999999999999,41.0,0.30973451327433627,0.6902654867256637,0.0,0.0
3309,0,1395.5,26,1,623,29.0,8,596.25,74.53125,0.5,3,7,1.375,0.012500000000000011,41.285714285714285,0.1920335429769392,0.5228511530398323,0.0,0.2851153039832285
5926,0,432.75,37,0,566,25.0,1,24.0,24.0,1.0,1,1,1.0,0.0,25.0,1.0,0.0,0.0,0.0
3413,0,1679.25,39,1,487,4.0,9,821.5,91.27777777777777,0.5555555555555556,4,7,1.4444444444444444,0.044444444444444446,45.25,0.027388922702373707,0.6512477175897748,0.029214850882531954,0.29214850882531956
4228,0,2603.2,34,1,572,25.0,26,2230.5,85.78846153846153,0.6538461538461539,4,12,1.9615384615384615,0.04615384615384614,14.56,0.1865052678771576,0.43958753642681014,0.32548755884330866,0.0484196368527236
5082,0,638.5,42,0,651,20.0,3,741.0,247.0,0.3333333333333333,2,3,3.0,0.033333333333333326,59.5,0.8987854251012146,0.10121457489878542,0.0,0.0
4501,0,509.5,35,0,736,30.0,12,1377.4,114.78333333333335,0.9166666666666666,4,11,1.5,0.037500000000000006,29.727272727272727,0.1367794395237404,0.1782343545810948,0.231232757368956,0.45375344852620875
4714,0,233.2,31,1,211,116.0,2,79.75,39.875,0.5,1,2,1.5,0.07500000000000001,91.0,0.0,1.0,0.0,0.0
2434,0,435.5,28,1,173,169.0,1,40.5,40.5,1.0,1,1,1.0,0.09999999999999998,169.0,0.0,1.0,0.0,0.0
3830,0,673.05,30,1,546,88.0,8,532.65,66.58125,0.625,3,5,1.875,0.09375000000000001,43.57142857142857,0.10213085515817141,0.32338308457711445,0.5744860602647142,0.0
2670,0,188.25,52,1,533,71.0,6,399.0,66.5,0.5,2,4,1.1666666666666667,0.016666666666666663,58.0,0.0,0.39849624060150374,0.6015037593984962,0.0
5834,0,60.0,37,1,125,82.0,1,52.25,52.25,1.0,1,1,1.0,0.050000000000000044,82.0,0.0,1.0,0.0,0.0
2828,1,0.0,19,1,745,389.0,1,28.8,28.8,1.0,1,1,1.0,0.09999999999999998,389.0,1.0,0.0,0.0,0.0
3086,0,399.75,61,1,659,16.0,1,25.0,25.0,1.0,1,1,1.0,0.0,16.0,0.0,1.0,0.0,0.0
5272,0,896.2,27,0,154,10.0,4,163.25,40.8125,0.5,1,2,1.25,0.012500000000000011,44.666666666666664,0.0,1.0,0.0,0.0
2477,0,274.5,24,1,499,164.0,1,25.0,25.0,0.0,1,1,1.0,0.0,164.0,0.0,1.0,0.0,0.0
4730,0,806.85,18,1,93,47.0,1,360.0,360.0,1.0,1,1,4.0,0.0,47.0,0.0,0.0,1.0,0.0
3142,0,3076.6,35,0,519,5.0,23,1745.9,75.90869565217392,0.6956521739130435,4,14,1.565217391304348,0.0608695652173913,17.681818181818183,0.22991007503293429,0.31187353227561715,0.11455409817286213,0.3436622945185864
4538,0,1256.25,18,1,214,117.0,3,394.0,131.33333333333334,1.0,2,3,2.0,0.11666666666666665,42.5,0.0,0.48223350253807107,0.0,0.5177664974619289
2232,0,761.12,18,1,216,30.0,2,140.0,70.0,1.0,2,2,1.5,0.0,183.0,0.0,0.7857142857142857,0.21428571428571427,0.0
3776,0,85.0,42,0,772,2.0,5,432.5,86.5,0.6,2,4,1.8,0.06999999999999999,62.25,0.0,0.8439306358381503,0.15606936416184972,0.0
3463,0,222.5,22,0,211,24.0,1,60.0,60.0,0.0,1,1,1.0,0.0,24.0,0.0,1.0,0.0,0.0
4214,0,674.05,20,0,188,4.0,7,832.75,118.96428571428571,0.2857142857142857,4,7,1.5714285714285714,0.03571428571428571,30.166666666666668,0.03842689882918043,0.3839687781447013,0.36145301711197836,0.2161513059141399
5487,1,0.0,18,0,234,191.0,1,48.0,48.0,1.0,1,1,1.0,0.19999999999999996,191.0,0.0,1.0,0.0,0.0
5005,0,672.5,35,0,760,8.0,6,370.65,61.775,0.5,4,6,1.0,0.03333333333333335,65.0,0.14137326318629434,0.2380952380952381,0.2967759341697019,0.3237555645487657
4308,0,2882.6,39,1,907,4.0,19,1455.25,76.59210526315789,0.7368421052631579,4,15,1.4736842105263157,0.042105263157894736,19.944444444444443,0.24291358873045868,0.4382408520872702,0.26627727194640094,0.05256828723587013
3793,0,361.4,22,0,528,65.0,5,419.5,83.9,0.6,3,5,1.6,0.010000000000000009,74.75,0.0,0.5351609058402861,0.2622169249106079,0.2026221692491061
3327,0,119.65,36,1,237,33.0,1,119.0,119.0,1.0,1,1,2.0,0.15000000000000002,33.0,1.0,0.0,0.0,0.0
2281,0,167.5,52,0,584,109.0,2,228.0,114.0,1.0,2,2,1.5,0.0,240.0,0.21052631578947367,0.0,0.7894736842105263,0.0
2872,0,529.6,38,0,799,12.0,4,451.5,112.875,0.75,2,3,1.5,0.024999999999999994,122.33333333333333,0.0,0.6013289036544851,0.0,0.39867109634551495
5098,0,2044.5,34,0,442,9.0,26,2093.8,80.53076923076924,0.8076923076923077,4,12,1.5,0.04615384615384616,14.32,0.14294584009934092,0.5876874582099532,0.07761008692329735,0.19175661476740852
3167,0,767.5,34,1,457,102.0,5,259.75,51.95,0.6,2,5,1.4,0.11000000000000001,67.25,0.0,0.6746871992300288,0.3253128007699711,0.0
3782,0,152.4,26,0,205,75.0,4,151.25,37.8125,0.5,3,3,1.5,0.012500000000000011,42.0,0.4462809917355372,0.15702479338842976,0.39669421487603307,0.0
3487,0,648.8,46,0,656,26.0,9,833.45,92.60555555555555,0.8888888888888888,4,7,1.5555555555555556,0.027777777777777776,45.625,0.3202951586777851,0.13978043073969643,0.10798488211650369,0.43193952846601474
5154,0,4045.3,25,1,139,7.0,15,1211.25,80.75,0.7333333333333333,4,10,1.7333333333333334,0.013333333333333338,9.142857142857142,0.19814241486068113,0.34695562435500515,0.24437564499484005,0.21052631578947367
4377,0,218.45,44,0,120,23.0,1,24.0,24.0,1.0,1,1,1.0,0.0,23.0,1.0,0.0,0.0,0.0
2682,0,1364.8,34,0,379,13.0,6,876.35,146.05833333333334,0.8333333333333334,4,6,2.5,0.07500000000000001,71.6,0.11707651052661606,0.2772864722998802,0.5134934672220003,0.0921435499515034
3668,0,740.1,37,0,140,34.0,4,174.12,43.53,1.0,2,4,1.0,0.037555555555555536,23.333333333333332,0.10980932690098782,0.8901906730990121,0.0,0.0
5749,0,1496.65,39,0,851,8.0,13,1437.25,110.5576923076923,0.6153846153846154,3,7,2.230769230769231,0.02307692307692308,31.75,0.27483040528787617,0.5821882066446339,0.14298138806749,0.0
4720,0,192.0,23,0,488,29.0,3,80.0,26.666666666666668,0.3333333333333333,2,2,1.0,0.0,168.0,0.0,0.625,0.375,0.0
3767,0,546.5,40,0,565,110.0,4,992.0,248.0,0.75,3,4,3.25,0.0,86.66666666666667,0.07258064516129033,0.3024193548387097,0.625,0.0
2618,0,344.5,50,1,658,53.0,2,101.0,50.5,0.0,1,2,1.0,0.09999999999999998,325.0,0.0,1.0,0.0,0.0
4465,0,1594.9,59,1,750,41.0,9,900.0,100.0,0.6666666666666666,4,7,1.7777777777777777,0.03888888888888889,23.625,0.08055555555555556,0.21833333333333332,0.12333333333333334,0.5777777777777777
3001,0,1611.25,48,1,161,137.0,1,40.5,40.5,1.0,1,1,1.0,0.09999999999999998,137.0,0.0,1.0,0.0,0.0
4638,0,212.0,29,1,433,12.0,5,1140.0,228.0,0.6,3,4,1.8,0.0,62.0,0.0,0.05263157894736842,0.15789473684210525,0.7894736842105263
3380,0,689.0,42,0,908,28.0,4,199.6,49.9,0.5,2,4,1.5,0.07499999999999998,77.66666666666667,0.0,0.45090180360721444,0.5490981963927856,0.0
3790,0,686.25,50,0,232,183.0,1,30.0,30.0,0.0,1,1,1.0,0.0,183.0,0.0,0.0,1.0,0.0
4108,0,537.5,42,1,589,17.0,9,748.75,83.19444444444444,0.8888888888888888,4,8,1.8888888888888888,0.01666666666666667,34.375,0.08547579298831386,0.27879799666110183,0.47545909849749585,0.16026711185308848
2614,0,1016.5,53,0,149,11.0,5,620.5,124.1,0.4,2,4,2.6,0.07999999999999999,33.0,0.0,0.613215149073328,0.0,0.38678485092667203
5050,0,657.65,24,0,611,2.0,8,693.0,86.625,0.625,3,5,1.25,0.07499999999999998,43.42857142857143,0.032467532467532464,0.5173160173160173,0.0,0.45021645021645024
4306,0,960.85,20,0,606,126.0,5,489.8,97.96000000000001,0.8,4,4,1.6,0.09,41.75,0.19599836668027765,0.3674969375255206,0.10575745202123314,0.33074724377296855
5455,0,305.5,36,0,841,48.0,4,127.7,31.925,0.5,2,4,1.0,0.024999999999999994,64.66666666666667,0.7650743931088488,0.0,0.23492560689115113,0.0
5175,0,393.5,54,0,888,127.0,5,252.0,50.4,0.8,2,5,1.2,0.039999999999999994,59.25,0.12698412698412698,0.873015873015873,0.0,0.0
2296,0,464.6,18,0,634,52.0,2,89.5,44.75,1.0,2,2,1.5,0.07500000000000001,147.0,0.0,0.664804469273743,0.33519553072625696,0.0
3191,0,245.5,37,0,725,13.0,4,285.0,71.25,0.5,2,3,1.5,0.0,94.33333333333333,0.0,0.8947368421052632,0.10526315789473684,0.0
5100,0,1017.7,40,1,477,18.0,13,834.75,64.21153846153847,0.6923076923076923,3,8,1.4615384615384615,0.019230769230769232,29.25,0.5163222521713088,0.4501347708894879,0.033542976939203356,0.0
3047,0,886.9,18,1,667,48.0,17,2031.5,119.5,0.29411764705882354,4,11,1.7647058823529411,0.04117647058823529,21.6875,0.12699975387644596,0.407826729017967,0.3051932069899089,0.15998031011567806
4405,0,2365.5,18,1,189,16.0,12,1466.25,122.1875,0.5833333333333334,3,9,1.6666666666666667,0.012500000000000011,14.909090909090908,0.5012787723785166,0.34185848252344414,0.1568627450980392,0.0
3588,0,424.1,50,1,818,152.0,7,953.0,136.14285714285714,0.7142857142857143,3,5,2.4285714285714284,0.03571428571428571,31.333333333333332,0.4249737670514166,0.19412381951731375,0.3809024134312697,0.0
4693,0,265.25,30,0,293,69.0,6,505.0,84.16666666666667,0.6666666666666666,2,5,1.5,0.0,42.8,0.0891089108910891,0.9108910891089109,0.0,0.0
4314,0,200.0,31,1,698,15.0,4,315.6,78.9,1.0,2,4,2.0,0.14999999999999997,77.33333333333333,0.08111533586818757,0.9188846641318124,0.0,0.0
2039,0,576.6,36,0,475,77.0,6,671.75,111.95833333333333,0.5,3,6,1.6666666666666667,0.041666666666666664,56.0,0.22329735764793449,0.3747673985857834,0.4019352437662821,0.0
2240,0,392.6,55,0,419,18.0,5,588.2,117.64000000000001,0.8,3,5,1.8,0.030000000000000006,90.75,0.20945256715402924,0.3315198911934716,0.4590275416524991,0.0
2985,0,415.25,29,0,787,29.0,8,501.0,62.625,0.5,4,8,1.625,0.07499999999999998,51.0,0.2375249500998004,0.499001996007984,0.04790419161676647,0.2155688622754491
5959,0,949.92,44,0,700,3.0,10,1075.1,107.50999999999999,0.5,4,10,1.9,0.025,41.333333333333336,0.16100827829969305,0.4697237466282207,0.19533066691470563,0.17393730815738073
5849,0,768.5,29,0,704,94.0,5,205.25,41.05,0.6,2,4,1.2,0.030000000000000006,71.5,0.0,0.707673568818514,0.292326431181486,0.0
3208,0,347.5,33,1,252,15.0,5,582.0,116.4,0.6,4,5,1.8,0.030000000000000006,47.75,0.25773195876288657,0.19759450171821305,0.048109965635738834,0.4965635738831615
3224,0,316.4,31,1,738,4.0,4,233.5,58.375,0.5,3,4,1.5,0.0,95.33333333333333,0.5074946466809421,0.23554603854389722,0.2569593147751606,0.0
3174,0,202.5,46,1,830,184.0,3,155.6,51.86666666666667,0.3333333333333333,2,3,1.0,0.1166666666666667,67.0,0.42159383033419023,0.0,0.5784061696658098,0.0
2448,0,157.0,42,0,118,32.0,1,38.25,38.25,1.0,1,1,2.0,0.15000000000000002,32.0,1.0,0.0,0.0,0.0
4679,0,289.65,23,1,147,68.0,2,165.0,82.5,1.0,2,2,1.0,0.0,79.0,0.0,0.45454545454545453,0.5454545454545454,0.0
2354,0,210.5,37,0,535,172.0,6,304.8,50.800000000000004,0.6666666666666666,4,6,1.1666666666666667,0.06666666666666667,42.4,0.07381889763779527,0.4543963254593176,0.07808398950131233,0.39370078740157477
3949,0,1358.6,61,0,282,8.0,12,777.65,64.80416666666666,0.5833333333333334,3,8,1.5,0.07083333333333332,20.90909090909091,0.342570565164277,0.6214235195782164,0.03600591525750659,0.0
2547,0,230.0,35,1,895,149.0,4,430.0,107.5,0.75,1,4,2.0,0.04999999999999999,73.33333333333333,0.0,1.0,0.0,0.0
5512,0,1167.25,31,1,313,67.0,6,544.5,90.75,0.6666666666666666,4,5,2.1666666666666665,0.04999999999999999,22.8,0.04132231404958678,0.3856749311294766,0.1763085399449036,0.39669421487603307
5667,0,798.5,48,0,708,41.0,13,1414.55,108.81153846153846,0.5384615384615384,3,10,1.6923076923076923,0.06538461538461539,25.916666666666668,0.0,0.42822805839312855,0.1476087801774416,0.4241631614294299
4651,0,758.5,53,0,772,62.0,2,450.0,225.0,0.5,1,1,2.5,0.0,277.0,0.0,0.0,1.0,0.0
3050,0,70.0,29,0,592,13.0,3,365.0,121.66666666666667,1.0,2,3,1.3333333333333333,0.0,127.0,0.0,0.5068493150684932,0.0,0.4931506849315068
5872,0,182.0,25,0,636,34.0,4,178.95,44.7375,0.25,3,4,1.0,0.0875,63.666666666666664,0.39117071807767534,0.4680078234143616,0.14082145850796313,0.0
2098,0,874.9,26,0,771,6.0,10,1107.1,110.71,0.9,3,8,1.8,0.1,42.888888888888886,0.21822780236654324,0.5207298347032788,0.0,0.26104236293017796
3747,0,2173.9,24,1,854,59.0,4,258.85,64.7125,0.75,3,4,1.75,0.05000000000000002,50.333333333333336,0.31524048676839866,0.33706779988410274,0.34769171334749854,0.0
4238,1,0.0,44,0,669,342.0,1,24.0,24.0,0.0,1,1,1.0,0.0,342.0,1.0,0.0,0.0,0.0
2857,0,488.45,26,1,724,53.0,6,385.6,64.26666666666667,0.6666666666666666,2,4,2.0,0.07500000000000001,37.8,0.14937759336099585,0.8506224066390041,0.0,0.0
2562,0,884.75,26,1,126,45.0,5,544.0,108.8,0.8,2,4,1.8,0.039999999999999994,14.25,0.0,0.7352941176470589,0.2647058823529412,0.0
3869,0,200.25,44,1,191,178.0,1,70.0,70.0,1.0,1,1,1.0,0.0,178.0,1.0,0.0,0.0,0.0
5861,0,2734.45,29,0,283,3.0,25,1763.9,70.556,0.68,4,14,1.56,0.06199999999999999,11.625,0.18192641306196494,0.39968252168490276,0.3639662112364646,0.054424854016667606
5161,0,872.7,30,1,867,11.0,8,482.0,60.25,0.625,3,4,1.625,0.06250000000000001,34.42857142857143,0.2157676348547718,0.4107883817427386,0.37344398340248963,0.0
2047,0,1279.5,31,0,535,61.0,9,1399.0,155.44444444444446,0.6666666666666666,4,8,2.111111111111111,0.027777777777777776,37.625,0.045746962115797,0.3431022158684775,0.5253752680486061,0.08577555396711938
3831,0,272.5,31,0,532,135.0,1,216.0,216.0,0.0,1,1,2.0,0.09999999999999998,135.0,0.0,0.0,0.0,1.0
2010,0,1355.5,32,1,575,69.0,6,930.0,155.0,0.5,4,6,1.8333333333333333,0.025000000000000005,57.2,0.4838709677419355,0.16344086021505377,0.26129032258064516,0.0913978494623656
4548,0,175.0,26,0,264,117.0,1,90.0,90.0,0.0,1,1,1.0,0.0,117.0,0.0,0.0,1.0,0.0
4727,0,106.6,34,1,493,101.0,2,261.0,130.5,1.0,2,2,2.5,0.0,12.0,0.367816091954023,0.632183908045977,0.0,0.0
2353,0,544.5,24,1,396,199.0,6,541.05,90.175,0.8333333333333334,3,6,2.0,0.07500000000000001,25.2,0.7038166528047316,0.1852878661861196,0.11089548100914888,0.0
3817,1,0.0,37,0,691,32.0,2,179.0,89.5,1.0,2,2,2.0,0.0,36.0,0.8044692737430168,0.19553072625698323,0.0,0.0
5032,0,1439.2,24,0,79,44.0,4,380.5,95.125,0.75,2,4,1.75,0.07499999999999998,8.0,0.0,0.7634691195795007,0.23653088042049936,0.0
3091,0,210.0,22,0,320,129.0,1,130.0,130.0,1.0,1,1,2.0,0.0,129.0,0.0,1.0,0.0,0.0
4082,0,2347.3,32,0,485,5.0,11,769.85,69.98636363636363,0.8181818181818182,3,8,1.3636363636363635,0.0409090909090909,27.2,0.20471520426057022,0.2886926024550237,0.5065921932844061,0.0
5595,0,85.0,40,0,927,159.0,4,481.0,120.25,1.0,3,4,2.25,0.04999999999999999,63.0,0.07484407484407485,0.7484407484407485,0.0,0.17671517671517672
5668,0,50.0,24,0,356,168.0,1,45.0,45.0,1.0,1,1,1.0,0.0,168.0,0.0,1.0,0.0,0.0
4312,0,791.75,41,0,190,30.0,2,590.0,295.0,1.0,2,2,2.5,0.0,82.0,0.0,0.0,0.1864406779661017,0.8135593220338984
5441,0,1131.0,20,1,282,34.0,1,22.5,22.5,0.0,1,1,1.0,0.09999999999999998,34.0,0.0,1.0,0.0,0.0
4085,0,273.5,41,0,892,4.0,6,835.0,139.16666666666666,1.0,3,5,1.8333333333333333,0.0,26.8,0.3592814371257485,0.47305389221556887,0.16766467065868262,0.0
3264,0,877.5,18,1,382,167.0,2,290.0,145.0,0.0,2,2,2.5,0.0,153.0,0.0,0.6206896551724138,0.3793103448275862,0.0
3842,0,1092.0,23,0,661,65.0,11,1086.75,98.79545454545455,0.7272727272727273,4,7,1.9090909090909092,0.05909090909090909,28.5,0.18357487922705315,0.7262479871175523,0.027605244996549344,0.06257188865884518
4163,0,336.0,18,1,779,54.0,3,292.5,97.5,0.0,2,3,1.6666666666666667,0.0,141.5,0.5555555555555556,0.4444444444444444,0.0,0.0
4783,0,60.0,42,0,872,204.0,1,22.5,22.5,1.0,1,1,1.0,0.09999999999999998,204.0,0.0,1.0,0.0,0.0
4088,0,632.5,18,1,264,49.0,3,415.2,138.4,0.6666666666666666,2,3,2.3333333333333335,0.06666666666666665,18.0,0.4624277456647399,0.0,0.5375722543352601,0.0
3948,0,903.38,25,0,300,69.0,4,298.0,74.5,0.5,4,4,1.5,0.024999999999999994,36.0,0.21140939597315436,0.08389261744966443,0.30201342281879195,0.40268456375838924
3995,0,170.0,44,0,559,39.0,4,467.0,116.75,0.75,2,3,1.5,0.04999999999999999,96.0,0.0,0.2291220556745182,0.0,0.7708779443254818
4288,0,215.0,31,0,348,16.0,2,183.0,91.5,0.5,1,2,1.5,0.07500000000000001,17.0,0.0,0.0,1.0,0.0
3886,0,562.0,54,1,713,18.0,8,771.25,96.40625,0.75,4,7,1.875,0.05,48.0,0.1166936790923825,0.4113452188006483,0.31636952998379253,0.15559157212317667
5589,0,1842.75,28,1,486,24.0,21,2361.05,112.43095238095239,0.8095238095238095,4,14,1.9047619047619047,0.04523809523809524,17.45,0.14421549734228414,0.2868427182821202,0.2589102306177336,0.31003155375786196
5250,0,2531.25,34,0,227,2.0,8,899.5,112.4375,0.625,4,8,2.0,0.024999999999999994,29.571428571428573,0.02501389660922735,0.6525847693162868,0.12229016120066703,0.2001111728738188
2134,0,249.9,37,0,762,3.0,11,723.52,65.77454545454545,0.6363636363636364,3,9,1.4545454545454546,0.05456565656565657,33.7,0.17901371074745687,0.6219593100398054,0.19902697921273774,0.0
5582,0,1337.3,28,0,458,16.0,18,1441.3,80.07222222222222,0.4444444444444444,4,12,1.4444444444444444,0.027777777777777776,20.88235294117647,0.13543328939152155,0.37986539929230556,0.23492680219246515,0.24977450912370777
2087,0,626.5,31,0,504,60.0,6,361.0,60.166666666666664,0.8333333333333334,3,6,1.1666666666666667,0.033333333333333326,64.0,0.062326869806094184,0.3559556786703601,0.5817174515235457,0.0
2489,0,1502.75,33,1,90,27.0,2,136.0,68.0,1.0,2,2,1.0,0.09999999999999998,15.0,0.35294117647058826,0.0,0.6470588235294118,0.0
4637,0,267.0,28,1,857,37.0,8,1037.13,129.64125,0.875,4,5,2.0,0.09999074074074071,29.142857142857142,0.05532575472698697,0.24466556747948665,0.028925978421220095,0.6710826993723062
2826,0,176.0,20,0,299,245.0,1,20.0,20.0,1.0,1,1,1.0,0.19999999999999996,245.0,0.0,1.0,0.0,0.0
2203,0,998.87,35,1,259,135.0,3,352.5,117.5,0.6666666666666666,2,3,2.3333333333333335,0.15,56.5,0.0,0.1702127659574468,0.8297872340425532,0.0
2482,0,399.88,51,1,159,0.0,1,450.0,450.0,0.0,1,1,3.0,0.0,1.0,1.0,0.0,0.0,0.0
4535,0,110.0,18,0,573,99.0,3,305.0,101.66666666666667,0.6666666666666666,1,3,1.6666666666666667,0.0,147.5,0.0,1.0,0.0,0.0
4035,1,0.0,42,0,726,105.0,1,56.0,56.0,0.0,1,1,2.0,0.0,105.0,0.0,0.0,1.0,0.0
2868,0,810.25,49,0,281,83.0,5,410.0,82.0,0.8,2,4,2.0,0.0,22.25,0.0,0.5853658536585366,0.0,0.4146341463414634
2600,0,349.0,44,0,906,165.0,3,230.0,76.66666666666667,1.0,1,2,1.3333333333333333,0.0,6.5,0.0,1.0,0.0,0.0
2559,0,1161.0,48,0,772,17.0,10,1466.6,146.66,0.6,4,8,2.5,0.04,37.55555555555556,0.031092322378289926,0.5141142779217237,0.209327696713487,0.2454657029864994
5738,0,1734.8,49,1,832,29.0,22,2370.7,107.7590909090909,0.8181818181818182,4,15,2.090909090909091,0.04090909090909091,16.285714285714285,0.2628759438140634,0.4688488632049606,0.13118488210233265,0.13709031087864346
3415,0,729.5,35,1,482,22.0,8,400.7,50.0875,0.5,3,5,1.25,0.04375,44.714285714285715,0.2158722236086848,0.5989518342899925,0.1851759421013227,0.0
4617,0,186.15,40,0,656,254.0,2,134.5,67.25,0.5,1,2,1.5,0.15000000000000002,24.0,0.0,1.0,0.0,0.0
5709,0,398.05,22,0,541,27.0,5,276.25,55.25,0.8,2,3,2.0,0.010000000000000009,81.25,0.0,0.3918552036199095,0.6081447963800904,0.0
2498,0,357.0,34,0,724,141.0,7,649.62,92.80285714285715,0.7142857142857143,3,6,1.5714285714285714,0.08574603174603175,38.0,0.029432591361103416,0.631907884609464,0.3386595240294326,0.0
3258,0,75.0,47,1,686,42.0,3,276.8,92.26666666666667,0.6666666666666666,2,3,1.3333333333333333,0.0666666666666667,145.5,0.2774566473988439,0.0,0.722543352601156,0.0
2080,0,608.3,33,0,676,9.0,8,704.5,88.0625,0.375,3,6,2.0,0.03125,45.42857142857143,0.36763662171753014,0.5046132008516678,0.127750177430802,0.0
2118,0,509.75,37,0,335,8.0,6,354.0,59.0,1.0,3,5,1.3333333333333333,0.016666666666666663,36.8,0.1271186440677966,0.5649717514124294,0.307909604519774,0.0
4052,0,346.0,31,1,532,7.0,7,377.05,53.864285714285714,0.7142857142857143,3,6,1.4285714285714286,0.02857142857142858,62.166666666666664,0.05967378331786235,0.8029439066436812,0.13738231003845644,0.0
4632,0,135.0,29,0,692,6.0,2,410.0,205.0,1.0,1,2,3.0,0.0,356.0,0.0,1.0,0.0,0.0
2210,0,1264.8,60,1,590,57.0,9,829.88,92.2088888888889,0.8888888888888888,2,6,1.6666666666666667,0.016641975308641976,37.125,0.31496119920952426,0.6850388007904757,0.0,0.0
4332,0,715.25,33,0,802,13.0,17,1720.75,101.22058823529412,0.5882352941176471,4,12,1.3529411764705883,0.0323529411764706,23.5625,0.08194101409269214,0.29216911230568066,0.1220398082231585,0.5038500653784687
2877,0,912.0,34,1,926,20.0,10,612.25,61.225,0.7,4,9,1.2,0.09999999999999999,41.0,0.05226623111474071,0.5312372396896693,0.19599836668027767,0.22049816251531237
4597,0,205.0,18,1,679,23.0,5,427.6,85.52000000000001,0.6,3,4,1.4,0.009999999999999986,85.75,0.36856875584658555,0.0,0.07015902712815715,0.5612722170252572
5520,0,5374.65,31,0,757,47.0,17,1323.62,77.86,0.47058823529411764,4,11,1.411764705882353,0.03824836601307189,20.5,0.14628065456853176,0.2700926247714601,0.22551789788610027,0.35810882277390793
3521,0,832.5,35,1,272,38.0,5,878.3,175.66,1.0,3,5,2.2,0.08,47.0,0.1329841739724468,0.06831378799954457,0.0,0.7987020380280087
3070,0,230.0,24,0,621,387.0,1,24.0,24.0,1.0,1,1,1.0,0.19999999999999996,387.0,0.0,0.0,1.0,0.0
2691,0,1010.0,26,1,544,1.0,10,1076.25,107.625,0.6,3,8,1.9,0.020000000000000007,35.0,0.041811846689895474,0.2845528455284553,0.6736353077816493,0.0
5737,0,2808.9,37,0,397,27.0,20,1160.25,58.0125,0.65,4,13,1.25,0.06999999999999999,17.842105263157894,0.2540400775694893,0.3578970049558285,0.3257918552036199,0.06227106227106227
2611,0,573.0,26,1,857,28.0,7,853.3,121.89999999999999,0.42857142857142855,4,6,1.5714285714285714,0.021428571428571432,39.833333333333336,0.07418258525723662,0.30469940232040316,0.33985702566506504,0.2812609867572952
2068,0,269.5,59,1,794,74.0,2,115.0,57.5,1.0,2,2,1.5,0.0,77.0,0.0,0.4782608695652174,0.5217391304347826,0.0
4041,0,992.7,41,0,921,7.0,3,224.0,74.66666666666667,1.0,2,2,1.6666666666666667,0.15,120.5,0.35714285714285715,0.0,0.6428571428571429,0.0
5473,0,487.5,20,1,99,69.0,1,32.0,32.0,0.0,1,1,1.0,0.0,69.0,1.0,0.0,0.0,0.0
5519,0,255.0,28,0,639,94.0,2,268.75,134.375,1.0,2,2,1.5,0.125,155.0,0.0,0.1813953488372093,0.8186046511627907,0.0
5495,0,765.0,29,0,503,100.0,4,281.4,70.35,0.5,3,4,2.25,0.024999999999999994,61.0,0.3070362473347548,0.5863539445628998,0.10660980810234542,0.0
4949,0,202.5,34,1,681,61.0,5,520.5,104.1,0.4,2,5,2.0,0.039999999999999994,63.5,0.0,0.840537944284342,0.15946205571565802,0.0
5853,0,492.5,22,0,130,87.0,2,142.5,71.25,0.5,1,2,1.5,0.04999999999999999,34.0,0.0,1.0,0.0,0.0
4106,0,858.0,31,0,60,34.0,2,440.0,220.0,0.0,2,2,3.0,0.0,26.0,0.7954545454545454,0.0,0.20454545454545456,0.0
5109,1,0.0,18,1,725,16.0,2,136.5,68.25,0.0,2,2,1.0,0.025000000000000022,285.0,0.16483516483516483,0.0,0.0,0.8351648351648352
3077,0,2897.55,41,0,919,28.0,26,1789.35,68.82115384615385,0.6923076923076923,3,13,1.5384615384615385,0.048076923076923066,14.48,0.21094252102718866,0.5876435577164892,0.20141392125632213,0.0
4468,0,278.1,18,1,596,113.0,4,259.75,64.9375,0.75,2,4,2.0,0.037500000000000006,48.0,0.0,0.314725697786333,0.685274302213667,0.0
4307,0,3020.6,38,1,794,8.0,28,2239.05,79.96607142857144,0.4642857142857143,3,13,1.6071428571428572,0.03749999999999999,13.925925925925926,0.1187110604944061,0.4672740671266832,0.41401487237891066,0.0
4109,0,36.0,32,1,868,111.0,1,150.0,150.0,1.0,1,1,1.0,0.0,111.0,1.0,0.0,0.0,0.0
4564,0,183.0,29,1,130,26.0,2,335.0,167.5,1.0,2,2,1.5,0.0,76.0,0.8955223880597015,0.1044776119402985,0.0,0.0
4750,0,463.75,59,0,206,41.0,2,210.0,105.0,1.0,2,2,2.0,0.0,31.0,0.0,0.8571428571428571,0.14285714285714285,0.0
4558,0,243.0,45,0,76,20.0,1,225.0,225.0,0.0,1,1,3.0,0.0,20.0,0.0,1.0,0.0,0.0
5714,0,564.05,43,1,860,185.0,6,608.3,101.38333333333333,0.5,3,6,1.6666666666666667,0.025000000000000005,27.8,0.17803715272069703,0.23014959723820486,0.0,0.5918132500410982
5821,0,225.5,48,0,172,6.0,1,48.0,48.0,1.0,1,1,1.0,0.0,6.0,1.0,0.0,0.0,0.0
4478,0,902.9,51,0,341,12.0,7,812.0,116.0,0.7142857142857143,4,7,1.7142857142857142,0.0,51.666666666666664,0.21182266009852216,0.12315270935960591,0.5172413793103449,0.1477832512315271
5680,0,741.0,55,0,789,39.0,11,1190.25,108.20454545454545,0.6363636363636364,3,9,1.5454545454545454,0.05454545454545456,27.3,0.0,0.5026254988447805,0.21003990758244068,0.28733459357277885
3035,0,212.0,34,1,849,189.0,4,400.5,100.125,0.5,3,4,1.75,0.07500000000000001,50.666666666666664,0.11235955056179775,0.48314606741573035,0.4044943820224719,0.0
2231,0,673.5,18,1,140,14.0,4,310.0,77.5,0.75,3,4,2.25,0.0,38.333333333333336,0.3709677419354839,0.1774193548387097,0.45161290322580644,0.0
4852,0,332.0,48,1,605,83.0,8,1065.88,133.235,0.5,4,7,1.875,0.05622222222222223,40.857142857142854,0.15093631553270534,0.08912823207115246,0.08443727248846022,0.6754981799076818
2518,0,1320.8,48,1,726,20.0,9,1055.5,117.27777777777777,0.8888888888888888,3,7,2.3333333333333335,0.033333333333333326,38.375,0.37707247749881573,0.56608242539081,0.05684509711037423,0.0
5916,0,242.0,24,0,479,19.0,7,785.0,112.14285714285714,0.7142857142857143,3,5,1.7142857142857142,0.014285714285714282,54.666666666666664,0.34394904458598724,0.2356687898089172,0.42038216560509556,0.0
3941,0,896.0,28,1,237,212.0,3,193.75,64.58333333333333,0.3333333333333333,3,3,2.3333333333333335,0.05000000000000001,5.0,0.11612903225806452,0.10967741935483871,0.7741935483870968,0.0
2155,0,1254.5,25,1,340,14.0,8,464.0,58.0,0.875,3,7,1.0,0.09999999999999999,36.714285714285715,0.0,0.41163793103448276,0.06465517241379311,0.5237068965517241
4676,0,276.0,48,0,900,300.0,1,75.0,75.0,0.0,1,1,3.0,0.0,300.0,0.0,1.0,0.0,0.0
3640,0,2332.32,37,1,503,51.0,20,2141.0,107.05,0.8,4,12,1.9,0.05500000000000001,14.210526315789474,0.12961233068659506,0.48622139187295654,0.31690798692199906,0.06725829051844932
4984,0,209.95,20,0,274,134.0,1,75.0,75.0,1.0,1,1,1.0,0.0,134.0,0.0,1.0,0.0,0.0
4441,0,734.72,28,0,548,173.0,4,202.5,50.625,0.25,3,3,2.25,0.037500000000000006,44.666666666666664,0.7444444444444445,0.11728395061728394,0.1382716049382716,0.0
2584,0,1016.75,25,0,270,7.0,6,288.0,48.0,0.6666666666666666,3,4,1.6666666666666667,0.041666666666666664,47.2,0.234375,0.4340277777777778,0.3315972222222222,0.0
4440,0,2339.0,21,1,451,3.0,14,1469.37,104.955,0.5714285714285714,4,9,1.7857142857142858,0.09287301587301587,29.23076923076923,0.045169018014523235,0.3382401981801725,0.4940893035790849,0.12250148022621941
3063,0,3510.83,46,0,201,4.0,11,1289.75,117.25,0.7272727272727273,4,10,1.8181818181818181,0.0090909090909091,17.2,0.04341926729986431,0.15894553207986042,0.2062415196743555,0.5913936809459197
2944,0,953.4,43,1,660,55.0,8,834.25,104.28125,0.375,2,5,1.5,0.03125,40.857142857142854,0.0,0.4965537908300869,0.5034462091699131,0.0
5231,0,501.25,47,0,759,10.0,6,601.75,100.29166666666667,0.3333333333333333,3,5,2.0,0.075,53.4,0.0,0.4515995014540922,0.14956377233070212,0.39883672621520566
4799,0,1099.8,38,0,72,30.0,2,149.0,74.5,0.5,1,2,2.0,0.04999999999999999,36.0,0.0,1.0,0.0,0.0
2029,0,314.0,44,0,641,220.0,2,161.5,80.75,0.0,2,2,1.0,0.175,11.0,0.0,0.0,0.5789473684210527,0.42105263157894735
3143,0,217.5,52,1,197,88.0,2,210.0,105.0,0.5,2,2,1.0,0.0,12.0,0.7142857142857143,0.2857142857142857,0.0,0.0
3741,0,172.4,39,0,828,27.0,4,150.5,37.625,0.0,3,4,1.25,0.04999999999999999,84.33333333333333,0.4684385382059801,0.132890365448505,0.39867109634551495,0.0
2669,0,389.25,35,0,703,63.0,3,176.4,58.800000000000004,0.6666666666666666,3,3,1.6666666666666667,0.10000000000000002,89.5,0.21768707482993196,0.30612244897959184,0.47619047619047616,0.0
3009,0,3063.55,34,1,429,15.0,14,1366.8,97.62857142857142,0.7142857142857143,4,12,1.6428571428571428,0.03214285714285714,24.384615384615383,0.34006438396254024,0.1646180860403863,0.20924787825577992,0.28606965174129356
4169,0,1182.38,20,0,130,43.0,5,420.5,84.1,0.8,3,4,1.8,0.030000000000000006,20.0,0.6658739595719382,0.20214030915576695,0.13198573127229488,0.0
4244,0,417.5,18,0,397,371.0,1,20.0,20.0,1.0,1,1,1.0,0.19999999999999996,371.0,0.0,1.0,0.0,0.0
2403,0,147.0,44,1,437,164.0,1,45.0,45.0,1.0,1,1,2.0,0.0,164.0,1.0,0.0,0.0,0.0
2690,0,885.25,40,0,203,56.0,4,262.6,65.65,0.75,3,3,2.5,0.024999999999999994,29.666666666666668,0.21934501142421933,0.6664127951256663,0.11424219345011423,0.0
4701,0,520.0,48,1,599,7.0,7,556.4,79.48571428571428,0.8571428571428571,3,7,1.5714285714285714,0.05714285714285715,59.5,0.42487419122933145,0.3594536304816679,0.0,0.21567217828900073
2239,0,3302.9,18,0,568,0.0,30,3113.4,103.78,0.5666666666666667,4,14,1.9666666666666666,0.048333333333333325,13.344827586206897,0.1878332369756536,0.43168240508768546,0.10297424038029164,0.27751011755636923
3266,0,1515.5,31,0,857,41.0,14,1205.45,86.10357142857143,0.7857142857142857,4,13,1.4285714285714286,0.03928571428571429,24.615384615384617,0.3982330250114065,0.46040897590111574,0.04181011240615538,0.09954788668132232
5115,0,394.4,39,0,879,7.0,14,786.8,56.199999999999996,0.5,3,10,1.5714285714285714,0.04642857142857142,23.615384615384617,0.2088205388917133,0.2700813421453991,0.5210981189628877,0.0
2935,0,518.2,32,0,445,23.0,7,441.0,63.0,1.0,3,7,1.2857142857142858,0.05714285714285713,54.5,0.0,0.4013605442176871,0.32653061224489793,0.272108843537415
2044,0,25.0,36,1,560,361.0,1,67.5,67.5,0.0,1,1,3.0,0.0,361.0,1.0,0.0,0.0,0.0
5439,0,424.5,30,0,407,82.0,5,310.0,62.0,1.0,2,4,1.4,0.019999999999999997,71.25,0.43548387096774194,0.5645161290322581,0.0,0.0
4995,0,1475.9,43,1,216,4.0,6,462.5,77.08333333333333,1.0,4,6,1.3333333333333333,0.06666666666666665,33.4,0.20756756756756756,0.23783783783783785,0.15567567567567567,0.3989189189189189
5702,0,645.0,34,0,385,5.0,3,99.2,33.06666666666667,1.0,2,3,1.0,0.0666666666666667,118.0,0.1935483870967742,0.8064516129032258,0.0,0.0
2413,0,4211.6,39,0,486,18.0,26,2476.2,95.23846153846154,0.6153846153846154,4,12,1.5769230769230769,0.0423076923076923,14.6,0.09449963653985947,0.2845085211210726,0.20341652532105647,0.4175753170180115
3416,0,215.0,32,0,486,9.0,6,544.9,90.81666666666666,0.8333333333333334,3,5,2.0,0.025000000000000005,65.6,0.15856120389062214,0.6331436960910259,0.208295100018352,0.0
4615,0,322.0,52,1,587,25.0,7,917.4,131.05714285714285,0.42857142857142855,4,7,2.5714285714285716,0.04285714285714285,52.833333333333336,0.09417920209287117,0.539568345323741,0.10464355788096795,0.2616088947024199
4789,0,96.0,31,0,244,32.0,4,319.0,79.75,0.75,2,4,1.75,0.04999999999999999,59.333333333333336,0.14106583072100312,0.8589341692789969,0.0,0.0
2078,0,263.0,47,0,80,26.0,1,32.0,32.0,1.0,1,1,1.0,0.0,26.0,1.0,0.0,0.0,0.0
4985,0,215.5,41,1,889,26.0,4,296.0,74.0,1.0,2,4,1.75,0.04999999999999999,122.0,0.10810810810810811,0.8918918918918919,0.0,0.0
4365,1,0.0,35,1,785,68.0,1,45.0,45.0,1.0,1,1,1.0,0.0,68.0,0.0,1.0,0.0,0.0
5172,0,930.0,47,0,427,25.0,1,35.0,35.0,1.0,1,1,1.0,0.0,25.0,0.0,1.0,0.0,0.0
4758,0,335.0,35,0,912,52.0,4,466.0,116.5,0.5,3,4,1.75,0.07499999999999998,73.0,0.6437768240343348,0.18240343347639484,0.17381974248927037,0.0
4485,0,504.12,58,0,196,71.0,7,676.0,96.57142857142857,0.5714285714285714,3,7,2.0,0.0,19.0,0.43047337278106507,0.4363905325443787,0.13313609467455623,0.0
3961,0,508.75,28,0,739,15.0,5,400.0,80.0,0.6,2,5,1.6,0.0,77.0,0.0,0.65,0.35,0.0
2954,0,1622.0,24,0,625,10.0,14,1235.35,88.23928571428571,0.5,4,11,1.5,0.03214285714285714,29.46153846153846,0.06969684704739547,0.47294289067875506,0.09713846278382646,0.3602217994900231
4749,0,720.7,31,1,438,18.0,4,447.5,111.875,0.5,3,4,2.5,0.0,115.66666666666667,0.15083798882681565,0.24581005586592178,0.6033519553072626,0.0
2729,0,279.5,21,0,577,46.0,2,68.2,34.1,1.0,2,2,1.0,0.04999999999999999,305.0,0.6334310850439883,0.36656891495601174,0.0,0.0
3974,0,275.0,24,1,651,204.0,1,67.2,67.2,1.0,1,1,3.0,0.19999999999999996,204.0,0.0,0.0,1.0,0.0
5123,0,283.5,18,1,533,70.0,2,138.75,69.375,0.5,2,2,2.0,0.07500000000000001,175.0,0.17297297297297298,0.827027027027027,0.0,0.0
5496,0,265.0,42,0,293,230.0,1,54.0,54.0,1.0,1,1,2.0,0.09999999999999998,230.0,0.0,0.0,1.0,0.0
3366,0,466.75,38,0,97,7.0,1,30.0,30.0,1.0,1,1,1.0,0.0,7.0,0.0,0.0,1.0,0.0
3110,0,508.0,29,0,650,19.0,10,664.55,66.455,0.9,3,7,1.7,0.06500000000000002,37.55555555555556,0.1155669249868332,0.4916861033782259,0.392746971634941,0.0
2530,0,572.5,30,1,519,30.0,7,318.9,45.55714285714286,0.5714285714285714,3,7,1.5714285714285714,0.07142857142857142,52.0,0.32737535277516466,0.5785512699905927,0.09407337723424272,0.0
4059,0,63.0,46,1,178,128.0,2,188.0,94.0,0.5,1,2,1.5,0.0,7.0,1.0,0.0,0.0,0.0
5269,0,1046.1,32,0,923,7.0,10,1310.85,131.08499999999998,0.5,4,8,2.4,0.075,43.0,0.0794141206087653,0.3633138803066713,0.2826410344433002,0.2746309646412633
3497,0,913.25,50,0,761,221.0,5,409.0,81.8,0.4,2,5,1.6,0.059999999999999984,26.75,0.36674816625916873,0.6332518337408313,0.0,0.0
5008,0,1202.5,36,1,209,5.0,2,202.0,101.0,1.0,1,2,2.5,0.0,74.0,0.0,0.0,1.0,0.0
5844,0,30.0,48,0,455,13.0,1,75.0,75.0,0.0,1,1,1.0,0.0,13.0,0.0,1.0,0.0,0.0
4401,0,1084.75,33,0,909,14.0,9,444.4,49.37777777777777,0.4444444444444444,2,5,1.3333333333333333,0.07777777777777778,45.0,0.0,0.9495949594959496,0.050405040504050404,0.0
2062,0,543.25,35,1,297,26.0,3,261.5,87.16666666666667,0.6666666666666666,3,3,1.6666666666666667,0.08333333333333333,98.5,0.0,0.6309751434034416,0.1089866156787763,0.26003824091778205
3653,0,385.25,32,0,834,27.0,4,207.0,51.75,0.5,3,3,1.5,0.07499999999999998,76.66666666666667,0.08695652173913043,0.6521739130434783,0.2608695652173913,0.0
5845,0,913.3,56,0,908,58.0,6,361.5,60.25,0.8333333333333334,4,5,1.5,0.0,53.0,0.06224066390041494,0.4702627939142462,0.23236514522821577,0.2351313969571231
3509,0,270.0,30,1,882,5.0,8,869.75,108.71875,0.75,4,7,1.75,0.075,42.57142857142857,0.04397815464213854,0.3501006036217304,0.4679505605058925,0.13797068123023856
2488,0,910.5,18,1,174,6.0,2,131.0,65.5,1.0,2,2,2.0,0.0,21.0,0.732824427480916,0.26717557251908397,0.0,0.0
4162,0,2368.45,34,0,453,16.0,25,1685.05,67.402,0.8,4,15,1.32,0.04,15.625,0.22509717812527819,0.40755467196819084,0.1756624432509421,0.19168570665558887
2714,0,1284.92,21,1,649,72.0,10,877.8,87.78,0.8,4,9,1.7,0.05000000000000001,32.22222222222222,0.31818181818181823,0.2443609022556391,0.16404647983595352,0.2734107997265892
5908,0,391.5,19,0,578,375.0,1,63.75,63.75,0.0,1,1,1.0,0.15000000000000002,375.0,0.0,1.0,0.0,0.0
5862,0,635.0,31,0,396,142.0,3,199.75,66.58333333333333,0.0,1,3,1.3333333333333333,0.05000000000000001,99.5,0.0,1.0,0.0,0.0
2028,1,0.0,37,0,422,71.0,1,96.0,96.0,1.0,1,1,3.0,0.0,71.0,1.0,0.0,0.0,0.0
5542,0,591.0,32,1,628,106.0,3,975.0,325.0,0.6666666666666666,2,2,2.6666666666666665,0.09999999999999998,136.5,0.8769230769230769,0.12307692307692308,0.0,0.0
2628,0,584.12,29,0,659,13.0,3,312.5,104.16666666666667,0.6666666666666666,2,3,1.3333333333333333,0.0,68.5,0.072,0.0,0.928,0.0
2480,0,3727.85,32,1,115,10.0,7,468.7,66.95714285714286,0.7142857142857143,3,7,1.4285714285714286,0.03571428571428573,17.166666666666668,0.24578621719650098,0.4341796458288884,0.32003413697461064,0.0
5699,0,276.0,54,0,116,24.0,1,140.0,140.0,1.0,1,1,2.0,0.0,24.0,1.0,0.0,0.0,0.0
4671,0,1991.1,32,0,148,4.0,8,490.9,61.3625,0.875,3,6,1.375,0.02500000000000001,20.428571428571427,0.48767569769810554,0.45121205948258303,0.06111224281931147,0.0
5245,0,379.12,45,0,81,46.0,1,135.0,135.0,0.0,1,1,2.0,0.09999999999999998,46.0,0.0,1.0,0.0,0.0
3210,0,67.4,39,1,622,142.0,1,24.0,24.0,0.0,1,1,1.0,0.0,142.0,1.0,0.0,0.0,0.0
4975,0,906.0,36,0,363,42.0,5,264.15,52.83,0.6,2,4,1.2,0.13000000000000003,49.5,0.0,0.6255915199697142,0.3744084800302859,0.0
5450,0,1140.55,34,1,644,2.0,10,619.5,61.95,0.5,3,7,1.9,0.06999999999999999,37.666666666666664,0.0516545601291364,0.5770782889426957,0.37126715092816787,0.0
5505,0,485.0,29,0,778,8.0,3,264.0,88.0,0.3333333333333333,3,3,1.3333333333333333,0.05000000000000001,180.0,0.45075757575757575,0.20833333333333334,0.3409090909090909,0.0
5604,0,313.0,47,0,130,97.0,1,135.0,135.0,1.0,1,1,3.0,0.0,97.0,0.0,1.0,0.0,0.0
3130,0,1847.95,45,1,294,8.0,12,734.5,61.208333333333336,0.9166666666666666,3,8,1.5,0.05416666666666666,20.181818181818183,0.3342409802586794,0.5384615384615384,0.12729748127978216,0.0
5715,0,114.85,28,0,276,36.0,2,110.4,55.2,1.0,1,2,2.0,0.04999999999999999,67.0,0.0,0.0,1.0,0.0
4112,0,400.75,36,0,335,106.0,4,183.3,45.825,0.5,3,4,1.25,0.0625,40.333333333333336,0.22258592471358427,0.613747954173486,0.1636661211129296,0.0
4206,0,107.2,30,0,605,350.0,1,60.75,60.75,1.0,1,1,3.0,0.09999999999999998,350.0,1.0,0.0,0.0,0.0
3691,0,114.75,57,0,684,26.0,3,290.0,96.66666666666667,1.0,1,3,2.0,0.0,178.5,0.0,1.0,0.0,0.0
4168,0,1340.75,23,0,78,3.0,5,299.0,59.8,1.0,3,4,1.4,0.0,15.0,0.3210702341137124,0.5852842809364549,0.09364548494983277,0.0
4797,0,339.0,37,0,514,33.0,6,368.0,61.333333333333336,0.8333333333333334,3,5,2.0,0.09999999999999999,46.8,0.05502717391304348,0.7819293478260869,0.16304347826086957,0.0
4627,0,2700.5,51,1,69,40.0,5,286.5,57.3,0.6,3,5,1.4,0.07999999999999999,5.0,0.07853403141361257,0.7260034904013961,0.19546247818499127,0.0
4375,0,576.5,18,1,799,99.0,3,385.5,128.5,1.0,2,2,1.6666666666666667,0.06666666666666665,70.0,0.0,0.7198443579766537,0.0,0.2801556420233463
5306,0,347.35,27,1,212,24.0,5,462.0,92.4,0.6,3,4,1.6,0.0,35.5,0.06926406926406926,0.670995670995671,0.0,0.2597402597402597
2797,0,1924.1,44,1,447,16.0,4,198.0,49.5,0.75,2,4,1.0,0.0,105.66666666666667,0.0,0.40404040404040403,0.5959595959595959,0.0
3379,0,2791.95,31,0,474,6.0,36,3640.12,101.11444444444444,0.6388888888888888,4,16,1.8611111111111112,0.0458395061728395,10.114285714285714,0.13519334527433163,0.3747129215520368,0.22334428535323012,0.26674944782040155
4541,0,2075.15,30,0,589,44.0,12,829.35,69.1125,0.6666666666666666,4,10,1.75,0.05833333333333334,28.818181818181817,0.1544583107252668,0.3222403086754687,0.21583167540845238,0.30746970519081207
5509,0,704.38,31,1,920,28.0,14,1054.95,75.35357142857143,0.5,3,10,1.5714285714285714,0.10357142857142856,26.692307692307693,0.14000663538556327,0.7874780795298355,0.07251528508460116,0.0
3583,0,196.8,36,0,351,50.0,1,64.0,64.0,1.0,1,1,2.0,0.0,50.0,1.0,0.0,0.0,0.0
2324,0,1245.95,23,1,519,50.0,11,820.0,74.54545454545455,0.5454545454545454,3,9,1.4545454545454546,0.0,29.2,0.18292682926829268,0.4878048780487805,0.32926829268292684,0.0
2803,0,528.75,43,0,312,40.0,7,562.7,80.38571428571429,0.5714285714285714,4,7,1.2857142857142858,0.05000000000000001,29.833333333333332,0.07410698418340146,0.16882886084947574,0.21325750844144303,0.5438066465256797
5550,0,22.4,52,1,614,280.0,3,193.25,64.41666666666667,1.0,2,3,1.6666666666666667,0.05000000000000001,48.5,0.1979301423027167,0.8020698576972833,0.0,0.0
4224,0,1319.55,25,1,132,23.0,2,85.0,42.5,0.0,2,2,1.5,0.0,72.0,0.0,0.29411764705882354,0.7058823529411765,0.0
5504,0,1311.0,19,1,441,13.0,4,162.0,40.5,0.75,2,2,1.5,0.024999999999999994,99.66666666666667,0.0,0.46296296296296297,0.5370370370370371,0.0
4315,0,697.6,40,0,188,7.0,5,266.0,53.2,0.6,2,4,1.4,0.019999999999999997,44.75,0.0,0.5827067669172933,0.41729323308270677,0.0
2154,0,576.25,26,0,449,38.0,12,1428.5,119.04166666666667,0.5833333333333334,4,8,1.9166666666666667,0.05833333333333332,27.363636363636363,0.07175358767938397,0.6510325516275813,0.2016100805040252,0.07560378018900946
5244,0,474.0,35,1,320,127.0,3,135.0,45.0,0.6666666666666666,1,3,1.0,0.0,90.5,0.0,1.0,0.0,0.0
4941,0,1135.75,28,0,909,23.0,10,717.0,71.7,0.6,4,6,1.2,0.019999999999999997,35.888888888888886,0.22873082287308227,0.39748953974895396,0.04184100418410042,0.3319386331938633
2713,0,1020.12,25,1,170,4.0,7,529.0,75.57142857142857,0.8571428571428571,3,5,1.4285714285714286,0.0,27.5,0.12098298676748583,0.3686200378071834,0.5103969754253308,0.0
5458,0,895.5799999999999,50,1,596,19.0,4,405.6,101.4,0.75,2,4,2.0,0.0625,114.0,0.7287968441814596,0.27120315581854043,0.0,0.0
4681,0,1297.1,28,1,399,75.0,6,629.38,104.89666666666666,1.0,3,6,1.3333333333333333,0.024962962962962965,56.0,0.2722997235374495,0.293940068003432,0.0,0.4337602084591185
4879,0,220.0,38,1,589,81.0,2,192.0,96.0,1.0,2,2,2.0,0.04999999999999999,203.0,0.0,0.84375,0.15625,0.0
5376,0,535.0,35,1,865,95.0,3,144.3,48.1,1.0,2,3,1.0,0.08333333333333333,77.5,0.43866943866943864,0.0,0.5613305613305613,0.0
2117,0,688.1,24,0,895,111.0,5,428.0,85.6,0.8,3,4,1.4,0.0,40.5,0.0,0.735981308411215,0.06542056074766354,0.1985981308411215
4491,0,916.28,34,0,603,73.0,6,553.25,92.20833333333333,0.6666666666666666,2,4,1.6666666666666667,0.05833333333333333,57.2,0.0,0.8373248983280615,0.16267510167193855,0.0
3443,0,112.0,32,1,474,170.0,1,64.12,64.12,1.0,1,1,3.0,0.05007407407407405,170.0,1.0,0.0,0.0,0.0
2007,0,424.0,49,0,704,235.0,1,21.25,21.25,0.0,1,1,1.0,0.15000000000000002,235.0,0.0,1.0,0.0,0.0
3144,0,1156.9,35,0,602,85.0,11,1069.9,97.26363636363637,0.7272727272727273,4,9,2.090909090909091,0.05454545454545454,29.9,0.16076268810169173,0.42060005608000745,0.18029722403962986,0.23834003177867089
4048,0,3076.38,39,0,169,0.0,12,1511.75,125.97916666666667,0.75,4,10,1.9166666666666667,0.0375,15.272727272727273,0.07607077889862741,0.38812634364147514,0.2976682652554986,0.23813461220439888
4376,0,602.63,42,1,275,33.0,4,542.0,135.5,0.5,2,3,2.25,0.024999999999999994,74.33333333333333,0.0,0.24907749077490776,0.7509225092250923,0.0
2846,0,200.75,48,0,428,79.0,1,45.6,45.6,1.0,1,1,1.0,0.04999999999999993,79.0,1.0,0.0,0.0,0.0
4341,0,1162.4,43,0,910,210.0,2,214.0,107.0,0.5,2,2,1.5,0.14999999999999997,28.0,0.0,0.24299065420560748,0.7570093457943925,0.0
5073,0,712.25,35,0,548,4.0,9,834.8,92.75555555555555,0.7777777777777778,3,7,2.0,0.022222222222222216,46.0,0.35313847628174416,0.31145184475323434,0.3354096789650216,0.0
2212,0,155.25,56,0,468,30.0,5,401.12,80.224,0.8,4,5,2.0,0.0800148148148148,61.0,0.39918228958915036,0.0498603909054647,0.12714399680893498,0.42381332269644995
3833,0,167.5,52,1,459,144.0,2,73.0,36.5,1.0,2,2,1.0,0.09999999999999998,60.0,0.2465753424657534,0.7534246575342466,0.0,0.0
2592,0,629.75,39,0,572,127.0,3,480.0,160.0,0.6666666666666666,3,3,2.0,0.0,97.0,0.0,0.09375,0.375,0.53125
2344,0,1618.2,48,1,866,48.0,13,1306.15,100.47307692307693,0.6923076923076923,4,11,1.6153846153846154,0.061538461538461535,24.916666666666668,0.11897561535811353,0.23791295027370515,0.13321593997626613,0.5098954943919152
4899,0,586.55,23,1,809,12.0,11,955.0,86.81818181818181,0.5454545454545454,4,8,1.5454545454545454,0.02727272727272728,23.3,0.02356020942408377,0.599476439790576,0.06282722513089005,0.31413612565445026
3898,0,410.0,19,0,757,1.0,2,156.0,78.0,0.5,2,2,2.0,0.0,284.0,0.6153846153846154,0.0,0.38461538461538464,0.0
3197,0,1141.25,32,0,169,39.0,4,201.6,50.4,0.5,2,3,1.75,0.04999999999999999,37.666666666666664,0.6031746031746031,0.39682539682539686,0.0,0.0
5309,0,465.5,34,0,365,6.0,5,465.5,93.1,0.8,3,5,2.0,0.05,59.5,0.44683136412459723,0.11815252416756176,0.43501611170784105,0.0
2545,0,199.6,38,1,477,80.0,2,90.0,45.0,1.0,1,1,2.0,0.09999999999999998,232.0,0.0,1.0,0.0,0.0
5338,0,295.3,39,1,234,9.0,4,333.5,83.375,0.75,3,4,1.75,0.07499999999999998,73.0,0.2098950524737631,0.5022488755622189,0.0,0.28785607196401797
4640,0,1391.12,30,1,186,47.0,4,419.0,104.75,0.75,3,4,2.5,0.037500000000000006,39.333333333333336,0.0,0.4295942720763723,0.2840095465393795,0.2863961813842482
5276,0,3538.63,18,1,515,26.0,33,2108.67,63.89909090909091,0.7878787878787878,4,12,1.6363636363636365,0.05152188552188552,11.5,0.24656299942617857,0.4506395026248773,0.18566205238373001,0.11713544556521409
3296,0,446.5,23,0,325,17.0,7,553.5,79.07142857142857,0.8571428571428571,3,7,1.5714285714285714,0.04285714285714285,51.333333333333336,0.17344173441734417,0.6422764227642277,0.1842818428184282,0.0
5539,0,352.0,31,0,600,18.0,8,707.0,88.375,0.625,3,7,1.625,0.11874999999999998,51.857142857142854,0.41937765205091937,0.18741159830268742,0.3932107496463932,0.0
2886,0,431.7,32,0,245,1.0,2,94.0,47.0,0.5,2,2,1.5,0.0,25.0,0.2553191489361702,0.7446808510638298,0.0,0.0
3992,0,1182.77,18,1,125,23.0,4,195.0,48.75,0.5,2,3,1.25,0.0,14.333333333333334,0.0,0.38461538461538464,0.6153846153846154,0.0
5665,0,228.6,39,1,187,65.0,2,109.0,54.5,0.5,2,2,2.0,0.0,112.0,0.0,0.22935779816513763,0.7706422018348624,0.0
3584,0,908.7,38,0,695,75.0,4,228.1,57.025,0.75,3,3,1.75,0.0625,105.0,0.25252082419991234,0.24112231477422183,0.5063568610258659,0.0
2775,0,587.75,35,0,774,79.0,18,1721.3,95.62777777777778,0.7222222222222222,4,13,1.6111111111111112,0.030555555555555558,16.647058823529413,0.19432986696101784,0.30151629582292455,0.13117992215186197,0.3729739150641957
2435,0,1565.72,34,1,118,65.0,2,165.0,82.5,1.0,2,2,1.0,0.0,1.0,0.0,0.3333333333333333,0.6666666666666666,0.0
2116,0,646.45,29,1,836,10.0,13,1176.85,90.52692307692307,0.6153846153846154,4,8,1.6923076923076923,0.06923076923076922,29.833333333333332,0.28975655351149254,0.39193610060755407,0.022602710625823176,0.29570463525513024
4692,0,866.0,27,1,163,12.0,2,166.0,83.0,0.5,1,2,1.5,0.0,36.0,0.0,0.0,1.0,0.0
5075,0,2516.25,31,0,743,0.0,23,1968.37,85.58130434782608,0.4782608695652174,4,15,1.608695652173913,0.028270531400966182,17.863636363636363,0.1575516798162947,0.492158486463419,0.14199566138480063,0.20829417233548572
4080,0,272.0,37,1,783,13.0,3,168.0,56.0,0.3333333333333333,3,3,1.0,0.05000000000000001,133.0,0.13392857142857142,0.0,0.15178571428571427,0.7142857142857143
2587,0,406.0,32,0,909,74.0,3,167.0,55.666666666666664,1.0,3,3,1.0,0.033333333333333326,82.5,0.0,0.32934131736526945,0.16167664670658682,0.5089820359281437
3177,0,1440.45,34,0,633,7.0,12,897.0,74.75,0.6666666666666666,3,6,1.75,0.06666666666666667,30.636363636363637,0.33166109253065773,0.17279821627647715,0.4955406911928651,0.0
4898,0,116.25,27,0,648,37.0,2,53.75,26.875,0.0,2,2,1.0,0.07500000000000001,289.0,0.44651162790697674,0.5534883720930233,0.0,0.0
2711,0,110.25,32,1,283,15.0,8,399.12,49.89,0.75,3,6,1.0,0.018777777777777768,30.142857142857142,0.047905391862096615,0.6764882742032471,0.2756063339346562,0.0
3652,0,370.5,18,0,924,242.0,1,50.4,50.4,1.0,1,1,2.0,0.09999999999999998,242.0,0.0,0.0,1.0,0.0
3578,0,624.8,25,0,78,35.0,2,57.25,28.625,1.0,2,2,1.5,0.175,8.0,0.62882096069869,0.37117903930131,0.0,0.0
2988,1,0.0,43,1,708,211.0,1,240.0,240.0,1.0,1,1,2.0,0.0,211.0,0.0,0.0,0.0,1.0
2081,0,244.0,19,1,343,136.0,3,123.5,41.166666666666664,0.3333333333333333,2,3,1.6666666666666667,0.05000000000000001,60.5,0.4230769230769231,0.5769230769230769,0.0,0.0
2055,0,180.0,38,1,317,57.0,3,175.0,58.333333333333336,0.0,2,3,2.0,0.0,49.5,0.2571428571428571,0.7428571428571429,0.0,0.0
4542,0,759.75,36,1,780,47.0,5,304.0,60.8,0.6,2,3,1.6,0.06999999999999999,73.0,0.7697368421052632,0.23026315789473684,0.0,0.0
3181,0,480.0,23,0,727,117.0,4,501.0,125.25,1.0,3,3,2.0,0.07500000000000001,83.66666666666667,0.0,0.1497005988023952,0.17964071856287425,0.6706586826347305
3449,0,287.5,52,0,816,110.0,4,363.5,90.875,0.75,2,4,1.5,0.024999999999999994,83.66666666666667,0.0,0.5048143053645117,0.4951856946354883,0.0
2159,0,1626.05,42,1,575,40.0,16,1349.3,84.33125,0.5,4,9,1.75,0.071875,20.933333333333334,0.05691840213444008,0.5406507077744016,0.08226487808493294,0.32016601200622546
5181,0,490.5,26,0,507,11.0,5,510.25,102.05,0.4,4,4,1.6,0.019999999999999997,84.25,0.03968642822146007,0.2645761881430671,0.5291523762861342,0.16658500734933857
2986,0,2627.03,47,0,749,5.0,24,1754.95,73.12291666666667,0.5416666666666666,3,10,1.7916666666666667,0.075,15.826086956521738,0.3430012251061284,0.3663922049061227,0.2906065699877489,0.0
2084,0,335.5,48,0,101,22.0,3,227.0,75.66666666666667,0.6666666666666666,3,3,1.0,0.0,21.5,0.14096916299559473,0.3303964757709251,0.0,0.5286343612334802
5875,0,1475.75,18,0,490,43.0,9,497.75,55.30555555555556,0.8888888888888888,4,7,1.1111111111111112,0.044444444444444446,43.875,0.09040683073832245,0.5509794073329984,0.1878453038674033,0.17076845806127575
4978,0,1318.05,33,0,646,75.0,13,721.1,55.46923076923077,0.5384615384615384,3,8,1.5384615384615385,0.10384615384615385,24.583333333333332,0.2802662598807377,0.5533213146581611,0.16641242546110108,0.0
2347,0,1002.9,39,0,737,77.0,12,1311.95,109.32916666666667,0.4166666666666667,4,9,1.9166666666666667,0.029166666666666674,24.636363636363637,0.3622089256450322,0.19227104691489766,0.3083196768169519,0.13720035062311825
5880,0,1657.4,18,0,366,12.0,19,1737.7,91.4578947368421,0.5263157894736842,4,12,1.736842105263158,0.07105263157894737,17.555555555555557,0.15460090924785636,0.4793692812338148,0.24129596593197905,0.12473384358634977
5480,0,528.25,26,0,181,15.0,4,778.0,194.5,1.0,3,4,2.0,0.0,54.666666666666664,0.0,0.2699228791773779,0.03598971722365039,0.6940874035989717
2534,0,249.0,28,0,489,72.0,1,105.0,105.0,1.0,1,1,3.0,0.0,72.0,0.0,1.0,0.0,0.0
4410,0,444.25,39,1,766,104.0,3,228.8,76.26666666666667,1.0,3,3,1.0,0.05000000000000001,124.0,0.6555944055944055,0.24038461538461536,0.10402097902097902,0.0
3368,0,1537.5,41,1,251,25.0,11,1173.2,106.65454545454546,0.6363636363636364,4,9,1.9090909090909092,0.07272727272727271,21.7,0.10569382884418684,0.40743266280259116,0.38458915785884756,0.10228435049437436
4798,0,2455.8,37,1,389,8.0,32,2710.17,84.6928125,0.6875,3,13,1.96875,0.07969444444444444,12.064516129032258,0.23501108786533684,0.6640727334447655,0.10091617868989768,0.0
2923,0,550.8,24,1,899,32.0,12,1308.0,109.0,0.75,3,8,1.75,0.025000000000000005,32.45454545454545,0.11467889908256881,0.4801223241590214,0.0,0.40519877675840976
5069,0,442.5,18,0,259,24.0,2,50.5,25.25,1.0,2,2,1.0,0.09999999999999998,179.0,0.44554455445544555,0.5544554455445545,0.0,0.0
5423,0,340.6,18,0,439,80.0,5,567.4,113.47999999999999,0.4,3,5,2.4,0.09000000000000001,43.5,0.15650334860768417,0.11455763130066973,0.7289390200916461,0.0
3445,0,30.0,55,0,832,270.0,2,427.5,213.75,0.5,2,2,2.0,0.04999999999999999,35.0,0.0,0.15789473684210525,0.0,0.8421052631578947
3769,0,441.25,24,0,375,21.0,5,316.25,63.25,0.6,2,3,2.2,0.040000000000000015,69.5,0.0,0.5968379446640316,0.4031620553359684,0.0
2323,0,60.0,36,1,779,279.0,2,151.5,75.75,0.5,2,2,2.0,0.04999999999999999,18.0,0.0,0.49504950495049505,0.0,0.504950495049505
2444,0,313.0,53,1,403,1.0,2,128.4,64.2,1.0,1,2,2.5,0.10000000000000003,389.0,1.0,0.0,0.0,0.0
3847,0,610.0,34,1,628,76.0,5,204.15,40.83,0.6,2,4,1.6,0.15,66.25,0.1978937056086211,0.8021062943913788,0.0,0.0
5840,0,788.0,33,1,624,8.0,15,1459.45,97.29666666666667,0.7333333333333333,4,10,2.1333333333333333,0.04,26.642857142857142,0.1830826681284045,0.6154715817602522,0.1233341327212306,0.07811161739011271
3133,0,375.37,32,0,437,21.0,6,569.0,94.83333333333333,0.8333333333333334,3,6,1.6666666666666667,0.06666666666666667,66.4,0.035588752196836555,0.6612478031634447,0.3031634446397188,0.0
5379,1,0.0,52,0,296,55.0,1,45.0,45.0,1.0,1,1,2.0,0.0,55.0,1.0,0.0,0.0,0.0
4421,0,474.2,36,0,481,21.0,5,291.45,58.29,1.0,4,5,1.4,0.12,88.75,0.19763252702007206,0.42031223194372963,0.16332132441242067,0.21873391662377767
4197,0,773.75,23,0,226,87.0,4,1247.5,311.875,0.5,2,3,2.75,0.05000000000000002,43.333333333333336,0.15591182364729458,0.0,0.0,0.8440881763527054
3447,0,376.4,40,0,908,26.0,8,813.0,101.625,0.625,4,7,1.5,0.056249999999999994,46.714285714285715,0.17220172201722017,0.48093480934809346,0.22140221402214022,0.12546125461254612
2119,0,697.5,72,1,586,235.0,5,239.8,47.96,1.0,2,5,1.4,0.12,23.75,0.0,0.5629691409507923,0.43703085904920763,0.0
3613,0,1144.2,36,0,724,3.0,6,535.0,89.16666666666667,0.6666666666666666,4,6,1.1666666666666667,0.016666666666666663,68.4,0.13177570093457944,0.14299065420560747,0.052336448598130844,0.6728971962616822
2608,0,388.2,55,0,285,272.0,1,35.0,35.0,1.0,1,1,1.0,0.0,272.0,0.0,1.0,0.0,0.0
5984,0,744.0,41,0,110,13.0,2,175.0,87.5,0.5,2,2,1.0,0.0,39.0,0.0,0.3142857142857143,0.0,0.6857142857142857
5675,0,1245.65,48,1,715,12.0,15,876.5,58.43333333333333,0.7333333333333333,4,11,1.0666666666666667,0.019999999999999997,24.571428571428573,0.22589845978322876,0.22875071306332,0.3399885909868796,0.2053622361665716
2777,0,771.5,23,0,182,42.0,2,390.0,195.0,1.0,2,2,2.0,0.09999999999999998,29.0,0.9230769230769231,0.0,0.07692307692307693,0.0
3908,0,176.0,28,1,424,271.0,1,180.0,180.0,0.0,1,1,1.0,0.0,271.0,0.0,0.0,0.0,1.0
2565,0,1418.0,37,1,593,11.0,7,504.0,72.0,1.0,3,6,1.4285714285714286,0.03571428571428571,62.5,0.23809523809523808,0.5763888888888888,0.18551587301587302,0.0
3164,0,492.4,36,0,310,35.0,7,417.15,59.59285714285714,0.5714285714285714,4,6,1.5714285714285714,0.049999999999999996,42.666666666666664,0.45283471173438816,0.1875824044108834,0.0719165767709457,0.2876663070837828
4242,0,638.5,18,1,390,5.0,14,1316.0,94.0,0.7857142857142857,4,10,1.7142857142857142,0.021428571428571432,28.076923076923077,0.28799392097264437,0.41907294832826747,0.01937689969604863,0.2735562310030395
4505,0,406.0,27,0,534,4.0,7,449.65,64.23571428571428,0.5714285714285714,3,6,1.5714285714285714,0.05714285714285715,51.5,0.19214944957188926,0.6177026576225954,0.19014789280551542,0.0
3894,0,275.0,38,1,808,109.0,5,550.0,110.0,0.6,3,4,1.2,0.0,66.5,0.5454545454545454,0.12727272727272726,0.32727272727272727,0.0
5942,0,1711.9,22,1,760,39.0,8,544.75,68.09375,0.5,3,7,1.875,0.08124999999999999,48.42857142857143,0.33822854520422213,0.5516291877007802,0.1101422670949977,0.0
5140,0,80.0,30,0,869,150.0,1,165.0,165.0,1.0,1,1,3.0,0.0,150.0,0.0,1.0,0.0,0.0
2840,0,991.75,34,0,102,19.0,3,171.0,57.0,0.6666666666666666,2,2,1.6666666666666667,0.0,38.0,0.5614035087719298,0.43859649122807015,0.0,0.0
5937,0,1388.35,39,0,266,18.0,6,504.25,84.04166666666667,0.5,3,6,2.0,0.05833333333333333,46.6,0.3173029251363411,0.6291522062469014,0.053544868616757564,0.0
5308,0,667.5,36,0,68,29.0,1,25.0,25.0,1.0,1,1,1.0,0.0,29.0,0.0,1.0,0.0,0.0
2114,0,646.0,23,0,471,47.0,6,478.35,79.72500000000001,0.6666666666666666,3,5,1.8333333333333333,0.04999999999999999,62.0,0.30103480714957664,0.6433573743075154,0.055607818542907916,0.0
5932,0,159.6,35,0,265,93.0,1,55.0,55.0,1.0,1,1,1.0,0.0,93.0,0.0,1.0,0.0,0.0
3381,0,483.0,28,1,507,122.0,2,218.0,109.0,0.5,1,2,2.5,0.09999999999999998,104.0,0.0,1.0,0.0,0.0
2527,0,2155.1,33,0,406,5.0,14,1623.75,115.98214285714286,0.8571428571428571,4,10,1.7142857142857142,0.049999999999999996,28.76923076923077,0.09237875288683603,0.3099307159353349,0.3020785219399538,0.2956120092378753
3937,0,288.0,41,0,190,90.0,1,23.75,23.75,0.0,1,1,1.0,0.050000000000000044,90.0,0.0,1.0,0.0,0.0
2361,0,1842.1,43,1,130,6.0,9,893.0,99.22222222222223,0.4444444444444444,3,6,1.6666666666666667,0.0,12.625,0.22172452407614782,0.3751399776035834,0.40313549832026874,0.0
3125,0,1155.5,26,0,897,21.0,5,419.8,83.96000000000001,0.8,3,5,1.8,0.07000000000000002,91.0,0.3925678894711767,0.3215817055740829,0.0,0.28585040495474034
2934,0,4360.6,29,1,587,7.0,35,2398.65,68.53285714285714,0.6571428571428571,3,13,1.5714285714285714,0.038571428571428576,11.176470588235293,0.39317949680028347,0.38573781085193753,0.22108269234777894,0.0
4986,0,1111.4,44,0,570,23.0,10,986.4,98.64,0.5,4,10,1.6,0.015000000000000003,37.888888888888886,0.2599351175993512,0.22303325223033252,0.22303325223033252,0.2939983779399838
5900,0,1222.25,19,0,380,1.0,11,946.0,86.0,0.8181818181818182,4,8,1.6363636363636365,0.0909090909090909,37.4,0.04281183932346723,0.32610993657505283,0.14904862579281183,0.4820295983086681
5483,0,907.25,36,0,676,70.0,11,613.7,55.790909090909096,0.5454545454545454,4,8,1.4545454545454546,0.08636363636363636,31.8,0.07821411112921622,0.2615284340883168,0.39709956004562486,0.2631578947368421
4748,0,49.5,42,1,916,80.0,4,438.25,109.5625,0.75,2,3,1.75,0.05000000000000002,75.33333333333333,0.0,0.414717626925271,0.5852823730747291,0.0
5746,0,654.0,33,1,904,81.0,5,325.65,65.13,0.8,2,4,1.8,0.059999999999999984,77.25,0.6522339935513589,0.3477660064486412,0.0,0.0
2183,0,752.4,20,1,538,10.0,8,628.75,78.59375,0.375,4,6,2.25,0.03125,42.142857142857146,0.2147117296222664,0.28429423459244535,0.3101391650099404,0.1908548707753479
5290,0,130.0,51,0,480,107.0,4,418.25,104.5625,1.0,3,4,1.5,0.037500000000000006,46.666666666666664,0.16736401673640167,0.40227136879856545,0.4303646144650329,0.0
5653,0,154.25,40,0,675,81.0,2,190.0,95.0,1.0,2,2,1.5,0.09999999999999998,149.0,0.3684210526315789,0.631578947368421,0.0,0.0
2445,0,296.25,38,0,221,86.0,2,138.0,69.0,1.0,2,2,1.0,0.09999999999999998,123.0,0.0,0.34782608695652173,0.6521739130434783,0.0
2577,0,356.0,46,0,150,6.0,3,358.0,119.33333333333333,1.0,2,3,2.0,0.0,54.5,0.0893854748603352,0.0,0.9106145251396648,0.0
2312,0,769.0,48,0,286,89.0,6,313.25,52.208333333333336,0.5,3,6,1.3333333333333333,0.041666666666666664,33.6,0.2911412609736632,0.441340782122905,0.2675179569034318,0.0
2025,0,164.75,28,0,567,62.0,4,435.0,108.75,0.25,2,4,2.25,0.0,79.66666666666667,0.0,0.8620689655172413,0.13793103448275862,0.0
3665,0,1122.75,18,0,592,32.0,10,794.5,79.45,0.6,3,8,2.4,0.045000000000000005,39.22222222222222,0.5997482693517936,0.10069225928256766,0.29955947136563876,0.0
2268,0,734.5,18,0,399,218.0,5,615.25,123.05,0.6,3,5,2.2,0.08,43.25,0.15603413246647704,0.712312068264933,0.13165379926859,0.0
2297,0,260.0,40,0,367,234.0,1,29.75,29.75,1.0,1,1,1.0,0.15000000000000002,234.0,0.0,1.0,0.0,0.0
2101,0,1213.3,55,0,242,28.0,5,533.0,106.6,1.0,4,5,1.6,0.09,52.25,0.0900562851782364,0.2626641651031895,0.10694183864915573,0.5403377110694184
5623,0,1368.75,25,0,557,33.0,6,541.0,90.16666666666667,0.8333333333333334,3,5,2.0,0.06666666666666667,46.8,0.08872458410351201,0.7698706099815157,0.1414048059149723,0.0
3599,0,1532.55,51,0,111,55.0,3,202.0,67.33333333333333,0.6666666666666666,2,3,1.6666666666666667,0.0,7.5,0.15841584158415842,0.8415841584158416,0.0,0.0
2295,0,552.15,18,0,317,17.0,5,314.7,62.94,0.8,3,5,1.0,0.030000000000000006,67.0,0.63457260883381,0.07944073721004132,0.28598665395614875,0.0
4894,0,1697.95,24,1,778,32.0,13,1481.42,113.95538461538462,0.8461538461538461,3,10,2.3846153846153846,0.06924786324786324,30.166666666666668,0.12145104021816906,0.7246425726667657,0.15390638711506527,0.0
5721,0,868.5,18,1,489,10.0,9,603.2,67.02222222222223,0.4444444444444444,4,5,1.5555555555555556,0.038888888888888876,36.25,0.2771883289124668,0.09118037135278514,0.3332228116710875,0.29840848806366044
3638,0,470.0,33,1,259,93.0,2,90.0,45.0,0.0,2,2,1.0,0.0,55.0,0.0,0.6666666666666666,0.3333333333333333,0.0
2209,0,475.25,38,0,430,20.0,7,392.8,56.114285714285714,0.7142857142857143,4,7,1.4285714285714286,0.042857142857142864,60.666666666666664,0.28105906313645623,0.20366598778004072,0.20977596741344195,0.30549898167006106
4155,0,361.5,19,1,837,49.0,2,140.5,70.25,1.0,2,2,1.5,0.125,170.0,0.0,0.4234875444839858,0.5765124555160143,0.0
3968,0,64.05,41,0,908,119.0,1,50.0,50.0,1.0,1,1,2.0,0.0,119.0,0.0,1.0,0.0,0.0
3476,0,3570.46,21,1,879,17.0,22,2003.75,91.07954545454545,0.7272727272727273,4,13,1.4545454545454546,0.020454545454545458,16.38095238095238,0.1552089831565814,0.27735495945102934,0.21709295071740486,0.3503431066749844
5127,0,1199.35,46,0,250,47.0,10,514.0,51.4,0.8,4,6,1.2,0.12,22.22222222222222,0.13618677042801555,0.5656614785992218,0.1575875486381323,0.14056420233463035
3336,0,648.4,45,1,291,33.0,5,476.55,95.31,0.6,2,5,2.0,0.06000000000000001,36.75,0.06043437204910293,0.939565627950897,0.0,0.0
2724,0,309.8,28,1,598,98.0,4,470.75,117.6875,0.75,3,4,1.5,0.037500000000000006,82.33333333333333,0.0,0.11630377057886351,0.11895910780669144,0.7647371216144451
5717,0,1428.0,22,1,142,35.0,2,315.0,157.5,1.0,2,2,2.5,0.04999999999999999,81.0,0.0,0.14285714285714285,0.8571428571428571,0.0
4029,0,763.0,30,0,857,208.0,4,276.0,69.0,0.75,2,4,1.25,0.04999999999999999,62.0,0.2028985507246377,0.7971014492753623,0.0,0.0
2369,0,2393.25,40,0,287,42.0,5,487.0,97.4,0.8,3,4,1.4,0.09999999999999998,51.75,0.1971252566735113,0.162217659137577,0.0,0.6406570841889117
2132,0,2161.2,26,0,207,3.0,14,835.25,59.660714285714285,0.7142857142857143,3,8,1.8571428571428572,0.024999999999999998,15.692307692307692,0.2837473810236456,0.48398683029033224,0.23226578868602216,0.0
5033,0,1075.25,18,1,661,13.0,12,960.05,80.00416666666666,0.8333333333333334,4,10,1.5833333333333333,0.05416666666666667,30.818181818181817,0.06593406593406594,0.6528305817405344,0.03124837248059997,0.24998697984479976
2561,0,2289.0,42,1,907,6.0,11,638.25,58.02272727272727,0.8181818181818182,4,10,1.3636363636363635,0.1,27.6,0.10434782608695652,0.6067371719545632,0.1291030160595378,0.1598119858989424
3615,0,188.0,42,0,699,19.0,3,190.0,63.333333333333336,0.3333333333333333,1,3,1.3333333333333333,0.0,25.0,0.0,1.0,0.0,0.0
2162,0,200.0,18,1,365,40.0,4,224.9,56.225,1.0,2,3,1.5,0.125,80.66666666666667,0.0,0.9004001778568252,0.09959982214317474,0.0
2707,0,292.5,30,1,490,182.0,2,124.88,62.44,0.0,2,2,3.0,0.12496296296296289,51.0,0.4594811018577835,0.5405188981422165,0.0,0.0
3819,0,852.5,30,1,108,39.0,3,140.0,46.666666666666664,0.6666666666666666,3,3,1.0,0.0,16.0,0.0,0.17857142857142858,0.21428571428571427,0.6071428571428571
5719,0,1186.58,34,1,723,102.0,6,858.5,143.08333333333334,0.6666666666666666,3,5,1.6666666666666667,0.0,43.2,0.13803145020384391,0.23296447291788003,0.0,0.6290040768782761
5789,0,1710.15,39,0,386,6.0,13,1073.5,82.57692307692308,0.6153846153846154,3,9,1.6153846153846154,0.0423076923076923,22.25,0.27713088029809035,0.31020027945971124,0.4126688402421984,0.0
4362,0,683.5,37,0,339,34.0,12,814.8,67.89999999999999,0.75,4,10,1.4166666666666667,0.09166666666666667,21.545454545454547,0.0978767795778105,0.19728767795778107,0.5575601374570447,0.14727540500736377
5236,0,22.5,36,1,424,173.0,1,180.0,180.0,1.0,1,1,1.0,0.0,173.0,0.0,0.0,0.0,1.0
2927,0,365.0,20,0,764,150.0,4,255.2,63.8,0.5,3,4,1.5,0.09999999999999998,79.33333333333333,0.4749216300940439,0.40752351097178685,0.11755485893416928,0.0
5312,0,538.5,41,1,362,83.0,6,314.8,52.46666666666667,1.0,2,5,1.3333333333333333,0.04999999999999999,51.4,0.26937738246505716,0.7306226175349428,0.0,0.0
4050,0,275.0,45,0,454,78.0,3,241.6,80.53333333333333,0.3333333333333333,2,3,2.0,0.05000000000000001,86.0,0.33774834437086093,0.6622516556291391,0.0,0.0
4993,0,1435.25,18,1,76,5.0,5,442.7,88.53999999999999,0.6,3,5,2.2,0.07000000000000002,17.75,0.3596114750395301,0.3693245990512763,0.2710639259091936,0.0
5190,0,2314.4,42,1,603,11.0,9,824.5,91.61111111111111,0.7777777777777778,3,7,1.6666666666666667,0.03888888888888889,47.875,0.0,0.5682231655548817,0.06791995148574893,0.3638568829593693
3684,0,593.0,24,0,814,117.0,3,92.0,30.666666666666668,0.3333333333333333,2,3,1.3333333333333333,0.08333333333333333,63.0,0.592391304347826,0.4076086956521739,0.0,0.0
3796,0,1356.87,43,1,812,4.0,25,2129.95,85.198,0.6,4,15,1.76,0.062,16.0,0.26629733092326113,0.24848001126787017,0.34578276485363507,0.1394398929552337
2855,0,2376.65,26,1,139,1.0,6,360.0,60.0,0.6666666666666666,3,5,1.8333333333333333,0.0,15.0,0.125,0.5416666666666666,0.3333333333333333,0.0
3663,1,0.0,51,0,468,130.0,1,24.0,24.0,1.0,1,1,1.0,0.0,130.0,1.0,0.0,0.0,0.0
3748,0,120.0,28,1,873,106.0,2,330.0,165.0,1.0,2,2,2.0,0.0,108.0,0.0,0.45454545454545453,0.5454545454545454,0.0
2651,0,927.0,28,0,125,45.0,3,230.0,76.66666666666667,0.3333333333333333,2,2,2.3333333333333335,0.0,25.5,0.0,0.6086956521739131,0.391304347826087,0.0
4825,0,1609.25,34,1,746,9.0,16,1124.65,70.290625,0.5625,4,10,1.5625,0.0375,24.266666666666666,0.12270484150624637,0.4961543591339527,0.044813942115324766,0.33632685724447603
4561,0,28.0,27,1,703,19.0,4,263.75,65.9375,0.5,1,3,1.75,0.0625,87.66666666666667,0.0,1.0,0.0,0.0
3204,1,0.0,40,0,92,63.0,1,125.0,125.0,1.0,1,1,5.0,0.0,63.0,0.0,1.0,0.0,0.0
2762,0,1347.0,39,1,521,6.0,7,565.0,80.71428571428571,0.42857142857142855,3,6,1.8571428571428572,0.07857142857142856,52.833333333333336,0.2743362831858407,0.5132743362831859,0.21238938053097345,0.0
3242,0,734.3,18,1,641,57.0,7,582.5,83.21428571428571,0.7142857142857143,3,7,1.5714285714285714,0.04285714285714285,55.5,0.2034334763948498,0.6111587982832618,0.0,0.1854077253218884
4819,0,59.5,31,1,406,347.0,1,33.25,33.25,1.0,1,1,1.0,0.050000000000000044,347.0,0.0,1.0,0.0,0.0
5300,0,813.2,35,0,255,26.0,7,571.5,81.64285714285714,0.7142857142857143,2,5,1.7142857142857142,0.014285714285714282,31.5,0.05599300087489064,0.9440069991251093,0.0,0.0
5534,0,543.65,36,1,783,28.0,12,967.6,80.63333333333334,0.5833333333333334,3,10,1.5833333333333333,0.037499999999999985,31.0,0.2600248036378669,0.4712691194708557,0.2687060768912774,0.0
4507,0,617.3,29,1,110,13.0,3,354.8,118.26666666666667,0.6666666666666666,3,3,2.3333333333333335,0.06666666666666665,35.0,0.08117249154453213,0.7609921082299888,0.15783540022547915,0.0
2882,0,832.25,26,1,510,7.0,7,586.5,83.78571428571429,0.5714285714285714,3,6,1.5714285714285714,0.03571428571428571,62.666666666666664,0.10741687979539642,0.7391304347826086,0.1534526854219949,0.0
2635,0,124.0,34,0,164,15.0,3,802.0,267.3333333333333,0.3333333333333333,2,3,2.6666666666666665,0.0,55.5,0.0399002493765586,0.0,0.0,0.9600997506234414
5173,0,38.25,33,0,205,71.0,2,73.0,36.5,0.0,2,2,1.5,0.0,81.0,0.6575342465753424,0.3424657534246575,0.0,0.0
5735,0,539.15,28,0,102,38.0,1,54.0,54.0,1.0,1,1,2.0,0.09999999999999998,38.0,0.0,0.0,1.0,0.0
4036,0,2576.75,27,1,500,16.0,28,2116.95,75.60535714285713,0.6428571428571429,4,15,1.5714285714285714,0.0625,13.703703703703704,0.20763362384562697,0.4433264838564917,0.3036916318288103,0.045348260469071075
4607,0,295.0,37,1,573,3.0,3,173.4,57.800000000000004,0.6666666666666666,3,3,1.0,0.0666666666666667,183.0,0.2214532871972318,0.25951557093425603,0.5190311418685121,0.0
3079,0,76.5,28,1,791,326.0,2,152.0,76.0,0.5,2,2,3.0,0.0,30.0,0.631578947368421,0.0,0.3684210526315789,0.0
5442,0,601.0,30,0,578,43.0,10,849.85,84.985,0.8,4,9,1.5,0.05,35.44444444444444,0.09601694416661763,0.49802906395246216,0.3059363417073601,0.10001765017356004
4821,0,3190.1,34,0,69,46.0,2,155.5,77.75,0.5,1,2,1.5,0.14999999999999997,1.0,0.0,1.0,0.0,0.0
2256,0,681.5,35,0,712,21.0,9,712.75,79.19444444444444,0.5555555555555556,2,8,1.3333333333333333,0.03888888888888889,45.125,0.0,0.7193967029112592,0.28060329708874077,0.0
3111,0,2798.75,46,0,914,10.0,23,1961.1,85.26521739130435,0.6521739130434783,4,13,1.6956521739130435,0.058695652173913045,17.272727272727273,0.19203508235174138,0.5937993982968742,0.16521340064249657,0.04895211870888787
2157,0,48.0,29,1,592,64.0,1,90.0,90.0,0.0,1,1,1.0,0.0,64.0,0.0,0.0,1.0,0.0
2124,0,195.0,36,1,104,25.0,1,75.0,75.0,1.0,1,1,1.0,0.0,25.0,0.0,1.0,0.0,0.0
3314,0,1013.0,19,1,609,52.0,9,562.5,62.5,0.7777777777777778,4,7,1.4444444444444444,0.03888888888888889,42.625,0.224,0.36,0.20266666666666666,0.21333333333333335
5188,0,171.0,52,1,207,24.0,2,51.3,25.65,0.5,1,2,1.0,0.04999999999999999,158.0,1.0,0.0,0.0,0.0
2597,0,566.75,26,0,458,31.0,6,485.6,80.93333333333334,0.6666666666666666,2,4,2.3333333333333335,0.075,53.0,0.24217462932454692,0.757825370675453,0.0,0.0
3425,0,45.0,39,0,842,37.0,2,105.4,52.7,0.5,2,2,1.5,0.04999999999999999,327.0,0.0,0.5218216318785579,0.4781783681214421,0.0
5253,0,1106.75,18,1,832,37.0,10,588.25,58.825,1.0,4,8,1.6,0.11000000000000001,39.333333333333336,0.23204419889502761,0.5061623459413515,0.11729706757331067,0.14449638759031025
3709,0,450.0,43,0,893,67.0,3,468.0,156.0,0.3333333333333333,1,2,3.0,0.08333333333333333,151.0,0.0,1.0,0.0,0.0
3244,0,140.25,44,0,326,108.0,1,50.0,50.0,0.0,1,1,2.0,0.0,108.0,0.0,1.0,0.0,0.0
2510,0,1282.25,35,1,234,35.0,10,547.2,54.720000000000006,0.7,4,8,1.3,0.045,20.666666666666668,0.33114035087719296,0.4614400584795321,0.05208333333333333,0.1553362573099415
4857,0,1447.25,41,0,250,6.0,7,505.25,72.17857142857143,0.8571428571428571,3,5,1.5714285714285714,0.042857142857142864,33.833333333333336,0.095002474022761,0.2904502721425037,0.6145472538347353,0.0
3587,1,0.0,41,0,305,9.0,2,271.2,135.6,1.0,2,2,2.0,0.024999999999999967,122.0,0.336283185840708,0.0,0.6637168141592921,0.0
2356,0,670.5,18,0,96,66.0,1,64.0,64.0,0.0,1,1,2.0,0.0,66.0,1.0,0.0,0.0,0.0
5961,0,2479.5,35,0,533,17.0,12,1759.5,146.625,0.8333333333333334,4,8,1.9166666666666667,0.04166666666666666,34.09090909090909,0.043478260869565216,0.33816425120772947,0.017050298380221655,0.6013071895424836
5449,0,588.5,33,1,524,0.0,10,831.95,83.19500000000001,0.4,2,8,1.9,0.015000000000000003,34.666666666666664,0.0,0.9336498587655507,0.06635014123444918,0.0
2422,0,169.0,45,0,812,113.0,2,120.0,60.0,0.5,2,2,2.5,0.09999999999999998,84.0,0.0,0.5,0.5,0.0
3335,0,2027.25,18,0,132,29.0,10,1249.25,124.925,0.8,4,8,2.5,0.009999999999999998,11.222222222222221,0.06744046427856715,0.38022813688212925,0.1681008605163098,0.3842305383229938
5865,0,219.5,18,1,163,120.0,1,75.0,75.0,1.0,1,1,1.0,0.0,120.0,0.0,1.0,0.0,0.0
5394,0,430.4,36,1,200,47.0,4,247.0,61.75,0.75,3,4,1.25,0.037500000000000006,49.333333333333336,0.21052631578947367,0.44534412955465585,0.0,0.3441295546558704
3230,0,1023.5,32,1,640,54.0,7,776.2,110.88571428571429,0.5714285714285714,3,6,2.0,0.07857142857142856,49.0,0.16387528987374386,0.2666838443700077,0.5694408657562483,0.0
2916,0,1432.25,19,1,399,13.0,15,1450.9,96.72666666666667,0.8,4,14,1.5333333333333334,0.05333333333333333,23.857142857142858,0.14749465848783513,0.4979667792404714,0.21324695016886067,0.14129161210283273
3136,0,252.38,18,1,659,198.0,1,162.0,162.0,1.0,1,1,1.0,0.09999999999999998,198.0,0.0,0.0,0.0,1.0
3460,0,1131.2,43,0,62,18.0,1,64.0,64.0,0.0,1,1,2.0,0.0,18.0,1.0,0.0,0.0,0.0
5863,0,1061.8,38,1,275,53.0,3,85.75,28.583333333333332,1.0,2,2,1.3333333333333333,0.05000000000000001,74.5,0.7084548104956269,0.2915451895043732,0.0,0.0
2106,0,271.5,18,0,264,8.0,7,592.8,84.68571428571428,0.8571428571428571,3,5,1.7142857142857142,0.06428571428571428,38.833333333333336,0.1767881241565452,0.21592442645074225,0.6072874493927126,0.0
5650,0,1072.28,28,0,619,130.0,7,896.75,128.10714285714286,0.5714285714285714,4,5,1.5714285714285714,0.07142857142857142,33.666666666666664,0.04265402843601896,0.2548090326177864,0.10036241984945637,0.6021745190967382
2123,0,652.25,26,1,179,158.0,1,60.0,60.0,1.0,1,1,1.0,0.0,158.0,0.0,1.0,0.0,0.0
4191,0,1456.87,27,1,761,0.0,14,1518.0,108.42857142857143,0.5714285714285714,4,10,1.7142857142857142,0.06785714285714285,24.153846153846153,0.27140974967061926,0.24044795783926218,0.07905138339920949,0.4090909090909091
5811,0,1640.5,31,0,147,4.0,4,425.0,106.25,0.75,2,3,1.5,0.0,41.0,0.10588235294117647,0.0,0.8941176470588236,0.0
3466,1,0.0,31,1,692,11.0,7,602.75,86.10714285714286,0.5714285714285714,3,6,1.2857142857142858,0.021428571428571432,63.833333333333336,0.0,0.31812525922853585,0.48278722521775197,0.19908751555371215
2208,0,24.0,29,1,322,84.0,3,151.0,50.333333333333336,1.0,2,3,1.3333333333333333,0.033333333333333326,48.0,0.0,0.8145695364238411,0.18543046357615894,0.0
3207,0,582.1,27,0,898,168.0,1,213.75,213.75,1.0,1,1,3.0,0.050000000000000044,168.0,0.0,1.0,0.0,0.0
5716,0,90.0,55,0,524,69.0,2,66.6,33.3,0.0,2,2,1.0,0.04999999999999999,123.0,0.3243243243243244,0.6756756756756758,0.0,0.0
4752,0,56.25,18,0,545,15.0,4,292.75,73.1875,0.5,3,3,1.75,0.024999999999999994,105.66666666666667,0.2997438087105038,0.11955593509820667,0.0,0.5807002561912895
2327,0,520.0,46,1,303,39.0,4,391.55,97.8875,0.5,2,3,2.5,0.07500000000000001,87.0,0.0,0.06065636572596092,0.9393436342740391,0.0
5064,0,84.5,32,0,491,75.0,1,30.0,30.0,1.0,1,1,1.0,0.0,75.0,0.0,0.0,1.0,0.0
2400,0,240.0,18,1,710,242.0,1,108.0,108.0,0.0,1,1,3.0,0.19999999999999996,242.0,0.0,1.0,0.0,0.0
2964,0,22.8,29,0,409,123.0,4,236.4,59.1,0.25,2,4,1.5,0.0875,49.333333333333336,0.4606598984771574,0.5393401015228426,0.0,0.0
4729,0,545.5,24,0,147,2.0,5,289.12,57.824,0.6,3,5,1.2,0.03004444444444443,35.75,0.48118428334255675,0.20752628666297732,0.31128942999446596,0.0
3877,0,525.5,19,1,260,21.0,5,339.25,67.85,0.8,3,5,1.6,0.06999999999999999,52.5,0.3404568901989683,0.39425202652910835,0.26529108327192336,0.0
5413,0,90.0,34,1,382,124.0,3,263.0,87.66666666666667,0.3333333333333333,2,3,1.6666666666666667,0.10000000000000002,105.5,0.532319391634981,0.467680608365019,0.0,0.0
5293,0,843.8,51,0,98,3.0,6,249.75,41.625,0.3333333333333333,2,4,1.0,0.025000000000000005,13.6,0.18018018018018017,0.8198198198198198,0.0,0.0
2072,0,1040.0,25,1,105,21.0,1,90.0,90.0,0.0,1,1,3.0,0.0,21.0,0.0,0.0,1.0,0.0
4549,0,2080.88,50,0,845,35.0,12,1100.05,91.67083333333333,0.6666666666666666,4,8,1.9166666666666667,0.05416666666666667,32.18181818181818,0.2963956183809827,0.27271487659651833,0.11999454570246808,0.3108949593200309
2684,0,3579.1,25,0,739,6.0,21,2065.75,98.36904761904762,0.5238095238095238,4,12,1.5238095238095237,0.03571428571428571,17.75,0.07745370930654726,0.4311993222800436,0.3422485779983057,0.14909839041510348
5334,0,250.8,20,0,815,154.0,2,201.25,100.625,1.0,2,2,1.5,0.07500000000000001,69.0,0.0,0.10559006211180125,0.8944099378881988,0.0
5380,0,441.25,35,1,578,33.0,9,852.75,94.75,0.7777777777777778,4,8,1.3333333333333333,0.05555555555555555,42.625,0.4309586631486368,0.12195836997947816,0.09498680738786279,0.3520961594840223
4139,0,188.4,28,0,283,245.0,2,195.0,97.5,1.0,2,2,2.5,0.07500000000000001,19.0,0.0,0.4358974358974359,0.5641025641025641,0.0
5375,0,409.5,32,1,677,52.0,3,192.0,64.0,1.0,2,3,1.6666666666666667,0.0,60.5,0.16666666666666666,0.8333333333333334,0.0,0.0
3927,0,157.5,23,1,521,74.0,2,190.0,95.0,1.0,2,2,2.5,0.0,93.0,0.0,0.5263157894736842,0.47368421052631576,0.0
4273,0,1007.25,46,0,362,84.0,6,493.2,82.2,0.5,4,6,1.8333333333333333,0.04999999999999999,42.2,0.08759124087591241,0.09124087591240876,0.6488240064882401,0.17234387672343876
4573,0,60.75,50,0,914,60.0,2,226.5,113.25,1.0,1,2,3.0,0.07500000000000001,131.0,0.0,0.0,1.0,0.0
4174,0,108.0,41,0,793,90.0,4,382.0,95.5,1.0,2,4,2.25,0.09999999999999998,44.666666666666664,0.0,0.9267015706806283,0.07329842931937172,0.0
4342,0,598.0,52,0,707,75.0,5,595.0,119.0,0.8,2,4,2.2,0.039999999999999994,78.5,0.0,0.6470588235294118,0.35294117647058826,0.0
4534,1,0.0,22,1,202,25.0,1,165.0,165.0,1.0,1,1,3.0,0.0,25.0,0.0,1.0,0.0,0.0
4956,1,0.0,30,1,848,67.0,2,540.0,270.0,0.5,1,2,2.0,0.0,253.0,0.0,0.0,0.0,1.0
4787,0,1619.38,29,1,407,176.0,7,615.2,87.88571428571429,1.0,3,5,1.4285714285714286,0.1285714285714286,23.833333333333332,0.3075422626788036,0.48764629388816644,0.0,0.2048114434330299
2799,0,491.5,30,1,493,72.0,3,532.0,177.33333333333334,0.6666666666666666,2,3,1.6666666666666667,0.0666666666666667,65.5,0.0,0.10338345864661654,0.0,0.8966165413533834
5943,0,1152.25,31,0,513,22.0,29,2736.0,94.34482758620689,0.6896551724137931,4,16,1.6551724137931034,0.020689655172413793,13.214285714285714,0.19517543859649122,0.33168859649122806,0.1924342105263158,0.2807017543859649
4950,0,667.0,32,1,306,148.0,4,270.0,67.5,0.5,4,4,1.75,0.11250000000000002,45.0,0.35555555555555557,0.15555555555555556,0.1111111111111111,0.37777777777777777
2743,0,500.0,35,1,828,197.0,2,382.5,191.25,1.0,1,1,3.0,0.15000000000000002,49.0,0.0,1.0,0.0,0.0
3671,0,554.1,23,0,142,1.0,1,75.0,75.0,0.0,1,1,3.0,0.0,1.0,0.0,1.0,0.0,0.0
3298,0,323.0,18,1,567,25.0,4,291.0,72.75,0.5,3,4,1.75,0.0,85.33333333333333,0.6048109965635738,0.18900343642611683,0.20618556701030927,0.0
5530,0,115.0,58,1,904,12.0,6,500.2,83.36666666666666,0.8333333333333334,4,6,2.0,0.08333333333333331,50.4,0.547780887644942,0.20991603358656538,0.10635745701719312,0.13594562175129948
3912,0,652.0,29,0,551,3.0,11,903.8,82.16363636363636,0.5454545454545454,4,11,1.5454545454545454,0.045454545454545456,36.5,0.25669395884045143,0.24894888249612748,0.18234122593494137,0.3120159327284798
5319,0,193.0,22,0,529,392.0,1,20.0,20.0,0.0,1,1,1.0,0.19999999999999996,392.0,0.0,1.0,0.0,0.0
4897,0,238.0,39,0,552,19.0,2,165.0,82.5,1.0,2,2,1.0,0.0,129.0,0.0,0.2727272727272727,0.0,0.7272727272727273
3614,0,95.0,29,1,725,73.0,2,345.0,172.5,0.5,2,2,2.0,0.0,77.0,0.0,0.6521739130434783,0.0,0.34782608695652173
2449,0,687.5,18,1,818,84.0,4,261.4,65.35,0.75,3,4,1.5,0.03749999999999998,101.66666666666667,0.3488905891354247,0.5547054322876818,0.09640397857689366,0.0
2662,0,1185.25,38,1,423,28.0,11,794.0,72.18181818181819,0.6363636363636364,3,9,1.4545454545454546,0.05909090909090908,33.4,0.116183879093199,0.8082493702770781,0.07556675062972293,0.0
4830,1,0.0,18,0,497,84.0,2,269.75,134.875,1.0,2,2,2.5,0.025000000000000022,56.0,0.0,0.7924003707136237,0.20759962928637626,0.0
3223,0,915.0,23,0,772,44.0,10,506.25,50.625,0.7,3,6,1.5,0.06499999999999999,35.77777777777778,0.11555555555555555,0.6474074074074074,0.23703703703703705,0.0
5587,0,1069.0,32,1,65,1.0,1,30.0,30.0,0.0,1,1,1.0,0.0,1.0,0.0,0.0,1.0,0.0
4912,0,260.5,47,0,199,105.0,2,46.5,23.25,1.0,2,2,1.0,0.09999999999999998,82.0,0.4838709677419355,0.0,0.5161290322580645,0.0
2870,0,825.15,31,0,564,55.0,2,150.0,75.0,1.0,2,2,2.5,0.0,142.0,0.6,0.4,0.0,0.0
3212,0,707.55,37,1,625,5.0,6,401.75,66.95833333333333,0.5,3,5,1.1666666666666667,0.05833333333333333,67.2,0.056004978220286245,0.670192906036092,0.2738021157436217,0.0
4955,0,165.0,29,0,227,68.0,2,202.5,101.25,1.0,2,2,1.0,0.0,103.0,0.1111111111111111,0.0,0.0,0.8888888888888888
2254,0,1046.45,42,1,382,9.0,15,1857.35,123.82333333333332,0.6666666666666666,4,11,1.8666666666666667,0.05666666666666666,26.142857142857142,0.06223921178022451,0.4439120251971896,0.21159178399332385,0.2822569790292621
3991,0,150.0,32,1,219,31.0,1,56.0,56.0,1.0,1,1,1.0,0.19999999999999996,31.0,1.0,0.0,0.0,0.0
4851,0,240.0,18,0,345,12.0,1,110.0,110.0,1.0,1,1,1.0,0.0,12.0,0.0,0.0,1.0,0.0
2862,0,3085.25,37,0,915,3.0,22,2089.2,94.96363636363635,0.6363636363636364,4,13,1.6818181818181819,0.03181818181818181,17.857142857142858,0.281543174420831,0.2795328355351331,0.15173272065862534,0.28719126938541073
5629,0,2065.05,33,0,209,143.0,5,692.75,138.55,0.8,2,4,2.0,0.050000000000000024,11.0,0.0,0.547455792132804,0.45254420786719596,0.0
2466,0,50.25,36,0,169,125.0,1,45.0,45.0,0.0,1,1,1.0,0.0,125.0,0.0,1.0,0.0,0.0
4685,0,75.0,35,0,161,42.0,1,38.25,38.25,0.0,1,1,1.0,0.15000000000000002,42.0,0.0,1.0,0.0,0.0
2342,0,591.85,23,0,265,53.0,2,205.0,102.5,1.0,1,2,1.5,0.0,206.0,0.0,1.0,0.0,0.0
2930,0,452.0,21,0,311,23.0,3,410.0,136.66666666666666,1.0,2,3,2.6666666666666665,0.0,53.5,0.5853658536585366,0.4146341463414634,0.0,0.0
3953,0,196.5,42,1,740,104.0,5,273.0,54.6,0.6,2,4,1.6,0.010000000000000009,65.5,0.7857142857142857,0.0,0.21428571428571427,0.0
5722,0,788.5,18,0,372,77.0,4,424.5,106.125,0.75,2,3,1.5,0.04999999999999999,91.0,0.0,0.7879858657243817,0.21201413427561838,0.0
4202,0,259.0,25,0,63,9.0,2,280.0,140.0,0.5,2,2,1.5,0.0,16.0,0.5357142857142857,0.4642857142857143,0.0,0.0
3631,0,63.0,38,0,887,382.0,1,50.4,50.4,1.0,1,1,2.0,0.09999999999999998,382.0,0.0,0.0,1.0,0.0
5043,0,1371.0,40,0,101,51.0,4,290.0,72.5,0.5,2,4,1.25,0.0,15.333333333333334,0.0,0.6896551724137931,0.3103448275862069,0.0
4066,0,620.25,42,1,314,46.0,9,755.5,83.94444444444444,0.5555555555555556,3,7,1.7777777777777777,0.1,25.625,0.45234943745863665,0.21409662475181998,0.0,0.33355393778954334
5743,0,685.2,39,1,159,139.0,1,40.5,40.5,1.0,1,1,2.0,0.09999999999999998,139.0,1.0,0.0,0.0,0.0
4147,0,78.0,25,0,272,35.0,3,270.5,90.16666666666667,0.6666666666666666,2,3,2.0,0.06666666666666665,93.0,0.600739371534196,0.39926062846580407,0.0,0.0
3411,0,96.0,21,0,318,30.0,2,204.0,102.0,1.0,2,2,1.0,0.19999999999999996,212.0,0.0,0.29411764705882354,0.0,0.7058823529411765
4911,0,347.75,36,0,293,12.0,2,76.0,38.0,1.0,2,2,1.0,0.0,63.0,0.631578947368421,0.0,0.3684210526315789,0.0
4516,0,75.0,43,1,422,251.0,2,158.4,79.2,1.0,1,1,2.0,0.15000000000000002,98.0,1.0,0.0,0.0,0.0
4227,0,1163.95,29,0,140,43.0,1,48.0,48.0,1.0,1,1,1.0,0.19999999999999996,43.0,0.0,1.0,0.0,0.0
3719,0,159.75,36,0,719,91.0,2,221.25,110.625,0.5,2,2,2.0,0.025000000000000022,76.0,0.6779661016949152,0.3220338983050847,0.0,0.0
5471,0,665.5,28,0,798,35.0,6,261.75,43.625,0.8333333333333334,2,5,1.1666666666666667,0.041666666666666664,61.4,0.0,0.7860553963705826,0.2139446036294174,0.0
3778,0,85.4,36,0,255,4.0,2,248.0,124.0,1.0,1,2,1.5,0.0,15.0,0.0,0.0,1.0,0.0
5977,0,65.0,19,1,690,75.0,3,120.0,40.0,0.6666666666666666,2,3,1.0,0.0,159.5,0.0,0.75,0.25,0.0
3112,0,1173.65,49,0,492,27.0,9,400.3,44.47777777777778,0.8888888888888888,3,8,1.4444444444444444,0.03888888888888889,40.875,0.5328503622283288,0.39220584561578814,0.07494379215588308,0.0
4063,0,1269.9,26,1,652,77.0,7,388.2,55.457142857142856,0.2857142857142857,2,6,1.2857142857142858,0.03571428571428571,47.833333333333336,0.5337454920144256,0.46625450798557444,0.0,0.0
4980,0,500.0,43,1,688,81.0,4,409.32,102.33,0.75,3,4,2.0,0.1000185185185185,102.66666666666667,0.2231017296980358,0.11726766344180592,0.6596306068601583,0.0
3517,0,778.0,22,1,817,26.0,5,636.12,127.224,0.2,2,5,1.6,0.04004444444444444,83.0,0.577123813117022,0.0,0.42287618688297807,0.0
2622,0,2830.5,26,0,190,18.0,8,721.75,90.21875,0.5,4,7,1.875,0.018750000000000003,23.285714285714285,0.49982680983720124,0.10391409767925182,0.229996536196744,0.16626255628680292
4697,0,552.7,50,1,303,102.0,5,406.0,81.2,1.0,4,5,1.4,0.05,40.5,0.3448275862068966,0.3078817733990148,0.05172413793103448,0.2955665024630542
5381,0,827.5,45,0,435,63.0,6,700.25,116.70833333333333,0.6666666666666666,3,6,1.6666666666666667,0.09166666666666666,63.0,0.0,0.42163513031060335,0.4241342377722242,0.15423063191717243
2431,0,1793.5,44,0,241,33.0,9,866.1,96.23333333333333,0.5555555555555556,3,8,1.6666666666666667,0.061111111111111116,26.0,0.29915714120771275,0.39718277335180696,0.3036600854404803,0.0
4293,0,366.25,41,1,67,58.0,1,60.0,60.0,1.0,1,1,1.0,0.0,58.0,0.0,1.0,0.0,0.0
4568,0,30.0,23,0,862,112.0,2,230.0,115.0,1.0,2,2,1.5,0.0,156.0,0.6086956521739131,0.0,0.391304347826087,0.0
3542,0,810.25,18,1,443,29.0,5,485.0,97.0,0.8,2,4,1.6,0.0,79.25,0.0,0.7731958762886598,0.2268041237113402,0.0
2092,0,2663.5,25,1,723,6.0,28,2678.4,95.65714285714286,0.6071428571428571,4,14,1.4285714285714286,0.060714285714285714,14.37037037037037,0.43847072879330945,0.21300029868578255,0.3167936081242533,0.03173536439665472
4635,0,1932.2,19,1,105,7.0,4,311.5,77.875,0.75,3,4,1.75,0.037500000000000006,25.0,0.41091492776886035,0.1926163723916533,0.39646869983948635,0.0
2908,0,682.3,39,0,869,4.0,10,778.05,77.80499999999999,0.6,4,8,1.4,0.07,40.22222222222222,0.19278966647387702,0.49386286228391496,0.09356725146198831,0.2197802197802198
5277,0,447.0,32,1,222,69.0,1,140.0,140.0,1.0,1,1,4.0,0.0,69.0,0.0,1.0,0.0,0.0
5163,0,1290.1,35,1,608,16.0,7,618.6,88.37142857142858,0.8571428571428571,3,5,1.7142857142857142,0.04285714285714285,55.333333333333336,0.15518913676042675,0.590042030391206,0.25476883284836727,0.0
5241,0,1258.8,47,0,744,27.0,8,523.0,65.375,0.75,3,6,1.5,0.04375,46.57142857142857,0.15678776290630975,0.7858508604206501,0.05736137667304015,0.0
5361,0,461.62,33,0,390,37.0,11,875.62,79.60181818181819,0.8181818181818182,3,8,1.8181818181818181,0.040929292929292926,33.0,0.10177931065987529,0.805714807793335,0.09250588154678971,0.0
2571,0,775.75,23,1,521,273.0,2,325.0,162.5,0.5,2,2,2.0,0.0,93.0,0.0,0.16923076923076924,0.8307692307692308,0.0
5734,0,507.38,25,1,82,25.0,3,305.0,101.66666666666667,1.0,2,3,1.3333333333333333,0.0,22.5,0.0,0.7049180327868853,0.29508196721311475,0.0
4809,0,476.95,29,1,81,40.0,1,40.5,40.5,1.0,1,1,1.0,0.09999999999999998,40.0,0.0,1.0,0.0,0.0
3219,0,984.5,23,0,914,6.0,10,619.25,61.925,0.6,4,8,1.5,0.08499999999999999,41.0,0.28582963262010497,0.38231731933790875,0.20831651190956801,0.12353653613241825
2938,0,645.5,24,1,897,100.0,7,791.05,113.00714285714285,0.5714285714285714,3,6,2.5714285714285716,0.06428571428571431,41.333333333333336,0.3499146703748183,0.3760824220972126,0.0,0.2740029075279692
3023,0,125.0,48,1,665,29.0,2,166.0,83.0,0.5,1,2,1.5,0.0,283.0,0.0,0.0,1.0,0.0
4184,0,699.5,32,1,797,166.0,1,28.0,28.0,1.0,1,1,1.0,0.0,166.0,0.0,0.0,1.0,0.0
3620,0,1240.4,18,0,725,105.0,11,1244.35,113.12272727272726,0.7272727272727273,4,10,1.6363636363636365,0.06363636363636363,28.5,0.0591473460039378,0.14806927311447746,0.2234098123518303,0.5693735685297545
2796,0,945.4,60,0,602,25.0,14,1080.45,77.175,0.7142857142857143,3,11,1.5714285714285714,0.060714285714285714,28.23076923076923,0.1052339303068166,0.36026655560183257,0.5344995140913508,0.0
4527,0,189.25,21,1,837,94.0,3,231.5,77.16666666666667,1.0,2,2,1.6666666666666667,0.06666666666666665,129.5,0.09719222462203024,0.9028077753779697,0.0,0.0
2784,0,255.6,24,1,728,187.0,3,255.9,85.3,0.3333333333333333,2,3,2.0,0.06666666666666665,62.5,0.3376318874560375,0.6623681125439624,0.0,0.0
4488,0,325.0,57,0,174,67.0,3,176.5,58.833333333333336,1.0,2,3,2.0,0.0,40.0,0.49008498583569404,0.0,0.509915014164306,0.0
2440,0,478.75,38,1,695,33.0,6,500.25,83.375,1.0,4,5,1.6666666666666667,0.075,69.8,0.035982008995502246,0.4302848575712144,0.053973013493253376,0.47976011994003
3344,0,733.5,38,1,60,29.0,2,480.0,240.0,0.5,1,2,3.0,0.0,17.0,0.0,0.0,1.0,0.0
2573,0,1132.7,23,1,239,11.0,3,393.0,131.0,0.6666666666666666,2,3,2.0,0.033333333333333326,64.0,0.0,0.7251908396946565,0.0,0.2748091603053435
4969,0,696.85,38,1,578,12.0,10,1271.3,127.13,0.6,4,9,2.2,0.034999999999999996,33.77777777777778,0.16306143317863606,0.38897191850861323,0.35357508062613074,0.09439156768661999
4943,0,1193.25,55,1,835,19.0,18,1425.85,79.21388888888889,0.5555555555555556,4,12,1.3888888888888888,0.061111111111111116,18.88235294117647,0.12034926535049269,0.4791878528596977,0.2931584668794053,0.10730441491040432
2574,0,1401.6,18,1,375,229.0,9,618.62,68.73555555555555,1.0,4,7,1.4444444444444444,0.07224691358024689,9.875,0.06000452620348518,0.6385179916588536,0.17781513691765544,0.12366234522000581
4884,0,559.0,33,1,902,89.0,3,433.5,144.5,0.6666666666666666,2,3,2.0,0.15,147.5,0.0,0.22145328719723184,0.7785467128027682,0.0
2233,0,85.0,60,1,566,222.0,3,171.75,57.25,0.3333333333333333,1,3,1.6666666666666667,0.11666666666666665,76.5,0.0,1.0,0.0,0.0
2409,0,193.0,43,0,865,279.0,2,216.0,108.0,1.0,2,2,1.5,0.04999999999999999,19.0,0.5833333333333334,0.0,0.4166666666666667,0.0
5016,0,585.0,18,1,326,118.0,1,450.0,450.0,0.0,1,1,5.0,0.0,118.0,0.0,0.0,1.0,0.0
2649,0,990.65,25,1,144,0.0,5,880.0,176.0,0.6,3,5,2.4,0.030000000000000006,35.5,0.5113636363636364,0.45454545454545453,0.03409090909090909,0.0
3011,0,417.0,36,1,886,145.0,2,89.0,44.5,1.0,2,2,1.0,0.0,172.0,0.2696629213483146,0.7303370786516854,0.0,0.0
2709,0,412.75,21,0,768,57.0,10,818.5,81.85,0.9,3,7,1.6,0.029999999999999992,35.666666666666664,0.28100183262064754,0.5797189981673794,0.13927916921197311,0.0
3605,1,0.0,35,1,861,34.0,3,242.25,80.75,1.0,2,3,2.0,0.09999999999999998,142.5,0.08359133126934984,0.9164086687306502,0.0,0.0
4437,0,282.62,31,1,322,58.0,2,105.0,52.5,0.5,1,2,1.5,0.0,204.0,0.0,1.0,0.0,0.0
4137,0,2059.75,41,0,798,19.0,10,353.3,35.33,0.4,3,7,1.1,0.065,40.333333333333336,0.13586187376167563,0.4684404189074441,0.3956977073308803,0.0
3455,0,610.05,59,1,96,9.0,5,358.0,71.6,0.6,1,3,1.8,0.040000000000000015,17.75,0.0,1.0,0.0,0.0
4763,0,531.38,18,1,918,65.0,6,316.92,52.82,0.16666666666666666,3,6,1.8333333333333333,0.05837037037037037,46.6,0.46674239555723845,0.362867600656317,0.17039000378644453,0.0
4517,0,255.5,47,0,273,272.0,1,35.0,35.0,1.0,1,1,1.0,0.0,272.0,0.0,1.0,0.0,0.0
5867,0,156.5,23,0,205,80.0,3,195.0,65.0,1.0,2,2,1.0,0.0,19.5,0.0,0.1282051282051282,0.0,0.8717948717948718
4833,0,65.0,18,1,539,35.0,4,360.0,90.0,0.75,3,3,1.75,0.0875,100.33333333333333,0.125,0.5416666666666666,0.0,0.3333333333333333
4577,0,1344.55,50,0,277,70.0,1,60.0,60.0,1.0,1,1,1.0,0.0,70.0,0.0,1.0,0.0,0.0
4971,0,331.5,40,1,794,83.0,7,541.0,77.28571428571429,0.7142857142857143,3,6,1.2857142857142858,0.07857142857142856,44.5,0.12292051756007394,0.743992606284658,0.133086876155268,0.0
3893,0,163.0,34,0,426,12.0,7,1066.2,152.31428571428572,0.5714285714285714,4,6,2.142857142857143,0.021428571428571432,62.833333333333336,0.1980866629150253,0.23916713562183453,0.16882386043894204,0.3939223410241981
3647,0,361.4,18,0,910,29.0,4,277.2,69.3,1.0,2,3,2.0,0.07499999999999998,71.33333333333333,0.4949494949494949,0.5050505050505051,0.0,0.0
5217,0,751.5,32,0,916,104.0,6,470.5,78.41666666666667,0.6666666666666666,3,5,1.6666666666666667,0.09166666666666666,52.4,0.0,0.2412327311370882,0.29968119022316686,0.45908607863974493
3288,0,312.75,23,1,173,98.0,1,22.5,22.5,1.0,1,1,1.0,0.0,98.0,1.0,0.0,0.0,0.0
5506,0,833.25,18,1,861,22.0,5,409.5,81.9,0.4,2,4,1.4,0.019999999999999997,72.25,0.17094017094017094,0.8290598290598291,0.0,0.0
2093,0,474.25,33,0,117,56.0,1,90.0,90.0,1.0,1,1,1.0,0.0,56.0,0.0,0.0,1.0,0.0
3109,0,1001.0,48,0,62,26.0,1,85.0,85.0,1.0,1,1,1.0,0.0,26.0,0.0,0.0,0.0,1.0
5256,0,1073.7,27,0,297,46.0,8,652.05,81.50625,0.5,3,6,1.5,0.08125,28.857142857142858,0.13043478260869565,0.2070393374741201,0.6625258799171843,0.0
3689,0,49.5,29,1,486,168.0,2,92.5,46.25,1.0,1,2,1.5,0.025000000000000022,176.0,0.0,1.0,0.0,0.0
2643,0,472.0,30,0,418,39.0,4,323.0,80.75,0.5,3,4,2.25,0.12499999999999997,60.666666666666664,0.05572755417956656,0.7337461300309598,0.0,0.21052631578947367
5545,0,1891.4,34,1,662,17.0,11,897.75,81.61363636363636,0.9090909090909091,4,9,1.2727272727272727,0.031818181818181815,27.0,0.43052074631021997,0.26872737399053187,0.03341687552213868,0.2673350041771094
3323,0,45.0,32,0,593,263.0,1,55.0,55.0,1.0,1,1,1.0,0.0,263.0,0.0,1.0,0.0,0.0
3234,0,165.25,34,1,417,303.0,2,202.25,101.125,0.5,2,2,1.0,0.025000000000000022,0.0,0.7416563658838071,0.2583436341161928,0.0,0.0
4175,0,538.25,43,0,388,19.0,4,433.0,108.25,1.0,3,4,2.25,0.0,59.666666666666664,0.45727482678983833,0.40415704387990764,0.13856812933025403,0.0
2135,0,261.2,42,1,900,37.0,2,232.0,116.0,0.5,2,2,3.0,0.09999999999999998,229.0,0.8275862068965517,0.1724137931034483,0.0,0.0
4021,0,232.5,35,1,448,18.0,4,289.5,72.375,0.75,3,4,1.25,0.0,51.333333333333336,0.18825561312607944,0.5181347150259067,0.0,0.29360967184801384
5370,0,1849.45,37,0,848,4.0,11,1085.75,98.70454545454545,0.8181818181818182,3,10,1.6363636363636365,0.031818181818181815,36.3,0.058945429426663594,0.44554455445544555,0.49551001611789086,0.0
2305,1,0.0,48,0,103,41.0,1,22.5,22.5,1.0,1,1,1.0,0.0,41.0,1.0,0.0,0.0,0.0
5833,0,379.25,41,0,881,141.0,6,326.5,54.416666666666664,0.6666666666666666,4,5,1.5,0.06666666666666665,36.8,0.19601837672281777,0.5130168453292496,0.08269525267993874,0.2082695252679939
5490,0,600.6,40,0,547,93.0,3,480.0,160.0,0.3333333333333333,2,3,3.3333333333333335,0.0,126.5,0.0,0.375,0.625,0.0
3603,0,595.0,35,0,320,7.0,5,453.0,90.6,0.2,3,5,1.8,0.019999999999999997,44.5,0.0706401766004415,0.7306843267108167,0.1986754966887417,0.0
3300,0,145.5,27,1,507,139.0,3,386.8,128.93333333333334,0.6666666666666666,3,3,2.3333333333333335,0.06666666666666665,24.5,0.1809720785935884,0.0,0.2605997931747673,0.5584281282316442
4189,0,1661.3,23,1,917,22.0,16,1936.38,121.02375,0.75,4,11,1.875,0.012486111111111114,21.4,0.08334107974674392,0.371827843708363,0.26337805596009045,0.28145302058480254
3138,0,1051.75,50,0,441,23.0,14,1250.0,89.28571428571429,0.7857142857142857,4,9,1.7857142857142858,0.03214285714285715,25.076923076923077,0.0342,0.477,0.1328,0.356
4743,0,533.3,41,0,416,1.0,11,1338.5,121.68181818181819,0.8181818181818182,4,8,1.5454545454545454,0.06363636363636364,33.7,0.06779977586850952,0.2654090399701158,0.3343294732909974,0.3324617108703773
2270,0,489.5,38,1,744,15.0,6,615.9,102.64999999999999,0.8333333333333334,3,6,1.8333333333333333,0.06666666666666667,65.0,0.0,0.21107322617308005,0.664718298425069,0.12420847540185095
3189,0,161.25,30,1,528,12.0,3,184.0,61.333333333333336,0.6666666666666666,3,3,1.3333333333333333,0.0,159.0,0.13043478260869565,0.7065217391304348,0.16304347826086957,0.0
4850,0,1232.45,31,0,171,4.0,7,504.25,72.03571428571429,0.8571428571428571,2,5,1.2857142857142858,0.021428571428571432,27.5,0.34209221616261776,0.6579077838373822,0.0,0.0
3401,0,383.8,20,1,646,74.0,1,150.0,150.0,0.0,1,1,2.0,0.0,74.0,0.0,1.0,0.0,0.0
2050,0,1409.25,37,1,922,18.0,16,1356.5,84.78125,0.625,3,10,1.8125,0.06562499999999999,24.8,0.47438260228529305,0.14080353851824548,0.3848138591964615,0.0
2968,0,2078.7,42,1,900,2.0,15,1615.0,107.66666666666667,0.9333333333333333,4,10,1.7333333333333334,0.019999999999999997,25.142857142857142,0.41114551083591333,0.13312693498452013,0.11145510835913312,0.3442724458204334
5434,0,353.0,35,0,557,64.0,6,602.75,100.45833333333333,0.6666666666666666,3,5,2.3333333333333335,0.125,35.8,0.47283284944006637,0.492326835338034,0.03484031522189963,0.0
2376,0,777.5,44,1,854,170.0,6,461.5,76.91666666666667,1.0,4,6,1.3333333333333333,0.00833333333333334,32.4,0.10400866738894908,0.4550379198266522,0.25677139761646806,0.18418201516793067
2914,0,4000.85,52,0,777,24.0,31,2978.4,96.07741935483871,0.7419354838709677,4,15,1.7419354838709677,0.06774193548387097,12.2,0.24304995970991133,0.2906762019876444,0.3392761214074671,0.12699771689497716
2760,0,894.5,32,1,851,17.0,8,454.75,56.84375,0.875,3,7,1.375,0.08125,31.0,0.03958218801539307,0.5250137438152831,0.4354040681693238,0.0
2833,0,722.05,35,0,779,33.0,10,1534.5,153.45,0.9,4,9,2.0,0.08,39.666666666666664,0.020853698273053112,0.16959921798631475,0.2619745845552297,0.5475724991854024
3553,0,1539.5,33,1,519,27.0,10,582.25,58.225,0.8,4,7,1.3,0.08499999999999999,23.11111111111111,0.06569343065693431,0.36496350364963503,0.36324602833834263,0.20609703735508803
4241,0,135.0,54,0,700,39.0,1,29.75,29.75,1.0,1,1,1.0,0.15000000000000002,39.0,0.0,1.0,0.0,0.0
4479,0,30.0,25,1,585,139.0,1,28.5,28.5,1.0,1,1,1.0,0.050000000000000044,139.0,0.0,0.0,1.0,0.0
5748,0,800.85,48,1,898,7.0,14,1187.0,84.78571428571429,0.5,3,8,1.4285714285714286,0.017857142857142856,28.153846153846153,0.02695871946082561,0.6642796967144061,0.0,0.3087615838247683
4529,0,375.0,34,0,635,31.0,1,58.5,58.5,1.0,1,1,1.0,0.09999999999999998,31.0,0.0,1.0,0.0,0.0
3271,0,573.5,48,1,650,78.0,4,147.2,36.8,0.75,2,4,1.0,0.04999999999999999,50.0,0.0,0.6453804347826088,0.35461956521739135,0.0
4905,0,1906.4,31,0,906,6.0,20,1568.1,78.405,0.65,4,13,1.85,0.047499999999999994,19.473684210526315,0.128563229385881,0.5157515464574963,0.3150309291499267,0.040654295006696005
3013,0,1473.75,32,0,704,56.0,12,784.35,65.3625,0.5,3,8,1.5,0.033333333333333326,22.90909090909091,0.5027729967489004,0.22948938611589215,0.2677376171352075,0.0
4829,0,1010.8,54,0,153,46.0,3,204.0,68.0,1.0,3,3,1.6666666666666667,0.05000000000000001,15.5,0.33088235294117646,0.29411764705882354,0.375,0.0
2156,0,1250.25,18,0,126,52.0,5,405.0,81.0,0.4,2,5,1.2,0.0,13.25,0.0,0.48148148148148145,0.5185185185185185,0.0
5869,0,139.25,23,0,635,53.0,3,285.0,95.0,0.6666666666666666,2,2,1.6666666666666667,0.0,145.5,0.0,0.7894736842105263,0.21052631578947367,0.0
2493,0,75.0,42,1,208,58.0,1,45.0,45.0,1.0,1,1,2.0,0.0,58.0,1.0,0.0,0.0,0.0
5213,0,188.0,42,1,899,69.0,2,235.0,117.5,0.5,2,2,1.5,0.0,96.0,0.0,0.23404255319148937,0.7659574468085106,0.0
4920,0,707.2,23,0,207,50.0,4,315.0,78.75,0.5,2,4,1.5,0.0,24.333333333333332,0.0,0.9047619047619048,0.09523809523809523,0.0
4914,0,195.0,35,0,575,11.0,11,948.52,86.22909090909091,0.9090909090909091,4,10,1.9090909090909092,0.06364309764309764,38.1,0.19664319149833423,0.4164382406275039,0.29730527558723063,0.08961329228693123
5417,0,171.95,18,1,751,31.0,5,493.5,98.7,0.8,2,4,2.6,0.059999999999999984,38.0,0.2796352583586626,0.7203647416413373,0.0,0.0
4148,1,0.0,35,1,461,6.0,4,245.0,61.25,0.75,2,3,1.5,0.0,113.0,0.7551020408163265,0.0,0.24489795918367346,0.0
3515,0,1110.75,20,1,158,18.0,2,57.5,28.75,0.5,2,2,1.0,0.0,13.0,0.391304347826087,0.6086956521739131,0.0,0.0
2848,0,1107.8,48,0,149,51.0,3,355.0,118.33333333333333,0.6666666666666666,2,3,2.0,0.0,25.0,0.19718309859154928,0.8028169014084507,0.0,0.0
5911,0,176.0,31,0,826,118.0,2,61.25,30.625,1.0,2,2,1.0,0.025000000000000022,236.0,0.0,0.5428571428571428,0.45714285714285713,0.0
3052,0,934.0,18,1,695,56.0,9,577.6,64.17777777777778,1.0,4,8,1.4444444444444444,0.06666666666666668,42.125,0.39577562326869803,0.4306613573407202,0.048476454293628804,0.1250865650969529
4700,0,408.4,45,1,278,6.0,3,207.5,69.16666666666667,0.6666666666666666,3,3,1.6666666666666667,0.0,58.5,0.3253012048192771,0.26506024096385544,0.0,0.40963855421686746
3545,0,292.0,18,1,412,207.0,3,156.0,52.0,0.3333333333333333,2,2,2.0,0.033333333333333326,52.0,0.0,0.4807692307692308,0.5192307692307693,0.0
3501,0,458.75,30,1,902,110.0,5,346.0,69.2,0.6,3,5,1.4,0.0,14.25,0.16184971098265896,0.3179190751445087,0.5202312138728323,0.0
3936,0,168.5,21,1,544,42.0,1,50.0,50.0,1.0,1,1,2.0,0.0,42.0,0.0,1.0,0.0,0.0
5986,0,746.75,54,1,646,28.0,10,640.52,64.05199999999999,0.5,3,7,1.5,0.07502222222222221,35.666666666666664,0.39049522263161185,0.3434709298694811,0.26603384749890713,0.0
4131,0,1422.5,24,1,422,26.0,13,1122.0,86.3076923076923,0.6153846153846154,3,10,1.6923076923076923,0.03461538461538462,29.416666666666668,0.17647058823529413,0.5307486631016043,0.2927807486631016,0.0
3269,0,1505.45,32,1,727,33.0,12,695.75,57.979166666666664,0.5,4,8,1.25,0.049999999999999996,28.0,0.1333093783686669,0.3923823212360762,0.12935680919870643,0.3449514911965505
3066,0,160.5,39,0,689,57.0,4,330.0,82.5,0.75,2,4,2.0,0.0,105.66666666666667,0.696969696969697,0.30303030303030304,0.0,0.0
4475,0,1259.1,20,1,299,7.0,6,560.7,93.45,0.6666666666666666,4,6,1.5,0.04999999999999999,41.4,0.04012841091492777,0.16051364365971107,0.2643124665596575,0.5350454788657035
4551,0,81.6,36,0,251,126.0,2,153.0,76.5,1.0,1,2,1.5,0.09999999999999998,67.0,0.0,1.0,0.0,0.0
5056,0,55.0,44,1,852,117.0,1,84.0,84.0,0.0,1,1,3.0,0.0,117.0,0.0,0.0,1.0,0.0
3846,0,452.0,25,0,751,4.0,4,187.5,46.875,0.5,1,3,1.5,0.012500000000000011,124.0,0.0,1.0,0.0,0.0
5214,1,0.0,41,1,434,14.0,8,1115.5,139.4375,1.0,4,8,2.125,0.0625,47.285714285714285,0.3464813984760197,0.12774540564769163,0.08068130883012102,0.44509188704616764
4698,0,413.2,36,0,889,26.0,7,914.38,130.62571428571428,0.8571428571428571,4,6,1.8571428571428572,0.04282539682539683,54.166666666666664,0.023381963734989828,0.5216649533016907,0.1203000940528008,0.3346529889105186
3508,0,485.0,22,0,243,7.0,2,270.0,135.0,1.0,1,1,1.5,0.0,123.0,0.0,0.0,1.0,0.0
5989,0,121.4,25,0,601,78.0,4,191.9,47.975,0.5,3,4,1.25,0.024999999999999994,72.33333333333333,0.5674830640958833,0.28660760812923397,0.14590932777488275,0.0
4537,0,22.5,20,0,914,86.0,3,164.0,54.666666666666664,1.0,3,3,1.6666666666666667,0.0,94.0,0.3902439024390244,0.4268292682926829,0.18292682926829268,0.0
2476,0,429.7,45,1,249,37.0,1,85.0,85.0,0.0,1,1,1.0,0.0,37.0,0.0,0.0,0.0,1.0
2227,0,1589.3,38,0,234,1.0,24,1621.0,67.54166666666667,0.6666666666666666,4,12,1.5,0.03541666666666666,9.91304347826087,0.09512646514497224,0.7008019740900678,0.15163479333744603,0.05243676742751388
4579,0,735.75,48,0,553,74.0,6,493.6,82.26666666666667,1.0,3,5,2.0,0.05833333333333333,55.2,0.1944894651539708,0.7090761750405186,0.09643435980551053,0.0
5242,0,697.5,36,1,706,101.0,3,208.5,69.5,0.6666666666666666,2,3,2.0,0.033333333333333326,81.5,0.3237410071942446,0.0,0.6762589928057554,0.0
5184,0,2025.5,36,1,297,82.0,11,1266.1,115.1,0.6363636363636364,4,11,2.1818181818181817,0.0909090909090909,17.6,0.03925440328568044,0.20061606508174712,0.44261906642445303,0.31751046520811943
4250,0,217.0,50,0,183,1.0,1,150.0,150.0,1.0,1,1,2.0,0.0,1.0,0.0,1.0,0.0,0.0
3330,0,296.75,30,0,903,69.0,11,1121.22,101.92909090909092,0.7272727272727273,3,9,2.0,0.08183838383838384,29.4,0.06566061968213197,0.3955512745045575,0.5387881058133105,0.0
4854,0,35.0,36,0,585,215.0,1,30.0,30.0,0.0,1,1,1.0,0.0,215.0,0.0,0.0,1.0,0.0
3579,0,1060.0,35,1,538,26.0,5,372.5,74.5,1.0,2,4,1.0,0.05,83.5,0.0,0.28187919463087246,0.7181208053691275,0.0
3516,0,1638.95,18,0,571,38.0,16,1275.0,79.6875,0.5625,3,9,1.3125,0.03125000000000001,21.933333333333334,0.08313725490196078,0.5654901960784313,0.35137254901960785,0.0
4778,0,563.98,50,0,74,67.0,1,25.0,25.0,1.0,1,1,1.0,0.0,67.0,0.0,1.0,0.0,0.0
3716,0,379.25,18,1,927,90.0,3,130.25,43.416666666666664,1.0,2,3,1.0,0.033333333333333326,51.0,0.15547024952015356,0.8445297504798465,0.0,0.0
4064,0,1095.25,34,0,592,19.0,13,1634.75,125.75,0.8461538461538461,4,10,2.1538461538461537,0.02307692307692308,27.583333333333332,0.04129071723505123,0.2888820920630066,0.2728245909160422,0.39700259978589997
4084,0,994.55,52,1,340,9.0,11,1558.0,141.63636363636363,0.5454545454545454,3,6,1.7272727272727273,0.018181818181818177,31.2,0.4011553273427471,0.26957637997432604,0.32926829268292684,0.0
4412,0,868.0,55,1,904,15.0,10,1410.0,141.0,0.7,4,8,1.9,0.045,40.666666666666664,0.3478723404255319,0.10815602836879433,0.20638297872340425,0.3375886524822695
4248,0,1459.0,20,0,474,11.0,23,1481.2,64.4,0.6956521739130435,3,13,1.8695652173913044,0.05652173913043478,15.909090909090908,0.2932757223872536,0.5873615987037537,0.11936267890899271,0.0
2345,0,1101.0,28,1,244,81.0,3,237.0,79.0,0.6666666666666666,2,3,1.3333333333333333,0.11666666666666665,69.0,0.0,0.2088607594936709,0.7911392405063291,0.0
5428,0,742.85,22,1,666,31.0,6,491.55,81.925,0.6666666666666666,3,6,2.0,0.08333333333333336,30.4,0.15624046383887702,0.24768589156749057,0.5960736445936323,0.0
2725,0,935.5,43,1,559,224.0,5,300.2,60.04,0.6,2,5,1.4,0.039999999999999994,34.25,0.14390406395736177,0.8560959360426382,0.0,0.0
5882,0,173.0,33,0,359,5.0,4,216.5,54.125,0.75,3,4,1.75,0.07500000000000001,79.33333333333333,0.6189376443418014,0.24249422632794457,0.13856812933025403,0.0
4091,0,566.0,26,1,722,91.0,1,22.5,22.5,1.0,1,1,1.0,0.09999999999999998,91.0,0.0,1.0,0.0,0.0
2680,0,1411.0,31,0,588,7.0,14,1460.7,104.33571428571429,0.42857142857142855,4,12,1.5,0.04285714285714285,28.76923076923077,0.10522352296843977,0.240980351886082,0.28411035804751145,0.36968576709796674
2940,0,484.8,45,0,301,23.0,8,753.55,94.19375,0.375,2,6,2.125,0.1,33.857142857142854,0.38856081215579596,0.6114391878442041,0.0,0.0
2560,0,2173.5,29,1,744,19.0,7,318.45,45.49285714285714,0.5714285714285714,3,4,1.0,0.07142857142857142,58.166666666666664,0.0854137227194222,0.349348406343225,0.5652378709373528,0.0
4811,0,112.2,21,0,510,143.0,5,330.0,66.0,1.0,3,5,1.6,0.09999999999999998,61.0,0.07272727272727272,0.6,0.0,0.32727272727272727
5648,0,1045.75,36,1,476,44.0,10,884.7,88.47,0.8,3,7,1.5,0.03500000000000001,39.0,0.11212840510907653,0.5877698654911269,0.3001017293997965,0.0
5775,0,1123.65,39,0,221,5.0,9,1088.75,120.97222222222223,0.4444444444444444,4,7,2.0,0.049999999999999996,23.375,0.03857634902411022,0.5389207807118255,0.2020665901262916,0.22043628013777267
4043,0,131.5,38,1,531,146.0,4,333.75,83.4375,0.75,3,4,1.25,0.07500000000000001,79.66666666666667,0.0,0.5543071161048689,0.2292134831460674,0.21647940074906366
3364,0,1383.2,31,0,701,0.0,14,1018.0,72.71428571428571,0.6428571428571429,4,9,1.3571428571428572,0.024999999999999998,30.307692307692307,0.08840864440078586,0.5442043222003929,0.1905697445972495,0.17681728880157171
5157,0,732.25,29,1,646,102.0,4,484.2,121.05,0.75,3,3,2.5,0.05000000000000002,81.33333333333333,0.03965303593556382,0.25815778603882694,0.0,0.7021891780256093
4990,0,353.5,28,1,580,157.0,4,628.75,157.1875,0.5,3,4,3.25,0.012500000000000011,67.33333333333333,0.03578528827037773,0.39165009940357853,0.5725646123260437,0.0
4649,0,166.5,46,0,774,22.0,8,617.9,77.2375,0.625,3,6,1.5,0.05625000000000001,41.857142857142854,0.34860009710309114,0.05664346981712251,0.5947564330797864,0.0
3700,0,1004.75,41,1,581,57.0,5,490.0,98.0,0.4,4,5,1.2,0.0,71.25,0.14285714285714285,0.1836734693877551,0.1836734693877551,0.4897959183673469
3881,0,1368.0,27,0,293,5.0,9,621.82,69.09111111111112,0.5555555555555556,3,8,1.5555555555555556,0.07780246913580245,28.375,0.26747290212601715,0.32244057765912965,0.41008652021485315,0.0
5742,0,441.0,40,1,681,201.0,1,176.0,176.0,1.0,1,1,2.0,0.19999999999999996,201.0,0.0,0.0,1.0,0.0
4550,0,124.0,18,0,517,246.0,2,81.0,40.5,0.5,2,2,1.0,0.07500000000000001,53.0,0.0,0.6296296296296297,0.37037037037037035,0.0
2907,0,92.0,43,1,457,15.0,1,55.0,55.0,1.0,1,1,1.0,0.0,15.0,0.0,1.0,0.0,0.0
5599,0,822.5,19,0,398,0.0,13,1244.0,95.6923076923077,0.6923076923076923,4,9,1.6923076923076923,0.015384615384615382,29.916666666666668,0.29943729903536975,0.4497588424437299,0.15434083601286175,0.09646302250803858
3349,0,515.4,18,0,194,18.0,2,46.5,23.25,1.0,1,2,1.0,0.0,46.0,1.0,0.0,0.0,0.0
4620,0,28.0,43,1,715,23.0,1,30.0,30.0,1.0,1,1,1.0,0.0,23.0,0.0,0.0,1.0,0.0
5327,0,415.5,18,1,118,6.0,4,467.0,116.75,1.0,2,4,2.0,0.037500000000000006,34.666666666666664,0.0,0.5995717344753747,0.4004282655246253,0.0
3994,0,685.0,29,0,270,20.0,12,1177.1,98.09166666666665,0.6666666666666666,4,9,1.9166666666666667,0.037500000000000006,20.09090909090909,0.11010109591368618,0.5267182057599185,0.09429954974088864,0.26888114858550677
2284,0,570.5,20,0,369,92.0,4,441.0,110.25,0.5,2,4,1.75,0.0625,63.333333333333336,0.7494331065759637,0.25056689342403626,0.0,0.0
3734,0,436.3,29,0,523,312.0,2,72.5,36.25,0.5,2,2,1.5,0.0,51.0,0.3103448275862069,0.6896551724137931,0.0,0.0
4776,0,131.25,26,0,536,224.0,1,23.8,23.8,1.0,1,1,1.0,0.15000000000000002,224.0,0.0,0.0,1.0,0.0
2791,0,303.0,54,0,763,19.0,3,375.0,125.0,0.6666666666666666,3,3,2.6666666666666665,0.033333333333333326,178.5,0.256,0.6,0.144,0.0
4156,0,3045.7200000000003,28,1,237,0.0,21,1862.9,88.70952380952382,0.7619047619047619,4,14,1.5238095238095237,0.0380952380952381,11.4,0.1345214450587793,0.29121262547640775,0.17971979172258307,0.39454613774222985
4077,0,919.75,27,0,728,77.0,3,382.5,127.5,1.0,2,3,2.6666666666666665,0.08333333333333333,131.0,0.0,0.8235294117647058,0.17647058823529413,0.0
2175,0,1029.0,18,0,440,54.0,10,966.0,96.6,0.7,3,7,1.8,0.039999999999999994,28.0,0.049689440993788817,0.598343685300207,0.0,0.35196687370600416
2757,0,790.5,23,1,756,66.0,16,1967.5,122.96875,0.5625,3,11,2.125,0.0375,20.866666666666667,0.0,0.5820838627700127,0.19822109275730623,0.21969504447268107
5978,0,236.25,21,0,125,109.0,1,75.0,75.0,1.0,1,1,1.0,0.0,109.0,0.0,1.0,0.0,0.0
2026,0,754.75,37,1,718,165.0,2,88.5,44.25,1.0,2,2,1.0,0.04999999999999999,203.0,0.5423728813559322,0.4576271186440678,0.0,0.0
4626,0,1499.5,34,0,284,9.0,10,710.85,71.08500000000001,0.6,3,7,1.7,0.05500000000000001,28.666666666666668,0.11268200042202996,0.5623549271998312,0.3249630723781388,0.0
4143,0,1300.5,25,0,301,9.0,11,1240.0,112.72727272727273,0.5454545454545454,4,8,1.9090909090909092,0.05909090909090908,22.1,0.1693548387096774,0.3193548387096774,0.3564516129032258,0.15483870967741936
4450,0,121.6,45,1,812,82.0,4,329.5,82.375,1.0,3,4,1.5,0.04999999999999999,51.333333333333336,0.06828528072837632,0.56752655538695,0.0,0.36418816388467373
5777,0,55.75,27,0,626,254.0,1,88.0,88.0,1.0,1,1,2.0,0.19999999999999996,254.0,0.0,1.0,0.0,0.0
2634,0,2470.75,18,1,812,9.0,15,1164.0,77.6,0.8,4,12,1.6666666666666667,0.030000000000000006,27.142857142857142,0.3698453608247423,0.27878006872852235,0.17525773195876287,0.17611683848797252
5076,0,1588.5,23,0,925,15.0,14,1829.25,130.66071428571428,0.7142857142857143,3,10,2.357142857142857,0.08214285714285714,24.076923076923077,0.2656826568265683,0.5243952439524395,0.0,0.2099220992209922
5906,0,288.0,18,0,243,86.0,5,243.5,48.7,0.8,2,3,1.4,0.059999999999999984,34.25,0.42505133470225875,0.0,0.5749486652977412,0.0
3479,0,327.0,31,0,481,24.0,3,264.0,88.0,0.6666666666666666,2,3,1.6666666666666667,0.0,129.5,0.6590909090909091,0.0,0.3409090909090909,0.0
2411,0,420.3,27,0,329,1.0,7,705.5,100.78571428571429,0.7142857142857143,3,4,1.5714285714285714,0.049999999999999996,46.333333333333336,0.09071580439404678,0.8008504606661941,0.10843373493975904,0.0
4385,0,330.0,21,0,521,254.0,3,222.6,74.2,1.0,2,3,1.6666666666666667,0.11666666666666665,62.5,0.0,0.7861635220125787,0.2138364779874214,0.0
3195,0,394.75,27,0,379,1.0,4,267.5,66.875,0.5,3,4,1.5,0.0,116.66666666666667,0.08411214953271028,0.16822429906542055,0.7476635514018691,0.0
5622,0,506.5,45,0,556,26.0,8,1031.8,128.975,0.75,4,8,1.625,0.04375,52.0,0.039542547005233575,0.101763907734057,0.07850358596627253,0.7801899592944369
4002,0,448.5,38,0,217,3.0,10,527.0,52.7,0.6,3,7,1.7,0.009999999999999998,23.333333333333332,0.21347248576850095,0.562618595825427,0.2239089184060721,0.0
3247,0,1350.0,28,0,690,4.0,26,2214.85,85.18653846153846,0.7692307692307693,4,17,1.6538461538461537,0.049999999999999996,15.0,0.12296543784003433,0.49055240761225366,0.24742081856559137,0.1390613359821207
4557,0,621.7,43,1,94,73.0,2,105.0,52.5,1.0,2,2,1.0,0.0,11.0,0.0,0.7142857142857143,0.2857142857142857,0.0
3738,0,274.0,30,0,177,128.0,2,810.0,405.0,0.5,2,2,2.5,0.0,41.0,0.0,0.0,0.1111111111111111,0.8888888888888888
5947,0,485.0,46,0,779,171.0,5,959.9,191.98,0.6,3,5,2.2,0.06000000000000001,55.25,0.056672570059381186,0.38076883008646734,0.0,0.5625585998541515
2008,0,1030.87,27,0,394,72.0,7,750.9,107.27142857142857,0.42857142857142855,2,6,2.142857142857143,0.042857142857142864,42.666666666666664,0.5864962045545346,0.41350379544546545,0.0,0.0
5873,0,290.0,49,1,913,30.0,6,542.38,90.39666666666666,1.0,4,5,2.0,0.09996296296296296,63.4,0.12238651867694236,0.41299457944614476,0.08849883845274531,0.37612006342416754
4724,0,1076.15,39,0,319,0.0,8,694.62,86.8275,0.75,3,8,1.75,0.05002777777777777,43.285714285714285,0.06207710690737382,0.8947338112925053,0.04318908180012093,0.0
3745,0,1548.6,18,1,556,8.0,9,1042.0,115.77777777777777,0.6666666666666666,3,7,1.6666666666666667,0.033333333333333326,43.25,0.0,0.43282149712092133,0.3944337811900192,0.1727447216890595
4313,0,45.0,41,0,574,4.0,2,80.0,40.0,1.0,1,2,1.0,0.0,193.0,1.0,0.0,0.0,0.0
3385,0,53.2,22,1,531,92.0,3,310.0,103.33333333333333,0.3333333333333333,3,3,1.3333333333333333,0.06666666666666665,144.0,0.3870967741935484,0.22580645161290322,0.0,0.3870967741935484
2676,0,331.0,32,0,480,267.0,1,135.0,135.0,1.0,1,1,3.0,0.0,267.0,0.0,1.0,0.0,0.0
5816,0,320.0,33,1,83,23.0,1,55.0,55.0,1.0,1,1,1.0,0.0,23.0,0.0,1.0,0.0,0.0
2708,0,3492.5,25,0,739,0.0,31,2761.5,89.08064516129032,0.5161290322580645,4,16,1.6774193548387097,0.05161290322580645,12.966666666666667,0.20470758645663586,0.3458265435451747,0.17026978091616873,0.27919608908202065
2668,0,228.0,20,0,547,32.0,4,259.25,64.8125,1.0,2,3,1.5,0.037500000000000006,107.66666666666667,0.17357762777242045,0.8264223722275795,0.0,0.0
4044,0,984.0,36,0,886,40.0,10,983.6,98.36,0.6,4,8,2.2,0.06,34.55555555555556,0.41236274908499393,0.3161854412362749,0.027450183001220006,0.24400162667751119
2469,0,1058.13,48,0,658,67.0,11,749.5,68.13636363636364,0.8181818181818182,3,6,1.5454545454545454,0.03181818181818183,28.5,0.06004002668445631,0.799866577718479,0.1400933955970647,0.0
4726,0,718.1,31,0,701,32.0,8,1092.7,136.5875,0.75,3,8,2.75,0.13124999999999998,51.857142857142854,0.110277294774412,0.38757206918641895,0.5021506360391691,0.0
3902,0,160.0,53,1,82,45.0,1,25.0,25.0,0.0,1,1,1.0,0.0,45.0,0.0,1.0,0.0,0.0
4630,0,488.25,44,1,254,246.0,1,36.0,36.0,1.0,1,1,2.0,0.19999999999999996,246.0,1.0,0.0,0.0,0.0
3879,0,1036.3,53,0,685,8.0,14,1265.15,90.36785714285715,0.42857142857142855,4,10,1.8571428571428572,0.06071428571428572,22.846153846153847,0.1517606607912105,0.24246136821720743,0.15049598861795044,0.45528198237363154
3083,0,297.5,50,1,593,82.0,3,433.0,144.33333333333334,0.6666666666666666,2,3,1.6666666666666667,0.1333333333333333,150.5,0.8314087759815243,0.16859122401847576,0.0,0.0
5621,0,108.75,31,0,618,35.0,3,106.0,35.333333333333336,1.0,2,2,1.3333333333333333,0.11666666666666665,108.0,0.33962264150943394,0.660377358490566,0.0,0.0
3131,0,425.5,34,0,218,124.0,1,25.0,25.0,1.0,1,1,1.0,0.0,124.0,0.0,1.0,0.0,0.0
3275,0,721.0,18,1,863,71.0,7,940.75,134.39285714285714,0.5714285714285714,3,5,2.0,0.07857142857142858,30.333333333333332,0.5500930108955621,0.1342014350252458,0.31570555407919215,0.0
4521,0,288.0,26,1,832,47.0,4,279.5,69.875,0.75,3,4,1.75,0.0625,94.66666666666667,0.24150268336314848,0.3291592128801431,0.0,0.4293381037567084
2546,0,461.0,21,0,529,14.0,5,659.6,131.92000000000002,0.4,2,4,2.0,0.09,73.75,0.0,0.38204972710733776,0.6179502728926622,0.0
4218,0,868.4,35,0,875,28.0,8,394.5,49.3125,0.875,3,6,1.625,0.08125,48.857142857142854,0.34600760456273766,0.5830164765525983,0.07097591888466413,0.0
5168,0,55.0,37,1,542,58.0,3,171.6,57.199999999999996,1.0,3,3,1.3333333333333333,0.033333333333333326,165.5,0.1258741258741259,0.6993006993006993,0.17482517482517482,0.0
3355,1,0.0,43,0,521,39.0,4,149.5,37.375,1.0,2,4,1.0,0.0,99.33333333333333,0.36454849498327757,0.6354515050167224,0.0,0.0
5485,0,322.25,45,1,561,47.0,1,63.75,63.75,1.0,1,1,1.0,0.15000000000000002,47.0,0.0,1.0,0.0,0.0
4199,0,1284.3,54,0,219,15.0,8,427.45,53.43125,0.625,4,6,1.375,0.03125,20.142857142857142,0.20236284945607674,0.3269388232541818,0.1899637384489414,0.2807345888408001
2792,0,124.4,39,0,520,55.0,3,144.4,48.13333333333333,0.6666666666666666,2,2,1.6666666666666667,0.05000000000000001,109.5,0.3767313019390581,0.0,0.6232686980609418,0.0
3030,1,0.0,54,0,838,69.0,2,105.8,52.9,0.5,2,2,1.5,0.07500000000000001,312.0,0.385633270321361,0.6143667296786389,0.0,0.0
5086,0,2048.75,29,0,180,116.0,3,146.0,48.666666666666664,0.6666666666666666,3,3,2.0,0.033333333333333326,26.5,0.1541095890410959,0.4623287671232877,0.3835616438356164,0.0
3569,0,770.55,22,1,533,33.0,8,863.0,107.875,0.75,4,7,1.75,0.03125,51.142857142857146,0.03707995365005794,0.2473928157589803,0.29837775202781,0.4171494785631518
5982,0,895.4,34,1,157,102.0,1,90.0,90.0,1.0,1,1,1.0,0.0,102.0,0.0,0.0,1.0,0.0
5324,0,789.0,34,0,123,52.0,1,48.0,48.0,0.0,1,1,1.0,0.0,52.0,1.0,0.0,0.0,0.0
5166,0,1020.0,20,0,579,50.0,4,279.75,69.9375,0.5,2,3,1.5,0.0625,66.0,0.46380697050938335,0.5361930294906166,0.0,0.0
4643,0,1499.75,69,0,903,24.0,23,1634.05,71.04565217391304,0.5652173913043478,4,14,1.3478260869565217,0.0608695652173913,16.5,0.19638321960772312,0.4366451454973838,0.19730118417429085,0.1696704507206022
5871,0,355.0,24,1,756,12.0,4,227.0,56.75,0.5,4,4,1.75,0.04999999999999999,91.66666666666667,0.31718061674008813,0.1762114537444934,0.13215859030837004,0.3744493392070485
3829,0,2024.9,26,1,322,26.0,11,945.25,85.93181818181819,0.8181818181818182,3,7,1.8181818181818181,0.0409090909090909,26.7,0.3745040994445914,0.5355725998413118,0.0,0.0899233007140968
5915,0,914.0,40,0,829,15.0,15,1298.8,86.58666666666666,0.8666666666666667,4,10,1.5333333333333334,0.06666666666666667,24.071428571428573,0.410378811210348,0.2871881736987989,0.23313828149060672,0.06929473360024638
2661,0,1630.65,18,0,95,16.0,2,276.0,138.0,1.0,2,2,2.5,0.07500000000000001,17.0,0.0,0.8152173913043478,0.18478260869565216,0.0
2523,0,706.5,45,1,488,110.0,5,304.5,60.9,0.6,3,4,1.8,0.09000000000000001,34.5,0.31527093596059114,0.5862068965517241,0.09852216748768473,0.0
3388,0,1290.2,36,0,469,0.0,7,515.3,73.61428571428571,0.8571428571428571,3,7,1.4285714285714286,0.028571428571428564,61.0,0.6652435474480886,0.2765379390646226,0.058218513487288966,0.0
2053,0,689.0,35,0,261,96.0,5,630.5,126.1,0.8,3,5,2.4,0.10999999999999999,36.75,0.0943695479777954,0.13639968279143536,0.7692307692307693,0.0
4040,0,120.0,34,0,230,100.0,1,180.0,180.0,1.0,1,1,1.0,0.0,100.0,0.0,0.0,0.0,1.0
2965,0,70.0,18,0,702,280.0,2,270.0,135.0,0.5,2,2,3.0,0.0,12.0,0.0,0.5555555555555556,0.4444444444444444,0.0
5824,1,0.0,18,0,693,33.0,5,649.0,129.8,1.0,2,4,1.8,0.09,54.5,0.3697996918335901,0.6302003081664098,0.0,0.0
2360,0,1376.35,22,1,302,32.0,11,646.75,58.79545454545455,0.6363636363636364,3,5,1.5454545454545454,0.05,24.8,0.3316582914572864,0.5817549284885968,0.08658678005411674,0.0
2393,0,874.25,29,0,677,49.0,7,857.0,122.42857142857143,0.8571428571428571,3,5,1.4285714285714286,0.05714285714285715,26.166666666666668,0.0,0.147024504084014,0.25670945157526254,0.5962660443407235
5868,0,960.75,38,1,196,3.0,8,758.25,94.78125,0.625,3,7,2.25,0.03125,23.857142857142858,0.22815694032311243,0.7322782723376196,0.03956478733926805,0.0
4563,0,1979.1,44,1,401,60.0,6,301.5,50.25,0.6666666666666666,3,4,1.5,0.033333333333333326,58.6,0.208955223880597,0.6981757877280266,0.09286898839137644,0.0
3835,0,1337.5,18,1,923,25.0,13,672.9,51.76153846153846,0.6153846153846154,3,10,1.6153846153846154,0.06923076923076923,25.833333333333332,0.42554614355773523,0.34514786743944126,0.22930598900282362,0.0
2928,0,226.0,38,1,122,19.0,2,396.0,198.0,0.5,1,2,2.0,0.0,60.0,1.0,0.0,0.0,0.0
2675,0,210.0,37,1,479,17.0,2,80.88,40.44,1.0,1,2,1.5,0.12488888888888894,230.0,1.0,0.0,0.0,0.0
5426,0,295.0,21,0,298,26.0,4,297.5,74.375,0.75,4,4,1.25,0.0875,75.0,0.10756302521008404,0.3495798319327731,0.2571428571428571,0.2857142857142857
5572,0,20.0,34,0,656,231.0,3,154.5,51.5,0.0,2,3,1.0,0.10000000000000002,42.0,0.0,0.47572815533980584,0.5242718446601942,0.0
5890,0,471.12,30,0,176,130.0,1,75.0,75.0,1.0,1,1,1.0,0.0,130.0,0.0,1.0,0.0,0.0
4037,0,348.3,29,1,249,13.0,2,179.75,89.875,0.5,1,2,1.5,0.07500000000000001,29.0,0.0,1.0,0.0,0.0
4118,0,578.8,25,0,236,35.0,5,205.5,41.1,0.8,2,3,1.0,0.059999999999999984,49.5,0.0,0.6009732360097324,0.39902676399026765,0.0
3436,0,730.0,36,1,465,6.0,10,764.0,76.4,0.7,3,9,1.5,0.05,40.888888888888886,0.31151832460732987,0.618455497382199,0.0700261780104712,0.0
4081,0,295.5,39,0,860,9.0,9,563.35,62.59444444444445,0.5555555555555556,4,8,1.1111111111111112,0.11666666666666667,46.75,0.3396645069672495,0.2875654566432946,0.05325286234135085,0.3195171740481051
2585,0,198.0,25,1,242,50.0,4,183.13,45.7825,0.5,2,4,1.0,0.024944444444444464,30.333333333333332,0.11674766559274832,0.8832523344072517,0.0,0.0
4232,0,1384.6,20,1,428,21.0,4,470.0,117.5,0.75,2,4,2.0,0.0,105.66666666666667,0.0,0.7446808510638298,0.2553191489361702,0.0
4622,0,58.0,38,0,485,3.0,5,349.0,69.8,0.4,2,5,1.8,0.019999999999999997,25.5,0.0,0.7593123209169055,0.24068767908309455,0.0
2018,0,52.0,36,0,131,122.0,1,150.0,150.0,1.0,1,1,2.0,0.0,122.0,0.0,1.0,0.0,0.0
3563,0,838.5,39,1,568,128.0,13,1487.4,114.41538461538462,0.38461538461538464,4,11,2.230769230769231,0.038461538461538464,20.916666666666668,0.19396261933575365,0.39229528035498185,0.23625117654968397,0.17749092375958048
5938,0,2864.2,35,1,119,26.0,12,1190.0,99.16666666666667,0.9166666666666666,3,7,1.5,0.03333333333333333,6.909090909090909,0.3403361344537815,0.4092436974789916,0.2504201680672269,0.0
4176,0,1321.37,57,0,192,15.0,8,840.12,105.015,0.5,4,6,1.75,0.04375925925925925,24.714285714285715,0.15964386040089512,0.3904204161310289,0.035709184402228256,0.4142265390658477
2027,0,184.4,44,1,682,395.0,1,24.0,24.0,1.0,1,1,1.0,0.19999999999999996,395.0,0.0,0.0,1.0,0.0
3943,0,3136.8,36,1,846,7.0,26,2405.0,92.5,0.6153846153846154,4,12,1.7307692307692308,0.04807692307692308,15.44,0.161018711018711,0.44542619542619544,0.19397089397089398,0.1995841995841996
2309,0,220.0,46,0,783,65.0,6,522.5,87.08333333333333,0.16666666666666666,3,5,1.1666666666666667,0.03333333333333335,55.8,0.0,0.4966507177033493,0.21052631578947367,0.29282296650717704
4428,0,1058.9,35,1,70,13.0,1,64.0,64.0,0.0,1,1,2.0,0.0,13.0,1.0,0.0,0.0,0.0
2832,0,289.5,37,1,885,78.0,3,195.5,65.16666666666667,0.6666666666666666,3,3,1.0,0.06666666666666665,74.5,0.32225063938618925,0.11508951406649616,0.5626598465473146,0.0
5403,0,582.4,25,0,653,89.0,3,392.0,130.66666666666666,0.6666666666666666,2,3,2.0,0.0,44.0,0.4897959183673469,0.0,0.5102040816326531,0.0
3582,0,414.05,23,1,909,10.0,10,1628.0,162.8,0.6,3,9,2.6,0.06500000000000002,41.666666666666664,0.3132678132678133,0.4864864864864865,0.20024570024570024,0.0
3759,0,197.0,45,1,844,12.0,5,191.5,38.3,0.6,2,5,1.0,0.059999999999999984,57.5,0.0,0.8433420365535248,0.1566579634464752,0.0
2540,0,849.75,25,1,607,7.0,12,830.25,69.1875,0.75,3,7,2.0,0.0375,35.18181818181818,0.14453477868112014,0.2917795844625113,0.5636856368563685,0.0
5271,0,666.2,18,0,129,33.0,1,63.0,63.0,1.0,1,1,2.0,0.09999999999999998,33.0,0.0,1.0,0.0,0.0
5373,0,3350.17,30,1,584,9.0,30,3143.38,104.77933333333334,0.6,4,18,1.8666666666666667,0.06832592592592593,12.137931034482758,0.11560167717552443,0.28066921593953004,0.264683239061138,0.33904586782380747
3510,0,1301.2,18,1,510,31.0,8,608.8,76.1,0.625,4,7,1.375,0.06874999999999999,51.857142857142854,0.290407358738502,0.0985545335085414,0.2956636005256242,0.31537450722733246
3586,0,197.4,47,1,854,241.0,1,76.5,76.5,1.0,1,1,1.0,0.15000000000000002,241.0,0.0,0.0,1.0,0.0
3236,0,3507.63,27,1,442,29.0,38,3492.0,91.89473684210526,0.6842105263157895,4,18,1.6578947368421053,0.053947368421052626,8.513513513513514,0.13954753722794958,0.4440864833906071,0.2822737686139748,0.1340922107674685
2820,0,448.5,24,0,583,38.0,1,54.0,54.0,1.0,1,1,2.0,0.09999999999999998,38.0,0.0,0.0,1.0,0.0
4292,0,563.5,34,0,879,32.0,9,798.75,88.75,0.6666666666666666,3,8,1.7777777777777777,0.07222222222222224,44.375,0.14021909233176838,0.5968701095461659,0.26291079812206575,0.0
3878,0,190.0,35,1,880,256.0,2,121.0,60.5,0.5,2,2,1.5,0.0,41.0,0.7933884297520661,0.2066115702479339,0.0,0.0
3353,0,728.4,19,0,907,127.0,6,369.9,61.65,0.6666666666666666,3,5,1.6666666666666667,0.08333333333333336,52.0,0.33738848337388483,0.0,0.33819951338199516,0.32441200324412006
3465,0,222.0,38,1,920,16.0,7,514.0,73.42857142857143,0.42857142857142855,3,4,1.8571428571428572,0.06428571428571428,55.0,0.04669260700389105,0.6906614785992218,0.0,0.26264591439688717
5619,0,520.0,36,0,119,52.0,1,48.0,48.0,1.0,1,1,1.0,0.0,52.0,1.0,0.0,0.0,0.0
4818,0,355.75,60,0,484,233.0,1,96.0,96.0,1.0,1,1,4.0,0.19999999999999996,233.0,0.0,0.0,1.0,0.0
2150,0,640.2,60,0,111,60.0,3,333.0,111.0,0.6666666666666666,2,3,2.0,0.0,8.5,0.14414414414414414,0.8558558558558559,0.0,0.0
2424,0,163.5,45,1,139,50.0,1,180.0,180.0,1.0,1,1,3.0,0.0,50.0,0.0,1.0,0.0,0.0
2172,0,537.5,25,0,174,81.0,3,198.75,66.25,0.3333333333333333,2,3,2.3333333333333335,0.01666666666666668,35.0,0.0,0.29559748427672955,0.7044025157232704,0.0
3229,0,434.0,18,0,335,92.0,3,619.0,206.33333333333334,0.3333333333333333,3,3,4.333333333333333,0.0,82.0,0.23263327948303716,0.5250403877221325,0.24232633279483037,0.0
5040,0,587.0,35,0,160,159.0,1,55.0,55.0,1.0,1,1,1.0,0.0,159.0,0.0,1.0,0.0,0.0
2755,0,185.0,44,0,616,218.0,1,99.0,99.0,1.0,1,1,1.0,0.09999999999999998,218.0,0.0,0.0,1.0,0.0
5229,0,1342.5,46,0,683,52.0,7,825.6,117.94285714285715,1.0,4,5,2.0,0.04285714285714285,49.666666666666664,0.14244186046511625,0.29069767441860467,0.2180232558139535,0.3488372093023256
3654,0,2361.25,25,0,628,8.0,26,2771.52,106.59692307692308,0.7307692307692307,4,14,1.9615384615384615,0.07500854700854699,15.44,0.41566360697379057,0.36712706384944,0.13061424777739292,0.08659508139937652
2692,0,2092.75,22,0,778,9.0,32,3473.25,108.5390625,0.65625,4,15,1.875,0.032812499999999994,12.419354838709678,0.15080976031094795,0.501619520621896,0.1437270567911898,0.20384366227596631
2306,0,1029.38,30,1,114,18.0,2,145.0,72.5,1.0,2,2,1.0,0.0,86.0,0.0,0.41379310344827586,0.0,0.5862068965517241
4152,0,252.0,31,0,555,293.0,1,70.0,70.0,0.0,1,1,1.0,0.0,293.0,1.0,0.0,0.0,0.0
5674,0,2066.4,25,0,178,6.0,7,437.0,62.42857142857143,0.7142857142857143,3,6,1.4285714285714286,0.0,27.0,0.05491990846681922,0.6750572082379863,0.2700228832951945,0.0
2139,0,235.5,43,0,121,21.0,2,99.0,49.5,0.5,2,2,1.0,0.0,35.0,0.24242424242424243,0.7575757575757576,0.0,0.0
5691,0,368.25,20,0,848,104.0,4,363.5,90.875,0.5,2,4,1.5,0.11249999999999999,86.0,0.0,0.6698762035763411,0.0,0.33012379642365886
3611,0,326.5,46,0,634,13.0,4,420.0,105.0,1.0,2,4,2.0,0.037500000000000006,82.66666666666667,0.7142857142857143,0.2857142857142857,0.0,0.0
3367,0,799.5,27,0,423,222.0,3,448.5,149.5,0.0,3,3,3.0,0.05000000000000001,53.0,0.2508361204013378,0.0,0.06688963210702341,0.6822742474916388
3756,0,117.0,46,1,241,241.0,1,38.25,38.25,1.0,1,1,2.0,0.15000000000000002,241.0,1.0,0.0,0.0,0.0
2770,0,660.0,41,1,678,194.0,1,43.2,43.2,1.0,1,1,2.0,0.09999999999999998,194.0,1.0,0.0,0.0,0.0
2289,0,476.0,18,1,634,68.0,8,537.2,67.15,0.625,4,7,1.25,0.04375,44.42857142857143,0.050632911392405056,0.5100521221146687,0.10424422933730454,0.3350707371556217
4747,0,243.0,29,1,364,22.0,3,118.5,39.5,0.6666666666666666,1,3,1.0,0.10000000000000002,167.5,0.0,1.0,0.0,0.0
2759,0,120.0,30,0,225,85.0,1,63.0,63.0,0.0,1,1,2.0,0.09999999999999998,85.0,0.0,1.0,0.0,0.0
3291,0,707.0,23,1,99,6.0,2,95.0,47.5,0.0,1,2,1.0,0.0,5.0,0.0,1.0,0.0,0.0
5768,0,1275.12,30,1,190,3.0,7,340.8,48.68571428571429,0.2857142857142857,3,7,1.1428571428571428,0.028571428571428564,30.333333333333332,0.22535211267605632,0.30809859154929575,0.4665492957746479,0.0
4026,0,1608.0,31,1,725,39.0,14,1846.9,131.92142857142858,0.5,4,9,2.2142857142857144,0.08928571428571427,25.307692307692307,0.09551139747685311,0.496236937571065,0.15485407980941035,0.25339758514267147
2858,0,345.5,18,1,767,16.0,8,815.0,101.875,0.375,3,6,1.5,0.024999999999999994,49.857142857142854,0.0,0.17484662576687116,0.7312883435582822,0.09386503067484663
2967,0,433.25,43,1,686,135.0,3,344.0,114.66666666666667,1.0,2,3,1.6666666666666667,0.06666666666666665,109.0,0.0,0.37209302325581395,0.0,0.627906976744186
4386,0,340.25,50,1,174,5.0,6,542.5,90.41666666666667,0.8333333333333334,4,5,1.3333333333333333,0.0,25.4,0.041474654377880185,0.4423963133640553,0.20276497695852536,0.31336405529953915
4251,1,0.0,37,0,615,341.0,1,32.0,32.0,1.0,1,1,1.0,0.0,341.0,1.0,0.0,0.0,0.0
3093,0,325.8,31,1,380,0.0,4,355.25,88.8125,1.0,3,4,1.5,0.037500000000000006,115.66666666666667,0.0,0.5102040816326531,0.15200562983814214,0.3377902885292048
3365,0,175.0,25,0,741,17.0,3,138.0,46.0,0.6666666666666666,2,3,1.0,0.0,122.0,0.0,0.7971014492753623,0.2028985507246377,0.0
5431,0,3189.75,27,0,641,16.0,23,2324.15,101.05,0.782608695652174,4,13,1.7391304347826086,0.05217391304347826,15.090909090909092,0.055353570122410344,0.39433771486349845,0.20394552847277497,0.34636318654131615
3205,1,0.0,43,1,569,35.0,5,378.35,75.67,0.8,3,4,1.8,0.09,58.0,0.057089996035416944,0.7843266816439803,0.1585833223206026,0.0
4823,0,249.0,42,0,779,230.0,2,354.4,177.2,1.0,1,2,2.0,0.07500000000000001,27.0,1.0,0.0,0.0,0.0
3228,0,1556.88,39,0,826,9.0,7,407.8,58.25714285714286,0.42857142857142855,3,4,2.142857142857143,0.049999999999999996,59.666666666666664,0.27587052476704266,0.25380088278567925,0.4703285924472781,0.0
2004,0,281.4,25,1,696,27.0,5,539.0,107.8,0.6,4,4,1.4,0.06000000000000001,79.0,0.5565862708719852,0.16697588126159554,0.055658627087198514,0.22077922077922077
3506,0,775.6,38,1,104,67.0,1,90.0,90.0,1.0,1,1,4.0,0.0,67.0,1.0,0.0,0.0,0.0
3544,0,1628.85,36,1,505,68.0,7,1006.75,143.82142857142858,0.7142857142857143,4,6,1.5714285714285714,0.049999999999999996,53.666666666666664,0.03178544822448473,0.14377948845294264,0.10926247827166626,0.7151725850509064
5102,0,67.2,43,0,552,148.0,4,370.0,92.5,0.75,2,4,1.75,0.04999999999999999,74.33333333333333,0.0,0.918918918918919,0.08108108108108109,0.0
5420,0,1072.05,53,1,356,7.0,7,334.6,47.800000000000004,0.42857142857142855,3,5,1.7142857142857142,0.05714285714285713,49.666666666666664,0.18828451882845187,0.5977286312014345,0.21398684997011352,0.0
4734,0,2029.2,43,0,518,37.0,25,1836.5,73.46,0.76,4,14,1.48,0.046,14.791666666666666,0.23686359923768038,0.4936019602504764,0.22379526272801525,0.04573917778382793
4958,0,909.4,27,0,728,85.0,4,203.5,50.875,0.5,3,4,1.75,0.024999999999999994,65.0,0.11793611793611794,0.7346437346437347,0.14742014742014742,0.0
4492,0,1573.45,18,1,594,30.0,8,610.5,76.3125,0.75,3,7,1.125,0.024999999999999994,52.142857142857146,0.07862407862407862,0.25307125307125306,0.6683046683046683,0.0
2891,0,1029.5,33,1,539,78.0,3,369.0,123.0,1.0,2,3,2.0,0.0,149.0,0.06504065040650407,0.9349593495934959,0.0,0.0
3939,0,1022.2,28,0,659,53.0,8,590.5,73.8125,0.625,3,6,1.625,0.024999999999999994,45.57142857142857,0.1143099068585944,0.7705334462320068,0.0,0.11515664690939881
2977,0,1183.4,47,1,125,26.0,7,321.0,45.857142857142854,0.2857142857142857,3,7,1.2857142857142858,0.0,16.0,0.2897196261682243,0.5295950155763239,0.1806853582554517,0.0
3369,1,0.0,29,1,61,48.0,1,144.0,144.0,1.0,1,1,3.0,0.0,48.0,1.0,0.0,0.0,0.0
2973,0,836.0,18,0,347,33.0,6,712.0,118.66666666666667,0.5,3,5,2.0,0.08333333333333333,62.4,0.702247191011236,0.028089887640449437,0.2696629213483146,0.0
5914,0,22.5,40,1,564,184.0,4,230.0,57.5,0.75,3,4,1.25,0.0875,28.666666666666668,0.0,0.21739130434782608,0.45,0.33260869565217394
4961,0,314.0,36,1,586,325.0,1,110.0,110.0,1.0,1,1,1.0,0.0,325.0,0.0,0.0,1.0,0.0
4346,0,703.5,36,1,814,11.0,4,190.0,47.5,0.25,3,4,1.0,0.024999999999999994,57.333333333333336,0.12631578947368421,0.2894736842105263,0.5842105263157895,0.0
2756,0,560.75,25,0,614,11.0,6,588.75,98.125,0.6666666666666666,2,5,1.6666666666666667,0.041666666666666664,62.8,0.0,0.7961783439490446,0.20382165605095542,0.0
5968,0,619.5,41,1,914,32.0,4,345.25,86.3125,0.5,2,4,1.5,0.07500000000000001,38.666666666666664,0.0,0.4786386676321506,0.5213613323678494,0.0
2646,0,205.0,20,0,377,158.0,3,524.0,174.66666666666666,0.3333333333333333,2,3,2.3333333333333335,0.01666666666666668,102.5,0.0,0.6202290076335878,0.0,0.3797709923664122
4918,0,959.75,29,1,788,105.0,6,329.25,54.875,0.8333333333333334,2,4,1.5,0.06666666666666667,49.2,0.0,0.6765375854214123,0.3234624145785877,0.0
3263,0,548.2,39,1,623,213.0,1,45.0,45.0,0.0,1,1,1.0,0.0,213.0,0.0,1.0,0.0,0.0
4650,0,172.8,43,1,432,132.0,3,278.75,92.91666666666667,1.0,2,2,2.0,0.0666666666666667,28.0,0.0,0.8977578475336323,0.10224215246636771,0.0
3928,0,2626.5,46,1,339,11.0,19,1846.1,97.16315789473684,0.7368421052631579,4,14,1.736842105263158,0.07105263157894737,16.27777777777778,0.2852229023346514,0.4864308542332485,0.05920589350522724,0.16914034992687288
5847,0,243.75,24,1,614,42.0,8,639.25,79.90625,0.625,2,6,2.0,0.09999999999999999,50.0,0.0,0.8005475166210403,0.1994524833789597,0.0
4828,0,511.5,41,1,863,46.0,5,323.35,64.67,0.6,3,5,1.4,0.13999999999999999,85.75,0.07917117674346683,0.6703262718416576,0.2505025514148755,0.0
5447,0,1702.9,26,0,304,8.0,25,2069.25,82.77,0.76,4,15,1.68,0.057999999999999996,12.0,0.09629092666425033,0.3967621118762837,0.3146067415730337,0.1923402198864323
4807,0,3654.0,37,1,619,4.0,35,2705.5,77.3,0.6857142857142857,4,15,1.7428571428571429,0.048571428571428564,10.382352941176471,0.2984660875993347,0.4679356865644058,0.1537608575124746,0.07983736832378488
3220,0,3119.43,21,0,376,6.0,18,1416.0,78.66666666666667,0.5555555555555556,3,7,1.7222222222222223,0.008333333333333335,20.647058823529413,0.13559322033898305,0.6165254237288136,0.2478813559322034,0.0
5521,0,133.4,18,0,130,42.0,1,52.0,52.0,1.0,1,1,1.0,0.19999999999999996,42.0,0.0,1.0,0.0,0.0
4766,0,1708.25,50,1,556,9.0,33,2974.05,90.12272727272727,0.696969696969697,4,17,1.7878787878787878,0.06515151515151517,11.46875,0.24730586237622096,0.34027672702207423,0.22504665355323547,0.18737075704846926
2246,0,271.0,42,1,535,177.0,2,191.25,95.625,1.0,2,2,1.0,0.025000000000000022,115.0,0.0,0.37254901960784315,0.0,0.6274509803921569
4801,0,867.6,59,0,467,68.0,10,1072.08,107.208,0.6,4,9,1.7,0.07997777777777779,33.77777777777778,0.1852287142750541,0.17256174912319977,0.083948959032908,0.5582605775688382
2633,1,0.0,24,0,879,313.0,3,202.0,67.33333333333333,0.0,2,3,1.0,0.06666666666666665,41.0,0.1188118811881188,0.0,0.8811881188118812,0.0
3625,0,1276.9,31,0,428,45.0,8,580.25,72.53125,0.75,4,6,1.25,0.07499999999999998,49.714285714285715,0.13571736320551486,0.27832830676432574,0.3791469194312796,0.2068074105988798
2442,0,2064.5,32,1,889,8.0,14,1495.5,106.82142857142857,0.6428571428571429,4,8,1.7142857142857142,0.0,27.76923076923077,0.4215981277164828,0.17051153460381144,0.2942159812771648,0.11367435640254096
5342,0,60.0,22,0,717,11.0,4,232.0,58.0,0.75,2,3,1.5,0.04999999999999999,90.66666666666667,0.5517241379310345,0.4482758620689655,0.0,0.0
4093,1,0.0,23,0,806,13.0,2,135.0,67.5,0.5,2,2,1.5,0.0,62.0,0.0,0.5555555555555556,0.4444444444444444,0.0
2869,0,915.48,31,0,611,55.0,5,348.38,69.676,0.6,3,4,1.6,0.08998518518518514,83.5,0.16470520695791951,0.57695619725587,0.2583385957862105,0.0
4418,0,752.0,18,1,650,193.0,1,105.0,105.0,1.0,1,1,3.0,0.0,193.0,0.0,1.0,0.0,0.0
4954,0,372.75,26,0,241,81.0,2,67.0,33.5,1.0,2,2,1.0,0.0,55.0,0.47761194029850745,0.5223880597014925,0.0,0.0
4486,0,779.75,27,0,564,47.0,11,945.8,85.98181818181818,0.9090909090909091,3,9,1.8181818181818181,0.10454545454545454,26.9,0.06290970606893635,0.6719179530556143,0.2651723408754494,0.0
4938,0,971.45,39,1,407,18.0,7,926.8,132.4,0.7142857142857143,4,7,2.2857142857142856,0.021428571428571415,62.0,0.6034743202416918,0.16993957703927492,0.09710832973672853,0.1294777729823047
3222,0,1434.0,35,0,129,51.0,2,270.0,135.0,0.5,2,2,2.5,0.0,5.0,0.0,0.6666666666666666,0.3333333333333333,0.0
5280,0,288.5,37,0,799,201.0,4,314.0,78.5,0.75,2,4,1.25,0.024999999999999994,49.0,0.0,0.4585987261146497,0.0,0.5414012738853503
2742,0,1841.35,36,1,531,46.0,11,927.3,84.3,0.7272727272727273,4,10,1.5454545454545454,0.06363636363636363,34.3,0.13749595600129408,0.47988784643588916,0.29095222689528744,0.09166397066752939
4012,0,121.75,41,0,549,80.0,1,110.0,110.0,1.0,1,1,1.0,0.0,80.0,0.0,0.0,1.0,0.0
3529,0,159.25,22,1,820,0.0,8,399.88,49.985,0.875,2,6,1.375,0.08122222222222221,54.57142857142857,0.24977493247974392,0.7502250675202561,0.0,0.0
2583,0,1708.25,29,1,737,18.0,22,2089.5,94.97727272727273,0.45454545454545453,4,15,1.6818181818181819,0.04545454545454545,16.761904761904763,0.3713807130892558,0.2948073701842546,0.1990906915530031,0.13472122517348648
5979,0,958.13,38,0,466,30.0,12,975.75,81.3125,0.6666666666666666,3,9,2.1666666666666665,0.05416666666666667,31.272727272727273,0.43300025621316934,0.41634640020497055,0.1506533435818601,0.0
2276,0,1083.05,42,1,132,3.0,3,165.0,55.0,1.0,2,3,1.3333333333333333,0.0,46.0,0.0,0.8181818181818182,0.18181818181818182,0.0
5270,0,324.0,28,1,517,39.0,8,472.7,59.0875,0.875,3,5,2.0,0.10624999999999998,49.857142857142854,0.22466680770044425,0.727734292363021,0.0475988999365348,0.0
5602,0,1282.75,26,1,201,36.0,8,497.9,62.2375,0.875,3,7,1.375,0.075,20.0,0.2669210684876481,0.41675035147620004,0.31632858003615183,0.0
5207,0,364.25,42,1,75,1.0,1,60.0,60.0,1.0,1,1,1.0,0.0,1.0,0.0,1.0,0.0,0.0
4327,0,215.25,22,1,471,242.0,2,189.0,94.5,0.5,1,1,1.5,0.09999999999999998,150.0,1.0,0.0,0.0,0.0
3763,1,0.0,35,1,604,42.0,2,123.6,61.8,0.5,2,2,1.5,0.125,256.0,0.17475728155339806,0.825242718446602,0.0,0.0
3404,0,428.25,29,1,720,32.0,3,196.0,65.33333333333333,1.0,3,3,2.0,0.06666666666666665,105.5,0.16326530612244897,0.5510204081632653,0.2857142857142857,0.0
2627,0,110.0,28,1,131,85.0,1,60.0,60.0,1.0,1,1,1.0,0.0,85.0,0.0,1.0,0.0,0.0
4364,0,1125.5,26,0,849,22.0,7,635.75,90.82142857142857,0.2857142857142857,3,5,1.4285714285714286,0.05714285714285715,48.333333333333336,0.11010617381046009,0.7011403853716084,0.0,0.18875344081793158
4053,0,1043.7,32,0,312,6.0,16,1086.9,67.93125,0.75,3,8,1.6875,0.037500000000000006,19.933333333333334,0.1954181617444107,0.699696384211979,0.10488545404361026,0.0
5130,0,560.15,28,0,681,21.0,10,808.8,80.88,0.8,4,7,1.5,0.075,41.22222222222222,0.16913946587537093,0.21636993076162217,0.2584075173095945,0.3560830860534125
4771,0,59.5,50,1,472,99.0,5,498.0,99.6,0.8,3,5,1.8,0.010000000000000009,60.0,0.0,0.4678714859437751,0.3614457831325301,0.1706827309236948
3527,0,1567.3,30,1,645,13.0,10,661.5,66.15,0.7,4,8,1.2,0.04,37.55555555555556,0.08994708994708994,0.40060468631897206,0.16477702191987906,0.34467120181405897
4780,0,729.0,51,0,528,27.0,9,853.8,94.86666666666666,0.6666666666666666,2,6,1.6666666666666667,0.09444444444444444,44.75,0.0,0.5815179198875615,0.41848208011243854,0.0
2485,0,35.0,27,1,548,40.0,4,236.0,59.0,0.75,3,4,1.0,0.04999999999999999,100.33333333333333,0.2966101694915254,0.2033898305084746,0.5,0.0
4890,0,286.6,31,1,558,87.0,2,231.0,115.5,1.0,2,2,1.5,0.04999999999999999,132.0,0.6493506493506493,0.35064935064935066,0.0,0.0
2467,1,0.0,29,1,706,225.0,1,117.0,117.0,1.0,1,1,2.0,0.09999999999999998,225.0,0.0,1.0,0.0,0.0
4276,0,490.0,33,0,388,14.0,4,284.6,71.15,0.5,2,3,1.5,0.08750000000000002,122.0,0.8770203794799718,0.1229796205200281,0.0,0.0
4502,0,1088.0,47,1,856,14.0,13,951.95,73.22692307692309,0.6153846153846154,3,10,1.4615384615384615,0.06923076923076923,31.333333333333332,0.33105730342980194,0.29413309522558956,0.37480960134460845,0.0
5371,0,388.2,31,1,465,370.0,1,288.0,288.0,0.0,1,1,2.0,0.19999999999999996,370.0,0.0,0.0,0.0,1.0
3964,0,227.0,35,0,415,241.0,1,28.0,28.0,1.0,1,1,1.0,0.19999999999999996,241.0,0.0,1.0,0.0,0.0
3998,0,220.0,34,1,191,52.0,4,419.0,104.75,1.0,3,4,1.25,0.0,28.333333333333332,0.4152744630071599,0.15513126491646778,0.4295942720763723,0.0
5588,0,167.5,27,1,657,73.0,2,77.0,38.5,0.5,1,2,1.5,0.0,41.0,1.0,0.0,0.0,0.0
5259,0,108.9,18,0,780,59.0,2,240.0,120.0,0.5,2,2,1.5,0.0,10.0,0.0,0.625,0.375,0.0
4775,0,28.5,18,1,461,278.0,1,48.0,48.0,0.0,1,1,2.0,0.0,278.0,1.0,0.0,0.0,0.0
4664,1,0.0,48,0,733,40.0,11,681.45,61.95,0.7272727272727273,4,8,1.3636363636363635,0.05909090909090909,34.9,0.11035292391224594,0.45748037273461,0.2201188641866608,0.21204783916648323
3597,0,316.6,18,1,891,40.0,4,351.0,87.75,0.5,2,3,1.75,0.12499999999999997,63.666666666666664,0.0,0.9230769230769231,0.07692307692307693,0.0
3680,0,521.0,25,0,595,36.0,2,173.8,86.9,1.0,2,2,1.0,0.07500000000000001,241.0,0.863060989643268,0.0,0.13693901035673187,0.0
2112,0,102.5,38,1,157,47.0,2,87.5,43.75,1.0,2,2,1.0,0.0,4.0,0.2571428571428571,0.7428571428571429,0.0,0.0
5263,0,1258.1,38,1,291,114.0,9,813.75,90.41666666666667,0.4444444444444444,4,9,1.4444444444444444,0.01666666666666667,20.0,0.1339477726574501,0.3499231950844854,0.22119815668202766,0.29493087557603687
2924,0,215.0,22,1,884,43.0,3,370.0,123.33333333333333,0.3333333333333333,2,3,1.3333333333333333,0.06666666666666665,132.0,0.0,0.05405405405405406,0.0,0.9459459459459459
3405,0,805.4,33,1,701,4.0,13,1269.32,97.64,0.6153846153846154,4,9,1.6153846153846154,0.08078632478632478,32.083333333333336,0.24959821006523178,0.1516560047899663,0.17332114833139003,0.4254246368134119
5720,0,1977.75,21,1,170,13.0,11,949.0,86.27272727272727,1.0,4,9,1.5454545454545454,0.036363636363636355,13.9,0.19915700737618547,0.3266596417281349,0.09483667017913593,0.3793466807165437
2380,0,1088.0,44,0,374,26.0,16,1920.5,120.03125,0.625,4,10,1.625,0.103125,23.133333333333333,0.11663629263212705,0.12262431658422286,0.32647747982296277,0.43426191096068734
4411,0,2349.75,35,0,82,9.0,4,375.0,93.75,0.5,2,4,1.75,0.0,19.0,0.0,0.84,0.16,0.0
2758,0,873.5,20,1,689,16.0,8,561.5,70.1875,0.875,3,6,2.375,0.03749999999999999,53.42857142857143,0.08014247551202137,0.4924309884238646,0.42742653606411396,0.0
3438,0,340.0,42,0,833,389.0,1,60.0,60.0,1.0,1,1,1.0,0.19999999999999996,389.0,0.0,1.0,0.0,0.0
3299,0,290.0,31,1,126,23.0,1,22.5,22.5,1.0,1,1,1.0,0.0,23.0,1.0,0.0,0.0,0.0
4584,0,736.3,42,0,898,115.0,4,482.5,120.625,0.5,3,3,1.5,0.04999999999999999,64.0,0.8393782383419689,0.09844559585492228,0.06217616580310881,0.0
3560,0,1214.65,18,1,403,47.0,16,2017.28,126.08,0.75,4,13,1.875,0.03436111111111111,23.066666666666666,0.14687103426395937,0.2552942576142132,0.3598905456852792,0.23794416243654823
5179,0,827.5,30,0,255,2.0,9,561.0,62.333333333333336,0.6666666666666666,4,6,1.5555555555555556,0.03333333333333334,30.375,0.25133689839572193,0.2620320855614973,0.21390374331550802,0.2727272727272727
3218,0,241.0,28,0,94,37.0,1,27.0,27.0,1.0,1,1,1.0,0.09999999999999998,37.0,0.0,0.0,1.0,0.0
4817,0,1740.62,34,1,163,82.0,3,798.8,266.26666666666665,0.3333333333333333,3,3,2.3333333333333335,0.016666666666666646,39.0,0.028542814221332,0.0,0.07010515773660492,0.9013520280420632
5807,0,1091.2,30,0,188,117.0,3,205.8,68.60000000000001,0.3333333333333333,3,3,1.0,0.05000000000000001,33.5,0.19825072886297374,0.36443148688046645,0.43731778425655976,0.0
5752,0,1696.0,18,0,804,73.0,3,169.0,56.333333333333336,0.6666666666666666,1,3,1.3333333333333333,0.033333333333333326,136.0,0.0,0.0,1.0,0.0
5569,1,0.0,37,0,616,13.0,3,127.0,42.333333333333336,0.0,3,3,1.3333333333333333,0.0,149.5,0.25196850393700787,0.2755905511811024,0.47244094488188976,0.0
2166,0,613.12,51,1,335,71.0,3,181.5,60.5,1.0,2,2,1.6666666666666667,0.05000000000000001,68.0,0.0,0.6694214876033058,0.3305785123966942,0.0
3730,0,176.0,18,0,250,6.0,2,80.0,40.0,0.5,1,2,1.0,0.0,197.0,0.0,1.0,0.0,0.0
4233,0,2116.8,37,0,113,66.0,1,35.0,35.0,0.0,1,1,1.0,0.0,66.0,0.0,1.0,0.0,0.0
3592,0,514.5,40,1,310,219.0,1,99.0,99.0,0.0,1,1,2.0,0.09999999999999998,219.0,0.0,1.0,0.0,0.0
5637,0,105.0,26,0,818,99.0,3,461.0,153.66666666666666,0.6666666666666666,2,3,2.0,0.0,102.0,0.0,0.16268980477223427,0.8373101952277657,0.0
3679,0,1351.5,37,1,84,67.0,1,225.0,225.0,0.0,1,1,3.0,0.0,67.0,0.0,1.0,0.0,0.0
3331,1,0.0,47,1,533,206.0,3,119.38,39.79333333333333,0.6666666666666666,2,3,1.3333333333333333,0.016592592592592603,49.5,0.5811693751047077,0.4188306248952924,0.0,0.0
3085,0,305.0,42,0,257,219.0,3,217.5,72.5,0.6666666666666666,3,3,1.0,0.1333333333333333,16.5,0.0,0.18620689655172415,0.3724137931034483,0.4413793103448276
2455,0,881.8,48,1,299,0.0,6,509.0,84.83333333333333,0.6666666666666666,3,5,1.1666666666666667,0.016666666666666663,56.4,0.04420432220039293,0.16699410609037327,0.0,0.7888015717092338
2623,0,1864.5,18,1,511,5.0,15,1458.08,97.20533333333333,0.8,3,10,1.6666666666666667,0.03665185185185185,27.5,0.40709700427960055,0.27056128607483815,0.3223417096455613,0.0
3862,0,114.0,33,0,93,88.0,1,75.0,75.0,0.0,1,1,3.0,0.0,88.0,0.0,1.0,0.0,0.0
2525,0,637.8,41,0,411,3.0,1,25.0,25.0,0.0,1,1,1.0,0.0,3.0,0.0,1.0,0.0,0.0
4739,0,404.0,70,0,636,21.0,5,386.5,77.3,0.6,2,4,1.4,0.059999999999999984,91.25,0.0,0.6274256144890039,0.37257438551099614,0.0
4225,0,707.75,23,0,196,85.0,1,57.0,57.0,0.0,1,1,2.0,0.050000000000000044,85.0,0.0,0.0,1.0,0.0
4774,0,280.0,30,0,382,11.0,4,738.5,184.625,0.75,4,4,2.25,0.037500000000000006,78.0,0.12999322951929587,0.05754908598510494,0.08124576844955991,0.7312119160460393
5149,0,984.75,46,1,292,4.0,8,1085.0,135.625,0.875,4,7,1.75,0.04999999999999999,40.0,0.03732718894009217,0.15668202764976957,0.07188940092165899,0.7341013824884792
5532,0,440.0,36,0,620,2.0,7,698.25,99.75,0.7142857142857143,3,6,1.5714285714285714,0.03571428571428571,64.0,0.0,0.5531686358754028,0.3250984604368063,0.12173290368779091
2876,0,546.75,32,1,662,24.0,7,1183.0,169.0,1.0,2,7,1.8571428571428572,0.028571428571428564,34.833333333333336,0.0,0.34065934065934067,0.0,0.6593406593406593
3450,0,1073.12,36,0,783,11.0,9,678.25,75.36111111111111,0.5555555555555556,3,8,1.4444444444444444,0.05555555555555555,44.0,0.14670106892738666,0.4939181717655732,0.0,0.35938075930704017
5671,0,22.5,36,1,526,28.0,4,350.0,87.5,0.75,3,4,1.5,0.0,101.0,0.2,0.5428571428571428,0.2571428571428571,0.0
3267,0,1827.75,39,0,181,3.0,4,155.0,38.75,0.5,3,3,1.5,0.0,45.666666666666664,0.5806451612903226,0.22580645161290322,0.1935483870967742,0.0
3514,0,105.0,46,1,788,11.0,2,208.0,104.0,0.5,2,2,2.5,0.09999999999999998,187.0,0.0,0.0,0.5384615384615384,0.46153846153846156
3655,0,1184.13,35,0,724,124.0,12,1104.1,92.00833333333333,0.6666666666666666,3,8,1.3333333333333333,0.049999999999999996,23.818181818181817,0.8541798750113215,0.09555293904537633,0.05026718594330224,0.0
3997,0,854.9,40,0,335,110.0,7,799.05,114.14999999999999,0.5714285714285714,3,5,1.4285714285714286,0.10714285714285714,30.666666666666668,0.7168512608722858,0.06914460922345285,0.21400412990426132,0.0
4216,0,1285.2,29,0,772,2.0,5,884.75,176.95,0.8,2,4,1.8,0.030000000000000006,66.5,0.0,0.3896580955072054,0.0,0.6103419044927946
2366,0,384.5,32,1,418,176.0,5,587.25,117.45,0.6,2,4,1.6,0.06000000000000001,29.75,0.0,0.438058748403576,0.561941251596424,0.0
3686,0,3494.3,31,0,806,2.0,21,2329.5,110.92857142857143,0.8095238095238095,4,11,1.7619047619047619,0.05714285714285715,19.0,0.13092938398798026,0.4994634041639837,0.31809401159047007,0.051513200257566
3134,0,742.4,42,0,480,34.0,9,483.75,53.75,0.6666666666666666,4,7,1.4444444444444444,0.061111111111111116,37.375,0.4764857881136951,0.12609819121447027,0.24806201550387597,0.14935400516795866
2959,0,62.0,30,0,522,219.0,2,299.5,149.75,1.0,1,2,1.5,0.175,15.0,1.0,0.0,0.0,0.0
2133,0,1071.6,51,1,591,51.0,5,490.8,98.16,0.6,2,4,2.6,0.030000000000000006,43.5,0.6332518337408313,0.0,0.3667481662591687,0.0
5779,0,360.25,32,0,425,24.0,9,686.1,76.23333333333333,0.5555555555555556,3,7,1.7777777777777777,0.05555555555555555,45.75,0.6552980615070689,0.1785454015449643,0.16615653694796675,0.0
2457,0,1189.05,35,1,219,130.0,2,175.0,87.5,1.0,1,2,2.0,0.04999999999999999,78.0,0.0,1.0,0.0,0.0
2996,0,210.38,45,0,500,135.0,2,381.0,190.5,1.0,2,2,2.0,0.15000000000000002,114.0,0.0,0.0,0.05511811023622047,0.9448818897637795
3648,0,549.0,41,0,73,53.0,1,75.0,75.0,1.0,1,1,1.0,0.0,53.0,0.0,1.0,0.0,0.0
2901,0,2983.35,26,0,734,7.0,43,4351.7,101.20232558139534,0.6511627906976745,4,15,1.813953488372093,0.041860465116279076,9.238095238095237,0.30192798216788846,0.40007353448077765,0.09072316565939749,0.2072753176919365
5641,0,866.0,32,1,385,8.0,6,322.75,53.791666666666664,0.6666666666666666,2,4,1.8333333333333333,0.06666666666666667,48.8,0.14872192099147946,0.8512780790085205,0.0,0.0
5206,0,223.0,45,1,776,74.0,2,285.0,142.5,1.0,2,2,1.5,0.0,45.0,0.0,0.22807017543859648,0.7719298245614035,0.0
2506,1,0.0,49,0,274,8.0,1,24.0,24.0,0.0,1,1,1.0,0.0,8.0,1.0,0.0,0.0,0.0
2875,0,404.0,22,1,587,41.0,1,238.0,238.0,0.0,1,1,4.0,0.15000000000000002,41.0,1.0,0.0,0.0,0.0
4520,0,162.5,34,0,677,24.0,2,140.0,70.0,0.0,1,2,1.0,0.0,277.0,0.0,0.0,1.0,0.0
4508,0,205.0,30,1,431,53.0,6,585.5,97.58333333333333,0.5,3,6,1.8333333333333333,0.033333333333333326,49.2,0.2126387702818104,0.4184457728437233,0.36891545687446625,0.0
2499,0,690.1,31,0,773,65.0,11,545.0,49.54545454545455,0.45454545454545453,3,7,1.5454545454545454,0.018181818181818177,28.0,0.3706422018348624,0.5779816513761468,0.05137614678899083,0.0
4277,0,1655.5,47,0,688,21.0,10,1024.0,102.4,0.7,4,9,1.7,0.08,36.77777777777778,0.15625,0.21484375,0.330078125,0.298828125
5035,0,385.0,18,0,108,64.0,1,28.0,28.0,1.0,1,1,1.0,0.0,64.0,0.0,0.0,1.0,0.0
3976,0,1987.85,31,0,193,73.0,4,405.0,101.25,0.75,3,3,1.5,0.0,33.0,0.0,0.18518518518518517,0.2222222222222222,0.5925925925925926
3840,0,91.5,27,0,209,35.0,1,19.12,19.12,0.0,1,1,1.0,0.15022222222222215,35.0,1.0,0.0,0.0,0.0
3046,0,101.0,31,0,818,23.0,3,152.5,50.833333333333336,0.6666666666666666,2,2,1.0,0.0,62.5,0.14754098360655737,0.8524590163934426,0.0,0.0
5618,0,45.0,30,0,435,180.0,1,71.25,71.25,1.0,1,1,1.0,0.050000000000000044,180.0,0.0,1.0,0.0,0.0
5647,0,865.5,29,0,440,8.0,7,743.0,106.14285714285714,0.8571428571428571,2,5,1.8571428571428572,0.07857142857142858,40.333333333333336,0.21567967698519516,0.7843203230148048,0.0,0.0
5261,0,1379.7,22,1,459,4.0,12,1722.8,143.56666666666666,0.6666666666666666,4,10,2.0833333333333335,0.025000000000000005,33.36363636363637,0.238449036452287,0.3134432319479917,0.23914557696772695,0.20896215463199444
2666,0,308.4,31,0,437,91.0,4,404.1,101.025,0.75,4,4,1.5,0.07499999999999998,63.0,0.053452115812917596,0.30066815144766146,0.20044543429844097,0.4454342984409799
4153,0,1317.15,32,0,574,25.0,14,1946.25,139.01785714285714,0.7142857142857143,4,10,2.142857142857143,0.03928571428571428,24.76923076923077,0.3853564547206166,0.2780989081567116,0.1269107257546564,0.2096339113680154
4661,0,90.0,49,1,633,24.0,8,824.0,103.0,0.625,4,7,1.375,0.024999999999999994,42.857142857142854,0.24029126213592233,0.30339805825242716,0.10679611650485436,0.34951456310679613
3048,0,776.8,42,1,282,2.0,10,1618.5,161.85,0.6,4,7,2.0,0.065,27.11111111111111,0.014828544949026877,0.37287611986407165,0.0729070126660488,0.5393883225208527
3889,0,1769.0,35,1,743,22.0,9,1087.0,120.77777777777777,0.3333333333333333,4,8,1.8888888888888888,0.03888888888888889,45.875,0.21803127874885003,0.11959521619135234,0.24839006439742412,0.4139834406623735
5456,0,851.05,26,0,84,4.0,3,166.2,55.4,0.6666666666666666,2,2,1.0,0.033333333333333326,31.5,0.5487364620938628,0.4512635379061372,0.0,0.0
3398,0,1025.12,26,1,236,22.0,4,182.4,45.6,0.5,2,4,1.0,0.07500000000000001,71.0,0.3684210526315789,0.0,0.631578947368421,0.0
4495,0,1945.0,30,0,183,68.0,5,500.75,100.15,0.4,2,5,2.4,0.010000000000000009,15.75,0.0,0.17723414877683474,0.8227658512231653,0.0
2941,0,1134.2,29,1,219,4.0,6,527.0,87.83333333333333,0.6666666666666666,3,5,2.0,0.00833333333333334,35.0,0.22485768500948766,0.7210626185958254,0.054079696394686905,0.0
5999,0,202.5,34,1,761,226.0,2,153.0,76.5,0.5,2,2,1.0,0.125,16.0,0.0,0.0,0.5,0.5
2048,0,1052.4,48,0,116,23.0,3,160.0,53.333333333333336,1.0,2,2,2.0,0.0,30.5,0.0,0.625,0.375,0.0
5393,1,0.0,30,0,375,226.0,1,49.5,49.5,1.0,1,1,1.0,0.09999999999999998,226.0,0.0,1.0,0.0,0.0
2842,0,641.95,30,1,501,42.0,6,295.5,49.25,0.6666666666666666,3,4,1.0,0.05833333333333333,69.6,0.0,0.15228426395939088,0.560067681895093,0.2876480541455161
5454,0,747.25,30,0,259,57.0,9,624.75,69.41666666666667,0.6666666666666666,3,6,1.5555555555555556,0.049999999999999996,21.875,0.03601440576230492,0.7719087635054022,0.19207683073229292,0.0
3097,0,324.5,45,1,126,11.0,3,140.0,46.666666666666664,0.3333333333333333,2,2,2.0,0.0,33.0,0.6428571428571429,0.35714285714285715,0.0,0.0
2180,0,1249.7,26,0,202,27.0,8,856.5,107.0625,0.625,4,7,1.75,0.0,21.0,0.10099241097489783,0.5837711617046117,0.03502626970227671,0.28021015761821366
3904,0,977.45,39,1,254,38.0,3,311.0,103.66666666666667,0.6666666666666666,2,3,1.6666666666666667,0.0,64.0,0.7588424437299035,0.24115755627009647,0.0,0.0
3906,0,140.0,24,1,481,70.0,1,70.0,70.0,1.0,1,1,1.0,0.0,70.0,1.0,0.0,0.0,0.0
5830,0,505.0,36,1,164,117.0,2,220.0,110.0,1.0,1,1,2.0,0.0,42.0,0.0,1.0,0.0,0.0
5085,0,630.12,61,1,140,70.0,1,30.0,30.0,0.0,1,1,1.0,0.0,70.0,0.0,0.0,1.0,0.0
4272,0,227.5,39,1,191,83.0,1,99.0,99.0,1.0,1,1,2.0,0.09999999999999998,83.0,0.0,1.0,0.0,0.0
5994,0,1175.6,19,0,497,35.0,15,1637.7,109.18,0.6666666666666666,4,11,2.066666666666667,0.06333333333333332,22.714285714285715,0.16559809488917382,0.3935397203395005,0.3578188923490261,0.08304329242229956
3108,0,888.65,45,1,262,11.0,4,276.4,69.1,0.75,3,4,1.5,0.08749999999999997,70.0,0.442836468885673,0.24963820549927643,0.0,0.3075253256150507
3951,0,841.85,22,0,483,12.0,13,992.0,76.3076923076923,0.8461538461538461,4,10,1.7692307692307692,0.061538461538461535,30.0,0.4793346774193548,0.20665322580645162,0.2283266129032258,0.08568548387096774
4751,0,140.0,35,0,470,318.0,1,30.0,30.0,1.0,1,1,1.0,0.0,318.0,0.0,0.0,1.0,0.0
5827,0,373.5,49,1,599,6.0,4,445.0,111.25,0.75,3,4,1.75,0.0,48.333333333333336,0.15730337078651685,0.6404494382022472,0.20224719101123595,0.0
3623,1,0.0,22,0,765,93.0,2,235.0,117.5,0.5,1,2,3.0,0.07500000000000001,160.0,0.0,1.0,0.0,0.0
4670,0,171.5,38,1,317,7.0,4,316.6,79.15,1.0,3,4,1.5,0.024999999999999994,54.666666666666664,0.25773847125710675,0.1737207833228048,0.5685407454200884,0.0
4058,0,618.5,23,1,507,241.0,3,115.35,38.449999999999996,0.6666666666666666,2,3,1.0,0.0833333333333333,57.5,0.5708712613784135,0.4291287386215865,0.0,0.0
2710,0,3321.27,27,1,214,6.0,14,1327.88,94.84857142857143,0.6428571428571429,3,8,1.9285714285714286,0.04285185185185184,15.692307692307692,0.04321173600024098,0.43151489592433045,0.5252733680754285,0.0
3780,0,75.0,18,1,339,201.0,2,163.5,81.75,1.0,2,2,1.5,0.22499999999999998,44.0,0.0,0.22018348623853212,0.0,0.7798165137614679
4695,0,684.25,46,0,538,83.0,7,721.2,103.02857142857144,0.5714285714285714,3,6,2.2857142857142856,0.07857142857142858,47.666666666666664,0.2928452579034942,0.37437603993344426,0.33277870216306155,0.0
4953,0,300.5,46,0,838,95.0,3,335.0,111.66666666666667,1.0,2,3,2.3333333333333335,0.0,31.0,0.0,0.7313432835820896,0.26865671641791045,0.0
4001,0,310.0,31,1,637,24.0,6,518.0,86.33333333333333,0.8333333333333334,4,6,1.3333333333333333,0.0,67.6,0.08687258687258688,0.33783783783783783,0.2277992277992278,0.3474903474903475
5980,0,495.5,37,1,72,15.0,3,120.0,40.0,1.0,1,1,1.3333333333333333,0.0,26.0,0.0,0.0,1.0,0.0
2321,0,500.5,29,1,607,148.0,3,258.5,86.16666666666667,1.0,2,3,1.3333333333333333,0.05000000000000001,38.5,0.0,0.6518375241779497,0.3481624758220503,0.0
4424,0,969.0,46,0,106,10.0,6,905.0,150.83333333333334,0.8333333333333334,3,6,1.8333333333333333,0.0,18.2,0.6629834254143646,0.30386740331491713,0.03314917127071823,0.0
5856,0,546.6,23,1,295,91.0,4,191.8,47.95,0.5,3,4,1.75,0.04999999999999999,46.666666666666664,0.4504692387904067,0.1303441084462982,0.4191866527632951,0.0
3348,0,577.5,34,0,454,102.0,1,55.0,55.0,1.0,1,1,1.0,0.0,102.0,0.0,1.0,0.0,0.0
4350,0,74.75,19,0,166,158.0,1,180.0,180.0,1.0,1,1,1.0,0.0,158.0,0.0,0.0,0.0,1.0
2508,0,695.0,21,0,117,14.0,3,584.0,194.66666666666666,0.3333333333333333,2,3,2.0,0.0,46.0,0.8116438356164384,0.18835616438356165,0.0,0.0
3360,0,606.0,52,0,552,102.0,5,229.5,45.9,0.8,2,5,1.0,0.09000000000000001,37.25,0.40305010893246185,0.5969498910675382,0.0,0.0
2165,0,767.5,44,0,728,10.0,9,825.0,91.66666666666667,0.8888888888888888,3,8,1.7777777777777777,0.049999999999999996,46.5,0.11212121212121212,0.7381818181818182,0.1496969696969697,0.0
2313,0,1275.5,20,0,829,63.0,16,1397.15,87.321875,0.6875,4,10,1.5625,0.071875,20.8,0.15774970475611064,0.34624056114232543,0.19969223061231792,0.29631750348924596
5971,0,187.5,44,1,170,85.0,1,43.2,43.2,1.0,1,1,1.0,0.09999999999999998,85.0,1.0,0.0,0.0,0.0
5251,0,1009.5,26,1,634,40.0,10,767.5,76.75,0.7,2,7,1.8,0.065,29.333333333333332,0.5605863192182411,0.43941368078175896,0.0,0.0
5791,1,0.0,47,0,149,60.0,3,95.5,31.833333333333332,0.3333333333333333,3,3,1.0,0.0,17.0,0.2356020942408377,0.4712041884816754,0.2931937172774869,0.0
3337,0,512.75,34,0,301,230.0,1,76.5,76.5,0.0,1,1,1.0,0.15000000000000002,230.0,0.0,0.0,1.0,0.0
2866,0,3483.15,38,1,890,10.0,27,2605.3,96.4925925925926,0.7407407407407407,4,13,1.8148148148148149,0.06296296296296296,12.961538461538462,0.20987986028480402,0.3291367596821863,0.19345180977238705,0.2675315702606226
2249,0,191.02,42,0,607,38.0,9,922.5,102.5,0.6666666666666666,4,7,2.111111111111111,0.09444444444444443,42.875,0.16531165311653118,0.12466124661246612,0.42276422764227645,0.2872628726287263
5136,0,1118.25,45,1,809,63.0,4,251.0,62.75,0.5,2,4,1.75,0.0,93.0,0.38247011952191234,0.6175298804780877,0.0,0.0
4271,0,1045.13,40,1,123,3.0,4,272.5,68.125,0.5,2,4,1.5,0.0,21.666666666666668,0.08256880733944955,0.9174311926605505,0.0,0.0
5850,1,0.0,27,1,288,239.0,1,99.0,99.0,1.0,1,1,2.0,0.09999999999999998,239.0,0.0,1.0,0.0,0.0
3708,0,1915.0,26,1,547,35.0,19,1793.65,94.40263157894738,0.7894736842105263,4,11,1.631578947368421,0.06052631578947368,18.055555555555557,0.47425640453823203,0.3384160789451677,0.05352214757617149,0.13380536894042871
2060,0,325.12,40,0,840,74.0,4,346.4,86.6,1.0,3,4,2.0,0.037500000000000006,68.33333333333333,0.43302540415704394,0.10103926096997691,0.4659353348729793,0.0
4455,0,301.5,40,1,829,39.0,7,510.85,72.97857142857143,0.7142857142857143,2,6,1.8571428571428572,0.08571428571428572,56.0,0.6941372222765978,0.30586277772340215,0.0,0.0
3913,0,348.7,27,0,242,19.0,7,926.75,132.39285714285714,0.14285714285714285,3,6,1.8571428571428572,0.00714285714285715,23.5,0.15106555165902347,0.5899649312112221,0.0,0.2589695171297545
2310,0,595.65,33,1,616,42.0,5,425.5,85.1,1.0,3,5,1.4,0.11999999999999997,51.25,0.14806110458284372,0.052878965922444184,0.799059929494712,0.0
2282,0,2423.75,23,1,727,48.0,27,2750.2,101.85925925925925,0.7407407407407407,4,16,1.6296296296296295,0.027777777777777783,13.23076923076923,0.3653916078830631,0.3025234528397935,0.1575521780234165,0.17453276125372702
2304,0,714.5,57,1,889,46.0,12,1694.5,141.20833333333334,0.4166666666666667,3,8,2.0,0.04583333333333334,28.0,0.0,0.6072587784007082,0.18028917084685747,0.21245205075243434
5015,0,219.5,47,0,627,8.0,6,499.0,83.16666666666667,0.6666666666666666,2,4,1.5,0.016666666666666663,70.8,0.04809619238476954,0.9519038076152304,0.0,0.0
2706,0,1011.5,44,1,112,91.0,1,28.0,28.0,1.0,1,1,1.0,0.0,91.0,0.0,0.0,1.0,0.0
5580,0,494.85,18,1,643,68.0,5,593.88,118.776,0.8,3,5,1.8,0.11995555555555557,46.25,0.10924765945982352,0.284569273253856,0.0,0.6061830672863204
3211,0,1738.0,36,1,925,47.0,14,1809.37,129.2407142857143,0.7857142857142857,4,11,1.7142857142857142,0.0893015873015873,26.692307692307693,0.051824668254696386,0.185699995025893,0.662993196526968,0.09948214019244268
3474,1,0.0,45,0,805,80.0,3,404.25,134.75,0.6666666666666666,2,3,2.0,0.0666666666666667,136.0,0.0,0.3320964749536178,0.6679035250463822,0.0
5554,0,357.9,27,0,542,129.0,3,172.0,57.333333333333336,1.0,3,3,1.6666666666666667,0.05000000000000001,110.5,0.11773255813953488,0.35901162790697677,0.5232558139534884,0.0
4263,1,0.0,33,1,518,155.0,2,205.0,102.5,1.0,2,2,3.0,0.0,45.0,0.7804878048780488,0.21951219512195122,0.0,0.0
2515,0,1557.08,18,0,206,3.0,5,329.0,65.8,0.8,3,5,1.4,0.0,40.25,0.0729483282674772,0.8358662613981763,0.0911854103343465,0.0
2192,0,682.2,42,1,75,51.0,1,70.0,70.0,0.0,1,1,2.0,0.0,51.0,0.0,1.0,0.0,0.0
3283,0,30.0,31,1,527,5.0,8,1625.0,203.125,0.875,3,7,2.875,0.0625,51.714285714285715,0.144,0.3575384615384615,0.0,0.49846153846153846
2761,0,628.7,19,1,519,96.0,5,604.0,120.8,0.2,2,3,1.8,0.0,56.5,0.8509933774834437,0.0,0.1490066225165563,0.0
4735,0,1309.26,20,0,741,61.0,10,1377.5,137.75,0.7,4,9,2.4,0.009999999999999998,28.77777777777778,0.26243194192377495,0.35571687840290384,0.120508166969147,0.2613430127041742
2659,0,317.5,21,1,846,108.0,2,155.0,77.5,1.0,2,2,2.0,0.0,261.0,0.2903225806451613,0.7096774193548387,0.0,0.0
2852,1,0.0,37,0,271,93.0,2,427.5,213.75,0.0,2,2,3.0,0.0,176.0,0.15789473684210525,0.0,0.0,0.8421052631578947
4435,0,330.0,43,1,899,386.0,1,120.0,120.0,1.0,1,1,2.0,0.0,386.0,0.0,1.0,0.0,0.0
3284,0,1624.25,29,1,94,26.0,3,240.0,80.0,0.6666666666666666,1,2,1.3333333333333333,0.0,19.0,0.0,1.0,0.0,0.0
4433,0,391.0,46,0,449,30.0,14,938.1,67.00714285714285,0.35714285714285715,3,9,1.6428571428571428,0.035714285714285705,27.76923076923077,0.33397292399530965,0.5233983583839675,0.14262871762072274,0.0
3183,0,929.8,48,1,504,194.0,1,52.0,52.0,1.0,1,1,1.0,0.19999999999999996,194.0,0.0,1.0,0.0,0.0
5187,0,783.0,32,1,713,3.0,7,493.25,70.46428571428571,0.5714285714285714,3,5,1.8571428571428572,0.00714285714285715,58.666666666666664,0.19462747085656362,0.5215408008109478,0.2838317283324886,0.0
5291,0,788.6,18,1,242,50.0,14,986.2,70.44285714285715,0.7142857142857143,4,9,1.6428571428571428,0.03928571428571429,14.615384615384615,0.10464408842019873,0.672277428513486,0.05881160008111944,0.1642668829851957
2605,0,239.5,47,0,563,63.0,1,45.0,45.0,1.0,1,1,1.0,0.0,63.0,0.0,1.0,0.0,0.0
4400,0,3936.2,49,1,688,3.0,31,2506.63,80.85903225806452,0.6774193548387096,4,14,1.6774193548387097,0.04031541218637994,12.966666666666667,0.08051846503073848,0.5884394585559097,0.14752875374506808,0.1835133226682837
2978,0,818.6,39,1,453,25.0,14,1062.75,75.91071428571429,0.6428571428571429,4,11,1.2857142857142858,0.08214285714285714,26.307692307692307,0.08609738884968243,0.3547400611620795,0.05081157374735357,0.5083509762408845
5767,0,1113.62,52,1,185,54.0,2,330.0,165.0,1.0,2,2,2.0,0.0,64.0,0.45454545454545453,0.5454545454545454,0.0,0.0
5703,0,681.0,18,0,509,123.0,6,636.75,106.125,0.5,2,4,2.5,0.06666666666666667,48.8,0.0,0.5712603062426383,0.4287396937573616,0.0
3856,0,353.0,18,0,798,315.0,1,300.0,300.0,0.0,1,1,4.0,0.0,315.0,0.0,1.0,0.0,0.0
2994,0,623.5,40,1,826,0.0,5,313.0,62.6,0.6,2,3,1.4,0.019999999999999997,42.75,0.2012779552715655,0.7987220447284346,0.0,0.0
5578,0,28.8,37,1,888,80.0,2,127.4,63.7,0.5,2,2,2.5,0.09999999999999998,101.0,0.8037676609105181,0.19623233908948193,0.0,0.0
5564,0,980.0,41,0,233,83.0,3,356.0,118.66666666666667,1.0,2,3,2.3333333333333335,0.06666666666666665,69.0,0.0,0.2808988764044944,0.0,0.7191011235955056
4310,0,165.0,61,0,372,65.0,2,453.0,226.5,0.5,2,2,2.0,0.07500000000000001,157.0,0.6622516556291391,0.0,0.33774834437086093,0.0
2300,0,245.4,40,0,487,207.0,3,404.5,134.83333333333334,1.0,1,3,2.6666666666666665,0.033333333333333326,70.5,0.0,1.0,0.0,0.0
3061,0,1111.0,39,0,111,19.0,4,202.5,50.625,0.75,3,4,1.25,0.0,24.333333333333332,0.1111111111111111,0.5925925925925926,0.2962962962962963,0.0
2864,0,675.25,34,0,748,12.0,8,524.5,65.5625,0.875,2,5,1.75,0.04999999999999999,49.42857142857143,0.446139180171592,0.553860819828408,0.0,0.0
5303,0,1211.0,25,0,540,39.0,10,1024.7,102.47,0.7,4,6,1.5,0.05499999999999999,36.333333333333336,0.04684297843271201,0.03757197228457109,0.5993949448619108,0.3161901044208061
3057,0,1056.25,31,1,707,9.0,8,647.5,80.9375,0.5,4,7,1.5,0.012499999999999997,43.57142857142857,0.30115830115830117,0.5212355212355212,0.04633204633204633,0.13127413127413126
2483,0,171.0,35,1,99,18.0,1,120.0,120.0,1.0,1,1,2.0,0.0,18.0,0.0,1.0,0.0,0.0
5392,0,1580.5,21,0,649,11.0,12,1153.2,96.10000000000001,0.5,4,11,1.75,0.020833333333333332,34.72727272727273,0.30714533472077693,0.1257370794311481,0.18210197710718,0.3850156087408949
5731,0,191.2,35,1,768,176.0,2,282.0,141.0,1.0,2,2,1.5,0.09999999999999998,50.0,0.0,0.0,0.3191489361702128,0.6808510638297872
5114,0,401.0,34,0,178,71.0,1,48.0,48.0,0.0,1,1,1.0,0.0,71.0,1.0,0.0,0.0,0.0
2046,0,1028.5,33,1,864,33.0,7,1056.0,150.85714285714286,0.8571428571428571,4,7,1.8571428571428572,0.07857142857142858,36.666666666666664,0.44886363636363635,0.24431818181818182,0.024147727272727272,0.28267045454545453
4842,1,0.0,34,0,829,111.0,2,119.25,59.625,0.5,2,2,1.0,0.025000000000000022,22.0,0.4025157232704403,0.5974842767295597,0.0,0.0
3118,0,866.5,21,1,257,33.0,4,346.0,86.5,1.0,4,4,2.25,0.1,58.666666666666664,0.3439306358381503,0.36127167630057805,0.07369942196531792,0.22109826589595374
4392,0,681.75,19,1,830,31.0,5,380.0,76.0,0.4,1,4,1.6,0.05,84.25,0.0,1.0,0.0,0.0
5739,0,44.8,31,1,243,65.0,1,30.0,30.0,0.0,1,1,1.0,0.0,65.0,0.0,0.0,1.0,0.0
5625,0,411.5,37,0,873,9.0,7,1485.0,212.14285714285714,0.7142857142857143,3,6,2.4285714285714284,0.042857142857142864,48.5,0.5151515151515151,0.24242424242424243,0.0,0.24242424242424243
2184,0,1356.55,20,1,85,61.0,1,140.0,140.0,1.0,1,1,2.0,0.0,61.0,1.0,0.0,0.0,0.0
4413,0,1525.25,18,1,573,46.0,12,1496.5,124.70833333333333,0.5,3,9,2.0,0.08333333333333333,25.636363636363637,0.0,0.5128633478115603,0.17039759438690277,0.31673905780153694
2266,0,727.2,20,1,711,38.0,7,643.63,91.94714285714285,0.8571428571428571,4,5,1.4285714285714286,0.10711111111111112,55.166666666666664,0.03321784254929074,0.4447430977424918,0.3635629165825086,0.15847614312570887
4483,0,98.4,21,1,195,92.0,2,180.0,90.0,0.0,2,2,1.5,0.0,8.0,0.0,0.0,0.3333333333333333,0.6666666666666666
5835,0,3028.1,30,0,508,15.0,22,1703.7,77.44090909090909,0.5909090909090909,4,11,1.6363636363636365,0.075,17.238095238095237,0.20848740975523858,0.24916358513822856,0.20778306039795738,0.3345659447085754
5486,0,3077.1,34,0,855,5.0,25,3032.2,121.288,0.64,4,13,2.04,0.036000000000000004,14.875,0.12110019128025856,0.4152100784908647,0.1015764131653585,0.36211331706351824
2331,0,32.0,37,1,876,63.0,4,235.0,58.75,0.75,1,4,1.25,0.0,29.333333333333332,0.0,1.0,0.0,0.0
3480,0,541.75,18,1,430,75.0,2,128.2,64.1,1.0,2,2,2.5,0.024999999999999967,277.0,0.0,0.5850234009360374,0.4149765990639626,0.0
5369,0,115.0,49,0,330,36.0,1,99.0,99.0,0.0,1,1,1.0,0.09999999999999998,36.0,0.0,0.0,1.0,0.0
5666,0,945.8,20,0,491,4.0,6,253.4,42.233333333333334,0.5,3,4,1.1666666666666667,0.05833333333333333,76.0,0.26992896606156275,0.3749013417521705,0.35516969218626676,0.0
3332,0,500.75,31,1,145,11.0,3,140.0,46.666666666666664,0.3333333333333333,1,3,1.0,0.0,9.0,0.0,1.0,0.0,0.0
2478,0,551.0,61,0,177,29.0,3,448.0,149.33333333333334,0.6666666666666666,3,3,2.3333333333333335,0.0,54.0,0.10714285714285714,0.29017857142857145,0.6026785714285714,0.0
4882,0,623.8,18,0,844,132.0,3,410.25,136.75,0.6666666666666666,2,2,1.6666666666666667,0.11666666666666665,109.5,0.0,0.0,0.6581352833638026,0.34186471663619744
2015,0,744.37,18,0,476,28.0,6,495.0,82.5,0.8333333333333334,1,5,2.0,0.0,68.6,0.0,1.0,0.0,0.0
4736,0,703.4,28,1,181,78.0,3,210.0,70.0,1.0,2,3,1.0,0.0,16.5,0.7142857142857143,0.2857142857142857,0.0,0.0
5416,0,339.85,34,0,883,97.0,5,596.1,119.22,1.0,4,5,2.0,0.050000000000000024,71.75,0.2174131857070961,0.36906559302130515,0.12833417211877202,0.2851870491528267
3930,0,195.5,26,1,832,65.0,4,400.25,100.0625,1.0,2,4,1.25,0.11249999999999999,109.0,0.0,0.28044971892567144,0.0,0.7195502810743285
4618,0,990.88,43,1,406,22.0,17,1302.7,76.62941176470588,0.5882352941176471,4,13,1.588235294117647,0.052941176470588235,19.5625,0.3402164734781607,0.34351731020188836,0.1320334689491057,0.18423274737084516
2860,0,658.0,51,1,908,33.0,9,533.15,59.23888888888889,0.5555555555555556,4,8,1.4444444444444444,0.08333333333333333,45.0,0.28922442089468253,0.3770045953296446,0.18231266998030574,0.15145831379536717
5596,0,888.5,34,0,306,21.0,5,448.5,89.7,0.4,4,4,1.8,0.039999999999999994,67.0,0.2508361204013378,0.33444816053511706,0.20066889632107024,0.2140468227424749
4464,1,0.0,46,0,292,47.0,2,336.0,168.0,1.0,2,2,2.5,0.04999999999999999,224.0,0.0,0.24107142857142858,0.0,0.7589285714285714
2351,0,516.45,37,1,868,350.0,3,140.6,46.86666666666667,0.6666666666666666,2,3,1.3333333333333333,0.04999999999999997,12.0,0.0,0.4267425320056899,0.5732574679943101,0.0
4075,0,500.4,36,0,192,52.0,1,22.5,22.5,1.0,1,1,1.0,0.0,52.0,1.0,0.0,0.0,0.0
3815,0,1984.9,50,0,84,17.0,6,634.25,105.70833333333333,0.6666666666666666,3,5,2.1666666666666665,0.025000000000000005,8.2,0.0,0.47970043358297204,0.14189988175009854,0.37839968466692947
2243,0,1126.05,19,0,326,29.0,6,612.5,102.08333333333333,0.16666666666666666,3,6,1.6666666666666667,0.05000000000000001,56.8,0.6640816326530612,0.296734693877551,0.03918367346938775,0.0
3882,1,0.0,25,0,477,6.0,4,195.0,48.75,1.0,3,4,1.5,0.024999999999999994,41.333333333333336,0.48205128205128206,0.23076923076923078,0.28717948717948716,0.0
5058,0,330.0,18,0,604,88.0,1,55.0,55.0,0.0,1,1,1.0,0.0,88.0,0.0,1.0,0.0,0.0
5199,0,45.0,28,1,418,67.0,1,25.0,25.0,1.0,1,1,1.0,0.0,67.0,0.0,1.0,0.0,0.0
4320,0,115.0,28,0,876,12.0,2,97.5,48.75,1.0,1,2,1.0,0.04999999999999999,373.0,0.0,1.0,0.0,0.0
4831,0,565.75,33,1,416,71.0,3,223.0,74.33333333333333,0.6666666666666666,3,3,1.0,0.0,47.0,0.21524663677130046,0.24663677130044842,0.0,0.5381165919282511
5255,0,850.8,18,1,317,14.0,3,250.0,83.33333333333333,1.0,3,3,2.0,0.0,52.0,0.56,0.2,0.24,0.0
3955,1,0.0,18,1,688,33.0,2,63.3,31.65,0.5,2,2,1.0,0.125,200.0,0.6445497630331753,0.35545023696682465,0.0,0.0
2529,0,785.0,43,0,571,19.0,13,1592.55,122.50384615384615,0.6923076923076923,4,10,2.0,0.06153846153846154,17.083333333333332,0.171768547298358,0.13468964867665065,0.4222787353615271,0.2712630686634643
5727,0,2314.75,18,0,525,16.0,27,2595.0,96.11111111111111,0.6296296296296297,4,14,1.5555555555555556,0.03888888888888888,13.923076923076923,0.008670520231213872,0.5333333333333333,0.07302504816955684,0.38497109826589593
3574,0,1764.5,64,0,552,14.0,11,774.1,70.37272727272727,0.8181818181818182,2,7,2.090909090909091,0.07727272727272728,37.1,0.40963699780390134,0.5903630021960987,0.0,0.0
4360,0,454.75,18,1,883,116.0,8,981.5,122.6875,0.75,3,5,1.75,0.05625000000000001,39.57142857142857,0.07131940906775344,0.5618950585838003,0.36678553234844624,0.0
2147,0,795.0,36,0,792,166.0,3,269.0,89.66666666666667,1.0,2,3,1.3333333333333333,0.06666666666666665,47.5,0.0,0.241635687732342,0.758364312267658,0.0
4777,0,572.9,35,0,420,98.0,3,145.5,48.5,0.6666666666666666,2,3,1.0,0.05000000000000001,62.0,0.0,0.8247422680412371,0.17525773195876287,0.0
2564,1,0.0,40,0,419,75.0,4,234.4,58.6,0.5,3,4,2.0,0.037500000000000006,81.66666666666667,0.23208191126279862,0.5119453924914675,0.25597269624573377,0.0
5400,1,0.0,38,0,581,49.0,3,170.5,56.833333333333336,0.6666666666666666,2,3,1.0,0.08333333333333333,155.5,0.41055718475073316,0.0,0.5894428152492669,0.0
5837,0,685.8,25,0,247,103.0,4,299.9,74.975,0.25,3,4,2.0,0.05000000000000002,41.666666666666664,0.22507502500833612,0.500166722240747,0.27475825275091703,0.0
5801,0,2467.95,34,0,896,11.0,25,1783.25,71.33,0.72,3,10,1.52,0.066,15.75,0.012617412028599468,0.7022290761250526,0.28515351184634796,0.0
5655,0,496.6,33,0,92,67.0,1,110.0,110.0,1.0,1,1,2.0,0.0,67.0,0.0,1.0,0.0,0.0
2895,0,235.0,31,0,771,248.0,2,62.5,31.25,0.0,2,2,1.5,0.09999999999999998,39.0,0.36,0.64,0.0,0.0
2542,0,669.0,27,0,249,23.0,7,705.8,100.82857142857142,0.5714285714285714,4,7,1.7142857142857142,0.05714285714285716,33.333333333333336,0.05780674412014735,0.48880702748654015,0.3088693680929442,0.1445168603003684
5077,1,0.0,29,1,591,201.0,2,190.0,95.0,1.0,2,2,2.0,0.04999999999999999,105.0,0.0,0.8526315789473684,0.14736842105263157,0.0
2429,0,382.25,58,0,648,21.0,18,1559.2,86.62222222222222,0.6666666666666666,3,10,1.6666666666666667,0.047222222222222214,21.941176470588236,0.428905849153412,0.32789250897896355,0.2432016418676244,0.0
3873,0,65.0,34,0,438,28.0,3,150.5,50.166666666666664,0.6666666666666666,2,3,1.0,0.033333333333333326,75.0,0.0,0.813953488372093,0.18604651162790697,0.0
3511,0,1667.75,36,0,562,35.0,23,1525.3,66.31739130434782,0.7391304347826086,4,15,1.391304347826087,0.07173913043478261,14.409090909090908,0.27588015472366095,0.29502392971874386,0.3110863436700977,0.11800957188749754
3832,0,3036.55,18,1,807,7.0,22,2224.13,101.0968181818182,0.7727272727272727,4,12,1.6363636363636365,0.024989898989898993,16.38095238095238,0.1140356004370248,0.5096374762266593,0.08497704720497452,0.2913498761313412
3593,0,513.0,18,0,158,87.0,1,104.5,104.5,1.0,1,1,2.0,0.050000000000000044,87.0,0.0,1.0,0.0,0.0
5783,0,773.0,19,1,745,144.0,2,112.0,56.0,0.0,1,2,1.5,0.0,146.0,1.0,0.0,0.0,0.0
2396,0,1339.5,38,0,654,1.0,20,1871.4,93.57000000000001,0.7,4,12,1.85,0.045,19.57894736842105,0.19151437426525594,0.5386341776210324,0.16084215026183604,0.10900929785187559
2598,0,455.0,36,1,735,160.0,5,371.08,74.216,0.8,3,4,2.2,0.08998518518518514,58.25,0.4874420610111027,0.44464805432790777,0.06790988466098954,0.0
5065,0,241.0,43,1,219,51.0,2,247.5,123.75,1.0,2,2,2.0,0.0,87.0,0.09090909090909091,0.9090909090909091,0.0,0.0
4452,0,75.0,27,0,906,96.0,6,382.8,63.800000000000004,0.5,3,5,1.3333333333333333,0.03333333333333335,58.8,0.4723092998955068,0.29258098223615464,0.23510971786833856,0.0
3779,0,251.5,18,1,684,196.0,2,168.0,84.0,1.0,2,2,2.0,0.07500000000000001,112.0,0.0,0.6785714285714286,0.32142857142857145,0.0
5218,0,3322.1,38,1,101,8.0,7,807.5,115.35714285714286,0.7142857142857143,2,5,1.7142857142857142,0.00714285714285715,14.833333333333334,0.0,0.6656346749226006,0.33436532507739936,0.0
3375,0,770.0,61,0,419,77.0,5,291.75,58.35,0.6,2,4,1.6,0.030000000000000006,74.75,0.0,0.9040274207369323,0.0959725792630677,0.0
2831,0,287.0,35,1,676,55.0,2,117.0,58.5,1.0,1,1,2.0,0.04999999999999999,315.0,0.0,0.0,1.0,0.0
4456,0,529.0,34,1,206,2.0,5,451.5,90.3,0.6,3,4,1.4,0.0,24.5,0.10299003322259136,0.33222591362126247,0.0,0.5647840531561462
2716,0,365.0,39,1,288,8.0,6,345.0,57.5,0.3333333333333333,3,5,1.5,0.0,34.4,0.2782608695652174,0.391304347826087,0.33043478260869563,0.0
2769,0,474.4,26,1,769,101.0,5,645.5,129.1,0.2,3,5,2.2,0.030000000000000006,72.75,0.069713400464756,0.19364833462432224,0.7366382649109218,0.0
5368,0,1350.0,34,1,609,3.0,18,2054.15,114.11944444444445,0.6111111111111112,4,12,1.7777777777777777,0.06388888888888888,22.529411764705884,0.351191490397488,0.06316481269624906,0.09931115059757077,0.48633254630869216
2723,0,730.0,31,1,165,48.0,6,369.75,61.625,0.8333333333333334,2,4,1.3333333333333333,0.025000000000000005,20.8,0.0,0.7565922920892495,0.2434077079107505,0.0
2917,0,2111.05,43,0,629,0.0,28,2278.6,81.37857142857142,0.7857142857142857,4,16,1.4642857142857142,0.06249999999999999,13.74074074074074,0.12490125515667516,0.4693671552707803,0.07153515316422365,0.3341964364083209
5095,0,943.8299999999999,20,0,817,23.0,13,967.25,74.40384615384616,0.8461538461538461,4,8,1.4615384615384615,0.06538461538461539,20.75,0.38252778495735335,0.33212716464202635,0.05582837942620832,0.229516670974412
4567,0,1168.75,45,0,226,12.0,7,393.55,56.221428571428575,0.8571428571428571,2,6,1.5714285714285714,0.049999999999999996,26.166666666666668,0.3133019946639563,0.6866980053360436,0.0,0.0
3252,0,257.5,31,1,386,29.0,4,255.0,63.75,0.75,2,4,1.0,0.0,83.33333333333333,0.0,0.6470588235294118,0.35294117647058826,0.0
4240,0,189.25,42,0,728,119.0,3,245.0,81.66666666666667,0.6666666666666666,2,3,1.3333333333333333,0.033333333333333326,50.5,0.0,0.1836734693877551,0.8163265306122449,0.0
4610,0,632.25,26,1,233,34.0,4,360.5,90.125,0.75,2,4,1.75,0.024999999999999994,62.666666666666664,0.0,0.8446601941747572,0.1553398058252427,0.0
3965,0,407.0,24,0,502,199.0,1,85.0,85.0,1.0,1,1,4.0,0.15000000000000002,199.0,0.0,1.0,0.0,0.0
5177,0,1280.5,36,1,297,38.0,14,1303.5,93.10714285714286,0.5714285714285714,4,10,1.4285714285714286,0.03928571428571428,19.615384615384617,0.3410049865746068,0.12428078250863062,0.3505945531261987,0.18411967779056387
2594,0,632.0,42,0,141,13.0,8,572.5,71.5625,0.875,3,7,1.25,0.024999999999999994,14.857142857142858,0.04192139737991266,0.8096069868995633,0.0,0.14847161572052403
3559,0,522.0,41,0,383,147.0,3,162.5,54.166666666666664,0.6666666666666666,2,3,1.0,0.01666666666666668,78.0,0.1476923076923077,0.0,0.8523076923076923,0.0
2407,0,860.0,34,0,246,2.0,3,188.2,62.73333333333333,1.0,3,3,2.3333333333333335,0.09999999999999998,114.0,0.61211477151966,0.1328374070138151,0.255047821466525,0.0
3983,0,480.6,38,1,820,56.0,4,233.75,58.4375,1.0,3,3,1.5,0.11250000000000002,86.33333333333333,0.13475935828877006,0.44171122994652406,0.4235294117647059,0.0
5013,0,22.5,27,0,904,1.0,1,70.0,70.0,1.0,1,1,2.0,0.0,1.0,0.0,1.0,0.0,0.0
4996,0,904.5,23,0,658,12.0,7,448.8,64.11428571428571,0.5714285714285714,3,7,1.2857142857142858,0.03571428571428571,52.5,0.1622103386809269,0.6573083778966132,0.1804812834224599,0.0
2033,0,2654.6,27,1,915,8.0,27,2394.6,88.68888888888888,0.8518518518518519,4,15,1.7777777777777777,0.05555555555555555,14.807692307692308,0.4399899774492608,0.3528773072747014,0.08185083103649879,0.12528188423953895
5408,0,1629.75,19,1,143,29.0,3,218.5,72.83333333333333,0.3333333333333333,2,3,1.6666666666666667,0.01666666666666668,29.5,0.10297482837528604,0.897025171624714,0.0,0.0
2972,0,1088.6,21,1,261,121.0,5,373.5,74.7,0.6,1,5,1.4,0.09000000000000001,30.5,0.0,1.0,0.0,0.0
5133,0,653.95,19,0,335,141.0,4,574.0,143.5,0.75,3,4,1.75,0.012500000000000011,60.666666666666664,0.0,0.17421602787456447,0.627177700348432,0.1986062717770035
4000,0,776.5,49,1,308,76.0,7,385.25,55.035714285714285,0.7142857142857143,4,7,1.0,0.09285714285714285,37.5,0.06229720960415315,0.5165476963011032,0.2336145360155743,0.18754055807916936
5412,0,193.0,26,0,521,17.0,7,1383.0,197.57142857142858,0.7142857142857143,4,6,1.8571428571428572,0.06428571428571428,61.0,0.031236442516268982,0.06218365871294288,0.25582067968185107,0.6507592190889371
5676,0,492.2,31,1,331,36.0,1,233.75,233.75,1.0,1,1,5.0,0.15000000000000002,36.0,0.0,1.0,0.0,0.0
5205,0,84.0,35,0,748,158.0,2,182.25,91.125,0.5,2,2,1.5,0.07500000000000001,83.0,0.0,0.6035665294924554,0.0,0.39643347050754457
3099,0,59.75,43,0,269,57.0,2,230.0,115.0,0.0,2,2,1.5,0.0,15.0,0.0,0.4782608695652174,0.0,0.5217391304347826
2821,0,90.0,46,1,246,177.0,1,28.5,28.5,1.0,1,1,1.0,0.050000000000000044,177.0,0.0,0.0,1.0,0.0
4653,0,313.5,32,1,834,194.0,2,214.0,107.0,0.5,2,2,1.0,0.14999999999999997,28.0,0.0,0.24299065420560748,0.0,0.7570093457943925
5137,0,639.6,38,0,548,45.0,5,395.0,79.0,0.6,3,5,1.6,0.0,71.0,0.20253164556962025,0.7215189873417721,0.0759493670886076,0.0
3486,0,2562.12,40,0,148,7.0,6,511.0,85.16666666666667,0.5,4,5,1.6666666666666667,0.0,24.0,0.08806262230919765,0.21526418786692758,0.22700587084148727,0.46966731898238745
5258,0,114.8,41,0,779,13.0,3,306.0,102.0,0.6666666666666666,1,3,2.3333333333333335,0.06666666666666665,129.5,0.0,1.0,0.0,0.0
5336,0,248.7,18,0,461,15.0,3,500.0,166.66666666666666,0.6666666666666666,2,3,1.6666666666666667,0.0,135.0,0.0,0.0,0.28,0.72
3657,0,129.0,32,1,865,58.0,1,150.0,150.0,0.0,1,1,2.0,0.0,58.0,0.0,1.0,0.0,0.0
4745,1,0.0,66,0,106,80.0,1,67.5,67.5,1.0,1,1,3.0,0.09999999999999998,80.0,0.0,1.0,0.0,0.0
3945,0,1250.25,18,0,917,13.0,15,1262.2,84.14666666666668,0.8,4,10,2.0,0.1,26.857142857142858,0.12969418475677388,0.5775629852638251,0.17865631437173188,0.11408651560766915
2051,0,479.0,45,0,901,243.0,2,63.1,31.55,0.5,2,2,1.0,0.175,113.0,0.722662440570523,0.277337559429477,0.0,0.0
4498,0,450.75,32,0,598,70.0,2,186.75,93.375,0.5,1,2,2.5,0.07500000000000001,314.0,0.0,1.0,0.0,0.0
3352,0,1137.0,32,1,530,41.0,4,295.5,73.875,0.75,2,3,1.25,0.0875,29.0,0.8324873096446701,0.0,0.16751269035532995,0.0
4246,0,907.45,43,0,306,92.0,11,894.85,81.35000000000001,0.7272727272727273,4,10,1.3636363636363635,0.08636363636363636,21.3,0.12694865061183438,0.20143040733083756,0.24249874280605688,0.42912219925127115
4603,0,65.0,46,1,491,155.0,4,240.0,60.0,0.75,3,4,1.25,0.04999999999999999,38.333333333333336,0.6916666666666667,0.18333333333333332,0.125,0.0
3004,0,1014.75,37,0,266,6.0,9,1367.2,151.91111111111113,0.7777777777777778,4,8,1.6666666666666667,0.05555555555555555,32.0,0.05500292568753657,0.08045640725570509,0.12287887653598595,0.7416617905207723
2851,0,553.75,35,0,495,47.0,3,94.25,31.416666666666668,1.0,2,2,1.3333333333333333,0.11666666666666665,136.0,0.0,0.4907161803713528,0.5092838196286472,0.0
2800,0,92.5,18,0,495,45.0,3,207.2,69.06666666666666,0.6666666666666666,2,2,2.0,0.06666666666666665,156.5,0.7104247104247104,0.2895752895752896,0.0,0.0
2217,0,597.25,25,0,99,16.0,8,691.5,86.4375,0.75,3,7,1.875,0.02500000000000001,9.285714285714286,0.34128705712219815,0.5350686912509038,0.12364425162689804,0.0
3754,0,936.5,33,0,655,98.0,9,873.5,97.05555555555556,0.4444444444444444,3,7,1.6666666666666667,0.027777777777777776,36.875,0.0,0.26273611906124783,0.3251287922152261,0.41213508872352606
2191,0,325.0,29,0,874,74.0,7,309.4,44.199999999999996,0.5714285714285714,3,6,1.1428571428571428,0.021428571428571432,45.0,0.2727860374919199,0.5332902391725921,0.19392372333548805,0.0
4593,0,595.0,46,0,670,29.0,4,283.0,70.75,0.5,3,4,1.5,0.07500000000000001,112.66666666666667,0.6148409893992933,0.17314487632508835,0.21201413427561838,0.0
2654,0,501.8,41,1,807,147.0,3,216.0,72.0,0.0,3,3,1.6666666666666667,0.06666666666666665,59.5,0.6481481481481481,0.09259259259259259,0.25925925925925924,0.0
4275,0,2429.45,50,1,122,0.0,7,633.5,90.5,0.8571428571428571,3,5,1.4285714285714286,0.00714285714285715,18.0,0.07103393843725335,0.11049723756906077,0.8184688239936859,0.0
3265,0,380.6,18,1,557,12.0,10,1576.0,157.6,0.7,4,6,2.2,0.08499999999999999,24.333333333333332,0.43781725888324874,0.217005076142132,0.06472081218274112,0.28045685279187815
2291,0,70.6,49,1,491,7.0,3,171.0,57.0,0.6666666666666666,3,3,1.0,0.06666666666666665,166.0,0.2807017543859649,0.2046783625730994,0.5146198830409356,0.0
5315,0,647.25,34,0,623,11.0,12,893.4,74.45,0.6666666666666666,2,8,1.4166666666666667,0.07916666666666668,34.54545454545455,0.0,0.8473248265054847,0.15267517349451534,0.0
2358,0,72.25,49,0,254,152.0,1,165.0,165.0,1.0,1,1,3.0,0.0,152.0,0.0,1.0,0.0,0.0
2976,0,766.0,20,1,788,127.0,5,307.25,61.45,0.8,2,3,1.4,0.059999999999999984,56.5,0.06590724165988608,0.934092758340114,0.0,0.0
4207,0,417.5,38,0,683,137.0,2,325.0,162.5,0.5,1,2,1.5,0.0,144.0,0.0,0.0,0.0,1.0
4130,0,985.4,49,0,818,14.0,12,908.0,75.66666666666667,0.6666666666666666,3,8,1.8333333333333333,0.05416666666666666,33.90909090909091,0.21585903083700442,0.3458149779735683,0.43832599118942733,0.0
5003,0,144.0,31,1,682,89.0,3,609.0,203.0,0.6666666666666666,2,3,3.0,0.01666666666666668,127.0,0.7044334975369458,0.2955665024630542,0.0,0.0
3371,0,1629.0,55,1,691,17.0,8,568.25,71.03125,0.5,2,6,2.125,0.018750000000000003,39.285714285714285,0.49274087109546855,0.5072591289045315,0.0,0.0
3456,0,1455.25,31,1,451,58.0,11,807.0,73.36363636363636,0.45454545454545453,3,8,1.8181818181818181,0.054545454545454536,31.1,0.2379182156133829,0.6567534076827757,0.0,0.10532837670384139
2365,0,744.9,35,0,595,240.0,2,96.5,48.25,0.5,2,2,1.0,0.175,10.0,0.0,0.20725388601036268,0.7927461139896373,0.0
4024,0,406.3,42,1,443,45.0,4,184.25,46.0625,0.5,2,4,1.25,0.125,115.0,0.0,0.8616010854816825,0.1383989145183175,0.0
3198,0,620.5,26,0,883,20.0,4,210.0,52.5,0.5,1,4,1.0,0.0,44.0,0.0,1.0,0.0,0.0
5189,0,1538.5,49,1,529,25.0,12,992.3,82.69166666666666,0.4166666666666667,3,10,1.75,0.0375,29.363636363636363,0.18391615438879372,0.4595384460344654,0.3565453995767409,0.0
3812,1,0.0,19,1,318,7.0,5,210.0,42.0,0.4,3,4,1.2,0.039999999999999994,73.5,0.45714285714285713,0.42857142857142855,0.11428571428571428,0.0
2712,0,1992.85,31,1,88,4.0,5,392.5,78.5,0.8,3,5,1.6,0.019999999999999997,20.0,0.0,0.7070063694267515,0.07643312101910828,0.21656050955414013
3552,0,591.18,41,0,214,67.0,4,278.75,69.6875,1.0,2,3,1.25,0.037500000000000006,48.666666666666664,0.0,0.6771300448430493,0.32286995515695066,0.0
5854,0,1204.65,53,1,167,12.0,2,118.5,59.25,0.0,2,2,1.5,0.04999999999999999,34.0,0.810126582278481,0.189873417721519,0.0,0.0
5987,0,3765.15,63,1,373,11.0,21,2259.0,107.57142857142857,0.7142857142857143,4,10,1.7619047619047619,0.02857142857142857,17.1,0.05843293492695883,0.36343514829570606,0.31252766710934043,0.2656042496679947
3800,0,180.0,24,0,210,171.0,1,22.8,22.8,1.0,1,1,1.0,0.04999999999999993,171.0,1.0,0.0,0.0,0.0
4298,0,64.58,40,0,245,140.0,2,74.5,37.25,0.5,1,2,1.0,0.14999999999999997,86.0,0.0,1.0,0.0,0.0
5288,0,1611.82,18,1,553,4.0,16,1044.68,65.2925,0.6875,4,9,1.625,0.04999722222222222,23.733333333333334,0.19018263965999158,0.642301948922158,0.08615078301489451,0.08136462840295593
4004,1,0.0,34,1,809,209.0,1,153.0,153.0,1.0,1,1,1.0,0.15000000000000002,209.0,0.0,0.0,0.0,1.0
3967,0,1567.1,18,0,211,33.0,4,285.9,71.475,0.75,2,4,2.5,0.1375,40.666666666666664,0.7901364113326338,0.20986358866736624,0.0,0.0
3744,0,163.2,57,0,554,2.0,8,555.75,69.46875,0.625,3,7,1.875,0.018750000000000003,51.857142857142854,0.16734143049932523,0.6707152496626181,0.16194331983805668,0.0
4864,0,272.5,37,0,572,52.0,5,500.5,100.1,0.8,2,3,1.8,0.05,75.5,0.0,0.5564435564435565,0.0,0.4435564435564436
2121,0,990.1,19,0,596,34.0,10,1204.4,120.44000000000001,0.7,3,9,2.0,0.034999999999999996,40.111111111111114,0.43042178678180004,0.24493523746263698,0.3246429757555629,0.0
5284,0,318.0,39,0,703,42.0,5,479.1,95.82000000000001,0.6,3,4,1.4,0.05,44.75,0.2204132748904195,0.0,0.554164057608015,0.22542266750156542
4141,0,139.0,19,0,330,215.0,1,45.0,45.0,1.0,1,1,2.0,0.0,215.0,1.0,0.0,0.0,0.0
4917,0,881.62,35,1,231,1.0,5,492.0,98.4,0.6,3,4,1.4,0.0,28.75,0.06504065040650407,0.4878048780487805,0.44715447154471544,0.0
4885,0,591.0,35,0,638,30.0,12,924.05,77.00416666666666,0.6666666666666666,3,9,1.75,0.05833333333333334,29.0,0.06926032141117905,0.3812023158919972,0.5495373626968239,0.0
2665,0,863.05,18,0,923,10.0,2,900.0,450.0,0.5,2,2,3.0,0.09999999999999998,221.0,0.4,0.0,0.0,0.6
5112,0,844.25,23,0,194,22.0,7,854.5,122.07142857142857,0.7142857142857143,3,6,1.7142857142857142,0.014285714285714282,19.166666666666668,0.02633118782913985,0.4681100058513751,0.0,0.5055588063194851
5162,0,958.8,36,1,123,23.0,4,565.5,141.375,0.25,2,3,2.5,0.0,27.0,0.20424403183023873,0.0,0.7957559681697612,0.0
2604,0,661.25,26,0,618,70.0,8,702.8,87.85,0.875,3,6,1.625,0.031250000000000014,40.142857142857146,0.12421741605008538,0.5044109277177007,0.371371656232214,0.0
4675,0,486.25,18,0,311,91.0,7,915.75,130.82142857142858,0.8571428571428571,3,6,2.7142857142857144,0.11428571428571428,26.0,0.02620802620802621,0.389025389025389,0.5847665847665847,0.0
2881,0,1422.5,43,0,600,25.0,15,1413.5,94.23333333333333,0.7333333333333333,4,10,1.7333333333333334,0.06666666666666667,24.928571428571427,0.3841528121683764,0.2737884683409975,0.18075698620445702,0.1613017332861691
3766,0,478.25,37,0,569,29.0,4,590.0,147.5,0.5,3,3,1.5,0.0,52.333333333333336,0.7627118644067796,0.0847457627118644,0.15254237288135594,0.0
2741,0,337.5,35,1,481,142.0,7,876.25,125.17857142857143,0.5714285714285714,3,6,1.2857142857142858,0.09999999999999999,26.0,0.0,0.11982881597717546,0.30813124108416545,0.572039942938659
2452,0,1067.02,37,0,233,86.0,6,473.0,78.83333333333333,0.3333333333333333,2,5,1.8333333333333333,0.05833333333333333,28.2,0.0,0.7082452431289641,0.2917547568710359,0.0
4279,0,772.5,25,0,499,7.0,6,458.3,76.38333333333334,0.8333333333333334,4,6,1.1666666666666667,0.025000000000000005,73.6,0.31267728562077246,0.16364826532838753,0.13091861226271,0.39275583678813003
2740,0,1018.75,33,1,100,4.0,4,166.5,41.625,1.0,3,4,1.0,0.024999999999999994,26.333333333333332,0.13513513513513514,0.21021021021021022,0.6546546546546547,0.0
5387,0,695.1,43,1,135,76.0,2,105.0,52.5,0.5,1,1,1.5,0.0,1.0,0.0,1.0,0.0,0.0
5956,0,1038.25,36,1,684,0.0,8,601.25,75.15625,0.625,3,6,1.375,0.09375,39.857142857142854,0.14636174636174637,0.5542619542619542,0.2993762993762994,0.0
4382,1,0.0,33,0,557,269.0,2,240.0,120.0,0.5,1,1,1.0,0.0,4.0,0.0,0.0,0.0,1.0
3775,0,342.75,26,1,609,199.0,3,271.0,90.33333333333333,1.0,2,2,2.0,0.05000000000000001,96.0,0.0,0.8118081180811808,0.1881918819188192,0.0
5488,0,1378.0,21,0,785,18.0,7,684.0,97.71428571428571,0.7142857142857143,2,6,2.2857142857142856,0.028571428571428564,54.0,0.0,0.7076023391812866,0.29239766081871343,0.0
5152,0,1619.5,30,0,351,26.0,9,680.9,75.65555555555555,0.5555555555555556,4,8,1.4444444444444444,0.07222222222222222,31.125,0.17095021295344398,0.5176971655162286,0.2114847995300338,0.09986782200029373
2904,0,776.5,28,0,138,1.0,5,304.6,60.92,0.6,3,4,1.0,0.09999999999999998,34.0,0.0840446487196323,0.650032829940906,0.2659225213394616,0.0
3446,0,221.8,51,1,759,25.0,7,519.15,74.16428571428571,0.7142857142857143,2,4,2.142857142857143,0.06428571428571428,53.833333333333336,0.0,0.902918231724935,0.09708176827506501,0.0
5718,0,1415.05,36,0,883,24.0,8,1013.25,126.65625,0.75,4,8,1.375,0.075,45.857142857142854,0.2862077473476437,0.07401924500370097,0.08882309400444116,0.5509499136442142
3071,0,1504.1,26,0,597,24.0,11,968.0,88.0,0.7272727272727273,4,9,1.6363636363636365,0.08181818181818183,22.1,0.15366735537190082,0.512654958677686,0.12293388429752067,0.21074380165289255
2375,0,240.0,48,1,291,81.0,2,405.0,202.5,1.0,1,2,3.5,0.0,42.0,0.0,1.0,0.0,0.0
4977,0,616.5,34,1,717,106.0,5,376.75,75.35,0.8,4,5,1.0,0.05,49.0,0.39814200398142,0.33045786330457866,0.07962840079628401,0.19177173191771732
2656,0,902.5,21,1,205,40.0,2,247.5,123.75,1.0,1,1,2.0,0.175,154.0,0.0,1.0,0.0,0.0
3539,0,140.0,25,0,241,23.0,5,682.0,136.4,0.8,3,5,1.4,0.010000000000000009,37.75,0.2859237536656892,0.036656891495601175,0.0,0.6774193548387096
5226,0,154.0,38,1,735,40.0,5,245.75,49.15,0.6,2,4,1.6,0.06999999999999999,71.75,0.0,0.6337741607324516,0.3662258392675483,0.0
4046,0,238.0,34,0,925,223.0,4,271.2,67.8,0.75,2,2,1.75,0.19999999999999996,57.0,0.18879056047197643,0.8112094395280236,0.0,0.0
5784,0,1906.5,34,1,120,14.0,3,179.0,59.666666666666664,0.3333333333333333,2,3,1.3333333333333333,0.0,43.5,0.1340782122905028,0.8659217877094972,0.0,0.0
2171,0,1012.7,34,1,125,10.0,5,713.0,142.6,0.6,3,4,1.8,0.019999999999999997,26.25,0.13464235624123422,0.36044880785413747,0.0,0.5049088359046283
5019,0,1582.87,18,0,150,26.0,4,226.0,56.5,0.75,3,4,1.25,0.0625,29.333333333333332,0.26327433628318586,0.47123893805309736,0.26548672566371684,0.0
3512,0,1186.5,23,0,254,73.0,3,138.4,46.13333333333333,0.3333333333333333,2,3,1.0,0.0666666666666667,79.5,0.7832369942196532,0.0,0.21676300578034682,0.0
2569,0,842.75,18,1,570,15.0,10,560.6,56.06,0.5,2,7,1.6,0.059999999999999984,39.333333333333336,0.4113449875133785,0.5886550124866214,0.0,0.0
4388,0,1335.8,38,1,880,6.0,7,1445.5,206.5,0.2857142857142857,2,5,3.0,0.05714285714285715,51.0,0.0,0.6679349705984089,0.0,0.33206502940159116
2251,0,965.0,32,0,91,8.0,3,131.25,43.75,0.6666666666666666,1,3,1.0,0.05000000000000001,20.0,0.0,1.0,0.0,0.0
5185,0,1183.25,25,0,808,256.0,4,425.0,106.25,0.75,1,3,2.25,0.0,29.666666666666668,0.0,1.0,0.0,0.0
3551,0,870.0,25,0,567,151.0,3,162.5,54.166666666666664,0.3333333333333333,2,3,1.0,0.0,5.5,0.13846153846153847,0.8615384615384616,0.0,0.0
4434,0,460.3,18,0,474,129.0,3,390.0,130.0,0.6666666666666666,2,3,2.3333333333333335,0.06666666666666665,48.5,0.0,0.6076923076923076,0.0,0.3923076923076923
3737,0,502.22,40,0,290,31.0,4,675.25,168.8125,0.75,3,4,3.0,0.037500000000000006,69.0,0.18955942243613477,0.6475379489078119,0.16290262865605332,0.0
4309,0,43.2,39,1,248,57.0,3,265.0,88.33333333333333,0.6666666666666666,3,3,1.0,0.0,21.0,0.0,0.20754716981132076,0.33962264150943394,0.4528301886792453
2533,0,271.5,33,0,546,58.0,2,205.2,102.6,0.0,1,2,1.5,0.04999999999999999,165.0,0.0,0.0,1.0,0.0
5404,0,1370.6,29,1,613,9.0,9,1037.25,115.25,0.7777777777777778,4,7,1.8888888888888888,0.049999999999999996,48.25,0.15425403711737767,0.28175463967221015,0.31814895155459144,0.24584237165582068
3123,0,503.25,25,0,406,95.0,5,763.5,152.7,0.6,2,4,2.2,0.010000000000000009,67.5,0.0,0.29469548133595286,0.7053045186640472,0.0
3740,0,344.2,29,1,123,15.0,4,133.6,33.4,0.75,3,4,1.0,0.04999999999999999,20.666666666666668,0.19161676646706588,0.5988023952095809,0.2095808383233533,0.0
2962,0,2194.5,28,1,64,30.0,2,175.5,87.75,0.5,1,1,1.5,0.07500000000000001,4.0,0.0,1.0,0.0,0.0
3798,0,426.4,32,1,518,62.0,2,312.0,156.0,1.0,2,2,2.0,0.04999999999999999,237.0,0.0,0.4807692307692308,0.5192307692307693,0.0
5024,0,181.0,34,0,145,103.0,1,110.0,110.0,1.0,1,1,1.0,0.0,103.0,0.0,0.0,1.0,0.0
5558,0,1526.0,21,0,790,1.0,6,254.5,42.416666666666664,0.6666666666666666,3,6,1.1666666666666667,0.033333333333333326,73.2,0.33988212180746563,0.550098231827112,0.1100196463654224,0.0
4662,0,1059.75,31,1,860,82.0,5,627.75,125.55,1.0,3,5,2.0,0.1,56.0,0.22939068100358423,0.11907606531262445,0.0,0.6515332536837913
2952,0,784.5,36,1,187,21.0,8,1130.0,141.25,0.625,3,6,1.75,0.0,23.0,0.10619469026548672,0.25663716814159293,0.0,0.6371681415929203
5885,0,1061.05,33,0,856,34.0,7,563.4,80.48571428571428,0.8571428571428571,3,6,2.0,0.04285714285714285,48.833333333333336,0.5021299254526091,0.06212282570110046,0.4357472488462904,0.0
4393,0,1333.0,38,0,513,6.0,17,1636.65,96.27352941176471,0.7647058823529411,4,10,1.7647058823529411,0.05294117647058822,23.9375,0.16277151498487763,0.46314117251703174,0.07332050224544037,0.30076681025265023
3656,0,407.38,18,1,130,12.0,4,222.5,55.625,0.5,3,4,1.0,0.0,28.333333333333332,0.10112359550561797,0.4943820224719101,0.4044943820224719,0.0
5499,0,84.0,50,0,371,112.0,3,154.12,51.373333333333335,0.3333333333333333,3,3,1.0,0.05007407407407405,58.5,0.12405917466908903,0.1622112639501687,0.7137295613807423,0.0
5357,0,1252.0,38,1,227,38.0,7,365.35,52.19285714285714,0.5714285714285714,3,7,1.5714285714285714,0.07857142857142856,30.666666666666668,0.19378677980019157,0.5303133981114,0.27589982208840835,0.0
4072,0,427.25,40,1,721,166.0,3,235.2,78.39999999999999,1.0,2,3,2.3333333333333335,0.016666666666666646,93.5,0.489795918367347,0.0,0.5102040816326531,0.0
3087,0,283.0,34,0,155,29.0,2,90.0,45.0,1.0,1,2,1.0,0.0,21.0,0.0,1.0,0.0,0.0
2436,0,3689.85,34,1,607,6.0,28,3012.45,107.58749999999999,0.8214285714285714,4,14,1.8571428571428572,0.06607142857142856,12.703703703703704,0.17069162973659316,0.33104283888529273,0.28415409384388124,0.21411143753423295
2058,0,844.75,34,1,804,4.0,12,1220.9,101.74166666666667,0.6666666666666666,3,9,1.75,0.075,34.54545454545455,0.25178147268408546,0.5373085428782045,0.21090998443770986,0.0
2689,0,1082.5,18,1,645,0.0,16,1624.38,101.52375,0.75,4,14,1.5,0.04062037037037036,22.866666666666667,0.08457380662160331,0.1809921323828168,0.2878021152685948,0.44663194572698506
3770,0,180.0,20,1,591,109.0,3,269.35,89.78333333333335,1.0,3,3,1.3333333333333333,0.11666666666666665,132.5,0.0950436235381474,0.23668089845925375,0.6682754780025988,0.0
4935,0,271.12,38,0,609,135.0,4,229.0,57.25,0.75,1,3,1.5,0.12499999999999997,84.33333333333333,0.0,1.0,0.0,0.0
4848,0,455.0,48,0,848,361.0,1,35.0,35.0,1.0,1,1,1.0,0.0,361.0,0.0,1.0,0.0,0.0
3231,0,1479.7,26,0,213,4.0,16,1047.22,65.45125,0.625,4,11,1.625,0.021879629629629624,11.6,0.26233265216477913,0.4798418670384446,0.14323637822043123,0.11458910257634498
3736,0,181.6,46,1,630,74.0,3,485.0,161.66666666666666,1.0,2,3,1.6666666666666667,0.0,114.0,0.0,0.25773195876288657,0.0,0.7422680412371134
4718,0,229.0,37,0,64,63.0,1,55.0,55.0,0.0,1,1,1.0,0.0,63.0,0.0,1.0,0.0,0.0
3962,0,239.0,18,0,741,47.0,6,455.5,75.91666666666667,0.8333333333333334,1,5,1.3333333333333333,0.075,59.2,0.0,1.0,0.0,0.0
4921,0,2490.65,45,0,651,25.0,20,2031.5,101.575,0.75,3,12,1.9,0.06999999999999999,18.94736842105263,0.0979571745015998,0.19123800147674133,0.7108048240216589,0.0
5886,1,0.0,40,1,499,222.0,2,313.5,156.75,1.0,1,1,3.0,0.04999999999999999,49.0,0.0,1.0,0.0,0.0
3710,0,1207.5,32,0,283,47.0,6,776.5,129.41666666666666,0.6666666666666666,4,5,2.0,0.041666666666666664,41.8,0.24726336123631681,0.22537025112685125,0.29555698647778494,0.231809401159047
4933,0,320.0,25,1,328,202.0,2,78.75,39.375,1.0,1,2,1.0,0.2,42.0,1.0,0.0,0.0,0.0
5576,0,461.25,39,0,879,139.0,2,129.0,64.5,0.5,2,2,1.5,0.0,76.0,0.49612403100775193,0.5038759689922481,0.0,0.0
2378,0,3797.7200000000003,59,1,605,5.0,38,2755.75,72.51973684210526,0.6052631578947368,4,13,1.6578947368421053,0.04868421052631578,9.432432432432432,0.14161299101877892,0.607094257461671,0.12265263539871178,0.12864011612083825
3402,0,643.0,24,1,123,11.0,4,182.0,45.5,0.75,2,3,1.5,0.0,34.0,0.6153846153846154,0.38461538461538464,0.0,0.0
2151,0,813.5,44,1,682,33.0,6,404.78,67.46333333333332,0.8333333333333334,2,6,2.0,0.07498765432098764,44.6,0.29591382973467073,0.7040861702653294,0.0,0.0
2299,0,86.0,25,0,138,121.0,1,65.0,65.0,1.0,1,1,1.0,0.0,121.0,0.0,1.0,0.0,0.0
5597,0,423.0,42,1,522,14.0,6,670.4,111.73333333333333,0.8333333333333334,3,6,1.5,0.08333333333333331,76.0,0.44749403341288785,0.2058472553699284,0.3466587112171838,0.0
4646,0,475.0,30,0,352,83.0,4,345.0,86.25,0.25,3,3,1.25,0.04999999999999999,49.0,0.34782608695652173,0.5652173913043478,0.08695652173913043,0.0
5422,0,1010.9,45,1,514,14.0,11,679.75,61.79545454545455,0.5454545454545454,3,6,1.5454545454545454,0.03636363636363637,34.9,0.03310040456050018,0.759470393527032,0.20742920191246783,0.0
4942,0,1484.65,28,0,759,15.0,12,1237.25,103.10416666666667,0.8333333333333334,4,10,1.8333333333333333,0.020833333333333332,33.36363636363637,0.1295211153768438,0.31279046271974137,0.35158617902606587,0.20610224287734896
3160,0,340.0,18,1,595,5.0,8,827.3,103.4125,0.625,3,7,2.375,0.05,53.857142857142854,0.1744228212256739,0.43394173818445547,0.3916354405898707,0.0
5491,0,575.0,35,1,204,82.0,2,264.0,132.0,0.5,2,2,1.5,0.025000000000000022,22.0,0.5681818181818182,0.4318181818181818,0.0,0.0
5135,0,130.0,32,1,130,22.0,1,180.0,180.0,0.0,1,1,2.0,0.0,22.0,0.0,0.0,1.0,0.0
4944,0,150.0,19,0,222,2.0,3,145.0,48.333333333333336,0.6666666666666666,1,2,1.0,0.0,46.5,0.0,1.0,0.0,0.0
3031,0,431.1,28,1,759,47.0,6,679.5,113.25,0.6666666666666666,3,6,1.6666666666666667,0.025000000000000005,63.2,0.15378955114054452,0.1986754966887417,0.6475349521707138,0.0
5905,0,602.4,18,0,745,83.0,5,435.0,87.0,1.0,3,5,1.4,0.1,71.75,0.2896551724137931,0.3057471264367816,0.4045977011494253,0.0
5078,0,184.0,49,1,160,76.0,2,185.0,92.5,1.0,1,2,1.5,0.0,29.0,0.0,1.0,0.0,0.0
3604,0,94.12,48,0,501,85.0,6,565.5,94.25,0.5,3,5,1.6666666666666667,0.08333333333333333,62.0,0.03978779840848806,0.8488063660477454,0.11140583554376658,0.0
2673,0,78.0,32,0,547,78.0,4,595.0,148.75,0.5,1,4,2.75,0.125,67.33333333333333,0.0,1.0,0.0,0.0
4321,0,250.0,18,1,363,13.0,5,279.6,55.92,0.4,2,4,1.6,0.030000000000000006,68.5,0.7997138769670957,0.0,0.20028612303290413,0.0
4496,0,630.15,43,0,540,43.0,6,818.0,136.33333333333334,0.6666666666666666,3,6,1.3333333333333333,0.08333333333333333,68.0,0.18337408312958436,0.22982885085574573,0.0,0.58679706601467
3467,0,2157.4,36,1,182,9.0,6,626.0,104.33333333333333,0.8333333333333334,3,6,1.6666666666666667,0.00833333333333334,34.0,0.051118210862619806,0.7667731629392971,0.0,0.18210862619808307
3887,0,45.0,22,1,511,81.0,5,560.25,112.05,0.8,4,4,2.8,0.030000000000000006,67.0,0.1713520749665328,0.12717536813922356,0.428380187416332,0.27309236947791166
4964,0,143.5,30,0,269,43.0,4,216.0,54.0,0.75,2,4,1.5,0.07500000000000001,61.666666666666664,0.0,0.8703703703703703,0.12962962962962962,0.0
4457,0,370.5,32,0,637,89.0,2,164.5,82.25,1.0,2,2,1.0,0.025000000000000022,248.0,0.0,0.364741641337386,0.6352583586626139,0.0
2220,0,522.0,40,0,425,285.0,1,70.0,70.0,0.0,1,1,1.0,0.0,285.0,1.0,0.0,0.0,0.0
5927,0,2399.8,27,0,858,4.0,30,3497.2,116.57333333333332,0.7333333333333333,4,14,1.8666666666666667,0.05999999999999999,12.689655172413794,0.007777650691982157,0.463156239277136,0.20473521674482445,0.3243308932860574
5636,0,485.4,64,0,242,7.0,6,672.0,112.0,0.8333333333333334,3,4,1.5,0.041666666666666664,44.6,0.22321428571428573,0.6629464285714286,0.11383928571428571,0.0
4078,0,217.25,18,0,581,41.0,1,60.75,60.75,0.0,1,1,3.0,0.09999999999999998,41.0,1.0,0.0,0.0,0.0
2464,0,294.0,43,1,454,67.0,3,340.0,113.33333333333333,0.3333333333333333,2,2,1.6666666666666667,0.06666666666666665,146.5,0.0,0.75,0.0,0.25
2946,0,993.0,23,0,105,22.0,2,410.0,205.0,1.0,2,2,2.0,0.0,72.0,0.0,0.12195121951219512,0.0,0.8780487804878049
4874,0,197.0,24,1,427,50.0,3,187.5,62.5,0.3333333333333333,3,3,2.3333333333333335,0.08333333333333333,100.5,0.6,0.264,0.136,0.0
2196,0,498.0,39,0,847,135.0,3,261.75,87.25,0.3333333333333333,1,3,1.6666666666666667,0.01666666666666668,20.0,0.0,1.0,0.0,0.0
2880,0,453.0,51,0,336,31.0,12,862.65,71.8875,0.5,4,10,1.6666666666666667,0.05416666666666666,26.90909090909091,0.08653567495508029,0.5390366892714311,0.27589404741204426,0.0985335883614444
4532,0,370.2,19,0,426,25.0,4,291.0,72.75,0.75,4,4,1.0,0.037500000000000006,114.0,0.08247422680412371,0.18900343642611683,0.37800687285223367,0.35051546391752575
4929,0,1778.7,44,0,222,43.0,10,1693.3,169.32999999999998,0.7,3,7,2.1,0.030000000000000006,19.0,0.4005787515502274,0.33366798559026756,0.2657532628595051,0.0
2721,0,736.8,27,1,78,68.0,1,70.0,70.0,1.0,1,1,1.0,0.0,68.0,1.0,0.0,0.0,0.0
2205,0,680.0,31,0,396,41.0,4,451.6,112.9,1.0,2,4,2.0,0.07499999999999998,93.66666666666667,0.047829937998228524,0.9521700620017715,0.0,0.0
3916,0,229.3,56,1,853,18.0,7,632.0,90.28571428571429,1.0,3,4,1.2857142857142858,0.0,51.666666666666664,0.05063291139240506,0.6645569620253164,0.2848101265822785,0.0
3820,0,449.0,20,0,499,152.0,1,28.0,28.0,1.0,1,1,1.0,0.0,152.0,0.0,0.0,1.0,0.0
3703,0,584.5,43,0,266,266.0,1,22.5,22.5,1.0,1,1,1.0,0.0,266.0,1.0,0.0,0.0,0.0
5023,0,64.0,34,1,473,246.0,1,17.5,17.5,0.0,1,1,1.0,0.30000000000000004,246.0,0.0,1.0,0.0,0.0
3311,1,0.0,42,0,548,91.0,1,150.0,150.0,1.0,1,1,1.0,0.0,91.0,1.0,0.0,0.0,0.0
5138,0,155.0,34,0,70,12.0,1,32.0,32.0,1.0,1,1,1.0,0.0,12.0,1.0,0.0,0.0,0.0
3702,0,252.75,18,1,223,95.0,2,247.5,123.75,0.5,2,2,2.0,0.0,63.0,0.2727272727272727,0.0,0.0,0.7272727272727273
