Customer_ID,Name,Segment,Monetary,Frequency,Recency,Churn_Proba,CLV_Pred,Risk_Tier,Winback_prioritaire
2506,Grace Parker,Petits dormants (Accessoires),24.0,1,373,0.849123383586592,179.9228193632521,Eleve,0
4878,Madison Ramos,Petits dormants (Accessoires),45.0,1,55,0.8308853261909406,177.88727813913505,Eleve,0
4664,Kinsley King,Online reguliers (Clothing),681.45,11,405,0.8143181818181818,827.0059529249859,Eleve,1
3663,Allison Rogers,Petits dormants (Accessoires),24.0,1,495,0.7863762881044039,209.01183877280928,Eleve,0
5639,Jack Allen,Petits dormants (Accessoires),169.0,4,11,0.7564478801696489,328.1225970089745,Eleve,1
2633,Diana Wright,Chaussures ponctuels,202.0,3,678,0.7555639876669479,417.54021031052093,Eleve,1
2644,Lucy Mitchell,Petits dormants (Accessoires),22.5,1,77,0.7450137866920055,263.12935473419805,Eleve,0
5164,Amelia Moore,Petits dormants (Accessoires),24.0,1,175,0.7411216553156311,211.70156128722118,Eleve,0
5477,Alice Carter,Online reguliers (Clothing),108.0,1,233,0.738031771171135,226.5121730098901,Eleve,0
3901,Jonathan Hall,In-Store reguliers,181.0,3,588,0.725491320034007,282.70280583888604,Eleve,0
5017,Eva Taylor,Petits dormants (Accessoires),70.0,1,178,0.7220200629404924,193.89139484996858,Eleve,0
4866,Ivy White,Petits dormants (Accessoires),70.0,1,219,0.7157102151653026,194.1075009890921,Eleve,0
5214,Asher Hernandez,Gros paniers occasionnels (Outerwear),1115.5,8,379,0.7145238095238095,493.5625331500409,Eleve,1
2341,Layla Clark,Petits dormants (Accessoires),22.5,1,161,0.7143415209443755,265.0956576785402,Eleve,0
2890,James Diaz,Online reguliers (Clothing),50.0,1,213,0.7075558871601692,209.97753792292852,Eleve,0
4815,James Ward,Online reguliers (Clothing),58.5,1,231,0.698046641213736,231.2766253380599,Eleve,0
2305,Maya White,Petits dormants (Accessoires),22.5,1,406,0.6891291062928964,254.989158886451,Eleve,0
4033,Liam Young 2,Online reguliers (Clothing),125.0,1,62,0.6890572198890438,251.34797596794618,Eleve,0
5014,Willow Ramirez,Petits dormants (Accessoires),22.5,1,279,0.6854175764609229,280.4759585693646,Eleve,0
4464,Eleanor Nelson 2,Gros paniers occasionnels (Outerwear),336.0,2,412,0.670185858444785,212.10286094964212,Eleve,0
3692,Paisley Cruz,Gros paniers occasionnels (Outerwear),255.0,1,198,0.6615515056887505,210.84304982518512,Eleve,0
3466,Jonathan Bailey,Online reguliers (Clothing),602.75,7,376,0.658700966183575,445.0621756306056,Eleve,1
4040,Isabella White,Gros paniers occasionnels (Outerwear),300.0,2,202,0.6586420631910629,182.9615328520636,Eleve,0
4015,Aaron Brooks,Online reguliers (Clothing),120.0,1,258,0.6544830833826204,256.09695597865766,Eleve,0
5379,Sophie Cook,Petits dormants (Accessoires),45.0,1,420,0.6524379642319813,189.64207961524423,Eleve,0
5526,Mia Ortiz,Petits dormants (Accessoires),21.6,1,88,0.6461104678508967,248.5285235877628,Eleve,0
3294,Caleb Garcia,Online reguliers (Clothing),55.0,1,197,0.6450868169241195,243.81215981503144,Eleve,0
2852,Anna White,Gros paniers occasionnels (Outerwear),427.5,2,458,0.6405362401142526,194.00928486624775,Eleve,0
2371,Ella Cruz,Petits dormants (Accessoires),22.5,1,145,0.6371742517426415,284.14392308215565,Eleve,0
2398,Aria Hill,Online reguliers (Clothing),198.0,1,231,0.6333269798684613,268.548470711197,Eleve,0
5048,Anna Jackson,Online reguliers (Clothing),90.0,1,236,0.6326203478592558,309.971779253254,Eleve,1
5786,Nolan Martin 2,Gros paniers occasionnels (Outerwear),260.0,2,68,0.6309578262562264,185.37976939564524,Eleve,0
5834,Leo Brown,Online reguliers (Clothing),112.25,2,207,0.6296359209958234,235.87754097721955,Eleve,0
3694,Charles Anderson,Online reguliers (Clothing),50.0,1,201,0.6262472402333826,291.3254796780145,Eleve,0
2897,Leo Jackson,Gros paniers occasionnels (Outerwear),465.0,2,133,0.6256243835088626,269.1955348420462,Eleve,0
4039,Adrian Adams,Petits dormants (Accessoires),128.0,1,68,0.625434625341105,537.3197118534631,Eleve,1
3729,Carter White,Online reguliers (Clothing),165.0,1,76,0.6237985633204208,549.5525392543753,Eleve,1
2088,Caroline Howard,Online reguliers (Clothing),155.5,3,295,0.6197086024054931,238.48799694082012,Eleve,0
2028,Madison Roberts,Petits dormants (Accessoires),96.0,1,436,0.6195738682569809,184.36405868722352,Eleve,0
5618,Hazel Walker,Petits dormants (Accessoires),116.25,2,180,0.6188304339426082,217.16605897170732,Eleve,0
5348,Julia Brooks,Petits dormants (Accessoires),22.5,1,277,0.61773900249855,274.6721299171653,Eleve,0
5689,Kinsley Sanchez,Petits dormants (Accessoires),48.0,1,116,0.6107520136709429,163.0359699278495,Eleve,0
4966,Ivy White 2,Online reguliers (Clothing),133.0,1,93,0.6092721734260643,308.43513328698566,Eleve,1
3094,Samantha Reyes 2,Online reguliers (Clothing),140.0,1,44,0.6092370707624789,373.71563516074866,Eleve,1
5803,Abigail Torres 2,Gros paniers occasionnels (Outerwear),228.0,2,261,0.6030840180712175,147.46698619187183,Eleve,0
2111,Riley Taylor,Online reguliers (Clothing),105.0,1,62,0.6022995834787264,341.538002187617,Eleve,1
3045,Logan Rodriguez,Petits dormants (Accessoires),96.0,1,91,0.6019068990663093,185.6195528800988,Eleve,0
3313,Oliver Morgan,In-Store reguliers,234.0,4,21,0.6003912132653904,397.9257999913102,Eleve,1
5791,Audrey Moore 3,In-Store reguliers,95.5,3,425,0.5964480778337783,375.6826596417998,Eleve,1
4187,Evelyn Lopez,Petits dormants (Accessoires),151.0,2,160,0.5953427451557812,280.9332473726107,Eleve,0
4345,Gabriel Peterson,Petits dormants (Accessoires),48.0,1,319,0.5940688741688903,168.21166056784915,Eleve,0
5171,Ellie Green,Online reguliers (Clothing),110.5,1,200,0.593975610680352,245.05714388052823,Eleve,0
2828,Ethan Watson,Petits dormants (Accessoires),28.8,1,754,0.5938636950426442,337.6900109816252,Eleve,1
3325,Lily Adams,Petits dormants (Accessoires),103.25,2,99,0.593518333474933,241.88346796234532,Eleve,0
5857,Joseph Morgan,Online reguliers (Clothing),120.0,2,69,0.5919701873060493,211.79782892762145,Eleve,0
2616,Wyatt White,Petits dormants (Accessoires),173.0,2,124,0.5880671864020415,177.48224987159338,Eleve,0
3587,Caroline Howard 2,Petits dormants (Accessoires),271.2,2,374,0.586052451588164,200.39889775079322,Eleve,0
2153,Ryan Miller,Online reguliers (Clothing),128.25,1,83,0.5857669919364149,393.49597022233365,Eleve,1
4280,Anthony Gonzalez,Online reguliers (Clothing),135.0,1,144,0.5856002263363903,246.00946480084934,Eleve,0
2140,Brooklyn Peterson,In-Store reguliers,108.75,2,14,0.5814680082295589,220.91630525442702,Eleve,0
4120,Willow Morris 2,Gros paniers occasionnels (Outerwear),313.5,2,228,0.5806258852469774,213.19253112555631,Eleve,0
4382,Abigail Carter,Gros paniers occasionnels (Outerwear),240.0,2,634,0.5801254720572845,427.5853471328282,Eleve,1
3474,Penelope Morgan,Online reguliers (Clothing),404.25,3,445,0.5743245955591617,445.82867787528335,Eleve,1
5021,Jack Flores,Petits dormants (Accessoires),64.0,2,76,0.5739519821804049,183.86054802392752,Eleve,0
5729,Oliver Flores,Online reguliers (Clothing),125.0,3,82,0.5738424522850566,420.6621810390341,Eleve,1
3205,Ethan Gonzalez,Online reguliers (Clothing),378.35,5,400,0.5732275688201589,466.71506252996187,Eleve,1
3756,James Green,Online reguliers (Clothing),155.25,3,51,0.5707494293584724,251.96549270247743,Eleve,0
5765,Aaron Allen,Petits dormants (Accessoires),48.0,1,62,0.5705764076590637,206.92013525937688,Eleve,0
5995,Isaiah Harris,Petits dormants (Accessoires),70.0,1,223,0.5703801081127393,193.50018968220255,Eleve,0
2783,Charlie Ramirez,In-Store reguliers,123.2,4,68,0.5657508577737181,358.83590699118463,Eleve,1
4238,Lucy Taylor,Petits dormants (Accessoires),24.0,1,707,0.562946364394871,377.6481525011206,Eleve,1
5281,Isabella Murphy,Petits dormants (Accessoires),22.5,1,150,0.5619665472580504,394.7814974878879,Eleve,1
4806,Leah Evans,Online reguliers (Clothing),185.0,2,41,0.5606212438094503,241.84401726638814,Eleve,0
5893,Paisley Kelly,Online reguliers (Clothing),59.5,1,231,0.5598982853419897,257.32424150032284,Eleve,0
5119,Jeremiah Martinez,Chaussures ponctuels,351.25,2,410,0.5567689862738563,242.58580111806165,Eleve,0
5824,Alice Richardson 2,Online reguliers (Clothing),649.0,5,398,0.5543266782630845,560.2678043434238,Eleve,1
3959,Hannah Harris,Petits dormants (Accessoires),170.25,2,83,0.552109966560098,188.8991706387548,Eleve,0
5393,Caroline Howard 3,Online reguliers (Clothing),49.5,1,591,0.5516966989203815,196.08493873086644,Eleve,0
5236,Asher Ramirez,Gros paniers occasionnels (Outerwear),202.5,2,186,0.5516145011448254,192.57323278305012,Eleve,0
2018,Savannah Allen,Online reguliers (Clothing),202.0,2,247,0.5515318249776743,221.45859978854813,Eleve,0
4551,Emily Roberts,Online reguliers (Clothing),234.6,3,248,0.5508964335514868,289.75443961909224,Eleve,0
5468,Addison Jones 2,Petits dormants (Accessoires),136.8,1,346,0.5508038381308706,192.28671164061655,Eleve,0
2333,Isaiah Gutierrez,Petits dormants (Accessoires),150.0,1,62,0.5498212549291853,209.6416912432469,Eleve,0
2271,Emily Garcia,Online reguliers (Clothing),198.0,4,91,0.5482937285832093,448.5874939267108,Eleve,1
4298,Victoria Scott,Petits dormants (Accessoires),139.08,4,131,0.5470680306702,346.59806857341397,Eleve,1
2907,Nolan Martinez,Online reguliers (Clothing),147.0,3,63,0.5467251296796787,270.58323945919005,Eleve,0
3874,David Taylor,Gros paniers occasionnels (Outerwear),486.0,1,202,0.5461693547208237,332.3386515436227,Eleve,1
5939,Anthony Lopez,Petits dormants (Accessoires),64.0,1,187,0.5421763638916727,193.33526760642576,Eleve,0
4336,Eleanor Campbell 2,Online reguliers (Clothing),168.0,2,111,0.539927252714715,248.5324157969586,Eleve,0
5948,Evelyn Young,In-Store reguliers,175.0,2,121,0.5395296635044905,236.40711426848313,Eleve,0
4707,Isabella Howard,Online reguliers (Clothing),161.0,2,54,0.5367743359581545,287.36644286901566,Eleve,0
4251,Lily Garcia,Petits dormants (Accessoires),32.0,1,706,0.5278231268284423,352.72430289792317,Eleve,1
5216,Henry Brooks,Petits dormants (Accessoires),57.0,2,272,0.5251471261161036,309.877504421595,Eleve,1
3409,Amelia Kim 2,Petits dormants (Accessoires),20.25,1,228,0.5244089403104745,272.94789297718563,Eleve,0
4552,Grace Hall 2,Petits dormants (Accessoires),150.0,1,51,0.5243531685131342,563.2616922147946,Eleve,1
3548,Alice Edwards 2,Petits dormants (Accessoires),22.5,1,78,0.5230412306442233,499.9392397430093,Eleve,1
2564,Amelia Wilson,In-Store reguliers,234.4,4,440,0.5229946529682283,399.00243051570374,Eleve,1
4095,Alice Chavez,Petits dormants (Accessoires),22.5,1,110,0.5220495125062449,323.07912565604255,Eleve,1
5997,Caleb Harris,Petits dormants (Accessoires),86.5,2,96,0.521759122812436,182.11993298214279,Eleve,0
5023,Aaron White,Petits dormants (Accessoires),81.5,2,288,0.5217022295205316,241.74666318221466,Eleve,0
2466,Quinn Wilson,In-Store reguliers,95.25,3,15,0.52117138967344,286.5954631677181,Eleve,0
3408,Piper Peterson,Online reguliers (Clothing),150.0,1,81,0.5200205487356336,302.1053876457038,Eleve,1
4182,Eva Reed,Petits dormants (Accessoires),24.0,1,53,0.5178226622036212,302.6354012672547,Eleve,1
5399,Ivy Sanchez 2,Online reguliers (Clothing),54.0,1,239,0.5176709998440481,297.21613403257396,Eleve,0
5850,Christian Clark,Online reguliers (Clothing),99.0,1,604,0.5170298218973854,214.98065564226417,Eleve,0
2493,Theodore Adams,Online reguliers (Clothing),120.0,2,5,0.5168508533461141,244.34720173869712,Eleve,0
2987,Luke Morales,Online reguliers (Clothing),106.25,1,236,0.5165606517453417,326.36567227568133,Eleve,1
3513,Caroline Reyes,Online reguliers (Clothing),204.0,2,93,0.5155100054168158,237.16267096541577,Eleve,0
2993,Oliver Ramirez,Petits dormants (Accessoires),96.0,1,317,0.5141629038543144,201.1210407877256,Eleve,0
5049,Allison Wright 3,Gros paniers occasionnels (Outerwear),180.0,1,223,0.5138448402498779,210.1167037575509,Eleve,0
5400,Mia Hill 2,Chaussures ponctuels,170.5,3,414,0.512847830092897,360.2417672989855,Eleve,1
3443,Isaiah Kelly,Petits dormants (Accessoires),176.12,2,233,0.5115776145918326,183.28156490080164,Eleve,0
4819,Carter Turner,Online reguliers (Clothing),92.75,2,226,0.5112855906418612,223.44418614300628,Eleve,0
4956,Jeremiah Diaz,Gros paniers occasionnels (Outerwear),540.0,2,432,0.5102162929665176,367.092835296838,Eleve,1
5762,Grace Roberts 2,Online reguliers (Clothing),114.0,1,88,0.5091938833845787,229.95510820788434,Eleve,0
3081,Abigail Davis,Petits dormants (Accessoires),174.0,2,197,0.5083042916596683,274.50375241367504,Eleve,0
3369,Jacob Cox 2,Petits dormants (Accessoires),144.0,1,413,0.5072574675156514,202.2588723507506,Eleve,0
2403,Theodore Torres,Petits dormants (Accessoires),192.0,4,186,0.5065672267725987,387.3186747054221,Eleve,1
4869,Hannah Chavez,Online reguliers (Clothing),171.0,1,143,0.505493165143761,337.7940795576841,Eleve,1
4832,Thomas Taylor 2,Online reguliers (Clothing),55.0,1,288,0.5053547134970787,248.22892242721602,Eleve,0
4522,Jacob Kelly,Online reguliers (Clothing),55.25,1,256,0.5037292152012974,259.02233674442243,Eleve,0
4628,Ella Watson,Petits dormants (Accessoires),189.1,3,550,0.49964623645027595,371.0516616627587,Eleve,1
4685,Sarah Perez 2,In-Store reguliers,113.25,2,157,0.49741670747627986,229.10071749248803,Eleve,0
2948,Mateo Moore,In-Store reguliers,275.0,2,199,0.49610440999644984,220.34877140047388,Eleve,0
4755,Olivia Campbell,Petits dormants (Accessoires),27.2,1,235,0.4959614757217237,277.03171547127056,Eleve,0
2294,John Jackson,In-Store reguliers,275.0,2,31,0.49404753839587734,201.6660667314417,Eleve,0
5347,Noah Phillips,Online reguliers (Clothing),96.75,2,42,0.4907798927221616,229.16975376048734,Eleve,0
4148,Oliver Martinez 2,Petits dormants (Accessoires),245.0,4,371,0.48874095445332616,386.49323198351226,Eleve,1
5343,Stella Brown,Online reguliers (Clothing),143.0,3,46,0.4884197370056688,324.90301109671685,Eleve,1
4122,Maverick Perez,Online reguliers (Clothing),175.0,1,20,0.4884064828856778,310.94263833916966,Eleve,1
5402,Leah Garcia,Online reguliers (Clothing),100.0,1,77,0.48501386528984186,380.3190463420969,Eleve,1
3168,Sebastian Carter,Online reguliers (Clothing),71.25,1,94,0.4838146664249499,246.9585221552766,Eleve,0
3187,Samantha Kim,Online reguliers (Clothing),75.0,1,197,0.4826770985369057,244.56288924894696,Eleve,0
5886,Joseph Jackson,Online reguliers (Clothing),313.5,2,587,0.48223641830749103,236.53339019620623,Eleve,0
5053,Paisley Phillips 2,Online reguliers (Clothing),58.5,1,575,0.4822271179555244,228.97871184704553,Eleve,0
2348,Lydia Rogers,Petits dormants (Accessoires),50.5,2,44,0.48137980860079854,233.40029289837787,Eleve,0
5945,Mia Peterson,Online reguliers (Clothing),255.0,2,120,0.48121014023770237,214.39809651345993,Eleve,0
2352,Elias Miller,Petits dormants (Accessoires),20.25,1,231,0.4803845489947561,236.77094824903034,Eleve,0
5484,Naomi Hall 2,Petits dormants (Accessoires),152.4,2,201,0.47927176116242975,217.2604482541906,Eleve,0
3880,William Campbell,In-Store reguliers,95.0,2,24,0.4792551545774827,225.48415261335703,Eleve,0
5736,Hannah Rogers 2,Online reguliers (Clothing),185.25,1,94,0.47897978872884595,294.6573661080911,Eleve,0
2627,Samuel Rivera,Online reguliers (Clothing),170.0,2,322,0.47849202179789446,220.3984393209759,Eleve,0
5120,Theodore Robinson,Online reguliers (Clothing),55.0,1,189,0.4784726689438256,263.5682013422749,Eleve,0
4830,Penelope Green,Chaussures ponctuels,269.75,2,449,0.4777299590727182,242.847875264822,Eleve,0
3346,Anna Lewis,Petits dormants (Accessoires),45.0,1,48,0.4774774688307144,479.45193431745327,Eleve,1
3114,Brooklyn Morales,Petits dormants (Accessoires),96.0,1,72,0.4766672618229398,466.13859310222983,Eleve,1
5332,Maya Kim,In-Store reguliers,106.6,2,250,0.47534733028390747,220.9404354636532,Eleve,0
2013,Ivy Rogers,Gros paniers occasionnels (Outerwear),170.0,1,300,0.4744316314934025,206.2341814430342,Eleve,0
4359,Sofia Lee,Petits dormants (Accessoires),22.5,1,116,0.47141160864027554,307.2322137004565,Eleve,1
4261,Alice Anderson 2,Online reguliers (Clothing),165.0,1,112,0.4706738155247856,359.57851216535727,Eleve,1
4648,Lucy Wright,Online reguliers (Clothing),180.0,1,77,0.46912511144549873,475.4069705386544,Eleve,1
3624,Ruby Brown,Online reguliers (Clothing),45.0,1,309,0.46836792530893073,235.0937672014571,Eleve,0
3812,David Murphy,Petits dormants (Accessoires),210.0,5,372,0.4668143848043284,504.55392949615765,Eleve,1
3062,Isaiah Evans,Gros paniers occasionnels (Outerwear),384.0,2,57,0.46552482708715937,388.97043735424614,Eleve,1
5524,Nathan Cooper,Online reguliers (Clothing),220.0,2,160,0.4640871758115842,236.53586193515778,Eleve,0
2509,Adrian Ramirez 2,Petits dormants (Accessoires),22.5,1,140,0.4609421892527653,277.1676038502902,Eleve,0
5475,Hunter Turner,Gros paniers occasionnels (Outerwear),360.0,1,104,0.4589901794344936,214.96010634133253,Eleve,0
3102,Dylan Peterson,Online reguliers (Clothing),110.0,1,153,0.4547979617108168,310.51785462711223,Eleve,1
4571,Kinsley White,Petits dormants (Accessoires),60.8,1,306,0.45345567566885575,196.65331468981444,Eleve,0
5898,Allison Ward,Petits dormants (Accessoires),64.12,1,89,0.45269171855266693,333.06976728236543,Eleve,1
3882,Claire Nelson,Petits dormants (Accessoires),195.0,4,371,0.4525855246496037,362.24347359950866,Eleve,1
2120,Abigail Cook,Petits dormants (Accessoires),192.0,2,20,0.45129355084152784,204.0571274401039,Eleve,0
3689,John Brown,Online reguliers (Clothing),142.0,3,236,0.4507787067645193,275.7232495027237,Eleve,0
5481,Samantha Hill,Online reguliers (Clothing),45.0,1,211,0.448008206269216,409.3088441880934,Eleve,1
3605,Caleb Rodriguez,Online reguliers (Clothing),242.25,3,399,0.4472865796436399,359.42991465050477,Eleve,1
2215,Cora Hernandez,In-Store reguliers,105.25,3,232,0.44444868348002653,301.7684948226933,Eleve,1
5077,Connor Edwards,Chaussures ponctuels,190.0,2,566,0.44357132265240545,408.10533092993535,Eleve,1
4171,Jacob Bailey 2,Petits dormants (Accessoires),32.0,1,72,0.44291754852231635,244.17891108597377,Eleve,0
4804,Ella Parker 2,Gros paniers occasionnels (Outerwear),120.0,1,160,0.44181710671004365,175.05216281068476,Eleve,0
5105,Chloe Martin,Gros paniers occasionnels (Outerwear),85.0,1,258,0.44145377477347564,242.70841341429895,Eleve,0
3960,Jayden Phillips 2,Online reguliers (Clothing),60.0,1,384,0.44026942978945177,247.82178610244202,Eleve,0
5688,Jackson Edwards,Petits dormants (Accessoires),67.5,1,16,0.43947143668841254,184.3517943762672,Eleve,0
3499,Skylar Richardson,Petits dormants (Accessoires),115.2,1,589,0.43903694557473294,327.40671722419444,Eleve,1
5222,Ella Torres,Petits dormants (Accessoires),43.2,1,135,0.4374259423773764,198.92568959711332,Eleve,0
3331,Asher Harris,Petits dormants (Accessoires),119.38,3,571,0.4363205174163907,326.15586428407227,Eleve,1
4947,Bob Bailey,Online reguliers (Clothing),150.0,1,357,0.43596337614491676,233.47643615830876,Eleve,0
2726,Naomi Lewis,Gros paniers occasionnels (Outerwear),438.0,2,463,0.4359148423676181,384.0252189735474,Eleve,1
3481,Abigail Thomas,Petits dormants (Accessoires),80.0,2,54,0.4351958217549641,257.02439884703034,Eleve,0
3437,Nathan Gonzalez,Online reguliers (Clothing),178.2,4,76,0.4349672478377225,394.2280115372733,Eleve,1
4060,Eva Rogers,Petits dormants (Accessoires),71.4,3,69,0.43455482141033835,342.0223063295102,Eleve,1
4269,Mason Peterson 2,Online reguliers (Clothing),147.5,3,103,0.4328193158291416,474.7069085039183,Eleve,1
5953,Ethan Cook,Online reguliers (Clothing),87.2,3,27,0.43021201547740584,270.40427505631845,Eleve,0
4842,Hannah Moore,Petits dormants (Accessoires),119.25,2,476,0.4278591093665151,497.1029983989525,Eleve,1
2960,Piper Thomas,Gros paniers occasionnels (Outerwear),228.0,1,309,0.4274294456946893,210.5226665151083,Eleve,0
2905,Olivia Martinez,Online reguliers (Clothing),60.0,1,367,0.42738798510955733,274.8139259379818,Eleve,0
3955,Lucas Evans,Petits dormants (Accessoires),63.3,2,398,0.42393949826492106,396.94014756910275,Eleve,1
4602,Maya Brown,Online reguliers (Clothing),65.0,1,184,0.42326452197806974,253.1388898340682,Eleve,0
4022,Mia Mitchell,Online reguliers (Clothing),130.0,1,314,0.42272199417748757,243.60941913061185,Eleve,0
5199,Dylan Taylor,Online reguliers (Clothing),70.0,2,44,0.4220540373128584,207.19331777611677,Eleve,0
5971,Adrian Walker 2,Petits dormants (Accessoires),230.7,3,71,0.42055712541936124,285.05307451494554,Eleve,0
5204,Eli Cox,Online reguliers (Clothing),134.8,3,232,0.41992113493495375,311.5206162968529,Eleve,1
4047,Michael Martin,Petits dormants (Accessoires),45.0,1,180,0.418415379894901,237.66700919093623,Eleve,0
3601,Charlie Reed,Petits dormants (Accessoires),22.5,1,275,0.417908829006991,257.00940908404607,Eleve,0
4116,Harper Ward,Online reguliers (Clothing),135.0,1,109,0.4174585671750004,287.93985132382653,Eleve,0
2997,Leo Miller,Chaussures ponctuels,315.6,2,170,0.4154693434057746,239.8274570532202,Eleve,0
3452,Joseph Hall,Petits dormants (Accessoires),155.5,3,40,0.41434898028205175,285.96792987757044,Eleve,0
2189,Maverick Collins,Online reguliers (Clothing),295.0,2,169,0.4129827288029591,184.61644594257095,Eleve,0
5377,Nathan White 2,In-Store reguliers,209.5,5,13,0.41280283594980743,574.3980347779656,Eleve,1
3355,Piper Moore,Petits dormants (Accessoires),149.5,4,404,0.41245426751252245,353.3287380651772,Eleve,1
3327,Jacob Baker,Petits dormants (Accessoires),238.65,3,166,0.4111249391735647,407.972289939971,Eleve,1
4329,Grace Walker,Online reguliers (Clothing),214.5,3,83,0.410381343863661,304.4144812771716,Eleve,1
3817,Savannah Hall,Petits dormants (Accessoires),179.0,2,397,0.4101829192200558,438.0007195531429,Eleve,1
5976,Emily Reyes 2,Petits dormants (Accessoires),129.6,1,136,0.4098125494431328,587.1243479585579,Eleve,1
3906,Eli Ortiz,Online reguliers (Clothing),210.0,2,159,0.4084082304147746,266.1184733494329,Eleve,0
4389,Stella Jackson 2,Online reguliers (Clothing),200.0,3,60,0.4082095092754028,368.2552779574156,Eleve,1
3952,Nora Brown 2,Petits dormants (Accessoires),176.4,2,135,0.40537709400846744,197.89157601659082,Eleve,0
4775,Jeremiah Stewart,Petits dormants (Accessoires),76.5,2,356,0.40412221201227977,232.60264180760961,Eleve,0
5211,Alice Brown 2,Gros paniers occasionnels (Outerwear),336.5,2,237,0.4034636693802408,219.26950980122967,Eleve,0
2701,Abigail Ramos 2,Petits dormants (Accessoires),94.5,2,49,0.40034373949844343,275.2508760607362,Eleve,0
3696,James Wilson,Gros paniers occasionnels (Outerwear),85.0,1,304,0.39954580335098244,201.03924892665938,Eleve,0
2849,Oliver Stewart,Petits dormants (Accessoires),80.0,2,13,0.3994318397867523,267.8926104667478,Eleve,0
4274,Paisley King,Petits dormants (Accessoires),70.0,1,56,0.3983515701308951,443.22193320490464,Eleve,1
3869,Grayson Stewart,Petits dormants (Accessoires),270.25,3,79,0.39790233513788964,291.1993623415606,Eleve,0
5462,Charles Reed 2,Online reguliers (Clothing),155.0,2,258,0.39782180003570294,240.27222646047315,Eleve,0
4952,Jack Ward,Petits dormants (Accessoires),118.0,3,118,0.3975382467389091,370.1359865565898,Eleve,1
4141,Ivy Peterson 2,Online reguliers (Clothing),184.0,3,25,0.39737354836776895,300.53931129794705,Eleve,0
5858,Aurora Stewart,Online reguliers (Clothing),225.0,1,70,0.39609176830889586,724.4143686575007,Eleve,1
5429,Skylar Williams,Online reguliers (Clothing),300.0,1,53,0.3960619865441604,666.6552289527142,Eleve,1
3244,Quinn Martinez,In-Store reguliers,190.25,2,227,0.39450997674329824,238.12639403706942,Eleve,0
3498,Ruby Howard 3,Petits dormants (Accessoires),22.5,1,73,0.3943143226317752,506.5596114606054,Eleve,1
3268,Michael Diaz,Petits dormants (Accessoires),192.0,1,64,0.3942753124481919,557.6057517426193,Eleve,1
4059,Theodore Cox,Petits dormants (Accessoires),251.0,3,225,0.39403081135255114,341.2105623055144,Eleve,1
4962,Isabella Carter,Online reguliers (Clothing),158.2,3,41,0.39277635419301626,315.419028942624,Eleve,1
3448,Maya Ward 2,Petits dormants (Accessoires),178.1,4,154,0.3919689659695667,379.04710131623733,Eleve,1
5238,Scarlett Lewis 2,In-Store reguliers,172.0,2,19,0.39040307180959744,225.11921452219997,Eleve,0
5569,Maya Taylor,In-Store reguliers,127.0,3,378,0.38937581874568167,337.46647648176673,Eleve,1
4014,Alice Anderson,Online reguliers (Clothing),60.0,1,154,0.3892764081337918,261.89441823714367,Eleve,0
5109,Liam Garcia,Gros paniers occasionnels (Outerwear),136.5,2,381,0.3891558997012464,370.6141770004869,Eleve,1
4020,Evelyn Martinez,Petits dormants (Accessoires),40.5,1,717,0.38702193049518546,350.9789477808163,Eleve,1
5991,Zoe Ward 2,Petits dormants (Accessoires),27.2,1,43,0.3869233272616141,287.08110728248494,Eleve,0
4263,Anthony Watson,Petits dormants (Accessoires),205.0,2,520,0.3868167861286429,177.63104783155683,Eleve,0
2339,Aria Reyes,In-Store reguliers,223.75,2,174,0.38500354627129907,221.12058316047262,Eleve,0
5932,Caroline Martin 2,Online reguliers (Clothing),214.6,3,225,0.3847582420699315,315.80068709210303,Eleve,1
3074,Jeremiah Parker,Gros paniers occasionnels (Outerwear),120.0,1,204,0.38295751354202495,300.8148265624829,Eleve,0
4149,Samantha Gutierrez 2,Petits dormants (Accessoires),76.5,1,40,0.3828611165471009,445.40134621231823,Eleve,1
5011,Anthony Ward,Online reguliers (Clothing),277.5,2,14,0.38147436384603645,215.81562371343912,Eleve,0
2693,Henry Wilson,Chaussures ponctuels,151.5,4,341,0.38129238298797624,374.3773515420677,Eleve,1
2933,Noah Flores,Online reguliers (Clothing),72.0,1,247,0.3803959214974513,257.9692192065599,Eleve,0
4093,Aria Cox,Chaussures ponctuels,135.0,2,378,0.3803250535642713,444.8774809964682,Eleve,1
5769,Madison Howard 2,In-Store reguliers,159.4,4,19,0.3802764869867824,388.9394529091544,Eleve,1
4387,James Wilson 2,Petits dormants (Accessoires),212.0,5,26,0.3797604613925108,533.1925883074703,Eleve,1
3585,Zoe Edwards 2,Online reguliers (Clothing),165.0,1,0,0.3795072616317732,627.1838655782753,Eleve,1
5125,Evelyn Robinson,Petits dormants (Accessoires),251.0,5,49,0.37915207922248123,667.1471342731609,Eleve,1
4534,Gabriel Kim,Online reguliers (Clothing),165.0,1,390,0.37889129229210505,290.8929791932468,Eleve,0
2385,Ellie Lee,Petits dormants (Accessoires),162.0,2,307,0.3786808298325451,252.80388936874303,Eleve,0
2415,Mia Clark,Gros paniers occasionnels (Outerwear),120.0,1,181,0.3771499742816791,197.28032703947127,Eleve,0
2197,Jacob Collins,Petits dormants (Accessoires),67.5,1,156,0.37495521536732296,262.4077961547017,Eleve,0
5821,Diana Stewart 2,Petits dormants (Accessoires),273.5,5,2,0.37344615957334865,510.12452186081015,Eleve,1
3902,Leo Wilson 2,In-Store reguliers,185.0,3,155,0.3730986725717149,397.1366317812124,Eleve,1
5257,Emma Hall 2,Petits dormants (Accessoires),22.5,1,49,0.3711496787522978,636.1445943666397,Eleve,1
5465,Caroline Roberts,In-Store reguliers,109.3,3,37,0.3711264705524529,342.872332583376,Eleve,1
4516,Adrian Carter 2,Petits dormants (Accessoires),233.4,4,221,0.3701093415298186,361.08400406301,Eleve,1
4105,Claire Johnson,Petits dormants (Accessoires),40.8,1,242,0.36720641738984666,439.0484026032325,Eleve,1
5487,Isabella Richardson,Online reguliers (Clothing),48.0,1,556,0.3669896887031088,259.60776117472915,Eleve,0
5555,Henry Reyes,Petits dormants (Accessoires),24.0,1,50,0.36616790086664996,512.3547279831563,Eleve,1
2408,Ruby Adams,Gros paniers occasionnels (Outerwear),415.0,2,169,0.3631896037990985,212.8694921022934,Eleve,0
3865,Elias Hernandez,Petits dormants (Accessoires),22.5,1,21,0.36292421532921393,346.5380572366487,Eleve,1
2163,Stella Hall,Petits dormants (Accessoires),220.5,3,84,0.36207043563821223,363.3006273396345,Eleve,1
5173,Scarlett Stewart,Petits dormants (Accessoires),111.25,3,24,0.3616943739365352,318.73324847464295,Eleve,1
2751,Luke Garcia,Gros paniers occasionnels (Outerwear),113.5,2,93,0.3604918342780747,196.26811804144378,Eleve,0
4718,Chloe Moore,In-Store reguliers,284.0,5,55,0.36040605586351615,464.87887288658965,Eleve,1
4004,Aaron Howard,Gros paniers occasionnels (Outerwear),153.0,1,574,0.36032634677060316,442.65901810701473,Eleve,1
2303,Hunter Wilson,Chaussures ponctuels,140.0,1,47,0.3580216960820768,612.073996067487,Eleve,1
5928,Mia Thomas,Chaussures ponctuels,270.0,1,51,0.3574997841544814,249.734428688592,Eleve,0
5931,Hunter Perez 2,In-Store reguliers,205.0,2,58,0.3574016369776129,390.74030026745737,Eleve,1
3751,Leo Cox,Petits dormants (Accessoires),70.5,2,265,0.35617858254957374,258.71008797141394,Eleve,0
3129,Charlie Scott,Online reguliers (Clothing),126.75,2,84,0.355626802437426,420.08623681926986,Eleve,1
3763,Theo Jones,Petits dormants (Accessoires),123.6,2,407,0.3550842670942959,453.4379349221427,Eleve,1
3204,Ivy Sanchez,Online reguliers (Clothing),125.0,1,428,0.35489276426338234,265.9593222336442,Eleve,0
4208,Thomas Turner,Online reguliers (Clothing),50.0,1,48,0.35469655070208567,262.3922667790325,Eleve,0
5759,Ava Lee,In-Store reguliers,86.0,2,80,0.35428544404341056,443.0529612043137,Eleve,1
4313,Ivy Campbell,Petits dormants (Accessoires),125.0,3,283,0.35380838447341856,398.58173951608893,Eleve,1
3596,Victoria Rodriguez 2,Petits dormants (Accessoires),48.0,1,296,0.3523439259667365,372.1694901907805,Eleve,1
5025,Ivy Flores,Online reguliers (Clothing),63.0,1,178,0.352199999073464,336.49598405415264,Eleve,1
2557,Isaac Campbell,Online reguliers (Clothing),49.5,1,349,0.3521235618237508,392.6715157202194,Eleve,1
5643,Cora Morales,Online reguliers (Clothing),225.0,1,31,0.35208955980299217,627.9055062056863,Eleve,1
3152,Leo Rogers,Online reguliers (Clothing),144.0,1,19,0.3516298719463182,654.7956895783786,Eleve,1
4745,Emma Rogers,Online reguliers (Clothing),67.5,1,445,0.35151336806349387,296.94430122678597,Eleve,0
3316,Maya Lopez,In-Store reguliers,224.0,2,27,0.3513854946055981,227.83582219906907,Eleve,0
3192,Amelia Hill,In-Store reguliers,136.0,2,142,0.35132462737447234,232.56859521754436,Eleve,0
3623,Aurora Richardson,Online reguliers (Clothing),235.0,2,458,0.35063741157236317,393.2802509443176,Eleve,1
4691,Wyatt Phillips,Chaussures ponctuels,283.0,5,366,0.350388824829096,527.7962640879631,Eleve,1
5055,Lucy Cook 2,Petits dormants (Accessoires),22.5,1,307,0.3498780712244961,411.94848027643127,Eleve,1
2759,Ivy Ortiz,In-Store reguliers,183.0,2,308,0.3496428550172678,219.54386412447514,Eleve,0
5844,Naomi Baker,In-Store reguliers,105.0,2,76,0.3490576216155719,244.44979700429352,Eleve,0
3707,Nathan Watson,Chaussures ponctuels,180.0,1,61,0.34886395192763703,276.38388988033034,Eleve,0
3533,Jack Williams,Online reguliers (Clothing),191.25,1,31,0.3482579170604605,1142.8633067915234,Eleve,1
3311,Scarlett Wilson,Petits dormants (Accessoires),150.0,1,456,0.3469726684563572,353.2985236615805,Eleve,1
5314,Liam Morales 2,In-Store reguliers,125.0,1,75,0.3465331133565476,419.7651031044046,Eleve,1
2003,Allison Rivera,Petits dormants (Accessoires),230.5,4,228,0.34600446582259786,357.9578001857664,Eleve,1
3749,Bob Perez,Petits dormants (Accessoires),72.0,2,26,0.3454703399043333,211.63743159141006,Eleve,0
5498,Wyatt Mitchell 2,Petits dormants (Accessoires),171.0,2,223,0.34516125264256564,193.73978227004497,Eleve,0
3531,Hunter Young,Online reguliers (Clothing),60.0,1,194,0.342914863896347,462.2801856179537,Eleve,1
5944,Mason Diaz 2,Gros paniers occasionnels (Outerwear),240.0,1,299,0.3391841513226187,196.47856168186277,Eleve,0
3840,Julia Morales,In-Store reguliers,110.62,3,145,0.3376545905300165,300.1638895887385,Eleve,0
3991,Oliver Harris,Online reguliers (Clothing),206.0,2,3,0.3375899215543161,266.0775765535848,Eleve,0
2894,Evelyn Reyes,In-Store reguliers,170.0,2,258,0.3375764941921361,222.36096485378516,Eleve,0
5188,Caleb Wilson,Petits dormants (Accessoires),222.3,3,342,0.3368287210897825,345.37049785621514,Eleve,1
5958,John Richardson 2,Gros paniers occasionnels (Outerwear),84.0,1,243,0.33469137547489874,307.3805357906158,Eleve,1
4068,Wyatt Torres,Online reguliers (Clothing),315.0,2,34,0.33442809025105746,442.0031837464244,Eleve,1
3030,Emma Kim,Petits dormants (Accessoires),105.8,2,434,0.33408943563179166,422.2608181618961,Eleve,1
2500,Grace Hall,Gros paniers occasionnels (Outerwear),276.0,2,209,0.3333053635339479,253.95371133340433,Eleve,0
4767,Charlie Johnson,Petits dormants (Accessoires),70.5,2,171,0.3330179763564965,207.30390158756984,Eleve,0
5975,Sarah Thompson,Online reguliers (Clothing),45.0,1,182,0.33187738380797943,422.75844205373943,Eleve,1
4687,Ellie White,In-Store reguliers,305.5,2,18,0.33186972218504773,242.45280298185781,Eleve,0
5894,Dylan Perez 2,Online reguliers (Clothing),180.0,1,44,0.3310258651862121,851.4995775111902,Eleve,1
3041,Skylar Taylor,Online reguliers (Clothing),157.0,4,42,0.3309648881847959,435.3009572833986,Eleve,1
2075,Daniel Stewart,In-Store reguliers,255.5,4,37,0.32916184218337574,444.2270333839465,Eleve,1
2112,Charlie Davis,Online reguliers (Clothing),190.0,5,6,0.327030101460645,463.51185757629065,Eleve,1
3221,Lucas Nelson,Online reguliers (Clothing),126.0,3,110,0.32673510755505997,340.79958413248227,Eleve,1
4704,Luke Walker,In-Store reguliers,47.2,2,31,0.3244116361521758,378.5965229313996,Eleve,1
2358,Ava Torres,Online reguliers (Clothing),237.25,3,230,0.3239849721501915,256.18160419843093,Eleve,0
4318,Mason Perez,Petits dormants (Accessoires),189.6,2,30,0.32134186187030844,233.36875642725968,Eleve,0
5304,Ethan Reyes,Online reguliers (Clothing),55.0,1,128,0.321203087704945,423.4982082848791,Eleve,1
5745,Jackson Taylor,Chaussures ponctuels,190.0,3,71,0.3197258040620665,594.1713742692161,Eleve,1
5941,Daniel Kelly,Petits dormants (Accessoires),24.0,1,216,0.3190449963029172,261.07805009116817,Eleve,0
2491,Julian Taylor,In-Store reguliers,215.4,5,11,0.3182268545058647,553.1251826192572,Eleve,1
2887,Willow Scott,Petits dormants (Accessoires),46.5,2,109,0.31792817165917037,391.12572039651997,Eleve,1
5521,Sarah Gutierrez,Online reguliers (Clothing),185.4,4,23,0.31740847929631055,401.73821470968323,Eleve,1
4877,Amelia Richardson,Petits dormants (Accessoires),96.0,1,3,0.31652576982517017,287.1049697147526,Eleve,0
5479,Alice Wilson 2,In-Store reguliers,139.0,2,219,0.31632954450897516,248.36563707933422,Eleve,0
2988,Joseph Bailey,Gros paniers occasionnels (Outerwear),240.0,1,576,0.3158560890149508,337.10523737402843,Eleve,1
5061,Zoe Morgan,Petits dormants (Accessoires),95.62,1,26,0.3144306993323305,661.894881469298,Eleve,1
3602,Grace Thomas,Gros paniers occasionnels (Outerwear),600.0,1,77,0.31441512806454,603.6506453768025,Eleve,1
2810,Samantha Martinez,Petits dormants (Accessoires),67.5,1,161,0.314334740431291,269.383246455673,Eleve,0
2517,Scarlett Rodriguez,Petits dormants (Accessoires),63.3,2,46,0.31376274583807784,592.2652905454572,Eleve,1
4845,Carter Thompson 3,In-Store reguliers,235.0,2,131,0.3133065152987372,249.4506348959441,Eleve,0
5138,Quinn Martin,Online reguliers (Clothing),187.0,3,152,0.3118891089596792,324.64347163484535,Eleve,1
3067,Anna Davis,In-Store reguliers,82.2,2,208,0.31124599483835147,472.22146053170275,Eleve,1
4639,Samuel Thomas 2,Online reguliers (Clothing),167.75,3,212,0.3105977349568684,332.7742350210392,Eleve,1
3780,Thomas Cooper,Online reguliers (Clothing),238.5,3,47,0.31043065942352377,314.378289934537,Eleve,1
2782,Ava Morgan,Online reguliers (Clothing),60.0,1,634,0.3103629263740703,294.4392957320248,Eleve,0
4008,Hannah Phillips,Petits dormants (Accessoires),95.62,1,27,0.30943069933233047,368.3677087959748,Eleve,1
5145,Anthony Miller,Petits dormants (Accessoires),271.0,3,50,0.3080007113779753,444.16904890000535,Eleve,1
2814,Jaxon Flores,Petits dormants (Accessoires),28.8,1,41,0.3075331092667268,621.3835113011689,Eleve,1
3891,Alice Green,Petits dormants (Accessoires),32.0,1,63,0.3066431192831567,497.47053056464733,Eleve,1
5608,Anthony Hernandez,Gros paniers occasionnels (Outerwear),229.5,1,176,0.30652807249439995,372.7944751291698,Eleve,1
2837,Daniel Collins 2,Petits dormants (Accessoires),44.9,2,244,0.30631848217338226,298.9365876814205,Eleve,0
3226,Lincoln Anderson,Online reguliers (Clothing),135.0,2,9,0.305457533949277,325.36002386469426,Eleve,1
3359,Daniel Brooks 2,Petits dormants (Accessoires),128.0,1,98,0.304858583049036,363.25034886840376,Eleve,1
2023,Willow Flores,Gros paniers occasionnels (Outerwear),255.0,1,100,0.3034102993380606,471.5186770485836,Eleve,1
4399,Theo Jackson,Online reguliers (Clothing),150.0,2,230,0.3028034139741909,238.75993760034189,Eleve,0
3975,Adrian Cooper,Gros paniers occasionnels (Outerwear),360.0,1,197,0.3025205795621197,583.6376339165588,Eleve,1
5294,Alice Flores,Online reguliers (Clothing),125.85,3,37,0.3019662716062001,336.67711776560924,Eleve,1
4460,Madison Walker,Online reguliers (Clothing),325.0,2,2,0.299865297878903,278.721307790587,Eleve,0
2021,Kennedy Diaz,Petits dormants (Accessoires),21.6,1,232,0.2991972604097439,414.19767829182024,Eleve,1
4915,Julian Evans 2,Gros paniers occasionnels (Outerwear),190.0,2,179,0.2990009573878323,229.90805248811049,Eleve,0
3917,Bob Taylor,Online reguliers (Clothing),177.0,2,72,0.29860058251964733,243.9646322809763,Eleve,0
2250,Grayson Cooper,Online reguliers (Clothing),132.0,1,11,0.29808522369414,765.6354273989526,Eleve,1
3557,Sofia Parker,Online reguliers (Clothing),55.0,1,98,0.29795478427834987,443.9989225391273,Eleve,1
5223,Carter Gutierrez,Petits dormants (Accessoires),133.62,3,27,0.296270775873258,577.5063992733167,Eleve,1
5888,Claire Green 2,Petits dormants (Accessoires),48.0,1,157,0.29523682061283935,302.10976914320133,Eleve,1
5472,Brooklyn Wright,Petits dormants (Accessoires),265.0,2,345,0.2941807284797674,211.34433207814476,Eleve,0
2624,Maya Mitchell,Gros paniers occasionnels (Outerwear),360.0,1,273,0.2934697408412459,362.49516133265706,Eleve,1
3235,Ivy Jackson,Online reguliers (Clothing),102.5,3,117,0.2925888287821756,409.79329901047373,Eleve,1
3547,Mia Hill,Petits dormants (Accessoires),45.0,1,190,0.2921195380452399,378.693408236214,Eleve,1
2195,Theodore Richardson,In-Store reguliers,68.1,3,26,0.2917976617643649,380.19467019726767,Eleve,1
4289,Daniel Green,Gros paniers occasionnels (Outerwear),175.0,2,155,0.29179221086695806,204.878946159867,Eleve,0
3496,Layla Nelson,In-Store reguliers,75.0,1,135,0.29141342533620307,243.57685973052727,Eleve,0
2146,Emily Cooper,Petits dormants (Accessoires),90.0,1,2,0.29122099104577825,433.05446271522857,Eleve,1
3323,Chloe Peterson,Online reguliers (Clothing),100.0,2,30,0.2907891758869027,432.81511848281923,Eleve,1
5141,Sophie Ramos 2,Petits dormants (Accessoires),133.25,4,79,0.2906689731467267,542.3396167601345,Eleve,1
4365,Daniel Diaz,Online reguliers (Clothing),45.0,1,433,0.29051266334905657,409.71459879983047,Eleve,1
3084,Charles Collins,Online reguliers (Clothing),264.75,5,1,0.28968711086449717,516.9736862831259,Eleve,1
2044,James Hill,In-Store reguliers,92.5,2,149,0.28920211651224653,445.0436174487004,Eleve,1
2438,Penelope Thompson,Petits dormants (Accessoires),70.0,1,42,0.28883347891456956,670.601739605451,Eleve,1
2687,Emma Cook,Gros paniers occasionnels (Outerwear),257.5,2,131,0.2885399922500252,279.7982984786301,Eleve,0
2980,Theo Lopez,Petits dormants (Accessoires),175.5,2,34,0.28850759265760106,195.1929157959317,Eleve,0
4295,Claire Green,Online reguliers (Clothing),183.75,4,128,0.2872728421861452,468.7643137320099,Eleve,1
5192,Alexander Perez,Gros paniers occasionnels (Outerwear),210.0,2,51,0.2864526283994994,411.91104685827986,Eleve,1
4932,Carter Nelson,Online reguliers (Clothing),100.0,2,75,0.28633323573855785,310.8230348538485,Eleve,1
3909,Zoe Wilson,Online reguliers (Clothing),40.5,1,202,0.28625868160575146,262.3868440439096,Eleve,0
3968,Lily Collins,Online reguliers (Clothing),114.05,3,172,0.2851153826868533,357.59062488868085,Eleve,1
3218,Abigail Gutierrez,Petits dormants (Accessoires),268.0,5,81,0.2844783560315698,511.1248458937506,Eleve,1
5889,Caroline Rogers,Petits dormants (Accessoires),150.0,1,110,0.28404299407810113,368.8566234540191,Eleve,1
4344,Landon Kim,Online reguliers (Clothing),130.0,1,86,0.2824158431715634,517.1297623120888,Eleve,1
2678,Noah Clark,Online reguliers (Clothing),150.0,1,78,0.28093765271175997,436.09942709234116,Eleve,1
4331,Aurora Williams 2,Online reguliers (Clothing),180.0,1,239,0.2808627657097288,342.31113358794903,Eleve,1
5282,Audrey Gonzalez 3,Petits dormants (Accessoires),32.0,1,72,0.28085374875122987,651.7210396625692,Eleve,1
2223,Savannah Mitchell,Online reguliers (Clothing),235.0,4,186,0.2807657140709264,404.15300827679107,Eleve,1
2660,Skylar Collins,Online reguliers (Clothing),238.0,3,366,0.28047116447413195,301.01826931085157,Eleve,1
5699,Addison Mitchell,Petits dormants (Accessoires),416.0,3,90,0.2803298773039796,436.5199327175798,Eleve,1
5590,Leo Perez 2,Online reguliers (Clothing),176.0,1,25,0.27994915281350624,325.60080694934203,Eleve,1
4023,Wyatt Hall,Online reguliers (Clothing),103.5,2,184,0.279826803168665,242.87623974643407,Eleve,0
2932,Adrian Jackson,In-Store reguliers,224.0,5,170,0.2797629270932922,547.4395698770765,Eleve,1
2467,David Nelson,Online reguliers (Clothing),117.0,1,590,0.2796202205909086,396.30885867590905,Eleve,1
2808,Hazel White,Petits dormants (Accessoires),206.62,3,42,0.2795923425636251,310.4128888391051,Eleve,1
3010,Adrian Collins,Online reguliers (Clothing),120.0,1,69,0.2794161726151232,578.8684823060747,Eleve,1
4511,Layla Adams 2,Petits dormants (Accessoires),104.0,2,83,0.27663373495689303,343.2102917375652,Eleve,1
4587,Eva Wright,Online reguliers (Clothing),122.75,3,15,0.27619080404796986,431.1924637707007,Eleve,1
4017,Hannah Scott,Gros paniers occasionnels (Outerwear),449.0,2,121,0.27559518284913553,397.76120578028144,Eleve,1
4633,Abigail Robinson,Online reguliers (Clothing),130.25,2,152,0.27526604230575075,275.6817744533392,Eleve,0
4303,Caroline Johnson,Online reguliers (Clothing),63.75,1,28,0.2746851695149196,476.0309309618858,Eleve,1
2483,Nathan Ward,Online reguliers (Clothing),291.0,3,75,0.27456700794596917,291.0296924052277,Eleve,0
4062,Ava Campbell,Gros paniers occasionnels (Outerwear),600.0,2,241,0.2740535707497027,321.7351511707968,Eleve,1
2122,Luke Hill,Online reguliers (Clothing),295.0,2,67,0.2735043685462578,415.71064480087676,Eleve,1
4902,Elias Ramos,Online reguliers (Clothing),103.0,2,2,0.27344959951761566,246.51270746324332,Eleve,0
5879,Sarah Kelly,In-Store reguliers,150.0,1,109,0.2730449383316683,296.5854136532247,Eleve,0
4537,Sophie Allen,Petits dormants (Accessoires),186.5,4,81,0.27270772504002055,402.29935938502393,Eleve,1
3713,Jonathan King,Online reguliers (Clothing),45.0,1,90,0.2724007363494123,272.0011382952093,Eleve,0
5030,Leo Rogers 2,Gros paniers occasionnels (Outerwear),194.0,2,95,0.27208475155728035,195.0600065280443,Eleve,0
2185,Ruby Murphy,Petits dormants (Accessoires),114.0,3,9,0.271979385212306,608.4034456944333,Eleve,1
5668,Caroline Reyes 2,Online reguliers (Clothing),95.0,3,165,0.2711703405964408,322.5761614350076,Eleve,1
3802,John Sanchez,Chaussures ponctuels,330.0,1,51,0.27105170307253174,348.62925880011767,Eleve,1
5820,Riley Johnson 2,Online reguliers (Clothing),112.25,2,158,0.27077453953974423,255.43003110297755,Eleve,0
3704,Carter Jackson 2,Chaussures ponctuels,120.0,1,125,0.27066632129856955,262.1649095363049,Eleve,0
2771,Mason Baker,In-Store reguliers,234.0,3,137,0.2706096980332223,382.1301579860359,Eleve,1
3372,Alice Clark,Online reguliers (Clothing),222.0,4,75,0.27060517630878467,400.8121025296488,Eleve,1
4751,Willow Rodriguez,Online reguliers (Clothing),170.0,2,285,0.2702585958827058,238.64795393570603,Eleve,0
4546,Sofia Gonzalez,Chaussures ponctuels,56.0,1,265,0.2688893923367412,374.9223754956294,Moyen,0
5337,Mia Carter 2,In-Store reguliers,162.0,1,39,0.26861602309769966,671.298407585281,Moyen,0
3594,Ava Bailey,In-Store reguliers,210.0,3,47,0.26769306592030306,309.7900948319219,Moyen,0
2720,Isabella Scott,Chaussures ponctuels,120.0,1,137,0.2669036093101713,320.1050389963438,Moyen,0
4018,Alexander Lee 3,Petits dormants (Accessoires),18.0,1,250,0.26652455550387943,246.16256978233,Moyen,0
5822,Wyatt Stewart,Petits dormants (Accessoires),168.0,1,12,0.2662425369031668,1155.3882899170278,Moyen,0
4634,Anthony Peterson 2,Petits dormants (Accessoires),22.5,1,66,0.2655402381079713,567.4574047971258,Moyen,0
5268,Alice Parker,Petits dormants (Accessoires),122.4,1,16,0.2649281690707069,655.2346176667913,Moyen,0
5656,Evelyn Evans,Online reguliers (Clothing),113.8,3,231,0.26476977381781663,271.56018047474515,Moyen,0
2011,Hazel Green,Online reguliers (Clothing),130.0,1,151,0.2644011278905956,402.809140080679,Moyen,0
4183,Caleb Phillips 2,Online reguliers (Clothing),249.0,2,13,0.26428308645983606,418.9170396528081,Moyen,0
4916,Leo Adams,Chaussures ponctuels,112.0,1,65,0.26399147306061943,610.2034964209773,Moyen,0
4908,Connor Campbell,Online reguliers (Clothing),233.0,3,28,0.2635849715179796,475.4970428911245,Moyen,0
4466,Lily Hernandez 2,Online reguliers (Clothing),399.0,2,48,0.26308707329607306,629.4251402287957,Moyen,0
4484,Violet Jackson 2,Online reguliers (Clothing),195.0,1,115,0.2630520033380275,336.31853611867234,Moyen,0
4109,Eli Morales,Petits dormants (Accessoires),186.0,2,20,0.262253171642892,389.8223969647388,Moyen,0
2686,Maya Sanchez,In-Store reguliers,360.0,2,74,0.26200004417765266,422.16081672449974,Moyen,0
4245,Anthony Johnson,Petits dormants (Accessoires),277.5,5,6,0.26075906203609167,472.3020284276678,Moyen,0
3800,Sarah Perez,Petits dormants (Accessoires),202.8,2,221,0.26069739237042233,240.10645625413147,Moyen,0
4851,Harper Gutierrez,Gros paniers occasionnels (Outerwear),350.0,2,313,0.26069735577201186,362.5509843901165,Moyen,0
3348,Willow Anderson,Gros paniers occasionnels (Outerwear),632.5,3,132,0.25981654703846085,420.9786568594086,Moyen,0
5777,Caroline Kim,Online reguliers (Clothing),143.75,3,94,0.2580484975463432,363.2487994499532,Moyen,0
5740,Lucas Richardson 2,Petits dormants (Accessoires),94.4,2,11,0.25744972463533233,257.1642770402784,Moyen,0
5013,Diana Davis,Petits dormants (Accessoires),92.5,2,192,0.2573528247206404,451.6700486829312,Moyen,0
4889,Ivy Scott,Online reguliers (Clothing),88.0,3,81,0.25732056270245035,578.5032917548021,Moyen,0
5814,Ruby Murphy 2,Online reguliers (Clothing),86.25,2,25,0.2572420675935032,484.4149136922146,Moyen,0
4644,Ryan Kelly,Online reguliers (Clothing),243.0,2,77,0.2566118895967364,292.04916463274367,Moyen,0
5577,Jaxon Robinson,Online reguliers (Clothing),49.5,1,174,0.25634747446018563,404.5496976020255,Moyen,0
3935,Hunter Rogers,In-Store reguliers,140.0,2,124,0.2554340623093509,290.5787549741832,Moyen,0
5949,Levi Garcia,Gros paniers occasionnels (Outerwear),600.0,1,68,0.2550082774504131,546.8178627977339,Moyen,0
3784,Violet Davis,In-Store reguliers,239.75,4,10,0.2547469837554814,386.156539378621,Moyen,0
2732,Cora Kelly,In-Store reguliers,165.0,3,298,0.2545641496147439,265.6906745508979,Moyen,0
2229,Julian Ortiz,Gros paniers occasionnels (Outerwear),400.0,2,114,0.25440788435575173,455.9363351493841,Moyen,0
3213,Emma Gonzalez,In-Store reguliers,219.0,2,248,0.2535251686369986,299.3679789860638,Moyen,0
3963,Owen Reyes,In-Store reguliers,126.8,3,196,0.2520549900241611,348.5017570835651,Moyen,0
4859,Abigail Richardson,In-Store reguliers,94.25,3,236,0.25130889799785683,403.997191036783,Moyen,0
2102,Aiden Kelly,Petits dormants (Accessoires),45.0,1,68,0.2509745413944399,474.71686062875756,Moyen,0
4988,Eva Turner,Chaussures ponctuels,162.0,1,140,0.25093998924880656,272.2380416688348,Moyen,0
4282,Allison Anderson,Online reguliers (Clothing),180.0,1,1,0.25053240881591937,637.9260013525895,Moyen,0
5444,Natalie Ward,Petits dormants (Accessoires),72.0,1,92,0.25047319832724524,406.0138154249946,Moyen,0
3698,Piper King,Petits dormants (Accessoires),45.0,1,62,0.2495844353855259,416.6539752977027,Moyen,0
3607,Ella Hernandez,Chaussures ponctuels,84.0,1,6,0.24952386830207288,232.461323082537,Moyen,0
3862,Maya Gutierrez,In-Store reguliers,189.0,4,180,0.24939231424227262,313.9616194084715,Moyen,0
2704,Joseph Nelson,In-Store reguliers,61.620000000000005,2,230,0.2491519727543474,323.7164912302336,Moyen,0
2955,Elias Williams,Gros paniers occasionnels (Outerwear),360.0,1,111,0.24825248145539175,416.0420345592421,Moyen,0
5533,Dylan Martinez 2,Online reguliers (Clothing),22.5,1,203,0.24814275678779615,316.7007896498547,Moyen,0
3809,Christian Baker,Chaussures ponctuels,330.0,1,53,0.24810976080751013,755.872073065213,Moyen,0
5460,Audrey Chavez 2,In-Store reguliers,65.0,1,48,0.24773425520386191,233.44688033892274,Moyen,0
5254,Bob Wilson 2,In-Store reguliers,75.0,1,60,0.2476846949340549,486.7090013098679,Moyen,0
4738,John Cooper,Online reguliers (Clothing),179.0,4,65,0.2474235121664661,415.48638942186767,Moyen,0
3200,Diana Rogers,Online reguliers (Clothing),174.0,2,56,0.24740081569045702,789.4611216032764,Moyen,0
5038,Jayden Stewart,Chaussures ponctuels,193.0,4,179,0.24661648945129375,391.5378304696601,Moyen,0
4012,Ivy Ramirez,Chaussures ponctuels,231.75,4,318,0.24649918361098727,469.8437527040465,Moyen,0
3762,Kinsley Ward,Online reguliers (Clothing),25.0,1,87,0.2463618023367294,282.28848635547257,Moyen,0
4805,Lucy Parker,Petits dormants (Accessoires),122.4,1,33,0.2459118643720366,720.8858715915203,Moyen,0
2299,Ivy King,Online reguliers (Clothing),151.0,3,248,0.24555432338149777,287.17227546685285,Moyen,0
2846,Sofia Brooks,Online reguliers (Clothing),246.35,5,13,0.24536505949209622,531.7902277019979,Moyen,0
5398,Sophie King,Online reguliers (Clothing),70.0,1,105,0.24491447595038612,237.748084624754,Moyen,0
3631,Lydia Collins 2,Petits dormants (Accessoires),113.4,2,228,0.2438985080295997,417.31052596628996,Moyen,0
4776,Layla Gonzalez,Chaussures ponctuels,155.05,3,205,0.2437583608950343,339.01005370593856,Moyen,0
5194,Diana Ramirez,Online reguliers (Clothing),241.0,3,74,0.2429797802454349,318.6130971189714,Moyen,0
2629,Paisley Hall,Online reguliers (Clothing),50.0,1,123,0.2425349815529443,323.39067165728386,Moyen,0
4206,Emily Allen,Petits dormants (Accessoires),167.95,3,29,0.2424331884118285,447.8581903917877,Moyen,0
2158,Sebastian King,Online reguliers (Clothing),430.0,2,123,0.24222031894266086,379.83264382575084,Moyen,0
5091,Nolan Watson,Petits dormants (Accessoires),67.5,1,14,0.24188983906861605,376.0795891646389,Moyen,0
2167,Daniel Collins,Petits dormants (Accessoires),244.8,4,7,0.24136333438844965,915.390293007013,Moyen,0
3417,Layla Morales,Online reguliers (Clothing),58.5,1,167,0.23970432052928362,448.3779600828136,Moyen,0
2187,Julian Evans,In-Store reguliers,55.0,1,57,0.23967748193471639,298.57598873003445,Moyen,0
3210,Lincoln Morales,Petits dormants (Accessoires),91.4,3,156,0.23901017454942522,432.31197271277756,Moyen,0
4841,Lucy Nelson,Petits dormants (Accessoires),212.0,5,28,0.23761382514714627,749.3065195345106,Moyen,0
3463,Hannah Stewart 2,In-Store reguliers,282.5,5,15,0.237181726155342,470.68277629678647,Moyen,0
4167,Mia King,Petits dormants (Accessoires),60.75,1,16,0.23647244907543144,694.8477505882042,Moyen,0
2817,Samuel Thomas,Petits dormants (Accessoires),21.6,1,91,0.2361743752154353,479.2478069947879,Moyen,0
4948,Charlie Green,Online reguliers (Clothing),255.0,3,118,0.23616952740205174,373.9076627000005,Moyen,0
4898,Audrey Diaz,Petits dormants (Accessoires),170.0,4,91,0.2360645702812316,481.0649528395926,Moyen,0
3666,Landon Garcia,Petits dormants (Accessoires),22.5,1,6,0.23417901456772877,839.3297882280791,Moyen,0
2001,Samuel Ortiz,Online reguliers (Clothing),105.0,1,1,0.2335410797755556,832.3656249140867,Moyen,0
5960,Henry Gutierrez,Petits dormants (Accessoires),24.0,1,124,0.2335173997794873,361.10143205962106,Moyen,0
4211,Jacob Flores,Online reguliers (Clothing),270.75,6,48,0.23344484383856107,806.7224361787355,Moyen,0
2470,Levi Sanchez,Online reguliers (Clothing),25.0,1,525,0.23288433561477212,297.9125978337033,Moyen,0
5410,Lucy Turner,Petits dormants (Accessoires),24.0,1,75,0.23283137173620175,552.7686148570356,Moyen,0
3712,Skylar Cruz,Online reguliers (Clothing),35.0,1,307,0.23255773799777116,285.8496329932684,Moyen,0
2059,Dylan Cox,Petits dormants (Accessoires),96.0,1,5,0.2323307142758197,793.2733265282272,Moyen,0
2096,Samuel Robinson,Petits dormants (Accessoires),51.2,1,233,0.23204441277620672,300.8681463234336,Moyen,0
4035,Diana Ramos,Chaussures ponctuels,56.0,1,470,0.23194868660578924,342.72462271212737,Moyen,0
2142,Jayden Cruz,Petits dormants (Accessoires),210.0,1,112,0.23171591176657796,313.04747777631394,Moyen,0
3090,Penelope Turner,Online reguliers (Clothing),131.0,3,209,0.2305095846735207,321.9709061954429,Moyen,0
3682,Adrian Campbell 2,In-Store reguliers,185.0,2,56,0.22943816523378374,283.7243227648542,Moyen,0
5911,Addison Rogers,Chaussures ponctuels,237.25,3,243,0.2287086191374248,425.24264292290377,Moyen,0
3705,Ella Edwards,Gros paniers occasionnels (Outerwear),300.0,1,192,0.22851386633115262,374.771705199901,Moyen,0
2433,Zoe Edwards,Online reguliers (Clothing),120.0,1,34,0.22821429128711404,575.9388768730493,Moyen,0
4548,Piper Gonzalez,In-Store reguliers,265.0,5,30,0.22745631780943246,571.2677430097389,Moyen,0
4788,Landon White,Chaussures ponctuels,206.0,3,89,0.2274352809292803,308.86334034902177,Moyen,0
3058,Sarah Brooks 2,Gros paniers occasionnels (Outerwear),627.75,3,93,0.22729174073910205,472.8984072561967,Moyen,0
3033,Allison Nguyen,In-Store reguliers,45.0,1,292,0.22692748478002328,249.16088869358043,Moyen,0
3537,Willow Flores 2,In-Store reguliers,300.0,1,56,0.2268508785510136,763.2429532186999,Moyen,0
5697,Skylar Gutierrez,Petits dormants (Accessoires),96.0,1,12,0.22681797926051708,709.0591364860867,Moyen,0
4524,Hazel Anderson,Online reguliers (Clothing),188.2,4,51,0.22668628728787232,450.8161454254685,Moyen,0
5841,Caleb King,Petits dormants (Accessoires),81.6,1,39,0.22590212207086846,761.8238475613072,Moyen,0
4104,Abigail Johnson,Petits dormants (Accessoires),150.0,1,5,0.22565653625085827,251.1427749874103,Moyen,0
4330,Maya Jackson 3,In-Store reguliers,88.0,2,103,0.22554549344459185,466.36488628156775,Moyen,0
4151,Wyatt Martinez 2,Petits dormants (Accessoires),64.0,1,190,0.22484384572967012,267.4350910674222,Moyen,0
4178,Olivia Miller,Gros paniers occasionnels (Outerwear),150.0,2,205,0.22478649928645178,255.0962021188122,Moyen,0
4834,Zoe Ramirez 2,Petits dormants (Accessoires),48.0,1,10,0.22365918348214867,855.0914855168016,Moyen,0
2286,Aaron Nguyen,In-Store reguliers,135.0,1,297,0.22330834107817704,293.3617307371473,Moyen,0
3823,Nora Rivera,Online reguliers (Clothing),176.0,3,42,0.2232301649282557,443.20748808024274,Moyen,0
3079,Henry Kelly,Chaussures ponctuels,228.5,3,248,0.2228975713583335,468.91515893747476,Moyen,0
4961,Charles Perez,Chaussures ponctuels,424.0,3,248,0.22265223175568014,506.64799849193,Moyen,0
2575,Henry Miller 2,Online reguliers (Clothing),60.0,2,10,0.2222193269875693,451.2441585108316,Moyen,0
3139,Bob Richardson,Online reguliers (Clothing),100.0,1,0,0.22195102751725027,573.4695540526926,Moyen,0
2626,Adrian Gonzalez,Petits dormants (Accessoires),64.12,1,175,0.22189902643365828,450.2679032287296,Moyen,0
3863,Victoria Martinez,Petits dormants (Accessoires),275.5,4,3,0.2216528572033308,596.524856478791,Moyen,0
2157,Jaxon Ward,Petits dormants (Accessoires),138.0,2,281,0.22144798808150779,424.9658007800167,Moyen,0
3411,Alice Jackson 2,Gros paniers occasionnels (Outerwear),300.0,3,226,0.22050697834928315,341.68814085062263,Moyen,0
4710,Bob Ramos,Online reguliers (Clothing),83.0,2,278,0.21954700855989515,260.6728779293105,Moyen,0
4720,Olivia Stewart,Chaussures ponctuels,272.0,5,13,0.21873323276179035,527.0678630472506,Moyen,0
3873,Kinsley Scott,Online reguliers (Clothing),215.5,4,299,0.21861758148893407,398.66280413827093,Moyen,0
3484,Penelope Reyes,Petits dormants (Accessoires),200.25,2,178,0.21831349545987383,218.48620695135997,Moyen,0
4957,Samantha Walker 2,In-Store reguliers,240.0,2,48,0.21747690890077456,258.9694988020663,Moyen,0
2641,Hannah Stewart,In-Store reguliers,175.0,1,159,0.21713257697897975,480.43111883950854,Moyen,0
5369,Genesis Miller,Chaussures ponctuels,214.0,3,129,0.2162119106412984,409.3116579610186,Moyen,0
3433,Zoe Gutierrez,Petits dormants (Accessoires),32.0,1,170,0.21578298899370205,479.5764807288396,Moyen,0
2578,Hunter Reed,Petits dormants (Accessoires),267.6,3,31,0.2149475186991953,456.271472890339,Moyen,0
5026,Nora Wilson,Online reguliers (Clothing),55.0,1,64,0.21492991133866987,355.3081353460495,Moyen,0
3543,Aiden Cox,Online reguliers (Clothing),240.0,1,2,0.21343605787965622,1084.8469964136773,Moyen,0
5022,Anthony Ward 2,Chaussures ponctuels,100.0,2,205,0.21268998261569244,209.46927805435257,Moyen,0
3583,Lucy Richardson,Online reguliers (Clothing),260.8,5,38,0.21249870413487365,504.9286518505311,Moyen,0
2865,Ella Lewis,Online reguliers (Clothing),50.0,1,111,0.2122786444717293,332.392751676699,Moyen,0
5202,Leo Thomas,Online reguliers (Clothing),295.0,2,103,0.21222357102470468,362.64672073605453,Moyen,0
5843,Piper Jackson,Online reguliers (Clothing),153.7,3,11,0.21199356062570401,316.24673808078774,Moyen,0
5848,Carter Thomas,Petits dormants (Accessoires),48.0,1,95,0.2119795264744454,207.44746854453166,Moyen,0
3039,Jayden Kim,Gros paniers occasionnels (Outerwear),229.5,2,19,0.21139182255999459,223.40607155554756,Moyen,0
5045,Wyatt Ortiz,Petits dormants (Accessoires),109.25,3,3,0.21130043736254578,419.0914769261999,Moyen,0
4253,Sadie Edwards,Online reguliers (Clothing),75.0,1,4,0.21114097603203547,771.7567769242373,Moyen,0
5578,Grayson Ramirez,Petits dormants (Accessoires),156.20000000000002,3,227,0.21083892973225865,378.60944096544785,Moyen,0
2638,Penelope Rogers,Online reguliers (Clothing),55.0,1,78,0.2105923568482613,402.6614765993503,Moyen,0
2125,Jacob Lee,In-Store reguliers,80.0,2,64,0.2099445984716051,249.09102930827953,Moyen,0
5279,Audrey Gonzalez 2,Online reguliers (Clothing),705.2,5,211,0.20986330829971445,650.7745164233731,Moyen,0
5565,Abigail Harris,In-Store reguliers,350.0,2,104,0.20984629790406714,490.49686748688544,Moyen,0
2127,Lincoln Taylor,In-Store reguliers,240.0,1,66,0.2098324997836238,809.6095808032172,Moyen,0
2474,Sebastian Jones,In-Store reguliers,348.5,3,52,0.20977754940386742,314.4517254638681,Moyen,0
3412,Lucas Hill,Petits dormants (Accessoires),76.0,2,57,0.20948256513469976,558.8355884899731,Moyen,0
3526,Olivia Allen,Chaussures ponctuels,325.0,2,373,0.2091068326802506,273.35124888243087,Moyen,0
2394,Noah Reed,Petits dormants (Accessoires),162.5,3,111,0.2080162479077063,702.5670588367914,Moyen,0
3946,Jayden Sanchez 2,Petits dormants (Accessoires),18.0,1,46,0.2071446476317705,764.5883386985241,Moyen,0
2329,Nathan Peterson,Petits dormants (Accessoires),70.0,1,48,0.20694754353557535,574.0020980123091,Moyen,0
5046,Paisley Torres,In-Store reguliers,81.0,2,65,0.2068926104290486,229.83452035333283,Moyen,0
2636,Violet Brooks,Online reguliers (Clothing),111.0,2,29,0.20679353333195702,475.7873102771487,Moyen,0
5757,Hannah Morales,Petits dormants (Accessoires),70.0,1,110,0.20577726459782764,272.3368623304493,Moyen,0
3105,Ava Cruz,Online reguliers (Clothing),154.12,3,29,0.2056347108722114,350.1845924693864,Moyen,0
2389,Savannah Thompson,Petits dormants (Accessoires),48.0,1,12,0.2055010390862789,293.7956215868304,Moyen,0
4772,Leo Parker,Petits dormants (Accessoires),300.6,3,156,0.20544739127459855,411.80161384258366,Moyen,0
2357,Audrey Ortiz,In-Store reguliers,75.0,1,211,0.20489562915731277,437.035030510602,Moyen,0
5322,Kinsley Martinez,In-Store reguliers,110.0,1,54,0.20480165444665716,465.00156677197685,Moyen,0
2681,Olivia Lewis,In-Store reguliers,75.0,1,422,0.2043468379337333,238.05165475718158,Moyen,0
3209,Mia Phillips,Online reguliers (Clothing),84.0,2,45,0.20412253078084067,617.1371602994838,Moyen,0
2876,Noah Ward,Online reguliers (Clothing),1729.75,13,16,0.20373659093266938,1370.7681068457614,Moyen,0
2377,Daniel Reed,Gros paniers occasionnels (Outerwear),216.0,1,144,0.20254977146804878,538.2475243647508,Moyen,0
3523,Amelia Campbell,In-Store reguliers,300.0,7,5,0.20209710610380274,949.8933238342267,Moyen,0
3577,Alice Richardson,In-Store reguliers,276.5,5,10,0.2020163555273305,760.5095199571028,Moyen,0
2074,Paisley Ortiz,In-Store reguliers,165.0,2,358,0.20187998233706847,263.432598074354,Moyen,0
2590,Nora Ortiz,Gros paniers occasionnels (Outerwear),428.6,3,18,0.20169261051723622,454.40028445321076,Moyen,0
3883,Lucas Morgan 2,Chaussures ponctuels,157.3,3,41,0.20121781921451543,452.6699287107986,Moyen,0
2553,Riley Hill,Petits dormants (Accessoires),96.0,1,0,0.20111468317131487,780.3788603066253,Moyen,0
2545,Christian Peterson,Petits dormants (Accessoires),289.6,4,235,0.20110996926464422,383.5279709512532,Moyen,0
2826,Ivy Torres,Online reguliers (Clothing),196.0,3,170,0.2006555914487245,342.80740777643194,Moyen,0
5489,Ivy Rodriguez 2,Online reguliers (Clothing),170.0,3,95,0.20051409946690857,313.9758982553731,Moyen,0
3333,Lily Moore,Online reguliers (Clothing),754.75,5,41,0.2003290070062365,602.8851938198299,Moyen,0
4165,Ivy Cox,Petits dormants (Accessoires),64.8,1,13,0.20031778391989558,661.9283859304621,Moyen,0
2465,Liam Morales,Petits dormants (Accessoires),115.0,3,38,0.2000430395793135,485.4796159974769,Moyen,0
4667,Carter Brooks,Petits dormants (Accessoires),24.0,1,3,0.19966669638511692,889.6965416976781,Moyen,0
2484,Michael Parker,Online reguliers (Clothing),180.0,2,61,0.19958361290437948,649.9262758256712,Moyen,0
5644,Jacob White,Petits dormants (Accessoires),25.6,1,13,0.19926390097170266,422.21147323233987,Moyen,0
2526,Hazel Lopez,Online reguliers (Clothing),55.0,1,77,0.1988861571703225,352.31164092961245,Moyen,0
3506,Aiden Lopez,Gros paniers occasionnels (Outerwear),865.6,3,185,0.19878404869130203,526.6469379587198,Moyen,0
2468,John Cook,Chaussures ponctuels,180.0,1,59,0.1986153278658685,694.8199378892101,Moyen,0
3859,Layla Morris 2,In-Store reguliers,176.5,3,27,0.1984696691790516,393.8346306571308,Moyen,0
2752,Anna Miller,Online reguliers (Clothing),45.0,1,11,0.1980535548084726,280.075610480168,Moyen,0
4630,Wyatt Martinez 3,Online reguliers (Clothing),524.25,4,12,0.19772493746753345,470.2903274082544,Moyen,0
2328,Jonathan Parker,Petits dormants (Accessoires),174.0,3,9,0.19736866846373452,947.6988384675279,Moyen,0
3964,Lucy Wilson 2,Online reguliers (Clothing),255.0,4,1,0.19706129321495777,399.7115065733599,Moyen,0
5167,Charles Carter 2,In-Store reguliers,67.75,2,354,0.1962588919408138,242.6393279026128,Moyen,0
2019,Hazel Torres,Gros paniers occasionnels (Outerwear),228.0,1,136,0.1955554704853531,475.63923425669867,Moyen,0
5621,Grace Williams,Online reguliers (Clothing),214.75,5,204,0.19481160358740787,556.8371299370077,Moyen,0
3910,Theodore Bailey,Petits dormants (Accessoires),70.0,1,101,0.19471235020411767,230.8945858926338,Moyen,0
5669,Mateo Lewis,Online reguliers (Clothing),566.4,9,39,0.19448085106382978,1096.4481800841795,Moyen,0
2400,Daniel Lee,Gros paniers occasionnels (Outerwear),348.0,2,158,0.19438211552175957,548.6545959392247,Moyen,0
3933,Logan Stewart,Petits dormants (Accessoires),70.0,1,88,0.19433681347295995,221.60711826348614,Moyen,0
3345,Violet Bailey,Petits dormants (Accessoires),48.0,1,51,0.19409405280395045,609.4361987200625,Moyen,0
2749,Isaiah Nelson,Online reguliers (Clothing),245.2,2,1,0.19299543924873513,982.5946015811362,Moyen,0
5047,Brooklyn Perez,Online reguliers (Clothing),25.0,1,77,0.1929760493025462,356.5326953396479,Moyen,0
5773,Eleanor Robinson,Petits dormants (Accessoires),48.0,1,57,0.1908912206705188,569.8304190694868,Moyen,0
5761,Victoria Allen 2,Gros paniers occasionnels (Outerwear),216.0,2,149,0.1907196261728799,461.7447794000041,Moyen,0
2879,Ellie Torres,Chaussures ponctuels,330.0,1,156,0.19032996191895113,414.0637217457455,Moyen,0
2809,Christian Cook,Gros paniers occasionnels (Outerwear),186.75,2,177,0.19014742117735509,502.8772107232135,Moyen,0
4783,Addison Howard,Online reguliers (Clothing),82.5,2,218,0.19009018458939772,422.482509918723,Moyen,0
5469,Maya Walker 2,Online reguliers (Clothing),65.0,1,162,0.1900056242978135,267.57034009767216,Moyen,0
2830,Nora Garcia,Online reguliers (Clothing),35.0,1,114,0.18902406389977544,269.99745892369606,Moyen,0
3562,Maverick Davis,In-Store reguliers,251.75,7,44,0.1889595807143288,1020.1161778841957,Moyen,0
2086,Joseph Wilson,Online reguliers (Clothing),45.0,1,47,0.18880842265455655,495.13410742257344,Moyen,0
2453,James Rivera,Chaussures ponctuels,90.0,1,81,0.18879466369378864,183.1054866650586,Moyen,0
5935,Maverick Davis 2,In-Store reguliers,255.4,4,51,0.18800727514655777,431.87881435387385,Moyen,0
3399,Ivy Thomas,Petits dormants (Accessoires),18.0,1,25,0.187634467721182,712.282280599329,Moyen,0
3771,Adrian Reyes,Petits dormants (Accessoires),92.25,3,12,0.18750984777185617,741.492311425378,Moyen,0
2448,Addison Johnson,Online reguliers (Clothing),195.25,5,166,0.18733389274521234,529.4715392116639,Moyen,0
3259,Violet Richardson,Petits dormants (Accessoires),195.0,2,222,0.1869701165952677,318.1665286904733,Moyen,0
3193,Claire Walker,Gros paniers occasionnels (Outerwear),144.0,1,558,0.186924683973443,472.700548370211,Moyen,0
5962,Natalie Jones,Online reguliers (Clothing),155.4,3,64,0.18638773470941714,314.1372212857516,Moyen,0
5374,Joseph Cox 2,Online reguliers (Clothing),90.0,1,102,0.1862835085681025,366.97568807464677,Moyen,0
5546,Sophie Evans 2,Petits dormants (Accessoires),20.4,1,39,0.1862822233162114,458.92858841572524,Moyen,0
3567,Layla Young,Chaussures ponctuels,258.0,3,19,0.18604305864602416,480.05308285458915,Moyen,0
3799,Penelope Gutierrez,In-Store reguliers,282.0,4,51,0.18591512330538934,404.6883664807207,Moyen,0
5068,Leo Williams,Petits dormants (Accessoires),32.0,1,54,0.18514615977510865,355.9544905949981,Moyen,0
5965,Anna Roberts,Online reguliers (Clothing),84.5,2,178,0.1851223769564847,436.463651590181,Moyen,0
5829,Allison Rivera 2,Online reguliers (Clothing),160.0,3,78,0.1850736244992862,290.05609843607436,Moyen,0
3400,Victoria Taylor,Online reguliers (Clothing),240.0,1,6,0.18463994611320558,822.1620661205282,Moyen,0
5493,Isabella Parker,Online reguliers (Clothing),243.0,5,54,0.1844446831725576,606.995399790906,Moyen,0
4188,Asher Brown,Online reguliers (Clothing),287.6,3,46,0.18438616087687001,347.7422216386321,Moyen,0
2027,James Cruz,Petits dormants (Accessoires),208.4,4,17,0.18346032115264893,449.56211484477075,Moyen,0
2821,Carter Edwards,Chaussures ponctuels,118.5,2,152,0.18342954332399178,213.31447512454997,Moyen,0
5631,Victoria Brown,Online reguliers (Clothing),75.0,1,67,0.18321163837626567,524.0479850875618,Moyen,0
2275,Logan Ramos,Gros paniers occasionnels (Outerwear),153.0,1,139,0.18319412011817016,303.7314491710387,Moyen,0
2002,Michael White,In-Store reguliers,255.0,1,31,0.1828464889897276,1252.5340506427417,Moyen,0
4417,Brooklyn Hill,Online reguliers (Clothing),115.0,2,75,0.1823734477000854,285.18959630949394,Moyen,0
3940,Aiden Brooks,Gros paniers occasionnels (Outerwear),382.5,1,201,0.18190104753451064,427.98128690072883,Moyen,0
2873,Evelyn Chavez,Online reguliers (Clothing),108.5,3,26,0.1810413974759241,501.5030275151879,Moyen,0
4427,Henry Martin 2,Petits dormants (Accessoires),51.2,1,246,0.18100168306193448,290.6569043246073,Moyen,0
4125,Jaxon Baker,Chaussures ponctuels,54.0,1,170,0.18089943349595136,213.08055974020772,Moyen,0
2825,Maya Howard,Online reguliers (Clothing),81.0,2,67,0.18079403826207,324.36676043934926,Moyen,0
4157,Julia Hernandez,Online reguliers (Clothing),653.0,5,84,0.180145524229278,439.38787047287207,Moyen,0
2996,Grace Jones,Online reguliers (Clothing),591.38,5,72,0.17999752302647087,650.9503135148686,Moyen,0
2338,Samantha Chavez,Online reguliers (Clothing),190.0,3,320,0.17994167095887853,328.2207874078353,Moyen,0
2089,Brooklyn Brooks,Online reguliers (Clothing),119.75,2,32,0.179933529113494,285.8932002397928,Moyen,0
5080,Lincoln Jackson 2,Chaussures ponctuels,75.6,1,26,0.17992842539885634,559.049226071082,Moyen,0
3420,Savannah Ramos,Online reguliers (Clothing),60.0,1,70,0.17980307735023493,498.1471664460096,Moyen,0
4533,Aurora Ramos,In-Store reguliers,225.0,1,68,0.17942080932005364,700.4901546468163,Moyen,0
3273,Madison Adams,Petits dormants (Accessoires),20.25,1,15,0.1793195028398666,671.8307632693571,Moyen,0
5682,Evelyn Ramirez 2,Online reguliers (Clothing),25.0,1,77,0.17899997527341882,297.284359473534,Moyen,0
5651,John Moore 3,Online reguliers (Clothing),58.5,1,90,0.17887020669160578,478.2982079689958,Moyen,0
2728,Nora Rodriguez,Online reguliers (Clothing),50.0,1,440,0.17879439811903317,297.99511240390444,Moyen,0
3100,Ella Davis,Petits dormants (Accessoires),38.4,1,37,0.1783955820779457,705.5509088871845,Moyen,0
4463,Diana Mitchell,In-Store reguliers,81.0,1,407,0.1781874721207662,251.6978664127589,Moyen,0
5440,Skylar Robinson,Petits dormants (Accessoires),187.75,3,7,0.17764156098120104,443.2405546651387,Moyen,0
2892,Natalie Cox,Online reguliers (Clothing),86.95,3,15,0.1775992973590425,814.5994893596192,Moyen,0
5974,Liam Roberts 2,Petits dormants (Accessoires),350.0,2,113,0.17703054577078603,383.5341369660466,Moyen,0
2323,Ryan Allen,In-Store reguliers,211.5,3,242,0.17621917144120772,388.32437337894095,Moyen,0
4759,Lydia Watson 3,Online reguliers (Clothing),260.0,1,8,0.175822601495861,420.96078246501105,Moyen,0
5918,Michael Wilson 2,Petits dormants (Accessoires),270.0,2,157,0.17564635878449247,450.46500868589857,Moyen,0
4573,Julia Taylor,Online reguliers (Clothing),287.25,4,28,0.17561031137978966,480.63321496829906,Moyen,0
5316,Maya Cruz 2,Online reguliers (Clothing),198.0,2,22,0.17539229832862552,883.0725060044632,Moyen,0
3854,Mason Peterson,Online reguliers (Clothing),50.0,1,56,0.1753175972283018,524.8025800794343,Moyen,0
3630,Samuel Bailey,Gros paniers occasionnels (Outerwear),781.9,5,11,0.175,678.0406765597497,Moyen,0
5501,Ryan Wright,Petits dormants (Accessoires),22.5,1,71,0.1749942159148243,405.3708205535229,Moyen,0
4457,Sophie Parker,Online reguliers (Clothing),535.0,8,11,0.17460784313725491,727.0951788140832,Moyen,0
2485,Jayden Sanchez,Online reguliers (Clothing),271.0,5,9,0.17451857543584073,620.3113916875867,Moyen,0
2129,Lily Murphy,Petits dormants (Accessoires),264.45,4,229,0.1741615024625267,367.35099431579596,Moyen,0
3392,Eva Thomas,Petits dormants (Accessoires),208.5,3,75,0.17405153698790377,775.2897573492138,Moyen,0
3993,Ella Evans 3,Online reguliers (Clothing),105.0,2,43,0.17308559840174115,647.6543798961474,Moyen,0
4471,Julian Hill,Online reguliers (Clothing),285.0,4,4,0.17238516220598196,407.6926851966071,Moyen,0
4937,Theodore Allen,Online reguliers (Clothing),74.5,2,204,0.17236132403384616,369.2060940702242,Moyen,0
2827,Daniel Morales,Online reguliers (Clothing),180.0,2,80,0.17192151077484896,325.791920578384,Moyen,0
2221,Hazel Lewis,Chaussures ponctuels,90.0,1,258,0.1709673591511129,198.49921078117484,Moyen,0
2349,Carter Thompson,Online reguliers (Clothing),189.0,3,58,0.1707307038389721,369.8853734402002,Moyen,0
4121,Emma Hall,Petits dormants (Accessoires),96.0,1,10,0.17072132413296212,674.4283292603683,Moyen,0
4210,Lydia Rogers 2,Online reguliers (Clothing),230.75,4,173,0.17012613175800806,460.4470535211319,Moyen,0
4951,Alexander Reyes,Gros paniers occasionnels (Outerwear),414.0,2,5,0.17004914179419883,339.4646805787208,Moyen,0
4773,Caroline Ortiz,Online reguliers (Clothing),654.65,10,118,0.17,1149.0232543445086,Moyen,0
2354,Ella Young,In-Store reguliers,515.3,11,223,0.17,1252.0195685993315,Moyen,0
3683,Ellie Mitchell,Petits dormants (Accessoires),19.12,1,24,0.1699131360793106,664.3814509256695,Moyen,0
4297,Ethan Wilson,Online reguliers (Clothing),50.0,1,157,0.1698490426627011,626.9036534001009,Moyen,0
2222,Wyatt Nguyen,Online reguliers (Clothing),162.0,3,34,0.16977423146986492,1048.4220010850063,Moyen,0
5453,Diana Carter,In-Store reguliers,175.0,3,385,0.16969839472716394,293.1610048575144,Moyen,0
5007,Noah Perez,Online reguliers (Clothing),130.0,1,22,0.1695767892249701,626.1480409201657,Moyen,0
5146,Nolan Reed,Petits dormants (Accessoires),20.25,1,15,0.16944558106271906,682.0841419632287,Moyen,0
5232,Maya Hill 2,In-Store reguliers,154.0,3,64,0.1685606774738341,1062.8550739768145,Moyen,0
3051,Madison Morris,In-Store reguliers,200.0,3,13,0.16853440419975096,585.7967028702441,Moyen,0
2446,Riley Diaz,In-Store reguliers,240.0,2,99,0.16836747175764785,420.1486444100889,Moyen,0
5925,Eleanor Gonzalez 2,Chaussures ponctuels,189.0,3,97,0.16825711267508855,670.672080186472,Moyen,0
4588,Isaiah Chavez,Online reguliers (Clothing),40.5,1,40,0.16806612100050247,351.5387541047674,Moyen,0
2698,Audrey Cooper,Online reguliers (Clothing),298.0,3,124,0.1665719308904906,420.72849719096047,Moyen,0
3987,Joseph Ramos,Online reguliers (Clothing),130.0,1,20,0.16628531934474494,612.4189176598259,Moyen,0
3564,Jonathan Johnson,Online reguliers (Clothing),142.0,2,77,0.16603445213543921,289.9801678502196,Moyen,0
2208,Joseph Gutierrez,Online reguliers (Clothing),175.0,4,241,0.16594553026249131,357.63743168842103,Moyen,0
4170,Eli Jackson,In-Store reguliers,100.0,1,96,0.16589380150748503,348.8703413037307,Moyen,0
5178,Maya Diaz 2,Gros paniers occasionnels (Outerwear),700.0,4,83,0.16577059708841727,472.9010236233295,Moyen,0
4469,Eva Perez,Gros paniers occasionnels (Outerwear),471.0,4,69,0.16524269853012657,466.7730565693857,Moyen,0
2739,Connor Jackson 2,In-Store reguliers,204.0,2,137,0.1646412706066955,438.05117829163714,Moyen,0
2273,Liam Allen,Online reguliers (Clothing),288.25,3,33,0.16454809746906077,363.62136965727666,Moyen,0
4550,Grace Davis,Online reguliers (Clothing),205.0,6,73,0.16454700477320677,865.6286275407091,Moyen,0
3493,Caleb Adams,Petits dormants (Accessoires),96.0,1,1,0.1645038344445887,336.2528760714155,Moyen,0
5056,Christian Cox 2,In-Store reguliers,139.0,2,198,0.16409115782354478,462.26605597037155,Moyen,0
4972,Nolan Ortiz 2,Online reguliers (Clothing),262.25,4,15,0.16408721391702977,502.27095757068355,Moyen,0
3836,Aaron Sanchez,In-Store reguliers,215.0,2,80,0.16385902643032643,284.03874766533795,Moyen,0
5064,Madison Ramos 2,Online reguliers (Clothing),114.5,3,143,0.16348556120167587,353.7676041303905,Moyen,0
2839,Naomi Walker,Online reguliers (Clothing),60.0,1,121,0.1633118755662105,290.61811846092655,Moyen,0
4713,William Bailey,In-Store reguliers,150.0,1,67,0.1631940347234466,822.8633857026206,Moyen,0
4979,Bob Campbell,Chaussures ponctuels,191.0,2,109,0.162655493951814,278.2651396509142,Moyen,0
2744,Gabriel Howard,In-Store reguliers,180.0,1,244,0.1623664226838168,324.07282327207054,Moyen,0
4924,Lincoln Cruz,Online reguliers (Clothing),232.12,5,132,0.16235444883413183,600.2605384986673,Moyen,0
5901,Hannah Richardson,Online reguliers (Clothing),77.5,2,220,0.161758973202577,263.84823981983243,Moyen,0
2541,Ethan Reed,Online reguliers (Clothing),205.75,5,2,0.16170439302481554,940.7213955640441,Moyen,0
2730,Charlie Hill,Chaussures ponctuels,144.0,1,201,0.16089269919934865,416.5557364885301,Moyen,0
5846,Charlie Bailey,Online reguliers (Clothing),191.0,3,298,0.16067725151032752,281.0832699579644,Moyen,0
2861,Ethan Phillips,Petits dormants (Accessoires),250.0,3,3,0.1600862057802711,704.8201961541646,Moyen,0
4350,Sophie Harris,Online reguliers (Clothing),254.75,3,146,0.16000079157411995,287.05617653784236,Moyen,0
5917,Penelope Morales 2,In-Store reguliers,35.0,1,300,0.15982118218346172,207.65171937183584,Moyen,0
4110,Isaac Scott 2,Petits dormants (Accessoires),101.0,2,121,0.15941515325474356,512.418759329794,Moyen,0
3307,Ryan Gonzalez,Online reguliers (Clothing),55.0,1,63,0.15889295429190844,519.6352620207348,Moyen,0
5466,Kinsley Jones 2,Chaussures ponctuels,120.0,2,70,0.15884860843052498,196.70611592998773,Moyen,0
3861,Nathan Davis,Chaussures ponctuels,195.0,3,383,0.1579634664071608,840.1747915470733,Moyen,0
2447,Lincoln Nguyen,Chaussures ponctuels,372.0,2,162,0.15781929032558012,528.7800781736513,Moyen,0
3305,Theo Edwards,Chaussures ponctuels,171.0,1,139,0.15770096695137917,267.13169850409724,Moyen,0
3457,Penelope Thomas,Chaussures ponctuels,270.0,1,24,0.1576587412565871,374.7869881264219,Moyen,0
5591,Brooklyn Carter,Online reguliers (Clothing),123.25,2,13,0.15719080147864084,538.9939397223917,Moyen,0
5851,Maya Cox,Online reguliers (Clothing),260.0,3,5,0.15708569411149154,337.3433301343856,Moyen,0
3023,Caleb Scott,Chaussures ponctuels,291.0,3,96,0.15706297151824175,443.25706406213453,Moyen,0
2567,Charlie Stewart,In-Store reguliers,297.5,4,73,0.1569209532006304,391.39061092755605,Moyen,0
3969,Ryan Taylor 2,In-Store reguliers,192.5,3,3,0.15681187786545914,395.22057265490184,Moyen,0
3592,Michael Phillips,In-Store reguliers,613.5,4,56,0.15662882947527929,449.7843555794763,Moyen,0
3319,Willow Richardson,Online reguliers (Clothing),225.5,3,351,0.1566235001555118,310.26875382381445,Moyen,0
4984,Samantha White,Online reguliers (Clothing),284.95,4,32,0.15658661262019383,374.4316106560684,Moyen,0
3076,Zoe Richardson,Petits dormants (Accessoires),208.3,4,15,0.1562785395576431,1126.6161568622085,Moyen,0
4702,Elias Sanchez,Online reguliers (Clothing),235.0,3,21,0.1561695127569097,395.22238747847024,Moyen,0
5395,Lily Cox,Gros paniers occasionnels (Outerwear),202.5,2,54,0.15612890849502722,262.78535040191144,Moyen,0
4027,Eva Cox,Gros paniers occasionnels (Outerwear),300.0,1,85,0.15607237229813847,427.0913282161449,Moyen,0
2290,Victoria Walker,In-Store reguliers,45.25,2,41,0.15590616720201414,594.9138931583375,Moyen,0
2124,Aiden Parker,Online reguliers (Clothing),270.0,4,218,0.1553965826669396,399.63079329818254,Moyen,0
2391,Isabella Rogers,Online reguliers (Clothing),197.5,3,117,0.15514956780177472,345.6119157239331,Moyen,0
3657,William Rivera,In-Store reguliers,279.0,3,166,0.15505349598856902,411.27460968568187,Moyen,0
3706,Jacob Howard,In-Store reguliers,200.2,3,248,0.15493640125240707,314.1165050278416,Moyen,0
5586,Wyatt Lewis 3,In-Store reguliers,55.0,2,96,0.15460993166496656,259.00749355351036,Moyen,0
5499,Alice Edwards 3,Chaussures ponctuels,238.12,5,244,0.15410477817005425,616.6094313339519,Moyen,0
5936,Daniel Evans 2,Chaussures ponctuels,307.5,6,112,0.1539588487528315,721.4485111583672,Moyen,0
3435,Ivy Young,Online reguliers (Clothing),25.0,1,294,0.1539011466617977,426.28791972689777,Moyen,0
5684,Evelyn Kim,Petits dormants (Accessoires),19.12,1,12,0.15390057601850077,629.8223709048301,Moyen,0
4656,Anna Murphy,Petits dormants (Accessoires),20.4,1,14,0.15377557601850078,656.2408374432387,Moyen,0
3837,Alice King 2,Chaussures ponctuels,330.0,1,128,0.15346980991830234,314.7099939734255,Moyen,0
4624,Dylan Perez,Online reguliers (Clothing),45.0,1,52,0.1532193292497308,550.9313711718544,Moyen,0
4473,Maya Collins,Online reguliers (Clothing),192.9,5,73,0.15284716098070716,616.9528014012232,Moyen,0
4056,Samantha Morris,Chaussures ponctuels,76.5,1,231,0.15272178977007253,267.498035862832,Moyen,0
3803,Julian Lopez,Chaussures ponctuels,330.0,1,126,0.15154917379492377,544.0721342718119,Moyen,0
5588,Theodore Collins,Petits dormants (Accessoires),244.5,5,69,0.15138029326288144,558.7088741897337,Moyen,0
4676,Addison Wright,In-Store reguliers,351.0,3,35,0.15113772664856445,443.55330177564485,Moyen,0
3357,Lily Rivera,Online reguliers (Clothing),52.25,1,142,0.15100698026258527,512.9071162808841,Moyen,0
2056,Stella Wright,In-Store reguliers,280.0,4,137,0.15068545326503557,394.5867350829477,Moyen,0
4897,Violet Richardson 2,Gros paniers occasionnels (Outerwear),403.0,3,20,0.15059934104161385,429.8288947356652,Moyen,0
5174,Charles Phillips 2,Online reguliers (Clothing),44.0,1,44,0.15043390757586203,675.5681338552334,Moyen,0
5029,Harper Martinez 2,Petits dormants (Accessoires),80.0,2,21,0.1500087018724026,463.54046548334816,Moyen,0
2637,Jaxon Rogers 2,Petits dormants (Accessoires),63.0,1,45,0.15000792541149452,515.6155438893916,Moyen,0
5362,Mason Walker,In-Store reguliers,220.5,5,135,0.14997705889626975,628.149279694453,Faible,0
3827,Bob Cooper,Petits dormants (Accessoires),32.0,1,139,0.1499369169684377,487.6246131867519,Faible,0
3238,Hazel Cruz,Online reguliers (Clothing),227.38,5,20,0.1499360511948155,782.4010577293801,Faible,0
4725,Leo Rodriguez,Petits dormants (Accessoires),605.4,11,155,0.14980000000000002,1258.9234723951595,Faible,0
4257,Layla Cruz,Online reguliers (Clothing),28.0,1,41,0.14940087960126,657.320013242957,Faible,0
2419,Leo Hill,Online reguliers (Clothing),55.0,1,61,0.1492490796480338,552.5221950066086,Faible,0
5414,Zoe Adams,In-Store reguliers,50.0,1,258,0.1489485826654552,436.1172202875786,Faible,0
4327,Eli Allen 2,In-Store reguliers,404.25,4,226,0.14882739328688546,442.18373774784914,Faible,0
3029,Gabriel Miller 2,In-Store reguliers,340.0,3,212,0.1488246127840239,450.2932345903127,Faible,0
2737,Mateo Parker,Online reguliers (Clothing),602.0,10,30,0.1487990328820116,1171.034229956836,Faible,0
2854,Aurora Reyes,Online reguliers (Clothing),238.38,4,357,0.14870256425138773,459.5771375313545,Faible,0
3936,Logan Green,Online reguliers (Clothing),218.5,3,3,0.14867853675802967,369.65628282634674,Faible,0
2766,Noah Martin,Online reguliers (Clothing),207.0,2,33,0.14863637528100582,416.4278676544061,Faible,0
5866,Harper Evans,Online reguliers (Clothing),55.0,1,149,0.14860517419841265,474.32274822391594,Faible,0
4991,Isabella Brooks,Chaussures ponctuels,206.0,5,230,0.1481197168942416,665.1684636891492,Faible,0
2995,Ethan Morris,Online reguliers (Clothing),389.5,2,16,0.1479064942047126,1341.4607011785274,Faible,0
2847,Jackson Ward,Chaussures ponctuels,324.0,1,200,0.14761195600825208,609.7976521631277,Faible,0
4517,Hannah Bailey,Online reguliers (Clothing),290.5,4,102,0.14716602917126478,322.41777228244393,Faible,0
2422,Layla Jones,Online reguliers (Clothing),289.0,6,56,0.14709400684616442,777.5055405962163,Faible,0
5913,Caleb Chavez,Online reguliers (Clothing),275.0,3,431,0.14676003425030662,379.3326457125671,Faible,0
3289,Emily Gonzalez,In-Store reguliers,75.0,1,9,0.1464004939625486,506.8278528175293,Faible,0
4299,Theo Johnson,Online reguliers (Clothing),255.75,5,5,0.14630389549400388,512.4615515771255,Faible,0
5205,Ella Peterson,Gros paniers occasionnels (Outerwear),266.25,3,322,0.14549702445018028,411.1203545598788,Faible,0
4146,Sofia Collins,Petits dormants (Accessoires),19.2,1,33,0.1453742148794041,440.0323175546693,Faible,0
2588,Lily Mitchell,Online reguliers (Clothing),96.0,1,29,0.14527616275033042,467.1389456114972,Faible,0
4490,Anna Carter,Online reguliers (Clothing),55.0,1,28,0.14506012538826807,637.9111539361326,Faible,0
3082,Ryan Watson,Petits dormants (Accessoires),19.2,1,30,0.1449948479981894,410.920331580398,Faible,0
3255,Zoe Sanchez,Online reguliers (Clothing),146.0,2,18,0.1448991181513996,921.428271536684,Faible,0
4568,Skylar Garcia,Chaussures ponctuels,260.0,3,354,0.14485815087254042,424.4406268969633,Faible,0
2264,Jaxon Green,Chaussures ponctuels,220.0,1,326,0.14433674849697323,245.33798871072926,Faible,0
2642,Asher Kim,Chaussures ponctuels,60.0,1,389,0.14417673633383896,344.984260354582,Faible,0
3179,Henry Hall,Chaussures ponctuels,405.0,5,8,0.1441204667396072,515.3378489230681,Faible,0
3911,Olivia Turner,In-Store reguliers,460.0,3,428,0.1439675747306222,476.45405732817335,Faible,0
3500,Lincoln Hernandez,Online reguliers (Clothing),191.5,5,22,0.1435367051612282,728.8579280046414,Faible,0
4461,Kinsley Turner 2,Petits dormants (Accessoires),45.0,1,24,0.1432343098598485,686.1022007478058,Faible,0
2867,Eva Morales,Gros paniers occasionnels (Outerwear),186.0,2,229,0.1430692053042409,261.80337813599925,Faible,0
4025,Alice Torres,Online reguliers (Clothing),166.5,2,21,0.14290859369080514,810.0854139613257,Faible,0
2218,Olivia Hill,Chaussures ponctuels,198.0,1,88,0.14279755057145319,717.7643052085608,Faible,0
4217,Sadie Miller,Petits dormants (Accessoires),160.0,2,6,0.14244144303988304,824.9607064001441,Faible,0
2802,Savannah Mitchell 2,Online reguliers (Clothing),33.25,1,171,0.1422867882279167,398.6863498689894,Faible,0
5099,Kennedy Brown,Online reguliers (Clothing),140.0,1,14,0.14204363343509843,573.7207493513375,Faible,0
4792,Leo Lewis,Petits dormants (Accessoires),32.0,1,14,0.14189934251846112,551.9500007826942,Faible,0
2460,Diana Brooks,Petits dormants (Accessoires),238.5,3,43,0.1417646837472422,790.3490687659878,Faible,0
4179,Lucas Wilson,Online reguliers (Clothing),173.0,3,57,0.1417147313194989,633.4810243580781,Faible,0
2375,Anthony Collins,Online reguliers (Clothing),645.0,5,43,0.14092845993817163,465.79305751131324,Faible,0
5457,Cora Carter,Online reguliers (Clothing),100.0,2,52,0.14074194762572934,490.841465557432,Faible,0
3214,Aiden Watson,Online reguliers (Clothing),225.5,4,0,0.14060989822950296,1125.8390550277818,Faible,0
3860,Eva Jackson,Online reguliers (Clothing),80.0,2,224,0.14020842167305264,447.0729017921043,Faible,0
4235,Evelyn Bailey,In-Store reguliers,253.0,3,106,0.1400966924394361,390.48296586785256,Faible,0
3662,Sebastian Thomas 2,Online reguliers (Clothing),45.0,1,60,0.14004005987144383,498.93745986875496,Faible,0
4090,Emma Miller 2,Online reguliers (Clothing),31.5,1,135,0.14000542462399124,436.07171558490654,Faible,0
4340,Genesis Edwards,Online reguliers (Clothing),763.45,9,13,0.14,1072.991369355125,Faible,0
4361,Sadie Nguyen,Chaussures ponctuels,243.0,1,29,0.13979417244653594,704.2010378659054,Faible,0
3382,Emily Johnson,Online reguliers (Clothing),175.0,2,28,0.1397293882632627,298.2468915255664,Faible,0
4583,Christian Edwards,Chaussures ponctuels,329.0,5,1,0.13972025882478006,600.2537515110716,Faible,0
2169,Skylar Roberts,Online reguliers (Clothing),1005.0,6,26,0.13971014492753622,780.3644220480585,Faible,0
4453,Claire Nguyen 2,Online reguliers (Clothing),202.3,5,19,0.13965567141198218,578.1774494107381,Faible,0
4592,Kennedy Roberts,Online reguliers (Clothing),203.0,3,56,0.13960265447226733,859.5415843947372,Faible,0
3202,Jonathan Jackson,In-Store reguliers,1315.5,11,38,0.1394078431372549,1175.660447566155,Faible,0
2198,Emily Jones,Chaussures ponctuels,218.8,4,45,0.13932679382965835,484.25635272758603,Faible,0
5873,Jacob Peterson,Online reguliers (Clothing),832.38,9,37,0.13927368421052633,1157.6485629991764,Faible,0
2233,Aaron Roberts,In-Store reguliers,256.75,4,41,0.1391575822883099,469.57657252093026,Faible,0
3422,Anna Harris,Chaussures ponctuels,90.0,1,22,0.13885539032101119,678.0108506918089,Faible,0
5665,Sebastian Rivera,Online reguliers (Clothing),337.6,5,202,0.13872459577920096,481.1433996486015,Faible,0
5543,Wyatt Nguyen 2,Gros paniers occasionnels (Outerwear),494.0,3,100,0.13853999635617684,446.4060254148413,Faible,0
2859,Jeremiah Gonzalez,Petits dormants (Accessoires),20.25,1,24,0.13850808106271903,438.9666365147772,Faible,0
4447,Samantha Anderson,Online reguliers (Clothing),75.0,1,49,0.1379271261023669,549.4306626135584,Faible,0
2108,Thomas Lee,Chaussures ponctuels,60.0,1,49,0.13784479498994698,414.1621299527994,Faible,0
3162,Diana Stewart,Online reguliers (Clothing),212.0,3,3,0.13733240746203085,843.749820287776,Faible,0
5176,Hunter Bailey,Chaussures ponctuels,72.0,1,19,0.13692717831813575,698.7739944684939,Faible,0
2022,Theo Brown,Petits dormants (Accessoires),42.95,2,44,0.13656489818241455,496.33411778753356,Faible,0
4604,Ethan Peterson,Online reguliers (Clothing),525.0,4,247,0.13652020028218537,540.8177698777977,Faible,0
5289,Leah Baker 2,Chaussures ponctuels,390.0,3,1,0.13650451059883287,394.902129446852,Faible,0
2367,Adrian Moore,Online reguliers (Clothing),388.75,4,235,0.13620587938739023,397.55565594369295,Faible,0
4854,Lily Evans,In-Store reguliers,65.0,2,343,0.1359858211058884,458.4603254237004,Faible,0
3186,Lucy Cooper,Chaussures ponctuels,184.0,3,93,0.13583979651753383,640.9461472663455,Faible,0
2685,Ryan Anderson,In-Store reguliers,517.0,4,40,0.13567806622601142,545.4324806142541,Faible,0
5353,Landon Williams 2,Gros paniers occasionnels (Outerwear),174.0,2,19,0.13510711751448418,1110.6137628465865,Faible,0
5150,Savannah Baker 2,In-Store reguliers,214.0,2,28,0.1349673839891793,593.8539572909652,Faible,0
3626,David Harris,Online reguliers (Clothing),244.0,4,15,0.1349004122196049,334.95391867797423,Faible,0
5739,Logan Peterson,Chaussures ponctuels,74.8,2,249,0.1348289882067177,213.09242944865673,Faible,0
4855,Mateo Kelly,In-Store reguliers,123.5,3,34,0.1347709545369404,504.3100881976966,Faible,0
3658,Savannah Richardson,Petits dormants (Accessoires),119.19999999999999,4,1,0.13470143709657775,975.3796903989169,Faible,0
2141,Samuel Hernandez,Chaussures ponctuels,60.0,1,54,0.1346357485539079,571.1131017285559,Faible,0
2556,Aaron Chavez,In-Store reguliers,80.0,2,44,0.13447790238856497,368.35723710929034,Faible,0
3016,Scarlett Ward,Online reguliers (Clothing),233.5,6,39,0.13431044847104087,1171.188777360613,Faible,0
5519,Anna Taylor,Online reguliers (Clothing),523.75,4,224,0.13402970110187298,525.3825781653643,Faible,0
4828,Henry Scott,In-Store reguliers,834.85,11,41,0.13390706450197457,1123.1586399304335,Faible,0
4286,Madison Parker,In-Store reguliers,169.2,4,45,0.13375616951478186,450.9227571848988,Faible,0
5681,Jackson Adams 2,In-Store reguliers,164.0,3,118,0.13360321871078373,380.1764432504953,Faible,0
3834,Emily Collins,Chaussures ponctuels,30.0,1,71,0.13349153452129514,377.4593234475321,Faible,0
2130,Natalie Cruz,Petits dormants (Accessoires),64.0,1,10,0.1334510289246919,748.4216847472073,Faible,0
4657,Amelia White,Online reguliers (Clothing),60.0,1,51,0.13309557632665608,524.7752664181742,Faible,0
4454,Naomi Anderson,Petits dormants (Accessoires),255.0,1,36,0.13301464201222885,719.011074735087,Faible,0
4838,Maya Morris 2,Chaussures ponctuels,110.0,1,181,0.13289488792538162,259.3538724805109,Faible,0
5964,Jonathan Nguyen,Online reguliers (Clothing),51.0,1,41,0.13269949410119863,633.5457050512305,Faible,0
5794,Isaiah Ramirez,Online reguliers (Clothing),61.75,1,83,0.13265767342727577,426.6499958069024,Faible,0
5518,Hazel Johnson,Chaussures ponctuels,90.0,1,99,0.13198577161777963,494.6565676011854,Faible,0
5319,Claire Nguyen 3,In-Store reguliers,213.0,4,66,0.13182493619064323,520.2282893824291,Faible,0
4152,Chloe Flores 2,Gros paniers occasionnels (Outerwear),322.0,3,171,0.13176063015392736,419.8506423726202,Faible,0
3503,Eva Nguyen,Online reguliers (Clothing),42.5,1,23,0.13164477730047522,280.97706384902534,Faible,0
3180,Ivy Brooks,Online reguliers (Clothing),153.9,2,33,0.1315855286021536,1573.1393662774803,Faible,0
3249,Allison Lee,Gros paniers occasionnels (Outerwear),192.0,1,37,0.1314813822040658,653.6104037766793,Faible,0
4520,Sofia Peterson 2,In-Store reguliers,302.5,6,61,0.13144844602874547,822.3995758445039,Faible,0
5372,Sofia Brown,Chaussures ponctuels,323.0,3,123,0.13135325731473624,426.95650818779274,Faible,0
5525,Kennedy Roberts 2,In-Store reguliers,318.0,4,64,0.1300331109597788,476.7468540156035,Faible,0
2206,Isabella Moore,Online reguliers (Clothing),193.2,3,14,0.13000458438373536,604.9909081989776,Faible,0
2258,Grace Murphy,Online reguliers (Clothing),1100.2,12,22,0.13,1133.5605744447694,Faible,0
4241,Amelia Williams,Online reguliers (Clothing),164.75,3,121,0.12990418743158982,342.7454237622626,Faible,0
3532,Diana Morales,Petits dormants (Accessoires),1082.0,9,63,0.12947368421052632,1197.0378194502587,Faible,0
2270,Caleb Walker,In-Store reguliers,1105.4,12,2,0.12933962264150942,1336.3064859354245,Faible,0
4262,Hunter Gutierrez,In-Store reguliers,603.0,9,27,0.1292886942010847,1178.420288940055,Faible,0
2430,Owen White,In-Store reguliers,225.0,1,110,0.1290811731976504,671.3231311463898,Faible,0
5168,Thomas Wright,Online reguliers (Clothing),226.6,4,69,0.12887122368103923,369.3485507172391,Faible,0
3166,Violet Jackson,Online reguliers (Clothing),758.75,10,40,0.12851612903225806,1222.9157453596529,Faible,0
5132,Isaac Gonzalez 2,Online reguliers (Clothing),870.0,6,202,0.1284871794871795,647.8210615397401,Faible,0
5985,Lydia Hernandez 2,In-Store reguliers,311.3,4,9,0.12842454170392714,362.57225278480286,Faible,0
5323,Maya Brown 2,Chaussures ponctuels,90.0,1,16,0.12793646179401993,579.3378804303532,Faible,0
5018,Ellie Cruz,In-Store reguliers,45.0,1,62,0.127923301471484,436.8600121536749,Faible,0
3921,Addison Young,Gros paniers occasionnels (Outerwear),450.0,1,122,0.1277412172779654,348.3986361833517,Faible,0
2753,Alexander Hill,In-Store reguliers,108.0,1,41,0.1277371287790832,530.2775284082957,Faible,0
4554,Madison Ramirez 2,Online reguliers (Clothing),22.5,1,174,0.1275190652552927,357.15817208347335,Faible,0
3890,Alice Morris,In-Store reguliers,135.0,1,35,0.12722160685222694,455.9881796838555,Faible,0
2382,Isabella Brown,In-Store reguliers,348.0,4,67,0.12715762373164138,448.5759987263557,Faible,0
5285,Lily Ortiz,In-Store reguliers,283.0,4,57,0.12698882596927008,445.28960357351053,Faible,0
3425,Victoria Jones,In-Store reguliers,150.4,3,144,0.1269499606285439,382.2140571743744,Faible,0
2014,William Cruz,Chaussures ponctuels,53.8,2,385,0.12683290544375347,286.9681152978392,Faible,0
5265,Allison Parker,Online reguliers (Clothing),235.0,3,0,0.1267976191221284,500.8520911245993,Faible,0
4430,Jackson Williams,Petits dormants (Accessoires),48.0,1,9,0.12661249612440986,485.4710930800357,Faible,0
3791,Jackson Peterson,Petits dormants (Accessoires),43.2,1,92,0.1265388998681182,233.82188276634704,Faible,0
5990,Noah Green,Petits dormants (Accessoires),100.8,2,14,0.12650999458582837,795.6723098162641,Faible,0
3442,Savannah Miller,Gros paniers occasionnels (Outerwear),255.0,2,86,0.12642719847117725,308.2510107667101,Faible,0
4596,Diana Martinez,Online reguliers (Clothing),75.0,1,68,0.12635201521066877,567.479252620822,Faible,0
3078,Lydia Garcia,Gros paniers occasionnels (Outerwear),280.0,3,130,0.1263453867033373,349.54291228902815,Faible,0
2388,Diana Jackson,In-Store reguliers,355.0,4,28,0.12629676775172038,372.72614125598574,Faible,0
3885,Sophie Lee,Online reguliers (Clothing),235.0,2,61,0.12621543121986017,688.4082572183563,Faible,0
3007,Ivy Green,Chaussures ponctuels,115.5,2,146,0.12618715080486276,407.52066905832805,Faible,0
2705,Aurora Mitchell,Online reguliers (Clothing),260.0,3,51,0.12604716752946757,359.8906644022293,Faible,0
4641,Scarlett Wilson 2,Chaussures ponctuels,30.0,1,50,0.12602371869682508,194.99831376152454,Faible,0
4989,Emma Cruz,Online reguliers (Clothing),35.0,1,76,0.12599751729482586,399.07045523731483,Faible,0
5795,Gabriel Nguyen,In-Store reguliers,146.0,2,0,0.1254143377640704,954.0237999627356,Faible,0
4619,Daniel Chavez,In-Store reguliers,645.0,4,71,0.12535230096423805,578.7376857906496,Faible,0
3126,Michael Roberts,Petits dormants (Accessoires),64.0,1,66,0.1253505698927413,666.9127492319792,Faible,0
3986,Lily Martin,In-Store reguliers,65.0,1,113,0.1251806185521273,271.98177165828173,Faible,0
4543,Ivy Lopez,Petits dormants (Accessoires),38.25,1,38,0.12513637016627038,583.1073083071179,Faible,0
2878,Anthony Mitchell,Chaussures ponctuels,330.0,1,25,0.12492752287592766,710.2322710590305,Faible,0
2128,Jeremiah Nguyen,Petits dormants (Accessoires),299.1,4,190,0.12480219821314006,542.1756328908126,Faible,0
5686,Leo Gonzalez,Online reguliers (Clothing),325.0,3,79,0.12473520567219851,386.45700997546504,Faible,0
5864,Julian Rogers,Chaussures ponctuels,216.0,1,35,0.12473104003696109,978.8556651964858,Faible,0
2308,Eleanor Davis,Online reguliers (Clothing),241.38,4,78,0.12463573752786447,405.09148543134575,Faible,0
5042,Oliver Campbell,Online reguliers (Clothing),160.7,4,17,0.12462712124313838,395.3153702759987,Faible,0
2967,Julian Torres,Online reguliers (Clothing),777.25,6,135,0.12452380952380952,591.6335914677975,Faible,0
4089,Mateo Young,In-Store reguliers,746.75,12,43,0.12441538461538462,1279.7379212853966,Faible,0
3225,Landon Peterson,In-Store reguliers,813.25,13,11,0.12431818181818181,1248.3878208526667,Faible,0
3432,Harper Walker,Chaussures ponctuels,400.0,2,6,0.1242959172562828,624.8032535273777,Faible,0
5676,Lincoln Lopez 3,Online reguliers (Clothing),725.95,5,169,0.12417847025495751,605.9272940276373,Faible,0
2780,Madison Murphy,Online reguliers (Clothing),330.0,2,55,0.12403323202979571,1164.721603437367,Faible,0
5237,Jackson Hall,Online reguliers (Clothing),547.5,10,16,0.12395453527435611,1053.91246237116,Faible,0
5228,Lucy Torres,In-Store reguliers,35.0,1,98,0.12393754155451965,251.66608523387728,Faible,0
5687,Hunter Chavez,Online reguliers (Clothing),288.25,3,341,0.12388311049286839,420.8237328215946,Faible,0
3169,Liam Young,Online reguliers (Clothing),192.0,2,16,0.12384201822947796,859.4091848129567,Faible,0
5585,Thomas Cruz,Petits dormants (Accessoires),99.2,2,41,0.12294534638383459,627.815153115755,Faible,0
2104,William Walker,In-Store reguliers,72.5,2,81,0.12282811783351094,291.68734317780064,Faible,0
5642,Hannah Davis 2,Online reguliers (Clothing),175.0,3,137,0.12282716786516136,511.4372367904401,Faible,0
3570,Evelyn Cox,Gros paniers occasionnels (Outerwear),108.0,1,142,0.1227938196840654,257.0674919019811,Faible,0
5151,Eva Sanchez,Gros paniers occasionnels (Outerwear),240.0,1,123,0.12271069865317484,406.7942755485764,Faible,0
2605,Julia Wright,Gros paniers occasionnels (Outerwear),284.5,3,221,0.12268981615424149,397.8484483563007,Faible,0
4607,John Morales,In-Store reguliers,468.4,6,5,0.12256119294417166,668.0169062465329,Faible,0
4944,Natalie Kelly,Online reguliers (Clothing),295.0,4,263,0.12249383283732491,424.157903426343,Faible,0
3320,Chloe Flores,Online reguliers (Clothing),344.0,7,46,0.12242201809617013,720.8631553633842,Faible,0
4296,Jonathan Ramos,In-Store reguliers,210.5,3,37,0.12241512798880182,439.2413508703303,Faible,0
4194,Allison Reyes,Chaussures ponctuels,380.5,4,241,0.12211755801242491,448.2246824645746,Faible,0
4911,Layla Evans 2,Online reguliers (Clothing),423.75,6,33,0.12189875851461218,603.2023838287143,Faible,0
4111,Lily Lewis,Chaussures ponctuels,476.6,4,85,0.12187931930145783,521.0889894566379,Faible,0
3730,Lily White,Online reguliers (Clothing),256.0,4,180,0.1218465455398314,425.72277926907145,Faible,0
4940,Anthony Davis,Petits dormants (Accessoires),45.0,1,65,0.1215239414209515,677.083584591752,Faible,0
3572,Genesis Garcia,Chaussures ponctuels,220.0,1,48,0.12136427695942709,652.935938639554,Faible,0
5116,Julia Morales 2,Chaussures ponctuels,60.0,2,122,0.12115959812404992,353.5613229520315,Faible,0
5333,Kinsley Davis,Online reguliers (Clothing),136.0,4,24,0.12109765142446442,523.0409114989758,Faible,0
2794,Mason Lee,Online reguliers (Clothing),342.0,4,96,0.12107918315937827,417.1567291448441,Faible,0
3627,Lucas Walker,Online reguliers (Clothing),910.0,8,7,0.12050131679443299,594.5815054267006,Faible,0
2279,Layla Peterson,Petits dormants (Accessoires),170.0,2,6,0.12047984974942662,842.2405566774179,Faible,0
3541,Dylan Anderson,Online reguliers (Clothing),78.9,2,32,0.1204637449761064,854.3025222824125,Faible,0
3383,Savannah Jackson,Chaussures ponctuels,116.0,2,37,0.12042870974727736,277.586137507266,Faible,0
3025,Savannah Young 2,Petits dormants (Accessoires),162.0,2,3,0.12017226956006404,943.4912007127691,Faible,0
4597,Hunter Jackson,Online reguliers (Clothing),632.6,9,53,0.12,1201.29541462572,Faible,0
5733,Aurora White,Online reguliers (Clothing),638.0,10,62,0.12,1129.7142961053394,Faible,0
2676,Alice Harris,Online reguliers (Clothing),466.0,5,233,0.11959315584413586,520.2902785713859,Faible,0
5147,Olivia Brown,In-Store reguliers,95.0,2,84,0.11956951045984132,547.693498836081,Faible,0
4678,Bob Nelson,In-Store reguliers,727.35,11,26,0.1194808510638298,1162.5440882623366,Faible,0
2297,Claire Peterson,Online reguliers (Clothing),289.75,5,105,0.11940147651949826,497.6278145620015,Faible,0
4853,Elias Gutierrez,Online reguliers (Clothing),65.0,1,120,0.11932869449883615,348.65512896824555,Faible,0
5405,Layla Phillips 4,Online reguliers (Clothing),275.62,6,68,0.1193003536709557,728.2327519693636,Faible,0
3595,Michael Jones,Online reguliers (Clothing),310.0,3,54,0.11922469286572128,424.6201954186414,Faible,0
3727,Leo Murphy,Online reguliers (Clothing),57.5,2,8,0.1192136545898966,787.475681223031,Faible,0
4085,Scarlett Rogers 2,Online reguliers (Clothing),1108.5,8,15,0.1191904761904762,580.9004201002563,Faible,0
4858,Theodore Martin 2,Online reguliers (Clothing),25.0,1,55,0.11909429222434025,491.42049168788037,Faible,0
5140,Samantha Stewart,Online reguliers (Clothing),245.0,3,6,0.1185157562147675,387.9412656102979,Faible,0
4764,Liam Hernandez,In-Store reguliers,133.0,2,67,0.11835019218461154,552.8593622651531,Faible,0
2836,Gabriel Lee,Chaussures ponctuels,360.0,1,144,0.11832102380086537,571.1494600768574,Faible,0
3612,Hazel Collins,Chaussures ponctuels,324.0,3,14,0.11822356210496338,1009.3441668654766,Faible,0
2607,Jaxon Parker,Gros paniers occasionnels (Outerwear),1005.0,2,163,0.11819389036351056,393.7189816527274,Faible,0
2707,Jackson Adams,In-Store reguliers,417.38,5,24,0.1180510081902672,575.896543283765,Faible,0
3908,Jacob Bailey,In-Store reguliers,356.0,4,63,0.11781566145476038,384.07917534573374,Faible,0
3158,Anthony Collins 2,Online reguliers (Clothing),50.0,2,121,0.11781016593051313,318.9165127069375,Faible,0
3600,Charlie Clark,Chaussures ponctuels,57.0,1,94,0.11776784957582277,660.5521991305473,Faible,0
3555,Allison Wilson,Chaussures ponctuels,648.6,6,25,0.11741228643224932,550.9160829528192,Faible,0
5122,Audrey Lopez 2,In-Store reguliers,490.0,3,26,0.11733983823783657,392.7280054749327,Faible,0
2750,Asher Adams,In-Store reguliers,73.0,2,3,0.11718998645430387,711.4393324259684,Faible,0
2401,Dylan Williams,Chaussures ponctuels,28.0,1,223,0.11707449087887684,287.4240823434419,Faible,0
3349,Diana Wilson,Online reguliers (Clothing),561.9,10,41,0.11706349206349208,931.7140991820554,Faible,0
5378,Layla Ward,Petits dormants (Accessoires),86.38,2,94,0.11650045134074398,311.2943433934614,Faible,0
3918,Ethan Taylor,Chaussures ponctuels,60.0,1,218,0.11606371661326867,354.9312509196972,Faible,0
4435,Adrian Phillips 2,Online reguliers (Clothing),450.0,3,49,0.11603707904430563,443.4712589251683,Faible,0
3965,Layla Phillips 2,Online reguliers (Clothing),492.0,5,14,0.11588408339355834,594.6948170817722,Faible,0
5874,Maya Anderson,Chaussures ponctuels,58.0,2,97,0.11538416751574646,488.18792841149474,Faible,0
3140,Carter Evans,Petits dormants (Accessoires),72.0,2,76,0.11536151401404954,509.7432835972888,Faible,0
5494,Thomas Murphy,In-Store reguliers,180.5,5,0,0.11516362824770089,649.7069719309733,Faible,0
4402,Caroline Miller 2,Online reguliers (Clothing),191.25,2,84,0.11511665336129429,356.89298816344393,Faible,0
2665,Caroline Wright,Online reguliers (Clothing),1763.05,10,24,0.115,1247.503695002742,Faible,0
4375,John Flores,Gros paniers occasionnels (Outerwear),962.0,7,52,0.115,658.5601499318867,Faible,0
3262,Asher Cox,Petits dormants (Accessoires),215.2,4,136,0.1149787437960744,468.79413198242366,Faible,0
3438,Addison Campbell,Online reguliers (Clothing),400.0,5,134,0.11488334548821105,492.19367378380144,Faible,0
3637,Asher Lopez,Chaussures ponctuels,24.0,1,19,0.11484375,780.2675532170869,Faible,0
3002,Maverick Phillips,Gros paniers occasionnels (Outerwear),120.0,1,110,0.11473260679183232,403.5440895442374,Faible,0
3722,Ella Kelly,Gros paniers occasionnels (Outerwear),841.0,5,34,0.11470588235294117,845.7139567514715,Faible,0
2675,Leo Garcia,Petits dormants (Accessoires),290.88,4,156,0.11462105407462803,415.27674168210956,Faible,0
3245,Lucas Gonzalez,Online reguliers (Clothing),1015.5,14,25,0.1146078431372549,1403.405598559572,Faible,0
4185,Cora Watson,Online reguliers (Clothing),1190.25,17,40,0.1146078431372549,1396.053506672215,Faible,0
2373,Connor Jackson,Online reguliers (Clothing),35.0,1,80,0.11449612414816888,382.45800429401976,Faible,0
4562,Scarlett Lewis,Online reguliers (Clothing),516.0,8,0,0.11446498599439776,737.0579294843263,Faible,0
2770,Christian Reed,Gros paniers occasionnels (Outerwear),703.2,5,167,0.1144620811287478,739.0833110540599,Faible,0
2094,Mason Williams,Chaussures ponctuels,84.0,1,157,0.11444114369220956,410.64601629952574,Faible,0
4847,Jayden Chavez 2,Online reguliers (Clothing),55.0,1,90,0.1144100148143557,386.6027552308754,Faible,0
2252,Madison Hill,Online reguliers (Clothing),220.0,2,7,0.114326536324537,746.4768775122133,Faible,0
2496,Sadie Phillips,Online reguliers (Clothing),345.25,5,6,0.11414152759948654,498.1386290146833,Faible,0
5339,Jack Ramos,Online reguliers (Clothing),404.0,8,48,0.11413760683760683,789.5634779656028,Faible,0
4959,Anthony Ortiz,Online reguliers (Clothing),400.0,4,72,0.1140919076894166,399.4052143765852,Faible,0
2841,Noah Wilson,Online reguliers (Clothing),21.25,1,240,0.11395121645003416,366.1229007604997,Faible,0
3535,Lydia Thompson,Chaussures ponctuels,212.2,4,24,0.11395050011974478,937.7100751523635,Faible,0
4161,Leo Perez,Petits dormants (Accessoires),647.5,4,2,0.11392023704845201,585.8224155893216,Faible,0
3374,Sadie Parker,In-Store reguliers,127.5,1,31,0.11382626828906142,801.1815697682349,Faible,0
3941,Adrian Turner,In-Store reguliers,1089.75,10,7,0.11379479505530252,1147.528966732525,Faible,0
4272,Owen White 2,Petits dormants (Accessoires),326.5,4,145,0.11376949320691124,395.07314178664535,Faible,0
5104,Leo Hernandez,Online reguliers (Clothing),540.0,4,99,0.11343715536112407,484.94772413951364,Faible,0
5364,Naomi Thomas 2,In-Store reguliers,158.0,3,63,0.11325008038963352,319.91569425782774,Faible,0
4879,John Campbell,Online reguliers (Clothing),412.0,5,31,0.11319492555601773,492.2440295483546,Faible,0
5635,Grace Torres,Online reguliers (Clothing),269.88,6,228,0.11274279925558836,754.9895209592016,Faible,0
4483,Aiden Stewart,In-Store reguliers,278.4,4,240,0.11249756382812531,412.3740259204675,Faible,0
4761,Levi Bailey,Petits dormants (Accessoires),245.5,3,16,0.11248602990007091,828.6419714996091,Faible,0
3358,Diana Edwards 2,Chaussures ponctuels,293.8,5,33,0.11242296828656516,453.5188088194614,Faible,0
2410,Gabriel Miller,Online reguliers (Clothing),645.0,3,155,0.11203690558172448,469.5669203547328,Faible,0
2736,James Roberts,Petits dormants (Accessoires),70.0,1,109,0.11182933696481065,231.32156274642378,Faible,0
4509,Noah Lee,In-Store reguliers,533.4,3,170,0.11171757085120643,440.3124048288347,Faible,0
5435,Asher Nguyen,Online reguliers (Clothing),178.0,2,19,0.11170068011795914,520.0035053774423,Faible,0
2792,Ruby Miller,Online reguliers (Clothing),268.8,6,134,0.11159845154803273,740.6952590327901,Faible,0
5360,Anthony Parker,Petits dormants (Accessoires),70.0,1,19,0.11153269258856095,651.6122191865214,Faible,0
2486,Lincoln Campbell,Online reguliers (Clothing),507.0,3,21,0.11145664077972643,917.1763153731397,Faible,0
2790,William Morgan,In-Store reguliers,240.0,3,138,0.11115544040297384,315.75224919990666,Faible,0
3234,Jonathan Howard,In-Store reguliers,367.5,4,242,0.11114693136814317,429.13304251192466,Faible,0
3384,Willow Robinson,In-Store reguliers,350.5,3,145,0.11114247932987169,347.22616928518835,Faible,0
2964,Abigail Thompson,Petits dormants (Accessoires),259.2,5,350,0.11111498561353873,583.9476966796256,Faible,0
2057,Jack Johnson,Online reguliers (Clothing),91.5,3,30,0.11101126697887281,557.3742340141921,Faible,0
2696,Bob Ramirez,Petits dormants (Accessoires),44.2,2,34,0.11056060925442242,688.8659894552791,Faible,0
4768,Stella Perez,Petits dormants (Accessoires),45.0,1,61,0.1103875593794958,638.178707037432,Faible,0
4139,Sarah Lewis,Petits dormants (Accessoires),383.4,4,199,0.11019327715997884,403.456835297094,Faible,0
4621,Emma Edwards,Online reguliers (Clothing),242.5,4,0,0.11005616337980978,424.502406830116,Faible,0
5968,Jackson Parker 2,In-Store reguliers,964.75,11,71,0.11,992.6958281431507,Faible,0
4363,Emma Ward,Online reguliers (Clothing),1081.95,8,24,0.11,690.4173663986614,Faible,0
2640,Ivy Cruz,In-Store reguliers,211.0,3,63,0.10992779156824879,425.1852631382389,Faible,0
2532,Nathan Hill,Online reguliers (Clothing),395.0,7,6,0.10985915492957746,671.7424631424099,Faible,0
5301,Jacob Green 2,Chaussures ponctuels,220.0,1,60,0.10968487501262154,784.4886560059948,Faible,0
2935,Skylar Parker,Online reguliers (Clothing),959.2,11,36,0.1096078431372549,1081.3452265185088,Faible,0
4438,Hunter Nelson,In-Store reguliers,497.4,4,104,0.1096064839232346,511.07783548579727,Faible,0
3871,Evelyn Jones,Online reguliers (Clothing),88.0,1,27,0.1095490457596811,774.204925130745,Faible,0
5657,Hazel Watson,Online reguliers (Clothing),31.5,1,42,0.10950525115794651,476.3018146327085,Faible,0
4802,Luke Lewis,Online reguliers (Clothing),701.5,8,225,0.10932380952380953,573.5031719321444,Faible,0
4565,Liam Collins,Petits dormants (Accessoires),48.0,1,4,0.10916154941686917,923.5744876682708,Faible,0
4086,Addison Campbell 2,Online reguliers (Clothing),1602.5,11,2,0.10908152734778122,1311.7122028206377,Faible,0
2082,Maya Wilson,Online reguliers (Clothing),427.5,3,220,0.1090563811596918,484.20468511679763,Faible,0
2832,Anthony Jones,Online reguliers (Clothing),485.0,9,26,0.10900466058763932,1254.2616215019239,Faible,0
4875,Allison Brooks,In-Store reguliers,316.0,3,17,0.10899134022164274,374.6639372304329,Faible,0
2551,Olivia Williams,In-Store reguliers,721.75,14,59,0.10899066857722013,1050.8445007656803,Faible,0
5355,Lily Parker,Online reguliers (Clothing),120.0,1,10,0.10893852544892178,690.6005944971532,Faible,0
3782,Genesis Cruz 2,Petits dormants (Accessoires),303.65,8,47,0.10892039097447173,944.8981173245384,Faible,0
5908,Evelyn Thomas,In-Store reguliers,455.25,4,129,0.10885708977990896,488.7501318903145,Faible,0
3334,Charles Allen,In-Store reguliers,142.0,4,176,0.10869486336728348,413.3015672087841,Faible,0
5583,Ethan Chavez,Online reguliers (Clothing),380.5,6,5,0.10855514316012727,657.1858201247719,Faible,0
2257,Eli Green,In-Store reguliers,247.2,4,6,0.10845506220506222,562.9365834005391,Faible,0
5774,Ivy Watson 2,In-Store reguliers,290.0,3,73,0.1084236219259018,411.42382998873387,Faible,0
5556,Ava Garcia 2,Online reguliers (Clothing),175.0,3,12,0.10836000916227445,920.6468363688645,Faible,0
3157,Hazel Hall,Petits dormants (Accessoires),27.2,1,25,0.10817209534805983,371.5578058307751,Faible,0
2427,Adrian Cox,In-Store reguliers,377.5,7,47,0.10815498304458558,601.0738004868059,Faible,0
4973,Henry Gonzalez 3,Gros paniers occasionnels (Outerwear),144.0,2,88,0.10802686665535317,245.8061685605432,Faible,0
4256,Leo Evans,In-Store reguliers,197.5,3,28,0.10801693940696346,1113.7224129086271,Faible,0
3489,Mason Torres,Online reguliers (Clothing),60.0,1,37,0.10780557555256837,616.7338600417658,Faible,0
3342,Eli Cooper,Online reguliers (Clothing),664.7,4,109,0.1078036778036778,522.1529139162711,Faible,0
3276,Jacob Reyes,Online reguliers (Clothing),82.25,2,18,0.10761476578965457,381.2669323684779,Faible,0
5497,Alice Flores 2,Online reguliers (Clothing),279.0,4,92,0.10746254728780416,342.07264075299975,Faible,0
2144,James Edwards,In-Store reguliers,287.5,3,265,0.10733777728714715,432.6175977227578,Faible,0
5070,Naomi Moore,Gros paniers occasionnels (Outerwear),297.5,1,15,0.10726062992125986,1097.3776448864696,Faible,0
5496,Genesis Jackson,Online reguliers (Clothing),319.0,4,48,0.10716107686257406,342.99081436586357,Faible,0
2293,Grayson Rodriguez,Online reguliers (Clothing),108.0,1,23,0.10714556819465773,401.87261616027337,Faible,0
5638,Leah White 2,Online reguliers (Clothing),498.75,4,101,0.10710207734294153,469.3394100843186,Faible,0
2956,Thomas Wilson,Online reguliers (Clothing),93.5,1,38,0.1070025025423007,617.2319407288595,Faible,0
2543,Jeremiah White,In-Store reguliers,229.0,4,9,0.10691694680958942,665.266919702872,Faible,0
5742,Charlie Flores,Chaussures ponctuels,617.0,5,131,0.10664972109458674,811.768411117097,Faible,0
4107,Eva Flores,Online reguliers (Clothing),25.0,1,66,0.1064466627162381,628.0053906916412,Faible,0
4754,Piper Wilson,Petits dormants (Accessoires),255.0,3,5,0.10643375346850695,741.5692805133904,Faible,0
3089,Addison Jones,Petits dormants (Accessoires),96.0,1,2,0.10642561737569166,566.0426222865303,Faible,0
3897,Hunter Garcia 2,Online reguliers (Clothing),65.0,1,120,0.10601409556937984,387.6983864991616,Faible,0
5160,Harper Perez,Online reguliers (Clothing),48.8,2,5,0.10586722488038276,725.6741216856898,Faible,0
4079,Lucy Morris,Petits dormants (Accessoires),48.0,1,5,0.10585359831510324,766.7879442511199,Faible,0
2991,Adrian Edwards,Chaussures ponctuels,180.0,1,162,0.10575584464517063,456.5088612916305,Faible,0
4316,Kinsley Williams,In-Store reguliers,110.0,1,148,0.10541077261098962,338.09668905406477,Faible,0
5427,Logan Reyes 2,Gros paniers occasionnels (Outerwear),1332.08,9,0,0.105,1126.8799885077663,Faible,0
5243,Logan Ward,Online reguliers (Clothing),930.25,6,126,0.105,807.9598201519307,Faible,0
4584,Grace Morales,In-Store reguliers,1218.8,14,95,0.105,1422.4437731147193,Faible,0
3898,Maya Young,Online reguliers (Clothing),566.0,4,20,0.10492552971260537,540.2669306798433,Faible,0
4322,Michael Allen,Online reguliers (Clothing),79.0,2,10,0.10484159566798457,355.5214644799243,Faible,0
5397,Layla Carter,Online reguliers (Clothing),35.0,1,3,0.10469200401920373,365.8776748630304,Faible,0
3702,Asher Moore,Online reguliers (Clothing),500.25,7,10,0.1046808510638298,670.8915212082029,Faible,0
3930,Joseph Jones,Online reguliers (Clothing),595.75,9,11,0.1046808510638298,1208.6561727356845,Faible,0
3667,Riley Kelly,Chaussures ponctuels,30.0,1,25,0.10450491099289726,396.8731428410907,Faible,0
4410,Sebastian Miller,Online reguliers (Clothing),673.05,9,6,0.1044808510638298,1285.5661750569911,Faible,0
2475,Jackson Robinson,Chaussures ponctuels,60.0,1,117,0.10442244032722003,377.73357636779815,Faible,0
3700,Grayson Rogers,In-Store reguliers,1494.75,11,8,0.1044078431372549,1333.2414761074097,Faible,0
3764,Alice Watson,Online reguliers (Clothing),848.45,8,9,0.10433962264150942,676.1030032610034,Faible,0
5039,Noah Baker,Online reguliers (Clothing),1346.75,9,20,0.10427368421052632,1155.2033095476095,Faible,0
4479,Jaxon Cooper 2,Chaussures ponctuels,58.5,2,120,0.10425172110664808,363.82789825656596,Faible,0
4737,Thomas Mitchell 2,Online reguliers (Clothing),605.0,7,3,0.10405228758169935,745.3067020486995,Faible,0
4723,Levi Perez 2,Online reguliers (Clothing),152.5,2,128,0.104001459342909,506.1842774428622,Faible,0
2915,Jack Peterson,Online reguliers (Clothing),1036.95,9,298,0.10400000000000001,1223.2087481692693,Faible,0
2031,Daniel Moore,In-Store reguliers,725.5,11,126,0.10396086369770581,1078.3805160008792,Faible,0
2695,Lincoln Cook,Online reguliers (Clothing),25.0,1,72,0.10368711285508997,351.6589549871792,Faible,0
4747,William Ward,Online reguliers (Clothing),361.5,7,17,0.10330677943876214,680.2909359168513,Faible,0
3681,Lucas Richardson,Online reguliers (Clothing),25.0,1,40,0.1031860943411703,580.5834749602993,Faible,0
5683,Sadie Wilson,Gros paniers occasionnels (Outerwear),342.0,2,38,0.10314464415097506,1006.577826261613,Faible,0
5078,Connor Phillips,Online reguliers (Clothing),369.0,6,176,0.10313716636075707,482.60723822125203,Faible,0
5550,Asher Turner,Online reguliers (Clothing),215.65,4,21,0.10313321303869998,411.2624630967399,Faible,0
3254,Isabella Diaz,Gros paniers occasionnels (Outerwear),405.0,1,23,0.10276272175536881,807.0005197882579,Faible,0
4927,Hannah Walker,Online reguliers (Clothing),181.25,4,82,0.10270584900222371,383.75564306590195,Faible,0
4740,Lydia Sanchez,Chaussures ponctuels,220.0,1,24,0.10257235579981935,695.2502109062311,Faible,0
4229,Anthony Carter,Chaussures ponctuels,71.4,1,34,0.10252014918719725,846.5392869561015,Faible,0
4741,Asher Chavez,Gros paniers occasionnels (Outerwear),588.0,3,289,0.10242599566280353,475.00151416729835,Faible,0
2230,Emily Parker,Chaussures ponctuels,50.4,1,35,0.10237894683082914,442.9389266662326,Faible,0
5342,Julia Allen,Online reguliers (Clothing),292.0,5,262,0.1022839061609662,544.142423737099,Faible,0
3974,Elias Cox,Chaussures ponctuels,342.2,5,9,0.10209512164007979,544.6326070187896,Faible,0
2421,Asher Campbell,In-Store reguliers,135.0,2,34,0.10160103156551445,688.2120196216792,Faible,0
3324,Lucy Howard,Online reguliers (Clothing),210.75,3,29,0.10147725551285822,953.5691637620905,Faible,0
2677,Diana Taylor,Petits dormants (Accessoires),86.5,2,32,0.10143887028589763,522.4356447967713,Faible,0
3726,Aurora Gutierrez,In-Store reguliers,65.0,1,50,0.10115137366403909,287.86017746657535,Faible,0
3794,Jack Brooks,Online reguliers (Clothing),272.5,4,117,0.10101387191134444,440.2954810140431,Faible,0
3878,John Sanchez 2,In-Store reguliers,311.0,4,83,0.10093230940016835,462.33822877008083,Faible,0
3196,Nolan Turner,Chaussures ponctuels,60.0,2,58,0.10084123770965878,497.6981009621471,Faible,0
3530,William Harris,Petits dormants (Accessoires),114.3,3,15,0.10080722908568625,741.1922251721574,Faible,0
4696,Layla Johnson,Online reguliers (Clothing),25.0,1,58,0.10059235285825176,464.79326377679155,Faible,0
3735,James White,Online reguliers (Clothing),371.0,4,90,0.10050852166932019,390.2466682446206,Faible,0
3632,John Hernandez,In-Store reguliers,65.0,1,68,0.10033775998658162,557.8987639919634,Faible,0
3905,Allison Reed,Chaussures ponctuels,348.1,4,241,0.10032627637765955,432.307749281473,Faible,0
2412,Samantha Reyes,Chaussures ponctuels,285.0,5,80,0.10028407983616354,917.9766911037237,Faible,0
5016,Sebastian Edwards,Chaussures ponctuels,1035.0,4,103,0.10026381647036729,801.7468054350626,Faible,0
2214,Leo Flores 2,Online reguliers (Clothing),55.0,1,42,0.10015873680791369,489.34893644358505,Faible,0
2309,Anna Nelson,In-Store reguliers,742.5,9,145,0.1,1309.2583694583009,Faible,0
4342,Zoe Lewis,In-Store reguliers,1193.0,12,1,0.1,1286.341822020924,Faible,0
2787,Sarah Flores,Online reguliers (Clothing),901.4,16,38,0.1,1188.4765021829041,Faible,0
4670,Samuel Williams,Online reguliers (Clothing),488.1,7,22,0.1,620.6463723451459,Faible,0
4791,Mateo Jackson,Petits dormants (Accessoires),857.12,14,62,0.1,1484.8406661889524,Faible,0
4756,Christian Martinez,Online reguliers (Clothing),859.4,14,58,0.1,1199.3465513182578,Faible,0
5833,Aria Harris,Online reguliers (Clothing),705.75,12,224,0.1,907.0003477001734,Faible,0
3451,Sarah Parker,Petits dormants (Accessoires),73.0,2,5,0.09995703556912604,399.42743714929003,Faible,0
5244,Maverick Nelson 2,In-Store reguliers,609.0,9,69,0.09994117647058824,1256.6889066209492,Faible,0
2895,Caroline Lewis,In-Store reguliers,297.5,5,72,0.099907126001517,558.1167708529293,Faible,0
3390,Alexander Martinez,Online reguliers (Clothing),939.0,10,67,0.0998,1136.5801753853104,Faible,0
2741,Thomas Taylor,In-Store reguliers,1213.75,11,63,0.0998,1171.297449631403,Faible,0
2037,Quinn Anderson,Gros paniers occasionnels (Outerwear),1182.0,5,21,0.0997872340425532,686.5465416842496,Faible,0
5661,Kinsley Murphy 2,Chaussures ponctuels,51.0,1,28,0.09968305938494168,462.90592369091013,Faible,0
4662,Nolan Ortiz,Online reguliers (Clothing),1687.5,12,1,0.0996078431372549,1233.4093194335137,Faible,0
2016,Isaac Ward,Online reguliers (Clothing),1160.0,11,5,0.0996078431372549,1257.0825124894336,Faible,0
4354,Luke Martin,Chaussures ponctuels,592.0,5,149,0.09957179433728157,483.9150839262508,Faible,0
2535,William Parker,Online reguliers (Clothing),379.9,6,201,0.09945652173913043,610.8729047206358,Faible,0
2819,Wyatt Jackson,In-Store reguliers,251.6,5,21,0.09932111308273864,593.9674327299642,Faible,0
4965,Naomi Rodriguez,In-Store reguliers,105.0,1,6,0.09921512058374725,793.6760714570491,Faible,0
3363,Aria Gonzalez,Online reguliers (Clothing),929.75,7,65,0.09907294832826748,770.8371043983218,Faible,0
2903,Daniel Bailey,Online reguliers (Clothing),419.15,7,20,0.0989990328820116,604.7400910275289,Faible,0
3494,Caleb Martinez,Petits dormants (Accessoires),48.0,1,7,0.09890749768153988,387.6630510569845,Faible,0
4493,Landon Ortiz,In-Store reguliers,1280.0,11,36,0.0988815273477812,1191.6542966075174,Faible,0
4431,Jaxon Martin,Online reguliers (Clothing),246.0,4,54,0.09883478399502256,1101.8709233913678,Faible,0
5020,Madison Cruz,In-Store reguliers,67.5,1,45,0.09872586023010593,682.6008631628913,Faible,0
5881,Theodore Hall,In-Store reguliers,252.75,6,19,0.09855476685878002,813.5989290120489,Faible,0
3391,Aiden Wilson,Petits dormants (Accessoires),368.5,8,24,0.09844769011823092,850.1065320648153,Faible,0
5645,Harper Baker,Petits dormants (Accessoires),36.0,1,17,0.09828811172688569,762.5572917406276,Faible,0
2085,Carter Bailey,Chaussures ponctuels,30.0,1,150,0.0982629846141355,471.7513588552338,Faible,0
2694,Abigail Cook 2,Online reguliers (Clothing),401.8,7,29,0.0981876483361107,731.6770733057249,Faible,0
4415,Sebastian Ramos,Online reguliers (Clothing),276.0,5,8,0.09813020366239726,535.7584277386222,Faible,0
2291,Nolan Hall,Online reguliers (Clothing),241.6,5,138,0.09806771380283537,537.0771141199643,Faible,0
2586,Thomas Hernandez,Petits dormants (Accessoires),99.5,2,10,0.09805107568231795,601.354773916285,Faible,0
3085,Addison Baker,Online reguliers (Clothing),522.5,7,119,0.09796104928457869,709.8934962387517,Faible,0
2959,Emily Morgan,Petits dormants (Accessoires),361.5,4,78,0.09795643544904642,488.37104139943995,Faible,0
3381,Mason Jackson,In-Store reguliers,701.0,5,2,0.09792633591434743,631.9483045970645,Faible,0
2763,Piper Bailey,In-Store reguliers,124.0,2,165,0.09764360682003731,308.71481527231504,Faible,0
5208,Aurora Hill,Petits dormants (Accessoires),390.5,4,20,0.09725745244825479,387.35337626407176,Faible,0
5977,Hunter Murphy,In-Store reguliers,185.0,4,50,0.0972170393915038,406.03381959009243,Faible,0
3810,Maya Diaz,Online reguliers (Clothing),31.5,1,22,0.0972087312237759,682.7092280991792,Faible,0
2383,Ava Evans,In-Store reguliers,190.75,3,4,0.09716072006882348,671.6144684207615,Faible,0
4445,Ivy Peterson 3,Online reguliers (Clothing),20.0,1,598,0.09713584865251393,269.2416941903632,Faible,0
3970,Jack Wilson,Chaussures ponctuels,90.0,1,187,0.09704331112266712,274.63281118194084,Faible,0
2009,Layla Morris,Petits dormants (Accessoires),129.0,2,63,0.09689442222136878,507.6712366980958,Faible,0
4092,Carter Jones,Petits dormants (Accessoires),46.5,2,20,0.09676007670231077,474.32399540110305,Faible,0
2711,Isaiah Ramos 2,Online reguliers (Clothing),509.37,10,12,0.0966919003484085,1353.4224403575165,Faible,0
4005,Isabella Brown 2,Online reguliers (Clothing),100.5,2,18,0.09668010691764209,570.5088354927116,Faible,0
3003,Chloe Anderson,Petits dormants (Accessoires),413.8,5,297,0.09661521139532239,616.9533218447543,Faible,0
3019,Charlie Brown,Online reguliers (Clothing),143.0,2,29,0.09658184871856902,466.50424125929277,Faible,0
2330,Emma Howard,Online reguliers (Clothing),278.0,3,51,0.0965283522585418,765.29173031561,Faible,0
4204,Lydia Rodriguez,Chaussures ponctuels,30.0,1,186,0.0964736642999382,214.63952424253887,Faible,0
4605,Eli Campbell,Online reguliers (Clothing),85.0,2,71,0.0961697434482764,386.70476630922826,Faible,0
2228,Jack Evans,Gros paniers occasionnels (Outerwear),184.75,2,91,0.0960716215815845,772.2843467168308,Faible,0
4933,Gabriel Harris,Petits dormants (Accessoires),398.75,6,103,0.09598723315088172,629.2598638831972,Faible,0
2006,Henry Flores,In-Store reguliers,202.5,3,20,0.09597721711253762,534.6094891831782,Faible,0
3370,Abigail Moore,Online reguliers (Clothing),76.0,2,0,0.09536841353661414,310.596247561146,Faible,0
3421,Mason Gonzalez,Online reguliers (Clothing),76.5,1,25,0.09534965304713049,713.1543172670188,Faible,0
4467,Grace Nelson,Online reguliers (Clothing),120.0,1,4,0.09527276952906749,728.3055041309916,Faible,0
4166,Madison Gonzalez,Petits dormants (Accessoires),63.0,1,22,0.09520018642619942,701.4600036547956,Faible,0
2004,Alexander King,Online reguliers (Clothing),820.4,10,71,0.095,1096.749243429932,Faible,0
4362,Emma Adams,Online reguliers (Clothing),1498.3,24,9,0.095,1723.855093656565,Faible,0
2060,Audrey Martin,Online reguliers (Clothing),671.52,6,206,0.095,600.1198128536282,Faible,0
5255,Mason Rogers,Online reguliers (Clothing),1100.8,10,17,0.095,1215.316180087225,Faible,0
3502,Ella Reyes,Online reguliers (Clothing),454.9,7,12,0.095,675.2927815684747,Faible,0
3054,Olivia Reed,Online reguliers (Clothing),1172.0,19,41,0.095,1600.990276883009,Faible,0
2724,Henry Davis,In-Store reguliers,780.55,9,134,0.095,1209.4110409943578,Faible,0
5813,Theo Cox,Online reguliers (Clothing),135.0,4,48,0.0948661026106115,387.3548941665699,Faible,0
3155,Alexander Thompson,In-Store reguliers,162.75,4,334,0.094841735763027,367.60508951742275,Faible,0
4575,Sophie Miller,Online reguliers (Clothing),400.5,3,29,0.09483152322762609,434.9605833012818,Faible,0
4080,Elias Adams,In-Store reguliers,440.0,8,107,0.09480000000000001,668.8145481060124,Faible,0
5009,Samuel Morgan,In-Store reguliers,648.7,9,19,0.09468085106382979,1139.592241108957,Faible,0
3916,Theo Lee,Online reguliers (Clothing),861.3,12,79,0.09461538461538462,1250.7736881629628,Faible,0
5505,Penelope Adams,Online reguliers (Clothing),749.0,11,33,0.09461538461538462,1246.3995044968126,Faible,0
4072,Nolan Scott,Petits dormants (Accessoires),662.45,7,13,0.0946078431372549,569.2570742085353,Faible,0
2548,Sarah Anderson,Chaussures ponctuels,22.4,1,44,0.09457880434782609,447.50525678539435,Faible,0
5280,Grace Rodriguez,Online reguliers (Clothing),602.5,9,25,0.09454545454545453,1244.4616377662983,Faible,0
5726,Joseph Williams,Online reguliers (Clothing),175.5,2,17,0.09453288103752926,747.97988064067,Faible,0
5536,Ellie Campbell,Online reguliers (Clothing),1028.85,14,50,0.09451612903225806,1391.1728361714227,Faible,0
5206,William Johnson,Chaussures ponctuels,508.0,6,70,0.09433962264150943,518.7689528746978,Faible,0
4711,Jacob Baker 2,Online reguliers (Clothing),20.0,1,33,0.09433820035464084,696.6752246778616,Faible,0
5884,Dylan Kelly,In-Store reguliers,1304.3,12,56,0.09432380952380953,1201.0249298996725,Faible,0
2600,Zoe Diaz,Online reguliers (Clothing),579.0,9,12,0.09431818181818181,1243.6089002455376,Faible,0
3813,Emma Mitchell,Online reguliers (Clothing),110.5,1,28,0.09423576797060859,661.3521412392606,Faible,0
3937,Piper Harris 2,In-Store reguliers,311.75,5,135,0.09413574557825416,472.7636851953708,Faible,0
3470,Kennedy Young,In-Store reguliers,623.0,6,233,0.09409673659673662,636.4954948486054,Faible,0
5870,Gabriel Johnson,Chaussures ponctuels,262.0,3,11,0.09393130669453807,652.1838342285109,Faible,0
2655,Charles Scott,In-Store reguliers,25.0,1,60,0.09382492818244913,309.0740133427595,Faible,0
5432,Aaron Miller,Chaussures ponctuels,28.5,1,92,0.09343345124919049,402.4609568662093,Faible,0
5143,Maverick Chavez,Online reguliers (Clothing),300.5,4,65,0.09335935571914812,425.2686647458934,Faible,0
4922,Grace Baker,Online reguliers (Clothing),50.0,1,8,0.09289924766335993,706.1803063949468,Faible,0
2424,William Allen 2,Online reguliers (Clothing),343.5,4,138,0.09276460318917781,318.94990972097713,Faible,0
3996,Chloe Collins,Chaussures ponctuels,28.0,1,391,0.09265967784824079,227.70621488773898,Faible,0
5446,Jaxon Jackson,Chaussures ponctuels,84.0,1,9,0.0925654761904762,713.1476764566926,Faible,0
3534,Emma Brown,Online reguliers (Clothing),49.5,1,27,0.09252712467203265,690.2288315209229,Faible,0
4694,Grace Sanchez,Online reguliers (Clothing),735.0,5,133,0.0925135761718473,589.6455040068905,Faible,0
2963,Carter Anderson,Chaussures ponctuels,28.0,1,71,0.09249490259115184,239.69372226738673,Faible,0
3070,Ava Cooper,Online reguliers (Clothing),254.0,4,71,0.09247176338018054,569.6270852665907,Faible,0
5999,Michael Adams,Online reguliers (Clothing),355.5,3,18,0.09218589155157074,421.1642077203734,Faible,0
3852,Theo Morales,Petits dormants (Accessoires),339.0,2,21,0.09215397334450108,866.9574762806313,Faible,0
2507,Sebastian Thomas,Online reguliers (Clothing),245.3,3,23,0.09192606500724729,374.4696331599578,Faible,0
4284,Piper Kelly,Online reguliers (Clothing),286.0,3,1,0.09146860261141368,364.57107933335493,Faible,0
3664,Nathan Lopez,Gros paniers occasionnels (Outerwear),354.0,3,429,0.09140725834910288,429.7708308217206,Faible,0
3468,Alice Taylor,Online reguliers (Clothing),25.0,1,90,0.09132645078179266,432.6894390099718,Faible,0
3988,Mason Diaz,Online reguliers (Clothing),321.0,3,68,0.09099974017964137,443.77927624594986,Faible,0
3642,Lydia Hernandez,Online reguliers (Clothing),222.0,2,203,0.09048433840154427,439.4892328342475,Faible,0
3260,Adrian Phillips,Online reguliers (Clothing),288.0,3,78,0.09044594109523009,534.9165526739973,Faible,0
3586,William Ramirez 2,Online reguliers (Clothing),273.9,4,24,0.0904171423720578,397.94687533480663,Faible,0
3099,Genesis Cruz,In-Store reguliers,289.75,4,1,0.09040501316792565,308.2274574508054,Faible,0
3801,Victoria Morris,Petits dormants (Accessoires),308.0,3,34,0.09038651275335902,691.7301231874997,Faible,0
3462,Willow Bailey,Chaussures ponctuels,270.0,1,34,0.09015934105014041,750.7543015895841,Faible,0
4650,Mateo Davis,Online reguliers (Clothing),451.55,6,135,0.09015176720385319,475.8867424741643,Faible,0
2477,Bob Robinson,In-Store reguliers,299.5,5,96,0.09008721387313189,559.2139549698337,Faible,0
2162,James Cruz 2,Online reguliers (Clothing),424.9,6,78,0.09005649013048059,607.0770711748047,Faible,0
5407,Leah Hall,Online reguliers (Clothing),405.0,6,102,0.09,784.247750080847,Faible,0
2822,Kinsley Brooks,Online reguliers (Clothing),790.5,7,62,0.09,656.2439007931338,Faible,0
3275,Thomas Jackson,In-Store reguliers,1661.75,11,46,0.09,1209.8516260896845,Faible,0
4123,Caleb Evans 4,Online reguliers (Clothing),1267.0,11,0,0.09,1180.0614777955643,Faible,0
2877,Ryan Flores,Online reguliers (Clothing),1524.25,20,68,0.09,1554.6161719678703,Faible,0
5123,Charlie Kim,Online reguliers (Clothing),422.25,4,92,0.08994758820404966,437.77043508586144,Faible,0
2937,Savannah Chavez,Online reguliers (Clothing),99.0,1,16,0.0898872953156192,761.0404218100512,Faible,0
3558,Scarlett Brooks,In-Store reguliers,275.25,4,26,0.08971714890052464,513.724696029048,Faible,0
5490,Natalie Taylor,Online reguliers (Clothing),1080.6,9,11,0.08960784313725491,1190.4446911091761,Faible,0
3833,Wyatt Morris,Online reguliers (Clothing),240.5,5,75,0.08960397820767327,554.1847587345733,Faible,0
2191,Layla Bailey,In-Store reguliers,634.4,12,7,0.08952380952380952,1206.918908570187,Faible,0
3709,Kennedy White,In-Store reguliers,918.0,4,349,0.08950916342290842,596.4250774844544,Faible,0
2793,Luna Ramirez,In-Store reguliers,894.75,11,6,0.08933962264150942,1268.8762595918454,Faible,0
2514,Nora Baker,In-Store reguliers,507.0,10,39,0.08933755760368661,1041.6159723875496,Faible,0
3282,Ruby Thompson,In-Store reguliers,75.0,1,1,0.0892544906624874,879.3572635181065,Faible,0
3037,Willow Kelly,Online reguliers (Clothing),416.0,7,57,0.0891396103896104,722.1481644866236,Faible,0
5066,Chloe Kelly,Petits dormants (Accessoires),81.6,1,29,0.08911277202208573,604.4738969062123,Faible,0
3332,Aiden Murphy,In-Store reguliers,640.75,11,27,0.08903993855606758,1193.8010400229475,Faible,0
2843,Aiden Morris,Online reguliers (Clothing),142.5,2,55,0.08902522827262568,727.7957346034866,Faible,0
5186,Julian White,Online reguliers (Clothing),276.0,4,45,0.08902437108714162,532.4507954657523,Faible,0
5425,Ivy Sanchez 3,Online reguliers (Clothing),759.75,7,83,0.08893713104591881,717.8353928980729,Faible,0
4423,Eva Kelly,In-Store reguliers,664.8,11,26,0.08890295591920978,990.21208495065,Faible,0
3608,Natalie Collins,Chaussures ponctuels,51.0,1,14,0.08850914634146342,766.670006107727,Faible,0
3445,Naomi Morris,Gros paniers occasionnels (Outerwear),457.5,3,338,0.08850746268656717,435.17643234117634,Faible,0
4620,Aaron Robinson,Chaussures ponctuels,58.0,2,61,0.0883447706681543,345.3665540897312,Faible,0
2798,Hannah Ward,Online reguliers (Clothing),242.5,3,72,0.08830011574309993,584.1167849212906,Faible,0
3174,Owen Roberts,Petits dormants (Accessoires),358.1,5,124,0.08804700854700855,545.1464137301351,Faible,0
2414,Amelia Kim,Gros paniers occasionnels (Outerwear),255.0,2,51,0.08786974777258683,978.9099676763177,Faible,0
5292,Michael Moore,Online reguliers (Clothing),431.25,4,220,0.08762455484330484,463.5844226134094,Faible,0
3343,Jaxon Cooper,Online reguliers (Clothing),279.75,4,97,0.08739625996533584,372.8329059415768,Faible,0
4377,Ruby Miller 2,Petits dormants (Accessoires),242.45,6,137,0.08736741729407484,711.9965287624343,Faible,0
3552,Savannah Flores,Online reguliers (Clothing),869.93,10,22,0.0873187068349607,1172.4418444918317,Faible,0
5571,Julian Edwards,In-Store reguliers,75.0,1,64,0.08710612985523493,309.8494387542929,Faible,0
2824,Lydia Scott,Online reguliers (Clothing),142.5,4,31,0.08693758848983212,453.6828284863885,Faible,0
3272,Quinn Morales 2,Petits dormants (Accessoires),294.5,3,203,0.08692626737003534,706.4114663469943,Faible,0
2355,Kinsley Thompson,In-Store reguliers,73.0,2,35,0.08679090376660696,656.2545127642749,Faible,0
3919,Madison Scott,In-Store reguliers,303.0,4,3,0.08648733684188852,332.55744188075806,Faible,0
4449,Kinsley Young,In-Store reguliers,117.0,1,31,0.08633990435608528,758.9950306800265,Faible,0
3778,Hannah Lopez 2,Online reguliers (Clothing),333.4,4,60,0.08632828223993926,397.4783436143821,Faible,0
2331,Owen Edwards,Online reguliers (Clothing),267.0,5,3,0.08631404231249074,540.0322907274634,Faible,0
5572,Kennedy Cook,In-Store reguliers,174.5,4,247,0.08620485986845602,401.27321606570496,Faible,0
3580,Wyatt Nelson 2,Online reguliers (Clothing),58.8,2,6,0.08587750958718701,762.9493836643811,Faible,0
5298,Ryan Campbell,Online reguliers (Clothing),415.0,4,47,0.0858295610328707,526.2031948515131,Faible,0
4487,Naomi Hall,In-Store reguliers,195.0,1,3,0.08569798171275647,999.7295671569367,Faible,0
5660,Alice Thompson,Gros paniers occasionnels (Outerwear),114.0,1,143,0.08553305405680355,496.89703117806283,Faible,0
4930,Lucy Rodriguez,Online reguliers (Clothing),54.0,1,20,0.08546914774075416,334.72018391111,Faible,0
2630,Michael Collins,In-Store reguliers,25.0,1,134,0.08536710050368597,283.19259233113866,Faible,0
2664,Eleanor Murphy,Online reguliers (Clothing),31.5,1,85,0.08528779881731122,370.88960586602315,Faible,0
3925,William Cook,Online reguliers (Clothing),75.0,1,101,0.08518198053908875,404.51847449964146,Faible,0
3243,Daniel Robinson,Online reguliers (Clothing),231.05,5,102,0.08511035660800474,561.8813101652278,Faible,0
3995,Ivy Harris 3,In-Store reguliers,637.0,6,40,0.085,581.7955464531303,Faible,0
4024,Jack Parker,In-Store reguliers,590.55,8,39,0.085,713.0169827641739,Faible,0
5159,Alexander Diaz,Gros paniers occasionnels (Outerwear),886.0,5,55,0.085,710.964629176725,Faible,0
2266,Oliver Morales,In-Store reguliers,1370.83,19,17,0.085,1668.30908570846,Faible,0
4980,Jayden Watson,Online reguliers (Clothing),909.3199999999999,7,41,0.085,679.3845858343583,Faible,0
3767,Kennedy White 2,Online reguliers (Clothing),1538.5,11,17,0.085,1279.6578786219604,Faible,0
3283,Daniel Allen,Online reguliers (Clothing),1655.0,9,154,0.085,1088.9262068128219,Faible,0
2926,Jacob Evans 2,Online reguliers (Clothing),1140.25,16,5,0.085,1693.9527850352924,Faible,0
5704,Bob Diaz,Online reguliers (Clothing),167.5,3,20,0.08497105860655584,441.14806926700226,Faible,0
4250,Hazel Green 2,Online reguliers (Clothing),367.0,4,39,0.08480474766101148,384.79599999084036,Faible,0
5380,Lincoln Martin 2,In-Store reguliers,1294.0,16,40,0.0846078431372549,1534.073344998418,Faible,0
5317,Aria Diaz,Online reguliers (Clothing),1339.0,10,19,0.0846078431372549,1063.8632573482212,Faible,0
5797,Savannah Brooks,Online reguliers (Clothing),331.2,5,14,0.0845898985538528,1516.3544051747094,Faible,0
5089,Ryan Lewis,Gros paniers occasionnels (Outerwear),396.0,3,105,0.08452971374842833,679.2453409376128,Faible,0
2149,Jaxon Howard,Online reguliers (Clothing),96.0,1,19,0.08449772771593497,808.3835622913508,Faible,0
4341,Brooklyn Johnson,In-Store reguliers,1376.4,11,44,0.08447368421052631,1068.7262180792616,Faible,0
3942,William Hill 2,Petits dormants (Accessoires),59.5,1,33,0.08436784367823862,656.6017104465053,Faible,0
4029,Amelia Carter,Online reguliers (Clothing),1039.0,8,9,0.08433962264150942,701.8335347984098,Faible,0
4912,Ellie Hill,Online reguliers (Clothing),307.0,5,27,0.08429110105580694,501.55437393915383,Faible,0
4673,Leah Baker,Online reguliers (Clothing),54.0,1,11,0.08428293296543048,363.21481268461434,Faible,0
4333,Aurora Ward,Chaussures ponctuels,30.0,1,101,0.08417883966001646,250.08378344175037,Faible,0
4545,Charlie Lee,Gros paniers occasionnels (Outerwear),657.0,5,17,0.08415384615384616,605.594130218314,Faible,0
2842,Mason Baker 2,Online reguliers (Clothing),937.45,13,58,0.08413962264150943,1197.9213487239547,Faible,0
5625,Naomi Diaz,In-Store reguliers,1896.5,13,24,0.08413165266106443,1522.8879255157838,Faible,0
4195,Audrey Mitchell 2,Online reguliers (Clothing),1226.4,9,13,0.08413165266106443,1267.8258896324724,Faible,0
4684,Audrey Moore,Chaussures ponctuels,163.2,3,2,0.0839713491214199,1069.6609654619322,Faible,0
5062,Jackson Cooper,Chaussures ponctuels,180.0,1,16,0.08383832993379353,446.7596972513243,Faible,0
4468,Aaron Scott,Online reguliers (Clothing),537.85,8,42,0.08375,672.9522965408314,Faible,0
2246,James Ramos,Online reguliers (Clothing),462.25,4,16,0.08343581566286534,433.94256433709205,Faible,0
5716,Isabella Watson,In-Store reguliers,156.6,4,241,0.08335209191700152,364.2716251728702,Faible,0
3431,Asher Murphy,Online reguliers (Clothing),25.0,1,47,0.08329059014060311,449.2663481562302,Faible,0
3618,Connor Cruz,In-Store reguliers,75.0,1,10,0.08321945893735036,828.1361237374116,Faible,0
3718,Lucas Ortiz 2,In-Store reguliers,455.5,5,7,0.08320652173913043,488.4361049844384,Faible,0
3545,Ryan Rivera,In-Store reguliers,448.0,7,75,0.0831081081081081,619.9771231270272,Faible,0
5746,Samuel Johnson,Online reguliers (Clothing),979.65,12,13,0.0829808510638298,1140.3985032646922,Faible,0
2432,Jacob Evans,Online reguliers (Clothing),329.0,4,61,0.08292545895518678,416.7750838906147,Faible,0
3046,Samantha Gonzalez,Online reguliers (Clothing),253.5,5,171,0.08286698711353813,567.4897794150287,Faible,0
5826,Olivia Rivera 2,Chaussures ponctuels,324.0,4,5,0.08284165421726733,443.58352054017917,Faible,0
2652,Eli Lopez,Online reguliers (Clothing),807.0,4,115,0.08283372378109219,474.009229229319,Faible,0
5148,Allison Taylor,Online reguliers (Clothing),430.0,3,40,0.08277223835573361,843.4851814387205,Faible,0
4795,Ellie Davis,Chaussures ponctuels,780.5,6,67,0.08274106494920173,620.9073405337018,Faible,0
5114,Diana Jones,In-Store reguliers,449.0,4,4,0.08262160689830961,430.83840849794234,Faible,0
3178,Evelyn Brown,Online reguliers (Clothing),546.25,8,78,0.08254438261791203,712.4789393116927,Faible,0
2259,Alice Peterson,In-Store reguliers,60.0,1,110,0.08253961966915233,319.74937618235145,Faible,0
3464,Allison Nguyen 2,Petits dormants (Accessoires),120.0,2,26,0.0824962089692693,1342.2718626589956,Faible,0
4244,Luna Baker,Online reguliers (Clothing),437.5,4,80,0.0823871346086657,455.96165728548505,Faible,0
4827,Hazel Williams,Online reguliers (Clothing),50.0,1,23,0.08233791682373078,661.9403762875394,Faible,0
3253,Lucy Cook,In-Store reguliers,637.0,7,2,0.08226747215321462,755.3768189552745,Faible,0
3378,Stella Cox,Petits dormants (Accessoires),54.4,1,33,0.08225881266037578,607.3041787124739,Faible,0
3091,Maya Lee,Online reguliers (Clothing),340.0,4,67,0.08206193156029923,390.504391136948,Faible,0
3844,Anna Thompson,Online reguliers (Clothing),194.0,3,92,0.08192758777066843,495.0942754230832,Faible,0
5862,Kinsley Richardson,In-Store reguliers,834.75,10,28,0.08190425248874797,1199.2207506493367,Faible,0
3929,Hunter Stewart 2,In-Store reguliers,335.0,3,31,0.08164313381996066,364.25135794898233,Faible,0
4816,Grace Nguyen,Chaussures ponctuels,360.0,1,11,0.08146424082453495,702.879041866116,Faible,0
3173,Alice Robinson,In-Store reguliers,294.2,4,139,0.08140907158422667,449.83394865352574,Faible,0
5219,Evelyn Carter,Online reguliers (Clothing),302.0,6,51,0.08128464903922727,776.6213479525942,Faible,0
5142,Charlie Kim 2,Petits dormants (Accessoires),230.1,6,16,0.08114552172482602,1421.3348687687633,Faible,0
5560,Grayson Brooks,Chaussures ponctuels,54.0,1,84,0.08102764567149148,582.7552535358188,Faible,0
4073,Mason Martin,In-Store reguliers,45.0,1,129,0.08095110024531113,438.0191920212408,Faible,0
5535,Henry Ramirez 2,Chaussures ponctuels,217.0,5,69,0.08077046462309621,715.4797710131232,Faible,0
2831,Jayden Wright,Online reguliers (Clothing),404.0,5,1,0.08032665941229343,538.689943856478,Faible,0
2674,Stella Hall 2,Gros paniers occasionnels (Outerwear),446.0,2,94,0.08028676196160901,766.4654720781775,Faible,0
4408,Julian Reed,Online reguliers (Clothing),416.75,4,6,0.08025622561954063,411.61737767089727,Faible,0
2079,Asher Stewart,Online reguliers (Clothing),163.4,3,30,0.08007379048302092,1037.0703344269996,Faible,0
2528,Alice Gonzalez 2,Online reguliers (Clothing),65.0,1,29,0.08002773349040038,643.5318741747395,Faible,0
5336,Kennedy Morris,Online reguliers (Clothing),748.7,8,172,0.08,549.46169293335,Faible,0
3760,Adrian Morales,Online reguliers (Clothing),668.75,5,17,0.08,1344.8787709315366,Faible,0
4481,Asher Brooks,VIP / Champions,2058.4,25,26,0.08,1704.5532247330318,Faible,0
2761,John Green,Petits dormants (Accessoires),1232.7,11,39,0.08,1367.4023285623166,Faible,0
2898,Bob Chavez,Online reguliers (Clothing),1365.3,17,0,0.08,1453.3023609032732,Faible,0
4055,Maverick Sanchez,Online reguliers (Clothing),720.45,11,115,0.07980000000000001,1072.9444935140518,Faible,0
2201,Maya Gonzalez,Chaussures ponctuels,81.0,1,25,0.07973312356979405,755.5840426050497,Faible,0
3783,Amelia Edwards,In-Store reguliers,70.0,1,71,0.07971742343252051,490.5633812377418,Faible,0
2368,Michael Lopez,Online reguliers (Clothing),35.0,1,67,0.07961167983658529,700.802389390899,Faible,0
3521,William Martin,Online reguliers (Clothing),1710.8,13,21,0.0796078431372549,1266.9818568737965,Faible,0
2508,Aria Campbell,In-Store reguliers,1279.0,9,88,0.07952380952380952,1331.0607590085745,Faible,0
5313,Quinn Garcia,Online reguliers (Clothing),620.9,8,22,0.07947368421052632,602.3515329714985,Faible,0
5934,Zoe Ortiz,In-Store reguliers,673.6,13,74,0.07945652173913043,1252.5178928931214,Faible,0
4790,Stella Watson,In-Store reguliers,735.0,9,31,0.07945652173913043,1178.873042567589,Faible,0
5670,Sofia Thomas,Online reguliers (Clothing),240.0,2,78,0.07942910477312756,512.0519566493404,Faible,0
5502,Leo Cox 2,Online reguliers (Clothing),1273.5,8,20,0.0794078431372549,676.3468938800876,Faible,0
4861,Brooklyn Harris,Online reguliers (Clothing),25.0,1,27,0.07936608138995177,346.5964818428472,Faible,0
2123,Henry Reed,Online reguliers (Clothing),712.25,9,15,0.07933962264150943,1273.1464013033321,Faible,0
5458,Levi Evans,Online reguliers (Clothing),1301.1799999999998,11,72,0.07927368421052632,1190.2706282636375,Faible,0
4638,Wyatt Mitchell,In-Store reguliers,1352.0,8,114,0.07925652173913043,668.9366544139646,Faible,0
4613,Violet White,In-Store reguliers,110.0,1,8,0.07917630767898068,285.20893945508675,Faible,0
5437,Ethan Wright,In-Store reguliers,265.5,3,141,0.07916776797891424,424.89966274983874,Faible,0
4338,Thomas White,Online reguliers (Clothing),826.0,6,69,0.07912523983952555,594.8023045465937,Faible,0
3866,Theodore Baker 2,Online reguliers (Clothing),540.75,8,163,0.07911818181818182,541.3795283646007,Faible,0
4722,Bob Rodriguez,Online reguliers (Clothing),652.9,10,8,0.07902867715078632,1143.121791866096,Faible,0
4337,Evelyn Chavez 2,Online reguliers (Clothing),280.0,3,54,0.07901805047014876,614.3124615592803,Faible,0
5267,Dylan Cox 2,Online reguliers (Clothing),286.4,3,44,0.07897715164631394,430.35315319703324,Faible,0
3982,Lucy Miller,In-Store reguliers,420.8,7,0,0.07894911297852475,896.7051336634053,Faible,0
2755,Lydia Thomas,Online reguliers (Clothing),284.0,4,88,0.07892353070064458,382.54439807650283,Faible,0
2283,Connor Hernandez,Online reguliers (Clothing),1123.99,9,16,0.07887163561076604,1095.1871153929162,Faible,0
5196,Abigail Chavez,In-Store reguliers,35.0,1,72,0.07886800979660918,763.1012999945796,Faible,0
2853,Jackson Watson,Online reguliers (Clothing),154.75,5,5,0.07886363636363637,1413.3036025126712,Faible,0
4999,Audrey Chavez,Online reguliers (Clothing),87.5,2,31,0.07885099555859672,607.0572695379757,Faible,0
4700,Bob Reyes,Online reguliers (Clothing),615.9,9,28,0.07882151029748284,1312.7882619772029,Faible,0
5239,Gabriel Davis,In-Store reguliers,300.0,2,126,0.07878884778735919,365.3227889533206,Faible,0
2533,Nora Rogers,In-Store reguliers,476.7,5,6,0.07868959496143473,550.091193669852,Faible,0
4320,Lucy Morgan,Online reguliers (Clothing),212.5,4,146,0.07868293942365284,430.76404238843526,Faible,0
2502,Ella Mitchell,In-Store reguliers,270.0,2,9,0.0785879071823074,555.8447317964826,Faible,0
5951,Diana Young,Gros paniers occasionnels (Outerwear),810.0,3,43,0.0785742474579684,777.6939521783352,Faible,0
5375,Hunter Thomas 2,Online reguliers (Clothing),601.5,7,46,0.07846840804404,553.9079647978032,Faible,0
4054,Sadie Carter,Online reguliers (Clothing),55.25,1,25,0.07842117491042253,390.61794112044004,Faible,0
4518,Chloe Johnson,In-Store reguliers,201.25,2,222,0.07838894207472846,317.0996539340535,Faible,0
2437,Anthony Robinson,Online reguliers (Clothing),318.0,5,77,0.07830819030622288,510.0946384866326,Faible,0
2099,Aria Moore,In-Store reguliers,65.0,1,60,0.07830279227834729,564.7965405869304,Faible,0
5547,Kennedy Perez,In-Store reguliers,303.0,5,158,0.07828897628520744,546.6138489656587,Faible,0
5135,Ryan Nelson,In-Store reguliers,310.0,4,88,0.07796835074228618,428.0041399402565,Faible,0
4503,Adrian Cruz,Online reguliers (Clothing),22.5,1,19,0.07792891647303411,663.795145794676,Faible,0
4052,James Reyes,In-Store reguliers,723.05,15,29,0.07785714285714286,1267.8380138587484,Faible,0
3478,Lucas Stewart,In-Store reguliers,90.0,1,145,0.07783121081756347,517.403858228975,Faible,0
2566,Naomi Edwards,Chaussures ponctuels,99.0,1,34,0.07779264737931786,729.3235106508693,Faible,0
3430,Julian Wilson 2,Online reguliers (Clothing),80.0,2,105,0.07770976481519166,507.6503012379359,Faible,0
4784,Amelia Cox,In-Store reguliers,216.5,5,4,0.077661792466834,644.8871277997523,Faible,0
2942,Ethan Scott,Gros paniers occasionnels (Outerwear),636.0,3,71,0.07739854081167351,742.0511354644931,Faible,0
4114,Riley Young,Chaussures ponctuels,44.8,1,34,0.07729551150603782,553.6838760701766,Faible,0
2552,Adrian Carter,Online reguliers (Clothing),343.0,3,0,0.07707163594186776,569.635607126325,Faible,0
5659,Aria Morris,Chaussures ponctuels,180.0,1,337,0.07706759875691599,363.62717297716335,Faible,0
5246,Charlie Young,In-Store reguliers,180.75,3,82,0.07703486730082593,348.83534407920206,Faible,0
3292,Natalie Anderson,Online reguliers (Clothing),326.0,4,54,0.07700663700921388,527.0543968296081,Faible,0
4595,Jeremiah Ortiz,Online reguliers (Clothing),293.88,5,29,0.07699198856806007,738.0771563809155,Faible,0
3748,Landon Garcia 2,Gros paniers occasionnels (Outerwear),450.0,3,296,0.07676402414790212,462.3023601400231,Faible,0
4719,Eva Davis,Online reguliers (Clothing),280.0,4,184,0.07663116724847778,469.9258400222095,Faible,0
4786,Aaron Hall,Chaussures ponctuels,30.0,1,3,0.07661383582547283,304.27280720426484,Faible,0
2012,Aaron Hernandez,Online reguliers (Clothing),38.25,1,39,0.07656967289861337,417.5093344670184,Faible,0
2445,Sofia Edwards,Online reguliers (Clothing),434.25,6,57,0.07626782872334081,592.6530674568746,Faible,0
3711,Zoe Martinez 2,Petits dormants (Accessoires),328.75,5,6,0.07625569494829464,654.1444669063033,Faible,0
5328,Lucas Parker,In-Store reguliers,560.75,7,10,0.07609458605298097,583.7649124223393,Faible,0
5616,Jackson Scott,Chaussures ponctuels,162.0,1,12,0.07591980826191352,1024.0624808431805,Faible,0
5705,Evelyn Cook,Online reguliers (Clothing),604.0,5,71,0.07581781330628462,576.0354099277165,Faible,0
3199,Kennedy Ramirez,Petits dormants (Accessoires),40.8,1,19,0.07581218741407114,373.47011639106466,Faible,0
3739,Violet Green,Online reguliers (Clothing),240.0,3,108,0.07555506697726377,508.1326105105932,Faible,0
3322,Zoe Turner,Online reguliers (Clothing),22.5,1,14,0.0755498778130357,673.8136262805293,Faible,0
4078,Chloe Hill 2,In-Store reguliers,278.0,3,135,0.07527683931496618,408.98070267930416,Faible,0
3616,Jonathan Jones 2,Online reguliers (Clothing),25.0,1,82,0.07520051883124546,349.69852846771556,Faible,0
4895,Genesis Baker,In-Store reguliers,375.0,2,7,0.07510598278151731,688.7581510690704,Faible,0
4081,Cora Nguyen,Online reguliers (Clothing),858.85,13,86,0.075,1200.1007131103052,Faible,0
5542,Theodore Miller,Petits dormants (Accessoires),1566.0,10,0,0.075,1193.516445264441,Faible,0
4016,Sophie Edwards,Online reguliers (Clothing),1452.9,12,23,0.075,1246.1611779484585,Faible,0
4514,Natalie Cruz 2,Online reguliers (Clothing),1468.85,11,35,0.075,1232.568991449249,Faible,0
2119,Lincoln Morgan,Online reguliers (Clothing),937.3,9,61,0.0748,1188.2484244397533,Faible,0
3031,Eli Morris,In-Store reguliers,1110.6,12,23,0.0748,1179.276145444151,Faible,0
4007,Samuel Stewart,Online reguliers (Clothing),54.0,1,38,0.07479185920222539,549.6873611060778,Faible,0
4682,William Torres,Online reguliers (Clothing),165.0,3,24,0.07470201626341424,590.993983691808,Faible,0
4603,Sebastian Ortiz,Online reguliers (Clothing),305.0,6,190,0.07462142857142857,612.3174005620981,Faible,0
5005,Naomi Jones,In-Store reguliers,1043.15,14,22,0.07460784313725491,1367.8578191791448,Faible,0
4785,Wyatt Thompson,Online reguliers (Clothing),607.5,5,54,0.07457851782593862,494.9504130509501,Faible,0
2858,Jonathan Campbell,Online reguliers (Clothing),1160.5,15,46,0.07445652173913044,1662.5394049794043,Faible,0
3480,Lincoln Davis,Online reguliers (Clothing),669.95,7,56,0.07444444444444445,612.4018860468626,Faible,0
5601,Joseph Rivera,In-Store reguliers,70.0,1,55,0.0744008382459282,580.0289089714104,Faible,0
3104,Leo Wilson,In-Store reguliers,438.5,5,95,0.07435540108438371,466.0343132759743,Faible,0
4314,Joseph Davis,Online reguliers (Clothing),515.6,8,12,0.07434782608695652,566.996564026184,Faible,0
4239,Aiden Cox 2,Online reguliers (Clothing),900.38,9,0,0.07433962264150944,1231.6635085257144,Faible,0
3961,Madison Harris,Online reguliers (Clothing),908.75,11,36,0.07433962264150944,1220.4314073559715,Faible,0
4868,Ryan Morales,In-Store reguliers,955.5,9,51,0.07432380952380951,1169.723257257464,Faible,0
5597,Landon Wilson,Online reguliers (Clothing),1093.4,11,14,0.07427368421052631,1170.0400492745464,Faible,0
4508,Joseph Baker,Online reguliers (Clothing),790.5,10,29,0.07420307328605201,1157.3183409889937,Faible,0
2947,Maya Ward,Chaussures ponctuels,220.0,1,9,0.07412509847714104,779.969363246746,Faible,0
5698,Madison Edwards,Online reguliers (Clothing),228.5,3,20,0.07406087290976998,1909.9299015503886,Faible,0
3759,Aaron Carter,Online reguliers (Clothing),388.5,7,151,0.07400000000000001,527.513018849628,Faible,0
2084,Victoria Peterson,Online reguliers (Clothing),562.5,8,20,0.07379186602870813,656.3051509952826,Faible,0
3914,Daniel Evans,Online reguliers (Clothing),301.5,4,24,0.07372558510807085,594.4261082630009,Faible,0
2781,Lily Chavez,Chaussures ponctuels,90.0,1,50,0.07369125877935946,543.0703806096604,Faible,0
5883,Samuel Lee,In-Store reguliers,615.0,8,104,0.07359273504273504,651.3483348864199,Faible,0
4580,Ivy Campbell 2,Online reguliers (Clothing),265.25,3,40,0.0735781442693299,718.8335607390045,Faible,0
2659,James Anderson,Online reguliers (Clothing),472.5,6,21,0.073500361723261,625.3948744992617,Faible,0
5685,Grace Flores 2,Chaussures ponctuels,25.5,1,208,0.07345784476531382,410.81762680804246,Faible,0
2110,Lucy Bailey,Chaussures ponctuels,104.5,1,167,0.07323432428393806,260.1049969178841,Faible,0
3571,Abigail Morris,In-Store reguliers,273.0,4,28,0.0732172289365133,408.11710126605124,Faible,0
3773,Alice Hall,Online reguliers (Clothing),653.9,11,33,0.07318371144984048,1932.2355757736866,Faible,0
4418,Hunter Stewart 3,Online reguliers (Clothing),857.0,5,56,0.07304786847064673,741.9181665005675,Faible,0
4926,Liam White 2,In-Store reguliers,585.5,5,131,0.07288780456690905,485.1880572234503,Faible,0
5117,Ella Jones 2,Chaussures ponctuels,72.0,1,255,0.07286045168649914,273.4510699378953,Faible,0
3792,James Chavez,Online reguliers (Clothing),88.0,1,20,0.0728499213297576,748.6783784514231,Faible,0
2965,Samantha Taylor,Online reguliers (Clothing),340.0,3,263,0.07265040438850427,488.7371176302217,Faible,0
5920,Joseph Ramos 2,Online reguliers (Clothing),579.0,5,82,0.07248635602024281,494.3546449467795,Faible,0
4608,Amelia Flores 2,Online reguliers (Clothing),337.5,4,59,0.0721633625123412,355.7234791653996,Faible,0
5694,Levi Rogers,In-Store reguliers,82.0,2,4,0.07209935249621158,752.6759471838602,Faible,0
3495,Caroline Hill,Chaussures ponctuels,28.0,1,5,0.07191871724766462,592.0170492842467,Faible,0
5887,Alice Nguyen,Online reguliers (Clothing),20.0,1,12,0.07187732589048378,449.7454326349211,Faible,0
5654,John Clark,Gros paniers occasionnels (Outerwear),467.25,3,33,0.07176650735956426,491.2854030647525,Faible,0
2064,Nolan Brown,Chaussures ponctuels,238.0,3,48,0.0712983879050865,571.8116367068702,Faible,0
3947,Ivy Wright,Online reguliers (Clothing),76.5,1,14,0.07104931404230821,750.5657230615775,Faible,0
5573,Ryan Robinson,Petits dormants (Accessoires),431.0,4,212,0.07084989025482163,465.81294043332224,Faible,0
3075,Alice Perez,In-Store reguliers,260.5,6,53,0.07076566849988263,818.0551458173641,Faible,0
4981,Jack Stewart 2,In-Store reguliers,130.75,3,27,0.0705912087912088,1320.0499130798062,Faible,0
2893,Emma Miller,Online reguliers (Clothing),127.5,2,97,0.07046746990450006,513.1936444970652,Faible,0
5839,Hunter Ramirez 2,Online reguliers (Clothing),329.75,4,50,0.07030011873560993,429.6782973675534,Faible,0
5365,Brooklyn Scott,Petits dormants (Accessoires),196.9,3,33,0.07016211345257639,638.2012468220057,Faible,0
4629,Isaiah Hill,In-Store reguliers,1795.88,14,103,0.07,1690.460924403085,Faible,0
3517,Alexander Cook,Petits dormants (Accessoires),1414.12,9,55,0.07,1157.3924126494185,Faible,0
3353,Aria Thomas,Online reguliers (Clothing),1098.3,12,3,0.07,1208.14440083526,Faible,0
3270,Quinn Wilson 2,Online reguliers (Clothing),1189.3,12,18,0.07,1220.5742974132436,Faible,0
5084,Leo Nelson,In-Store reguliers,1082.45,10,24,0.07,1156.9168406150754,Faible,0
3449,Allison Morales,Online reguliers (Clothing),651.0,7,41,0.07,542.8987143639415,Faible,0
2256,Ella Morris,Online reguliers (Clothing),1394.25,17,46,0.07,1484.399141311863,Faible,0
4279,Harper Campbell 2,Online reguliers (Clothing),1230.8,18,41,0.07,1676.7589968839604,Faible,0
4163,Noah Carter,In-Store reguliers,628.5,7,39,0.07,731.3069950542416,Faible,0
5229,Mia Collins,Online reguliers (Clothing),2168.1,15,54,0.07,1534.2325619320047,Faible,0
4021,Owen Gonzalez 2,Online reguliers (Clothing),522.0,7,122,0.07,622.2037259204916,Faible,0
5287,Alice Ramos,Online reguliers (Clothing),293.0,5,7,0.06988825379543942,762.0760450572182,Faible,0
5394,Jayden Kim 2,Online reguliers (Clothing),677.4,12,15,0.06985915492957746,1343.163083004529,Faible,0
4339,Ava Reyes 2,Online reguliers (Clothing),522.0,3,164,0.06977777777777777,469.56553506361524,Faible,0
4770,Ava Chavez,Online reguliers (Clothing),775.25,13,54,0.06961538461538462,1263.555827115545,Faible,0
2797,Liam Moore,Online reguliers (Clothing),2122.1,15,8,0.0696078431372549,1657.959465416667,Faible,0
5183,Lincoln Torres,Online reguliers (Clothing),254.0,4,72,0.06959337059819277,602.1849163892198,Faible,0
2420,Aria Cooper,In-Store reguliers,2001.0,14,4,0.06952380952380953,1553.5042204768083,Faible,0
3566,Lydia Collins,Petits dormants (Accessoires),130.5,3,16,0.0695214184071827,914.9654121116794,Faible,0
5260,Grayson Robinson,Online reguliers (Clothing),809.5,7,64,0.06916666666666667,666.812156374814,Faible,0
5503,Isaiah Ramos 3,In-Store reguliers,60.0,1,81,0.06915509928735944,302.21176466075076,Faible,0
5847,Asher Brown 2,Online reguliers (Clothing),883.0,11,54,0.06913962264150944,1139.2481466251668,Faible,0
4938,William Moore 2,Online reguliers (Clothing),1898.25,15,40,0.06913165266106443,1476.9049667545476,Faible,0
4041,Harper Hernandez,Online reguliers (Clothing),1216.7,10,46,0.06913165266106443,1063.6936877937085,Faible,0
3644,Jaxon Kim,Online reguliers (Clothing),438.0,3,18,0.06909564825701413,714.4214190062204,Faible,0
4309,Thomas Hernandez 2,Online reguliers (Clothing),308.2,4,305,0.0690490971091994,426.0911597587063,Faible,0
2425,Maverick Rodriguez,In-Store reguliers,225.25,2,17,0.06898879176379176,1433.2886616120284,Faible,0
5563,Ellie Gutierrez 2,Petits dormants (Accessoires),595.5,5,5,0.06892223694036825,606.410659172272,Faible,0
5562,Julia Richardson,Online reguliers (Clothing),307.5,4,21,0.06891888656242875,565.5461858525205,Faible,0
4831,Mateo Stewart,In-Store reguliers,788.75,8,24,0.06887163561076605,555.2576263117188,Faible,0
3984,Brooklyn Ramirez,Online reguliers (Clothing),725.85,12,9,0.0688053613053613,1223.2376570245983,Faible,0
4601,Julian Ward,Online reguliers (Clothing),70.0,1,10,0.0687651575629362,784.7323550614626,Faible,0
5093,Henry Stewart,Online reguliers (Clothing),1176.2,10,30,0.06866343216531895,1177.9150440824599,Faible,0
2748,Oliver White,Chaussures ponctuels,48.0,1,16,0.06835289634146342,831.7329105694464,Faible,0
3146,Jackson Johnson,In-Store reguliers,1021.25,9,26,0.0683,1107.2110443656572,Faible,0
5778,Theodore Davis,In-Store reguliers,340.0,3,7,0.0682766863023501,663.4183478557031,Faible,0
2426,Hannah White,Petits dormants (Accessoires),390.5,5,90,0.06820233615141165,550.9793583684807,Faible,0
5346,Victoria Lewis,Petits dormants (Accessoires),419.0,4,65,0.06818563832312585,556.237147341215,Faible,0
3133,Nora Johnson,Online reguliers (Clothing),944.37,11,6,0.0681081081081081,1130.9889653016025,Faible,0
5714,Leo Cooper,Petits dormants (Accessoires),1172.35,14,32,0.0681078431372549,1488.8924969076947,Faible,0
5907,Aaron Walker,Online reguliers (Clothing),110.5,1,13,0.06797208669029396,605.3974940925085,Faible,0
2788,Harper Collins,Gros paniers occasionnels (Outerwear),108.0,1,131,0.06795743669433854,398.7302714850946,Faible,0
5787,Theodore Rodriguez,Petits dormants (Accessoires),200.25,2,5,0.06777627678621288,765.5854116121888,Faible,0
5024,Paisley Collins,Chaussures ponctuels,291.0,4,235,0.06776119160307802,366.23389085975,Faible,0
3318,Sebastian Peterson,In-Store reguliers,344.5,3,40,0.06750982682830899,469.4666616550328,Faible,0
2115,Grayson King,Online reguliers (Clothing),724.5,6,30,0.06730402877691534,633.1237410329369,Faible,0
5051,Eva Peterson,In-Store reguliers,55.0,1,109,0.06723655809364493,380.286813861472,Faible,0
4133,Adrian Murphy,Petits dormants (Accessoires),266.3,3,133,0.06718543532157115,668.1121597001055,Faible,0
3507,Genesis Stewart,Online reguliers (Clothing),175.0,3,0,0.06700837057707952,489.40203934835824,Faible,0
4352,Naomi Gonzalez,In-Store reguliers,332.88,4,129,0.06681327479613931,427.61347219961596,Faible,0
2683,Isaiah Morales,Chaussures ponctuels,30.0,1,269,0.06675506222055982,192.83481053204505,Faible,0
5972,Maverick Martin 2,Online reguliers (Clothing),281.75,2,140,0.06669782911284333,713.4397327130048,Faible,0
3738,Eva Thompson,Gros paniers occasionnels (Outerwear),1084.0,5,246,0.06647488125685057,668.5962077721582,Faible,0
2722,Jack Rivera,Online reguliers (Clothing),60.0,1,24,0.06640851052464401,635.6277999777496,Faible,0
3931,William Hill,Chaussures ponctuels,195.0,3,20,0.06604536983403576,883.2937527974854,Faible,0
3376,Aiden Rogers 2,In-Store reguliers,83.4,2,30,0.06596897839134278,667.6929993073363,Faible,0
3385,Grayson Kim,In-Store reguliers,363.2,5,166,0.0658996603285369,536.1002042184077,Faible,0
3065,Ruby Martin,In-Store reguliers,600.0,5,155,0.0658373315951636,483.52749709144786,Faible,0
5107,Layla White,Chaussures ponctuels,60.0,1,9,0.06565218101631809,765.0692414415812,Faible,0
5403,Genesis Taylor,Chaussures ponctuels,974.4,8,36,0.06554890608472974,658.9661827209093,Faible,0
3149,Leah Morgan,Petits dormants (Accessoires),493.5,5,49,0.06551243329788052,502.1224358855605,Faible,0
4290,Lucas Wright,Online reguliers (Clothing),48.0,1,11,0.06548763736263737,717.7727016433413,Faible,0
5000,Maya Ramos,Chaussures ponctuels,612.0,5,59,0.06543767039622397,607.3772520914005,Faible,0
4600,Nathan Lopez 2,Online reguliers (Clothing),47.4,2,242,0.06541867627852893,463.82197755996015,Faible,0
3403,Piper Carter,Chaussures ponctuels,255.5,3,5,0.06539858031763379,1004.3144592446114,Faible,0
5750,Isaiah Rogers,In-Store reguliers,586.25,10,41,0.065,1160.8065540410848,Faible,0
4197,Leah Gonzalez,In-Store reguliers,2021.25,12,2,0.065,1516.267431041926,Faible,0
3578,Layla Cox,Petits dormants (Accessoires),682.05,11,0,0.065,957.4822187486534,Faible,0
4164,Naomi Richardson,Online reguliers (Clothing),1216.0,8,97,0.065,601.2704522902993,Faible,0
3375,Claire Moore,In-Store reguliers,1061.75,11,41,0.065,1221.354931185753,Faible,0
4606,Diana Bailey,Online reguliers (Clothing),1175.0,10,16,0.065,1224.3305659739387,Faible,0
4631,Jayden Bailey,Online reguliers (Clothing),357.15,8,13,0.065,853.5637587754806,Faible,0
3539,Caroline Robinson,Online reguliers (Clothing),822.0,7,124,0.065,655.2114527599981,Faible,0
3310,Layla Phillips,Online reguliers (Clothing),827.8,6,62,0.065,865.139055543439,Faible,0
5412,Victoria Murphy,In-Store reguliers,1576.0,11,52,0.065,1268.922741864426,Faible,0
2087,Genesis Jones,Online reguliers (Clothing),987.5,12,12,0.065,1110.4887557911115,Faible,0
3367,Evelyn Edwards,Gros paniers occasionnels (Outerwear),1248.0,6,238,0.065,791.0364916870687,Faible,0
4651,Layla Taylor,Online reguliers (Clothing),1208.5,11,58,0.065,1206.3103455718112,Faible,0
5568,Caleb Jones 2,In-Store reguliers,320.5,5,8,0.06494117647058824,547.5516958788887,Faible,0
4672,Ryan Walker,Online reguliers (Clothing),806.6,11,47,0.06480000000000001,1212.1295892719315,Faible,0
3410,Daniel Mitchell,Online reguliers (Clothing),943.0,12,50,0.06472222222222222,1226.1568957961606,Faible,0
3298,Isaac Evans,In-Store reguliers,614.0,10,13,0.06468085106382979,1085.0540894326043,Faible,0
3263,Connor Gonzalez,In-Store reguliers,593.2,7,13,0.06468085106382979,670.3037422580576,Faible,0
4258,Nora King,Gros paniers occasionnels (Outerwear),582.0,4,29,0.06461636008918617,512.4290091374248,Faible,0
3972,Oliver Hall,In-Store reguliers,1244.5,14,40,0.0646078431372549,1231.4951689033799,Faible,0
5308,Madison Davis 3,Online reguliers (Clothing),692.5,11,38,0.0646078431372549,904.1653944077996,Faible,0
3418,David Williams,Online reguliers (Clothing),1062.4,11,57,0.06452380952380952,1146.8539657499612,Faible,0
4101,Aurora Lewis,Online reguliers (Clothing),848.45,8,54,0.06452380952380952,716.8389857882726,Faible,0
2459,Logan Martinez,Online reguliers (Clothing),712.0,10,132,0.06452380952380952,1098.8207728317132,Faible,0
3983,Charles Adams,Online reguliers (Clothing),714.35,9,16,0.06448085106382978,1100.9989035651543,Faible,0
4873,Allison Perez,Online reguliers (Clothing),1384.25,11,82,0.06447368421052632,1198.94306497517,Faible,0
4945,Theodore Martin 3,Gros paniers occasionnels (Outerwear),758.0,7,279,0.06447087776866284,632.7478759377572,Faible,0
5696,Anthony Torres 2,Online reguliers (Clothing),294.5,2,31,0.06444071874107399,1125.6374230627896,Faible,0
2970,Lincoln Morgan 2,In-Store reguliers,368.0,3,25,0.06443931949856335,818.9043258218131,Faible,0
3915,Daniel Rivera,In-Store reguliers,1062.9,10,6,0.06434782608695652,1109.9836924652811,Faible,0
4615,Nathan Evans,Online reguliers (Clothing),1239.4,12,7,0.06434782608695652,1250.8549978338685,Faible,0
5703,Kennedy Harris,Online reguliers (Clothing),1317.75,12,13,0.06433962264150943,1249.378876484693,Faible,0
5340,Ivy Brown,Online reguliers (Clothing),656.75,7,123,0.06433962264150943,490.82480541629366,Faible,0
4102,Ivy Nelson 2,Chaussures ponctuels,402.6,5,12,0.06429922682939745,572.1297658298048,Faible,0
5366,Elias Davis,In-Store reguliers,143.0,4,436,0.06408686281003287,415.7230610934386,Faible,0
5903,Jonathan Rivera,Online reguliers (Clothing),63.75,1,22,0.0640488780554398,711.2475997763578,Faible,0
3252,Alexander Lee 2,Online reguliers (Clothing),512.5,8,12,0.06404646010107648,590.6691491664628,Faible,0
4663,Elias Walker,Gros paniers occasionnels (Outerwear),291.0,2,20,0.06390311018733058,1088.5041426284872,Faible,0
3035,Jonathan Collins,Online reguliers (Clothing),612.5,6,39,0.06390096618357488,594.6094352612946,Faible,0
5867,Samantha White 2,Online reguliers (Clothing),351.5,6,111,0.06379340943361217,623.084063398956,Faible,0
3825,Bob Martinez,Chaussures ponctuels,30.0,1,222,0.06377201172866806,365.12343301136667,Faible,0
3190,Leo Ortiz,Online reguliers (Clothing),261.75,5,243,0.06365317507450989,644.5732595608708,Faible,0
3271,Ryan Miller 2,In-Store reguliers,720.7,10,5,0.0636365202880412,1223.0938207643353,Faible,0
4175,Brooklyn Reed,Online reguliers (Clothing),971.25,10,24,0.06360533687159074,1166.4860958210459,Faible,0
5065,Lincoln Ramos,Online reguliers (Clothing),488.5,5,202,0.06360519240012624,505.42364776597077,Faible,0
5338,Jayden Garcia,In-Store reguliers,628.8,8,35,0.0635513638843426,662.6053655526266,Faible,0
5598,Liam Cox,Online reguliers (Clothing),749.9,9,167,0.06352380952380952,1142.9024461961565,Faible,0
5485,Charlie Ramos,Online reguliers (Clothing),386.0,5,3,0.06350560369111438,473.5994697664189,Faible,0
5832,Jaxon Roberts 2,Petits dormants (Accessoires),371.5,4,53,0.0634256844102242,474.268391744478,Faible,0
3458,Hunter Moore,Online reguliers (Clothing),594.5,11,10,0.0633581203742494,1310.1400801751604,Faible,0
5955,Hazel Scott,Online reguliers (Clothing),50.0,1,2,0.06314033781011046,376.097207240725,Faible,0
3717,James Watson,In-Store reguliers,858.25,9,113,0.06313962264150944,1265.9889173233862,Faible,0
5419,Genesis Harris,Online reguliers (Clothing),40.0,1,25,0.06310999812413054,583.3523669366466,Faible,0
2238,Charles Ramirez,Online reguliers (Clothing),735.0,4,38,0.06310580261180723,536.9994862389245,Faible,0
5413,Jeremiah Hill,In-Store reguliers,353.0,4,330,0.0629349512316523,438.8202049130687,Faible,0
5415,Penelope Turner 2,In-Store reguliers,784.0,9,111,0.06293337264150943,1108.6412666476085,Faible,0
4765,Hazel Murphy,In-Store reguliers,320.0,3,29,0.0626543080138646,628.2776576754686,Faible,0
5594,Grayson Nguyen,Gros paniers occasionnels (Outerwear),450.0,1,14,0.06264644070085952,807.1195845250813,Faible,0
4669,Sofia Sanchez,Petits dormants (Accessoires),297.55,4,74,0.06247749464650873,562.7754285153515,Faible,0
4666,David Nguyen,Chaussures ponctuels,90.0,1,70,0.06246639293335031,284.5645735202575,Faible,0
3559,Anna Moore,Online reguliers (Clothing),684.5,8,72,0.06244773074961754,607.4066844489919,Faible,0
5595,Emily Cruz,Gros paniers occasionnels (Outerwear),566.0,5,131,0.062411614090718576,504.93912825536705,Faible,0
4357,Charlie Lopez,In-Store reguliers,420.5,5,83,0.06235962745265071,534.6914423626338,Faible,0
5508,Nathan Hernandez 2,In-Store reguliers,135.0,2,48,0.06223200563448132,832.1615181284413,Faible,0
3775,Leo Mitchell,Online reguliers (Clothing),613.75,7,89,0.062185509393646185,607.0348635968833,Faible,0
5655,Stella Nguyen,Online reguliers (Clothing),606.6,7,35,0.06217247298449344,611.6075255302984,Faible,0
5207,Charles Reed,Online reguliers (Clothing),424.25,6,53,0.062115384615384614,769.1107135549225,Faible,0
4771,Mateo Robinson,Online reguliers (Clothing),557.5,7,39,0.06210609738398615,517.3761925455158,Faible,0
2177,Lily Reed,Chaussures ponctuels,580.0,5,26,0.062102833834263634,758.5308649229497,Faible,0
4437,Liam Martinez,In-Store reguliers,387.62,6,62,0.06198696439228522,586.0175496397918,Faible,0
3059,Levi Lewis,Online reguliers (Clothing),359.5,4,328,0.06197620473339037,484.0711313831623,Faible,0
3026,Alice Jackson,Chaussures ponctuels,60.0,1,4,0.061920455870119274,913.2542142344429,Faible,0
3514,Logan Murphy,Petits dormants (Accessoires),313.0,5,154,0.06192011083791906,509.8242841509523,Faible,0
2743,Jonathan Torres,Online reguliers (Clothing),882.5,5,106,0.061822291632418216,681.1330059577143,Faible,0
4287,James Jackson,Online reguliers (Clothing),598.0,5,32,0.06164740882407629,782.3319161042642,Faible,0
2786,Charles Garcia,Chaussures ponctuels,378.2,4,330,0.0616428851958946,508.6694168501783,Faible,0
3659,Evelyn Ramirez,In-Store reguliers,398.0,4,24,0.061603138438897656,501.79400137743716,Faible,0
3281,Eli Ramos,In-Store reguliers,176.0,2,23,0.06122700715136871,537.6946702677453,Faible,0
3069,Samantha Cook,Gros paniers occasionnels (Outerwear),258.0,2,146,0.06103822513177319,655.8528151977558,Faible,0
4757,Anthony Lewis,Chaussures ponctuels,90.0,1,99,0.06097326649958229,588.3736194154635,Faible,0
4325,Luna Cruz 2,Online reguliers (Clothing),295.0,5,13,0.060700826950826944,597.6458485628941,Faible,0
2999,Eli Gonzalez,Chaussures ponctuels,146.0,2,48,0.06063592682297718,828.5130908262449,Faible,0
2359,Chloe Nelson,In-Store reguliers,325.5,3,36,0.06050582344035584,852.5027633405414,Faible,0
4119,Carter Bailey 2,Online reguliers (Clothing),195.0,2,5,0.06040109278868061,980.7965419624431,Faible,0
2363,Hunter Martinez,Gros paniers occasionnels (Outerwear),408.5,5,117,0.06036746639687816,601.732229170405,Faible,0
4617,Kinsley Jones,In-Store reguliers,320.65,6,86,0.06036306393867557,599.3795500660567,Faible,0
3669,Layla Rogers,In-Store reguliers,490.45,6,23,0.06031716593544866,512.9327028225201,Faible,0
4420,Lydia Green 2,Chaussures ponctuels,90.0,1,71,0.06031368894898643,442.3271415048127,Faible,0
5438,Carter Miller,In-Store reguliers,40.0,1,35,0.06005251430715828,793.1297893191286,Faible,0
3427,Amelia Howard,Petits dormants (Accessoires),460.0,4,92,0.060049385087081575,654.2241548787716,Faible,0
5330,Mateo Gutierrez,Online reguliers (Clothing),130.5,3,71,0.0600038991387125,591.8088711299096,Faible,0
5059,Amelia Morris,Online reguliers (Clothing),1463.25,12,26,0.06,1399.627945748686,Faible,0
3661,Jacob Ramirez,In-Store reguliers,1323.0,10,39,0.06,1116.3324688751763,Faible,0
4127,William Robinson,In-Store reguliers,433.75,5,12,0.06,533.9663309616178,Faible,0
3011,Ryan Garcia,Online reguliers (Clothing),506.0,9,23,0.06,1209.2813980024673,Faible,0
3198,Ruby Morris,In-Store reguliers,830.5,12,46,0.06,1080.1788509306427,Faible,0
2126,Lucy Moore,Online reguliers (Clothing),1189.3,8,16,0.06,877.4785346380594,Faible,0
2571,Ethan Richardson,In-Store reguliers,1100.75,9,59,0.06,1187.4536124709803,Faible,0
2322,Jeremiah Adams,Online reguliers (Clothing),1161.7,14,16,0.06,1628.209040939333,Faible,0
2262,Sophie Collins,Online reguliers (Clothing),982.5,9,64,0.06,1145.0757365206757,Faible,0
2560,Caleb Williams,VIP / Champions,2491.95,18,12,0.06,1764.3896699396646,Faible,0
5181,Emily Lee 2,Online reguliers (Clothing),1000.75,10,6,0.06,1180.6825770200214,Faible,0
4732,Scarlett Ward 2,Online reguliers (Clothing),1299.75,11,14,0.06,1185.8768260375523,Faible,0
4716,Thomas Mitchell,Online reguliers (Clothing),649.75,9,16,0.06,1159.1378290100977,Faible,0
4739,Kinsley Reyes,In-Store reguliers,790.5,8,117,0.06,512.2633700035673,Faible,0
4478,Aria Rogers,In-Store reguliers,1714.9,15,27,0.06,1476.655792555244,Faible,0
4906,Mia Martin,Online reguliers (Clothing),660.75,10,24,0.06,910.3923265038238,Faible,0
3536,Eleanor Bailey,Online reguliers (Clothing),391.85,7,91,0.06,553.4119011110859,Faible,0
5506,Aaron Edwards,In-Store reguliers,1242.75,17,46,0.06,1626.9327938303177,Faible,0
4396,Stella Evans,Gros paniers occasionnels (Outerwear),834.5,4,16,0.05992537313432836,1040.9528286215757,Faible,0
4045,Alexander Morales,Online reguliers (Clothing),633.5,6,27,0.05992537313432836,1028.72378115149,Faible,0
3628,Levi Gutierrez,Online reguliers (Clothing),360.5,6,68,0.05982142857142857,710.2949937955541,Faible,0
5063,Aaron Lopez,Petits dormants (Accessoires),337.73,6,16,0.05981481481481481,805.8780510861448,Faible,0
2554,Brooklyn Miller,Petits dormants (Accessoires),303.35,5,23,0.05981481481481481,634.2512022975393,Faible,0
3953,Wyatt Martin,Petits dormants (Accessoires),469.5,8,147,0.059800000000000006,611.9761026036858,Faible,0
2769,Jacob Garcia,In-Store reguliers,1119.9,10,170,0.059800000000000006,1117.6365389556515,Faible,0
4843,Nolan Sanchez 2,Online reguliers (Clothing),895.5,10,6,0.059800000000000006,1123.0604442077215,Faible,0
4001,Sebastian Kelly,Online reguliers (Clothing),828.0,9,122,0.059800000000000006,1199.3725352995948,Faible,0
4010,Lucas Chavez 2,Chaussures ponctuels,28.0,1,48,0.059772727272727276,743.4280302115184,Faible,0
2610,Wyatt Roberts,Online reguliers (Clothing),253.3,3,24,0.05968539604448469,995.6800084796034,Faible,0
3609,Connor Allen,In-Store reguliers,595.12,7,39,0.05968085106382979,638.1634724473925,Faible,0
2326,Jaxon Rogers,Online reguliers (Clothing),599.0,10,31,0.05968085106382979,1175.7005124137056,Faible,0
5274,Ava Thomas,Chaussures ponctuels,28.5,1,172,0.05963302972973599,528.1586752081344,Faible,0
5296,Joseph Campbell,VIP / Champions,2294.25,16,4,0.0596078431372549,1635.3863205025302,Faible,0
2899,Sebastian Cruz,Chaussures ponctuels,50.4,1,13,0.05958379120879122,453.1145289253247,Faible,0
4774,Natalie Jackson,Gros paniers occasionnels (Outerwear),1018.5,7,110,0.05952380952380953,757.6294263067836,Faible,0
5770,Evelyn Torres,Petits dormants (Accessoires),777.85,10,20,0.05952380952380953,1147.5422408009379,Faible,0
5804,Emma Brooks,Online reguliers (Clothing),518.7,9,111,0.05948717948717949,1243.6222708107148,Faible,0
2372,Penelope Carter,Online reguliers (Clothing),508.62,9,107,0.05948717948717949,1164.6990455688754,Faible,0
2482,Alexander Lee,In-Store reguliers,849.88,8,26,0.05947368421052632,720.5599126454055,Faible,0
2773,Ryan Nguyen 2,Gros paniers occasionnels (Outerwear),252.0,2,90,0.059435695342576284,1055.559142921104,Faible,0
4450,Samuel Roberts,Online reguliers (Clothing),451.1,7,9,0.059347826086956525,583.6256637577897,Faible,0
3123,Brooklyn King,In-Store reguliers,1266.75,9,144,0.05933962264150943,1155.5472368314963,Faible,0
2813,Asher Watson,In-Store reguliers,613.75,7,13,0.059244444444444454,538.5895653492139,Faible,0
5869,Anna Nelson 3,In-Store reguliers,424.25,7,27,0.059207317073170736,612.9871511232814,Faible,0
4067,Violet Ramirez,Online reguliers (Clothing),370.8,4,16,0.05912684114665822,777.6127016147922,Faible,0
2450,Ethan Evans,Online reguliers (Clothing),105.0,2,36,0.059099868315720484,770.4040730543811,Faible,0
3646,Alexander Harris,In-Store reguliers,681.4,9,4,0.05887163561076605,1126.734601730991,Faible,0
2670,Isaiah Scott,Online reguliers (Clothing),587.25,9,129,0.0588,1197.418758326412,Faible,0
5653,Lily Flores 2,Online reguliers (Clothing),344.25,5,36,0.0586025641025641,548.6167505996112,Faible,0
5101,Landon Lopez,In-Store reguliers,371.5,6,9,0.058362282878411914,1141.940665628168,Faible,0
4950,Asher Gutierrez,In-Store reguliers,937.0,11,17,0.058352486674595826,1133.120828954107,Faible,0
2362,Alice Gonzalez,Online reguliers (Clothing),411.75,4,42,0.05823863860865308,455.229860681882,Faible,0
4586,Sarah Cox,Gros paniers occasionnels (Outerwear),241.35,4,91,0.058233972134711,455.79432353786535,Faible,0
4652,Wyatt Morales,Online reguliers (Clothing),382.4,5,46,0.05818200793658159,521.109434491662,Faible,0
5102,Claire Martinez 2,Online reguliers (Clothing),437.2,5,46,0.05813469610430097,523.2126656749823,Faible,0
2811,Asher Nelson,Online reguliers (Clothing),235.4,4,38,0.05786320124999826,559.6686450503886,Faible,0
2919,Aiden Rogers,Online reguliers (Clothing),106.75,2,40,0.057855187759856055,1377.6942073747598,Faible,0
2343,Anthony White,Online reguliers (Clothing),196.5,3,142,0.057735343075314007,781.0465834724014,Faible,0
3598,Sadie Moore,Online reguliers (Clothing),315.5,4,35,0.057639644934495825,439.73915061291956,Faible,0
5382,Audrey Howard,Chaussures ponctuels,483.75,3,45,0.05755259083453452,1049.2169681399826,Faible,0
2889,Gabriel Perez,In-Store reguliers,251.72,4,33,0.05747868638332431,572.0030613756078,Faible,0
2182,Alice Miller,Online reguliers (Clothing),25.0,1,20,0.057430066492281,711.6024531283969,Faible,0
3573,Willow Jackson,Online reguliers (Clothing),743.0,5,38,0.057415730337078655,1169.3785274706827,Faible,0
3822,Michael Mitchell,In-Store reguliers,75.0,1,122,0.0573701252786601,329.5437599055359,Faible,0
5031,Thomas Allen,In-Store reguliers,540.0,4,33,0.05723433774030507,537.5917373608402,Faible,0
4259,Grace Young,In-Store reguliers,435.5,5,20,0.05720459620200186,502.5952594057131,Faible,0
5780,Stella King,In-Store reguliers,442.0,5,0,0.05720411447984696,557.4292944768018,Faible,0
3720,Sophie Adams,Online reguliers (Clothing),51.0,1,32,0.05694592020365482,487.8879306458215,Faible,0
5087,Kennedy Ramirez 2,Online reguliers (Clothing),40.0,1,24,0.05681257952573743,745.3257380548931,Faible,0
3648,Ivy Phillips,Online reguliers (Clothing),624.0,8,11,0.056787851413267615,643.4560242316209,Faible,0
3257,Violet Allen,Online reguliers (Clothing),206.8,2,17,0.05677398854682386,1366.4532480482171,Faible,0
3851,Lydia Collins 3,Chaussures ponctuels,23.8,1,31,0.05670642824907023,265.72508147036825,Faible,0
5071,Penelope Rivera 2,In-Store reguliers,399.2,6,167,0.05663099940928723,546.9729289377,Faible,0
2789,Riley Hall,Online reguliers (Clothing),231.5,3,54,0.056603581519990905,942.7674501033373,Faible,0
5713,Sebastian Taylor,Online reguliers (Clothing),29.75,1,29,0.056571820666912825,689.1463064950439,Faible,0
3900,Savannah Bailey,Chaussures ponctuels,658.0,3,64,0.05641832532141275,661.6642736451083,Faible,0
5041,Layla Cruz 2,In-Store reguliers,932.0,5,5,0.05633708322038492,639.6323147974354,Faible,0
4891,Olivia Carter,Online reguliers (Clothing),498.0,4,28,0.0560802909607341,780.4182975817457,Faible,0
5528,Penelope Morales,In-Store reguliers,208.0,3,3,0.05573181547149097,866.9040685281495,Faible,0
2374,David Rivera,Chaussures ponctuels,270.0,1,5,0.05573047945694776,366.46745881998874,Faible,0
5715,Isabella Jones,Online reguliers (Clothing),225.25,5,118,0.05560578654849196,572.1083783122338,Faible,0
3899,Eleanor Sanchez,Gros paniers occasionnels (Outerwear),102.0,1,32,0.05535682336876759,600.3606579898378,Faible,0
2900,James Brooks,In-Store reguliers,71.25,1,139,0.05521010991923998,440.4696643159591,Faible,0
4860,Theodore Chavez,Chaussures ponctuels,28.0,1,382,0.05510598693114448,250.76153531835283,Faible,0
5318,Allison Flores,Online reguliers (Clothing),1265.0,14,119,0.055,1441.8848777797155,Faible,0
2531,Addison Reyes,Online reguliers (Clothing),1649.5,17,69,0.055,1582.8510242284017,Faible,0
4730,Jayden Green,Online reguliers (Clothing),1166.85,7,61,0.055,690.6374499886037,Faible,0
2546,Olivia Rodriguez,Online reguliers (Clothing),1120.6,9,48,0.055,1113.9152343394144,Faible,0
2851,Victoria Rodriguez,Online reguliers (Clothing),648.0,11,32,0.055,1112.8672486157186,Faible,0
5544,Oliver Ortiz,Chaussures ponctuels,24.0,1,34,0.055,570.9157493105214,Faible,0
2212,Madison Howard,Online reguliers (Clothing),556.37,8,73,0.055,636.1554770316474,Faible,0
5471,Aurora Flores,Online reguliers (Clothing),927.25,14,5,0.055,1324.0918496845861,Faible,0
2984,Madison Thompson,In-Store reguliers,905.0,8,113,0.055,678.751460492401,Faible,0
3540,Joseph Mitchell,VIP / Champions,2228.0,35,41,0.055,2724.99405069597,Faible,0
3516,Piper Rodriguez,VIP / Champions,2913.95,41,31,0.055,3066.498825560966,Faible,0
2457,David White,Online reguliers (Clothing),1364.05,12,37,0.055,1286.97816934687,Faible,0
2409,Luna Morris,Online reguliers (Clothing),409.0,6,67,0.055,627.4282294984339,Faible,0
2255,Audrey Baker,VIP / Champions,2354.5,17,9,0.055,1805.928867762527,Faible,0
3757,Nora Stewart,Online reguliers (Clothing),708.35,8,49,0.055,607.2318134039182,Faible,0
2725,Caleb Nguyen,In-Store reguliers,1235.7,15,35,0.055,1462.0970208821338,Faible,0
2007,Paisley Reed,In-Store reguliers,445.25,7,147,0.055,542.7385022862491,Faible,0
4526,Thomas Lewis,Chaussures ponctuels,105.8,3,35,0.054915576871214594,549.5502569225631,Faible,0
5259,Emily Collins 2,Petits dormants (Accessoires),348.9,4,59,0.05483754229461898,477.48203728541716,Faible,0
3153,Liam Torres,Online reguliers (Clothing),450.5,8,13,0.054821428571428577,857.285425326911,Faible,0
5877,Luna Cooper,Online reguliers (Clothing),510.0,7,0,0.05472222222222222,905.5968572396938,Faible,0
4028,Eva Cook,In-Store reguliers,196.0,4,41,0.054701097137823035,473.6265660852031,Faible,0
3251,Ruby Green 2,Chaussures ponctuels,1141.0,6,103,0.05469538541694738,706.4748876417653,Faible,0
4321,Nathan Green,In-Store reguliers,529.6,8,125,0.05466339869281046,667.3337644264922,Faible,0
3633,Addison Baker 2,Petits dormants (Accessoires),62.5,2,29,0.05463588559939859,756.04551777195,Faible,0
2042,Mason Kelly,Online reguliers (Clothing),1496.9,14,12,0.054607843137254905,1472.192145497276,Faible,0
4496,Layla Clark 4,In-Store reguliers,1448.15,16,4,0.054607843137254905,1410.3226007758283,Faible,0
2944,Jack Anderson,Online reguliers (Clothing),1787.65,17,0,0.054607843137254905,1523.9915116271309,Faible,0
3048,Gabriel Moore,VIP / Champions,2395.3,17,2,0.054607843137254905,1707.249994758391,Faible,0
4370,Michael Cooper,In-Store reguliers,803.0,8,40,0.054607843137254905,610.804576577214,Faible,0
4030,Aria Nelson,In-Store reguliers,658.25,10,33,0.054607843137254905,1072.2217836917057,Faible,0
4442,John Moore,Online reguliers (Clothing),381.25,5,35,0.054525628033030724,514.3936357287678,Faible,0
2734,Daniel Gutierrez,Online reguliers (Clothing),755.12,9,76,0.05452380952380952,1209.442866369065,Faible,0
5709,Alice Scott,Online reguliers (Clothing),674.3,10,27,0.05452380952380952,1143.1686807439887,Faible,0
5082,Madison Allen,In-Store reguliers,1379.5,10,4,0.05452380952380952,1209.106522878799,Faible,0
3985,Hazel Baker,Chaussures ponctuels,60.0,1,21,0.054475710428082816,717.5664958769611,Faible,0
4655,Ivy Rodriguez,In-Store reguliers,948.9,9,77,0.05445652173913043,1151.6921045983227,Faible,0
3741,Penelope Diaz,Petits dormants (Accessoires),322.9,7,152,0.05444444444444445,688.7852654781611,Faible,0
3250,Genesis Ward 2,Online reguliers (Clothing),515.7,5,24,0.054370567375886525,666.2638263339333,Faible,0
3638,Thomas Parker,In-Store reguliers,560.0,7,53,0.054350775193798447,613.8044682055348,Faible,0
3853,Isaiah Cook,In-Store reguliers,857.6,9,28,0.054323809523809524,1208.0775584870141,Faible,0
3576,Genesis Evans,Online reguliers (Clothing),760.0,10,30,0.054318181818181814,1156.059403275926,Faible,0
4094,Jacob Ortiz,Online reguliers (Clothing),843.12,10,15,0.0542482929242949,1147.4892434216856,Faible,0
4353,Noah Cruz,Online reguliers (Clothing),178.1,4,6,0.05412817028985508,961.7919634229568,Faible,0
5914,Samuel Campbell,Online reguliers (Clothing),252.5,5,180,0.054057566422795536,570.6178569535053,Faible,0
3703,Aria Collins,Online reguliers (Clothing),607.0,9,80,0.05405701754385965,1223.4081527255994,Faible,0
5396,Sadie Turner,Online reguliers (Clothing),533.0,4,3,0.054032598382971704,563.3782741835336,Faible,0
3818,Maya Jackson 2,Online reguliers (Clothing),295.5,7,221,0.054000000000000006,781.2593444272414,Faible,0
5872,Piper Roberts,In-Store reguliers,360.95,7,37,0.054000000000000006,726.0278810995504,Faible,0
2307,Ivy Bailey,Online reguliers (Clothing),715.5,5,36,0.053912473882078746,651.4182768374403,Faible,0
3491,Aria Torres,Online reguliers (Clothing),689.4,9,26,0.05384615384615385,1198.6229005567982,Faible,0
4301,Nora Harris,Online reguliers (Clothing),460.0,4,1,0.05380694583742515,611.6406989783419,Faible,0
5755,Nolan Campbell 2,In-Store reguliers,401.85,7,207,0.0538,550.915918870174,Faible,0
5226,Carter Gutierrez 2,Online reguliers (Clothing),399.75,7,222,0.0538,595.5239409096984,Faible,0
5451,Quinn Kelly,Online reguliers (Clothing),775.0,11,48,0.053791866028708134,1206.4438446342183,Faible,0
4112,Hannah Williams,Online reguliers (Clothing),584.05,8,62,0.05358333333333334,702.1624558913832,Faible,0
3529,Carter Ramirez,In-Store reguliers,559.13,10,44,0.053543123543123544,1113.0187535076245,Faible,0
3301,Hunter Flores,Petits dormants (Accessoires),312.5,5,218,0.053468793852437385,605.906221407545,Faible,0
3635,William Richardson,Online reguliers (Clothing),355.45,5,251,0.05342973366807704,580.2211856673885,Faible,0
3614,Asher Rogers,In-Store reguliers,440.0,4,26,0.05340349800767739,438.7138083836208,Faible,0
3856,Aria Kelly,In-Store reguliers,653.0,5,92,0.05338034188034188,624.6134658423199,Faible,0
3042,Cora Murphy,Petits dormants (Accessoires),159.53,3,22,0.053156384652169535,1912.9319168191764,Faible,0
3843,Wyatt Anderson,Online reguliers (Clothing),223.75,2,34,0.05312561863800095,1489.9047779128969,Faible,0
4679,Jeremiah Gutierrez,Online reguliers (Clothing),454.65,8,20,0.05310810810810811,646.9963759792857,Faible,0
5865,Grayson Lewis,Online reguliers (Clothing),294.5,6,48,0.05307215360156537,782.9395641429157,Faible,0
2800,Ruby Howard 2,Online reguliers (Clothing),299.7,6,79,0.052980769230769234,765.4878955392473,Faible,0
3145,Mateo Walker,Online reguliers (Clothing),191.0,2,11,0.05297941316786,1598.9957132559512,Faible,0
3753,Eli Walker,In-Store reguliers,62.25,2,26,0.052974464565703726,1081.5820761085179,Faible,0
2272,Mia Wilson,Online reguliers (Clothing),664.6,4,30,0.05291090205589908,567.6872353371116,Faible,0
2812,Elias Johnson,In-Store reguliers,85.0,2,179,0.052899787242832355,375.34887447237895,Faible,0
2697,Ava Mitchell,Chaussures ponctuels,47.6,1,24,0.052875000000000005,735.575938328209,Faible,0
4800,Isabella Brown 3,Online reguliers (Clothing),44.0,1,16,0.05286509466736148,741.9023208753425,Faible,0
3203,Nathan Richardson 2,In-Store reguliers,374.5,7,9,0.052710386387805744,881.8547889882218,Faible,0
3195,Grace Bailey,Online reguliers (Clothing),662.25,9,28,0.05256462984723854,1191.817076647447,Faible,0
4443,Maverick Cook,Chaussures ponctuels,30.0,1,111,0.05253308800791638,633.7147759652662,Faible,0
2160,Aiden Moore,Chaussures ponctuels,60.0,1,38,0.05245301242114227,754.0911200083227,Faible,0
4193,Daniel Martinez,In-Store reguliers,75.0,1,68,0.052410267291915516,573.1797535255662,Faible,0
4057,Ivy Parker 2,Chaussures ponctuels,240.0,2,48,0.05237154718765614,854.9191683160851,Faible,0
2497,Diana Nelson,Online reguliers (Clothing),295.75,4,24,0.05221286283920867,449.61022919349796,Faible,0
4561,Henry Martin 3,Online reguliers (Clothing),291.75,5,185,0.05203819183590595,565.6345815947814,Faible,0
2653,Connor Thompson,Petits dormants (Accessoires),122.25,2,4,0.05193860019291053,1047.4053491657799,Faible,0
5728,Chloe Collins 2,Online reguliers (Clothing),45.0,1,5,0.05187962789578976,644.8064321137314,Faible,0
5096,Ellie Reed,In-Store reguliers,25.0,1,52,0.05179093686523345,341.1245145633318,Faible,0
2139,Stella Jackson,In-Store reguliers,334.5,7,46,0.05166269841269842,836.2763116439369,Faible,0
2199,Henry Wright,Online reguliers (Clothing),275.75,5,45,0.05164582973437477,1201.7334022021255,Faible,0
4883,Sofia Rivera,In-Store reguliers,518.25,5,80,0.0513235294117647,461.79130990646723,Faible,0
2103,Ella Stewart,Online reguliers (Clothing),251.0,6,16,0.05122282430213465,1497.3956823065992,Faible,0
3286,Thomas Cook,Chaussures ponctuels,25.5,1,610,0.051189954051796153,431.26599141012514,Faible,0
3504,Samantha Garcia 2,Chaussures ponctuels,28.0,1,51,0.05107657009286603,513.1944971289519,Faible,0
5057,Leo Peterson,Online reguliers (Clothing),219.75,3,25,0.050922377622377626,1074.6923778391556,Faible,0
4862,Ivy Allen 2,Online reguliers (Clothing),218.25,4,129,0.050846800162995566,478.90048246743555,Faible,0
2625,Claire Turner,Petits dormants (Accessoires),463.25,4,26,0.05076435472746534,583.1630918384308,Faible,0
2733,Ethan Baker,Chaussures ponctuels,410.0,3,6,0.05074281180074831,626.8074034114522,Faible,0
2619,Olivia Perez,Petits dormants (Accessoires),415.0,5,4,0.050428431142903477,843.6861444482508,Faible,0
5180,Luna Parker,In-Store reguliers,286.0,5,37,0.050184277611060715,1027.034362934224,Faible,0
2456,Luke Ramos,In-Store reguliers,255.5,4,13,0.0500472197917289,700.6727693465173,Faible,0
4368,Anthony Campbell 3,In-Store reguliers,439.25,7,37,0.05,684.9119953169023,Faible,0
4977,Grayson Hall,Online reguliers (Clothing),993.25,13,24,0.05,1291.2443365072295,Faible,0
5853,Leah Baker 3,Online reguliers (Clothing),635.0,11,0,0.05,1359.5785003887088,Faible,0
2957,Jacob Cox,Online reguliers (Clothing),654.2,8,68,0.05,629.8577110368565,Faible,0
5436,Kennedy Moore,Online reguliers (Clothing),1391.17,18,17,0.05,1458.9167924437165,Faible,0
3761,Evelyn Phillips,Online reguliers (Clothing),1017.5,10,4,0.05,1131.0696235972148,Faible,0
4536,Emily Lewis,Chaussures ponctuels,24.0,1,14,0.05,567.4634773897756,Faible,0
4063,Gabriel Hill,In-Store reguliers,1658.1,25,0,0.05,1882.1690950905606,Faible,0
2026,Anthony Peterson,Online reguliers (Clothing),843.25,9,78,0.05,1144.6796572924563,Faible,0
5034,Madison Davis 2,In-Store reguliers,1114.5,8,18,0.05,851.8456850489314,Faible,0
2434,Jonathan Watson,Online reguliers (Clothing),476.0,7,61,0.05,711.3534079999321,Faible,0
4614,Brooklyn Campbell,In-Store reguliers,1169.25,16,26,0.05,1399.4708473405597,Faible,0
2147,Chloe Young,Online reguliers (Clothing),1064.0,10,8,0.05,1113.0858816110986,Faible,0
5758,Harper Nelson,Online reguliers (Clothing),622.0,7,31,0.05,617.1528907570643,Faible,0
2455,Jayden Young,Online reguliers (Clothing),1390.8,16,104,0.05,1320.5185216614561,Faible,0
3680,Nora Peterson,Online reguliers (Clothing),694.8,8,39,0.05,686.7622005739674,Faible,0
2654,Oliver Lopez,In-Store reguliers,717.8,13,29,0.05,1181.5853345295006,Faible,0
5691,Skylar Thompson 2,Online reguliers (Clothing),731.75,11,173,0.05,1159.6936243583675,Faible,0
2568,Jayden Walker,Online reguliers (Clothing),716.4,9,17,0.05,862.9809524507832,Faible,0
4643,Ivy Kim,VIP / Champions,3133.8,46,5,0.05,2972.7585534036757,Faible,0
5161,Isaac Baker,In-Store reguliers,1354.7,22,16,0.05,1696.028766109265,Faible,0
3588,Luke Rogers,In-Store reguliers,1377.1,14,54,0.05,1286.4672850795723,Faible,0
4823,Mia Edwards,Petits dormants (Accessoires),603.4,6,99,0.05,612.8934382791871,Faible,0
5554,Lily Young,Online reguliers (Clothing),529.9,10,31,0.05,1197.2839356260793,Faible,0
4136,Sofia Roberts,Online reguliers (Clothing),853.75,8,78,0.05,626.7377240624262,Faible,0
4848,Stella Young,Online reguliers (Clothing),490.0,5,192,0.05,607.4840284238455,Faible,0
3867,Allison Brown,Online reguliers (Clothing),1104.0,7,62,0.05,618.7424414857096,Faible,0
3716,Lincoln Morales 2,Online reguliers (Clothing),509.5,9,46,0.05,1161.2079963796955,Faible,0
4852,Noah Ortiz,In-Store reguliers,1397.88,15,60,0.05,1379.8933666567245,Faible,0
5297,Ruby Bailey,Chaussures ponctuels,24.0,1,17,0.05,721.0097161862178,Faible,0
5050,Maya Thomas,In-Store reguliers,1350.65,19,46,0.05,1603.9741138112838,Faible,0
3159,Ava Garcia,Online reguliers (Clothing),121.5,2,21,0.04996576049075645,625.0808199052906,Faible,0
4748,Liam White,Online reguliers (Clothing),487.75,5,347,0.04988406654568585,480.04759260779133,Faible,0
4003,Maya Martin,Petits dormants (Accessoires),250.5,4,25,0.04987847550799732,814.4283928977079,Faible,0
2247,Adrian White,Chaussures ponctuels,139.1,3,13,0.049853715681739866,890.7746903371626,Faible,0
2336,Emily Brown,In-Store reguliers,167.2,3,27,0.04981714036450878,567.4991341990267,Faible,0
5209,Jeremiah Harris,Online reguliers (Clothing),962.5,9,10,0.049800000000000004,1177.9874579583054,Faible,0
3894,Sebastian Watson,Online reguliers (Clothing),825.0,9,29,0.049800000000000004,1197.574247370135,Faible,0
4884,Sebastian Murphy,In-Store reguliers,992.5,10,27,0.049800000000000004,1080.803663149705,Faible,0
5906,Madison Walker 2,Petits dormants (Accessoires),531.5,7,134,0.04972222222222222,694.154540247816,Faible,0
5708,Luke Sanchez,In-Store reguliers,83.65,2,132,0.04966850726373364,345.34220622031324,Faible,0
5103,Christian Scott,In-Store reguliers,779.6,9,26,0.04961538461538462,1292.2038944409983,Faible,0
5624,Amelia Nelson,Online reguliers (Clothing),1103.75,17,4,0.04961538461538462,1419.7493117682661,Faible,0
2908,Isabella Anderson,In-Store reguliers,1460.35,17,6,0.0496078431372549,1411.4495979151916,Faible,0
2592,Savannah Carter,In-Store reguliers,1109.75,10,37,0.0496078431372549,1138.3544622876295,Faible,0
4106,Riley Cruz 2,In-Store reguliers,1298.0,8,1,0.0496078431372549,703.9020343285634,Faible,0
3337,Penelope Gonzalez,In-Store reguliers,589.25,9,20,0.04958333333333333,1149.5976701482066,Faible,0
3416,Violet Hernandez,Online reguliers (Clothing),759.9,9,74,0.049523809523809526,1144.9528507857676,Faible,0
4729,Diana Johnson,In-Store reguliers,834.62,11,28,0.04951612903225806,1309.5541795458184,Faible,0
2117,Kennedy Cooper,Online reguliers (Clothing),1116.1,10,7,0.0495,1162.5603655887467,Faible,0
4712,Lincoln Jackson,Online reguliers (Clothing),777.25,9,12,0.04948717948717949,1344.2360268448629,Faible,0
3886,Charlie Rogers,Online reguliers (Clothing),1333.25,11,173,0.049473684210526316,1213.1187559836806,Faible,0
4813,Dylan Miller,Petits dormants (Accessoires),290.5,6,99,0.049469315895372235,799.009968574475,Faible,0
2581,Victoria Watson,Petits dormants (Accessoires),286.25,5,32,0.04944837416513975,946.6203946559248,Faible,0
4876,Wyatt Lewis,In-Store reguliers,732.25,7,70,0.049444444444444444,570.2286065337664,Faible,0
4159,Aaron Evans,Online reguliers (Clothing),331.5,7,121,0.049444444444444444,630.8126741172084,Faible,0
3434,Scarlett Hall,Online reguliers (Clothing),536.0,5,124,0.049380341880341884,559.4890250473128,Faible,0
3957,Connor Johnson,Online reguliers (Clothing),688.0,7,5,0.04934782608695652,682.4149827450008,Faible,0
5136,Noah Gutierrez 2,In-Store reguliers,1369.25,12,24,0.04934782608695652,1290.527836058649,Faible,0
2045,Jacob Morales,Online reguliers (Clothing),787.38,6,15,0.04933962264150944,544.7050810192181,Faible,0
4818,Hazel Hernandez,Online reguliers (Clothing),451.75,6,29,0.04933962264150944,537.5175202045205,Faible,0
5637,Emma Hernandez 4,Online reguliers (Clothing),566.0,6,212,0.04933962264150944,561.7920638615683,Faible,0
3404,Theodore Martin,Online reguliers (Clothing),624.25,9,57,0.04932380952380952,1188.3645004663638,Faible,0
4836,Jaxon Rogers 3,Online reguliers (Clothing),882.5,8,195,0.04932380952380952,548.9347472751052,Faible,0
4542,Ryan Miller 3,Online reguliers (Clothing),1063.75,10,69,0.04932380952380952,1138.2873798281682,Faible,0
5170,Charlie Anderson,Online reguliers (Clothing),495.25,8,134,0.04931818181818182,685.6372930771463,Faible,0
2613,Sophie Taylor,Online reguliers (Clothing),454.25,9,46,0.04929596811639066,1159.4482341267865,Faible,0
2316,Daniel Ramos,In-Store reguliers,35.0,1,74,0.04929180456509938,388.9431616179161,Faible,0
3136,Mason Edwards,Chaussures ponctuels,414.38,6,84,0.049207317073170734,615.2448512722508,Faible,0
4714,Aiden Jackson,Online reguliers (Clothing),312.95,7,19,0.049207317073170734,794.5722086902517,Faible,0
3329,Luna Cox,Gros paniers occasionnels (Outerwear),658.0,5,118,0.04920039420262487,607.5527306224442,Faible,0
2521,Thomas Howard,Online reguliers (Clothing),747.05,8,27,0.04913962264150944,653.0119003279692,Faible,0
3980,Olivia Peterson,Petits dormants (Accessoires),515.8,7,71,0.049007936507936514,698.7095662691664,Faible,0
5270,Gabriel Miller 3,Online reguliers (Clothing),796.7,10,38,0.049004660587639304,1071.3219166434556,Faible,0
2778,Ethan Flores,In-Store reguliers,503.75,5,33,0.0489657042975107,496.2884678896735,Faible,0
2135,Jayden Ward,In-Store reguliers,493.2,5,39,0.0489041514041514,577.9666202606354,Faible,0
3242,Owen Hall,Online reguliers (Clothing),1316.8,14,15,0.048871635610766045,1323.8675485879585,Faible,0
3288,Jeremiah Edwards,Online reguliers (Clothing),335.25,6,29,0.04884615384615385,644.1256666528056,Faible,0
5743,Landon Taylor,Online reguliers (Clothing),725.7,9,9,0.048812503724894214,1179.5198378466555,Faible,0
3258,Leo Martin,In-Store reguliers,351.8,4,316,0.04879976851851852,469.61426130978964,Faible,0
4658,Audrey Reyes,In-Store reguliers,961.0,6,89,0.048775982487710895,688.4273013627861,Faible,0
5710,Lucy Anderson,Online reguliers (Clothing),213.25,3,21,0.04874582336523126,1519.0506774747391,Faible,0
4985,Jeremiah Anderson 2,Online reguliers (Clothing),511.5,8,37,0.048680851063829786,694.2421758403383,Faible,0
4310,Ellie Thomas,In-Store reguliers,618.0,5,6,0.04866605616605616,572.3171009806493,Faible,0
2577,Layla Robinson,Chaussures ponctuels,714.0,6,21,0.048625336927223727,635.1495630075495,Faible,0
4043,Liam Jackson,Online reguliers (Clothing),465.25,6,29,0.04857353276382046,534.6041366517666,Faible,0
3093,Thomas Adams,Online reguliers (Clothing),681.05,10,4,0.04855248667459583,1233.0225659400346,Faible,0
2983,Ivy Nelson,Online reguliers (Clothing),438.0,9,22,0.048476751742880776,1664.443797843202,Faible,0
4226,Joseph Reed,Chaussures ponctuels,270.0,1,0,0.04826048171275646,1063.5523313678575,Faible,0
2928,David Parker,Petits dormants (Accessoires),622.0,6,32,0.04818298969072165,636.0797520828625,Faible,0
5933,Gabriel Moore 2,Petits dormants (Accessoires),281.4,3,24,0.04815232200833494,1046.494348324138,Faible,0
5950,Luke Taylor 2,Chaussures ponctuels,81.0,1,40,0.04811930905719222,260.38535649525477,Faible,0
5371,John Reed,In-Store reguliers,676.2,5,169,0.0479949023608633,597.6790493849587,Faible,0
4558,Riley Mitchell,In-Store reguliers,468.0,5,47,0.047965704297510695,488.43101427979747,Faible,0
4075,Penelope Richardson,Online reguliers (Clothing),522.9,7,1,0.04796104928457869,703.0371274663822,Faible,0
5527,Aria Clark 2,Online reguliers (Clothing),49.5,1,13,0.047930323357590156,461.14749578739276,Faible,0
3050,Lucy Watson,Online reguliers (Clothing),435.0,4,166,0.04790233262108262,435.75997622262526,Faible,0
5325,Audrey Scott,Online reguliers (Clothing),443.0,5,1,0.04788780456690905,616.5276135272459,Faible,0
2073,James Robinson,Online reguliers (Clothing),31.5,1,30,0.04776204935714151,466.8964128309388,Faible,0
2327,Charles Cruz,In-Store reguliers,911.55,10,109,0.047588545055302536,1231.5221286618812,Faible,0
2287,Addison Ortiz,Online reguliers (Clothing),685.0,4,130,0.04757245947981516,509.25943405964784,Faible,0
2582,Kinsley Thompson 2,Chaussures ponctuels,120.0,1,488,0.04739159070060772,337.69469903817895,Faible,0
4752,Emily Hall 2,In-Store reguliers,349.0,6,129,0.0472896888185654,616.8225072124638,Faible,0
4789,Olivia Wilson,Online reguliers (Clothing),415.0,5,196,0.047285262330196184,596.1847612447519,Faible,0
3525,Paisley Sanchez,Online reguliers (Clothing),346.0,3,0,0.04691319988583913,484.9539696115073,Faible,0
2608,Naomi Gutierrez,Online reguliers (Clothing),423.2,6,33,0.04689875851461217,555.0166765955003,Faible,0
3032,Scarlett Rogers,In-Store reguliers,45.0,1,36,0.046891692927160535,457.5164025972926,Faible,0
4385,Ellie Lewis,Online reguliers (Clothing),552.6,5,202,0.04686630478872729,588.7161016123779,Faible,0
5072,Naomi Wilson,Chaussures ponctuels,110.0,1,10,0.046843311860553245,405.8152428456787,Faible,0
2462,Ryan Nguyen,Online reguliers (Clothing),128.0,3,17,0.046751478453607324,749.7403326228122,Faible,0
4374,Thomas Thompson,In-Store reguliers,320.0,3,13,0.046607506862200415,505.7965354462459,Faible,0
5613,Jack Harris,In-Store reguliers,734.0,5,123,0.04643533789219631,504.61923417476663,Faible,0
4283,Riley Brooks,Chaussures ponctuels,380.0,3,9,0.04638333679131504,850.7208818024219,Faible,0
5574,Hazel Wilson,Chaussures ponctuels,28.5,1,83,0.046322888596343974,523.6898580548692,Faible,0
3018,Layla Evans,Online reguliers (Clothing),54.0,1,23,0.04632183279155242,688.8956144954838,Faible,0
2951,Theo Rodriguez,In-Store reguliers,65.0,1,57,0.046301860822162026,533.7385989392137,Faible,0
5193,Isaac Cox,Chaussures ponctuels,90.0,1,58,0.04626099153516201,631.9958615780764,Faible,0
2924,Aaron Torres,In-Store reguliers,585.0,6,42,0.0460169858271124,606.8404590333904,Faible,0
2715,Theodore Nelson,Online reguliers (Clothing),301.25,5,6,0.04601055987810356,421.07695668626474,Faible,0
4717,Jaxon Hill,In-Store reguliers,25.0,1,78,0.04585301999502052,554.0949836505941,Faible,0
2534,Ella Evans,Online reguliers (Clothing),354.0,5,2,0.04576414823135463,501.96670725227165,Faible,0
4535,Zoe Rodriguez,Online reguliers (Clothing),415.0,5,42,0.0455886628157125,563.9361629154596,Faible,0
5421,John Moore 2,Online reguliers (Clothing),389.0,5,176,0.04528164485813211,489.37353564401946,Faible,0
5110,Diana Lee,Gros paniers occasionnels (Outerwear),848.5,5,115,0.045253986209868556,796.9192917251432,Faible,0
3237,Leah Gutierrez,Online reguliers (Clothing),52.0,1,24,0.04513160410132375,735.3378661378441,Faible,0
3373,Aurora Kelly,Chaussures ponctuels,110.0,1,79,0.04507591442374051,551.41943434398,Faible,0
4046,Ava Collins,Online reguliers (Clothing),509.2,7,113,0.045,609.4305862694607,Faible,0
4230,Maverick Baker,Online reguliers (Clothing),652.5,6,58,0.045,660.283569458954,Faible,0
5130,Julia Parker,Online reguliers (Clothing),1368.95,17,34,0.045,1563.5332933829839,Faible,0
3222,Maya Jackson,Online reguliers (Clothing),1704.0,7,5,0.045,750.6211144051135,Faible,0
2118,Lydia Robinson,Online reguliers (Clothing),863.75,11,55,0.045,1250.5237907532253,Faible,0
4532,Zoe Evans,In-Store reguliers,661.2,9,45,0.045,1180.1519644829057,Faible,0
2444,Isaac Gonzalez,Online reguliers (Clothing),441.4,7,56,0.045,649.1007518043807,Faible,0
3591,Ella Rogers,Online reguliers (Clothing),1280.6,15,11,0.045,1446.7846408707985,Faible,0
3165,Landon Ramos,Online reguliers (Clothing),850.0,14,34,0.045,1379.346823128072,Faible,0
4128,Landon Gutierrez,Online reguliers (Clothing),732.25,7,121,0.045,722.9680323397067,Faible,0
4391,Layla Phillips 3,Online reguliers (Clothing),1177.75,18,28,0.045,1375.5273068607828,Faible,0
4821,Audrey Baker 2,VIP / Champions,3345.6,24,1,0.045,2587.7523364448034,Faible,0
4777,Nora Evans,In-Store reguliers,718.4,11,1,0.045,1124.8437124366978,Faible,0
3893,Natalie Ortiz,Online reguliers (Clothing),1229.2,9,152,0.045,1151.630327373576,Faible,0
3134,Eleanor Chavez,Online reguliers (Clothing),1226.15,18,18,0.045,1508.8141251034986,Faible,0
2463,Ivy Cook,Online reguliers (Clothing),1009.45,17,69,0.045,1992.0061908972357,Faible,0
2939,Grace Campbell,In-Store reguliers,704.3,9,182,0.045,1109.707617419081,Faible,0
2501,Samantha Brown 2,Petits dormants (Accessoires),528.5,7,51,0.045,613.7947240936796,Faible,0
5553,Caleb Hall,Online reguliers (Clothing),394.95,7,8,0.045,731.8059499432795,Faible,0
3798,John Ward,Online reguliers (Clothing),738.4,8,7,0.045,664.5202069641834,Faible,0
5845,Piper Moore 2,In-Store reguliers,1274.8,14,70,0.045,1266.5442389826305,Faible,0
3124,Harper Lee,In-Store reguliers,632.0,9,15,0.045,1068.6851153065481,Faible,0
2188,Olivia Baker,Online reguliers (Clothing),1683.75,13,53,0.045,1355.3329632285854,Faible,0
5388,Sarah Rogers,Petits dormants (Accessoires),413.3,7,248,0.045,583.7185407738862,Faible,0
5611,Brooklyn Davis,In-Store reguliers,1026.45,12,17,0.045,1198.3211417654422,Faible,0
3066,Quinn Morales,Online reguliers (Clothing),490.5,7,8,0.045,709.2242016284655,Faible,0
4087,Samantha Bailey,In-Store reguliers,801.75,8,156,0.045,586.0282541869066,Faible,0
5315,Ivy Campbell 3,Online reguliers (Clothing),1540.65,20,5,0.045,1643.3243004124636,Faible,0
2155,James Gutierrez,Online reguliers (Clothing),1718.5,19,16,0.045,1527.6880981044462,Faible,0
5191,Hazel Rogers 2,Online reguliers (Clothing),697.0,6,50,0.045,609.4796084429489,Faible,0
3647,Alice Wilson,Online reguliers (Clothing),638.6,10,17,0.045,1113.3722669989108,Faible,0
4455,Lincoln Ortiz,Online reguliers (Clothing),812.35,11,69,0.045,1175.998312168853,Faible,0
2872,Lucy Reed 2,In-Store reguliers,981.1,12,1,0.045,1197.9920499770033,Faible,0
4434,Natalie Johnson 2,Online reguliers (Clothing),850.3,10,2,0.045,1155.6175267588994,Faible,0
4372,Violet Morgan,Online reguliers (Clothing),1135.5,10,85,0.045,1151.2255649246438,Faible,0
2648,Evelyn Perez,In-Store reguliers,768.0,12,1,0.045,1073.0628509405508,Faible,0
2274,Lucas Gutierrez,Online reguliers (Clothing),442.4,8,10,0.045,701.084055807713,Faible,0
5763,Jacob Parker,Online reguliers (Clothing),318.25,5,204,0.045,536.2761650880349,Faible,0
2284,Victoria Flores,Online reguliers (Clothing),1011.5,9,77,0.045,1091.5250932213164,Faible,0
5217,Paisley Gutierrez,Online reguliers (Clothing),1222.0,14,109,0.045,1449.250711998656,Faible,0
2249,Maya Williams,In-Store reguliers,1113.52,14,45,0.045,1345.064621760459,Faible,0
3512,Grace Kim,In-Store reguliers,1324.9,12,49,0.045,1299.808329690185,Faible,0
2974,Jack Cook,Gros paniers occasionnels (Outerwear),878.75,8,18,0.045,852.9831791857789,Faible,0
2973,Brooklyn Collins,In-Store reguliers,1548.0,15,27,0.045,1673.2005435090741,Faible,0
3556,Willow Cruz,In-Store reguliers,35.0,1,5,0.044934210526315785,867.1223960532561,Faible,0
4124,Alice King 3,Online reguliers (Clothing),842.25,15,4,0.04485915492957746,2347.9272452188097,Faible,0
3695,Leah Reyes,Online reguliers (Clothing),278.8,6,67,0.04484994375945761,851.873275517352,Faible,0
2211,Genesis Watson,Gros paniers occasionnels (Outerwear),565.7,4,178,0.044821428571428575,646.2662772685862,Faible,0
3750,Zoe Morris,In-Store reguliers,155.0,2,150,0.044818888464154966,975.9703564666993,Faible,0
4376,Hunter Cooper,In-Store reguliers,1144.63,11,29,0.044800000000000006,1216.7031425976938,Faible,0
3131,Chloe Carter,Online reguliers (Clothing),450.5,7,31,0.04472972972972973,650.6445234702084,Faible,0
2958,Julia Walker,Petits dormants (Accessoires),375.35,7,8,0.04468058350100604,1758.1432608842783,Faible,0
3338,Skylar Reed,Online reguliers (Clothing),192.0,6,20,0.044651162790697675,1260.541441977056,Faible,0
5622,Evelyn Ortiz,Online reguliers (Clothing),1538.3,13,16,0.0446078431372549,1409.503839083471,Faible,0
5284,Leah Turner,In-Store reguliers,797.1,8,36,0.0446078431372549,601.7168961465042,Faible,0
4276,Lily Taylor,Online reguliers (Clothing),774.6,13,20,0.04454545454545455,1166.8879986836168,Faible,0
4384,Noah Hill,In-Store reguliers,685.5,8,46,0.04452380952380953,661.9952164229776,Faible,0
5807,Ivy Kelly 2,In-Store reguliers,1297.0,10,102,0.04452380952380953,1219.1512066261203,Faible,0
5722,Hazel Turner,Online reguliers (Clothing),1213.0,12,18,0.04452380952380953,1197.5040647473645,Faible,0
2278,Ryan Cooper,Online reguliers (Clothing),1367.25,13,24,0.04452380952380953,1340.7464395588386,Faible,0
5416,Eleanor Rodriguez,Online reguliers (Clothing),935.95,11,131,0.04452380952380953,1189.125155068758,Faible,0
2870,Samantha Nelson,Online reguliers (Clothing),975.15,9,29,0.04452380952380953,1167.0892618542541,Faible,0
2005,Grayson Clark,Online reguliers (Clothing),750.4,9,16,0.04448085106382979,1140.451597058781,Faible,0
2351,Isaac Ortiz,In-Store reguliers,657.05,12,23,0.04448085106382979,1153.995722087103,Faible,0
5617,Aiden Murphy 2,In-Store reguliers,806.0,7,110,0.044444444444444446,641.2237142624483,Faible,0
3920,Nora Cook,Online reguliers (Clothing),403.5,6,4,0.04439312842254019,613.469075629167,Faible,0
5731,Hunter Evans,Online reguliers (Clothing),473.2,5,6,0.04438034188034188,624.4276365798642,Faible,0
2511,Oliver Wilson,Online reguliers (Clothing),512.0,4,78,0.0443791546469334,673.1891232428147,Faible,0
4355,James Nelson,In-Store reguliers,298.0,5,74,0.04436927638706734,1000.7962179666614,Faible,0
4392,Landon Williams,In-Store reguliers,1061.75,12,10,0.044347826086956525,1169.7137185992788,Faible,0
3508,Natalie Davis,Chaussures ponctuels,755.0,6,109,0.04433962264150944,534.7960016519417,Faible,0
3280,William Phillips,Online reguliers (Clothing),905.0,13,29,0.04433962264150944,1301.704507987365,Faible,0
4077,Lydia Nguyen,Online reguliers (Clothing),1302.25,11,59,0.04433962264150944,1150.9072657181052,Faible,0
3393,Lucas Allen,Online reguliers (Clothing),632.92,9,35,0.04431818181818182,1162.109970923934,Faible,0
3365,Audrey Mitchell,Online reguliers (Clothing),313.0,6,222,0.044242424242424236,600.3085668650821,Faible,0
4833,Theodore Taylor,In-Store reguliers,425.0,5,145,0.04422068707991038,534.8973966701307,Faible,0
4494,Olivia Clark,In-Store reguliers,852.0,5,23,0.04421052631578947,894.3269841363388,Faible,0
2585,Christian Torres,Online reguliers (Clothing),381.13,8,99,0.044207317073170736,771.730690743216,Faible,0
2366,David Stewart,Online reguliers (Clothing),971.75,10,125,0.04413962264150943,1180.3430893597217,Faible,0
2241,Maya King,Online reguliers (Clothing),791.25,8,14,0.044131652661064426,604.6960544828413,Faible,0
2850,Michael Perez,In-Store reguliers,923.5,10,55,0.04413151364764268,1218.302523292495,Faible,0
4953,Piper Morales,Online reguliers (Clothing),635.5,5,88,0.044000000000000004,608.839490657499,Faible,0
3816,Victoria Hernandez,Chaussures ponctuels,30.0,1,186,0.04399483097197202,433.82499828893253,Faible,0
5341,Joseph Garcia,Online reguliers (Clothing),857.5,6,50,0.0439041514041514,810.4183144847703,Faible,0
5054,Christian Watson 3,In-Store reguliers,458.25,5,40,0.043847152242828924,767.2836010358646,Faible,0
2918,Sarah Bailey,In-Store reguliers,1018.5,6,15,0.04384615384615385,912.4753398683845,Faible,0
3864,Julia Gonzalez,Online reguliers (Clothing),653.8,12,4,0.04384615384615385,1175.9862798841598,Faible,0
4796,Carter Campbell,Online reguliers (Clothing),493.25,5,12,0.04383500557413601,517.8787818010495,Faible,0
3189,Michael Reed,In-Store reguliers,345.25,5,250,0.043829078014184404,562.8817691863687,Faible,0
5092,Hazel Baker 2,Chaussures ponctuels,90.0,1,69,0.04382591442374051,611.1268843571319,Faible,0
5283,Ryan Wilson,Online reguliers (Clothing),1037.25,8,54,0.04382238126219908,622.3159774174433,Faible,0
3073,Madison Richardson,Online reguliers (Clothing),262.5,3,16,0.043755212679033005,875.5916299435019,Faible,0
3652,Julia Lopez,Online reguliers (Clothing),420.9,5,18,0.04372260046435723,602.2038842150064,Faible,0
2476,Jeremiah Williams,In-Store reguliers,514.7,7,23,0.04367202753441802,778.390131058132,Faible,0
3141,Grayson Jones,Chaussures ponctuels,24.0,1,34,0.04364712732919255,505.27297491219514,Faible,0
3080,Isaac Scott,Online reguliers (Clothing),191.5,3,41,0.04355738087779002,1078.6569151081567,Faible,0
4174,Cora Peterson,Online reguliers (Clothing),490.0,6,66,0.04352380952380953,584.522786878723,Faible,0
3821,Paisley Phillips,Online reguliers (Clothing),686.25,7,231,0.04336996336996338,555.7902270041282,Faible,0
5587,Samuel Kim 2,In-Store reguliers,1099.0,20,1,0.04336228287841191,2469.783190098537,Faible,0
2472,Ella Jones,In-Store reguliers,310.0,4,85,0.043353189654017195,428.2900115045566,Faible,0
5882,Nora Ramos,Online reguliers (Clothing),389.5,7,58,0.04333976833976834,675.9491440797304,Faible,0
5922,Maya Baker,In-Store reguliers,570.0,3,74,0.043327165024454196,844.8038168444089,Faible,0
3216,Daniel Perez,In-Store reguliers,369.5,5,169,0.04326064865612972,525.0673247494525,Faible,0
4222,Thomas Howard 2,Chaussures ponctuels,180.0,1,1,0.04326048171275646,1014.5401866150246,Faible,0
4527,Jonathan Jones 3,Online reguliers (Clothing),420.75,7,63,0.04320731707317073,626.3628757399356,Faible,0
5156,Natalie Ortiz 2,Online reguliers (Clothing),92.0,2,38,0.04315249154721118,1195.3261407280045,Faible,0
5663,Aria Cox 2,Gros paniers occasionnels (Outerwear),297.0,2,42,0.0428917747525463,921.2166500977037,Faible,0
5510,Zoe Jackson,Online reguliers (Clothing),255.5,5,21,0.04264126026774583,1209.9613204079478,Faible,0
5706,Henry Rivera,Online reguliers (Clothing),214.5,4,31,0.04263182109563615,519.3267772223003,Faible,0
4300,Zoe Cox,Chaussures ponctuels,30.0,1,3,0.042584351922587214,648.3770409582407,Faible,0
5724,Claire Harris,Online reguliers (Clothing),235.6,4,115,0.042426418109451206,1087.7495114036678,Faible,0
2844,Layla Adams,Online reguliers (Clothing),305.6,5,50,0.042415730337078655,954.3795426157686,Faible,0
2280,Ava Kelly,Online reguliers (Clothing),345.8,5,154,0.04232142924459953,586.3742897353031,Faible,0
4422,Allison Turner,Chaussures ponctuels,27.0,1,34,0.0421875,805.8160784735919,Faible,0
5113,Bob Hall,Petits dormants (Accessoires),485.62,4,103,0.04200189633375475,788.9206265765945,Faible,0
4528,Caroline Thompson,Chaussures ponctuels,212.0,3,90,0.04189080455762099,1026.3368045308289,Faible,0
3317,Jack Cruz,Online reguliers (Clothing),272.6,4,21,0.04188925205607428,664.7329078532432,Faible,0
3892,Evelyn Murphy,Gros paniers occasionnels (Outerwear),242.25,3,33,0.04188882032010072,1034.391328845985,Faible,0
4569,Samantha Rogers,In-Store reguliers,226.32999999999998,5,15,0.041699014778325126,1125.0981444898155,Faible,0
4900,Wyatt Lewis 2,Petits dormants (Accessoires),267.0,5,63,0.041680202507649096,825.0886187556742,Faible,0
5818,Mia Carter 3,Online reguliers (Clothing),219.0,3,83,0.04143043983161271,650.0091819548031,Faible,0
3787,Audrey Morris,Chaussures ponctuels,30.0,1,29,0.04134701625605516,645.3855457376698,Faible,0
3277,Riley Johnson,Online reguliers (Clothing),25.0,1,18,0.0412535959040457,636.3629459571432,Faible,0
3675,Hannah Morris,In-Store reguliers,540.25,4,23,0.041230179028132995,706.0679018803551,Faible,0
3550,Theodore Clark,In-Store reguliers,221.35,4,8,0.04094463985088985,1435.1291878330478,Faible,0
3040,Isabella Allen,Online reguliers (Clothing),361.25,3,40,0.040932854356566926,783.1229716191476,Faible,0
2645,Jayden Walker 2,Chaussures ponctuels,110.0,1,59,0.040754778084869624,395.0383014620199,Faible,0
4205,Scarlett Young,Chaussures ponctuels,145.25,3,33,0.040706159603786374,1072.7521700529933,Faible,0
4209,Samuel Richardson,Online reguliers (Clothing),281.0,5,20,0.04062822169341694,1137.7750162900265,Faible,0
3021,Lucy Thompson,Online reguliers (Clothing),440.0,4,1,0.04030615942028985,472.63952543257335,Faible,0
4590,Leo Ward,Chaussures ponctuels,240.75,3,26,0.040175386194273514,1557.8796141876455,Faible,0
2379,Sebastian Davis,Online reguliers (Clothing),90.0,1,3,0.04010570796909649,479.3545100585836,Faible,0
3736,Christian Johnson,Online reguliers (Clothing),666.6,6,43,0.04,590.6438640789851,Faible,0
3744,Naomi Howard 3,Online reguliers (Clothing),718.95,11,4,0.04,1153.2531394065322,Faible,0
4328,Leah Edwards,Petits dormants (Accessoires),838.45,8,80,0.04,691.3365170793413,Faible,0
3604,Naomi Howard 2,In-Store reguliers,659.62,8,28,0.04,523.9091638020084,Faible,0
5376,Christian Brown 2,Online reguliers (Clothing),679.3,7,70,0.04,616.7111953367853,Faible,0
2449,Wyatt Clark,In-Store reguliers,948.9,10,62,0.04,1163.7764375239485,Faible,0
5310,Jayden Robinson 3,VIP / Champions,3163.4,46,5,0.04,2920.374137499998,Faible,0
3279,Amelia Rivera,Gros paniers occasionnels (Outerwear),561.0,3,3,0.04,995.2905874774068,Faible,0
2807,Madison Ramirez,In-Store reguliers,615.1,9,12,0.04,908.5213495295534,Faible,0
3962,Savannah Turner,Online reguliers (Clothing),694.5,9,91,0.04,1139.097799159483,Faible,0
3649,Daniel Hill,In-Store reguliers,624.0,7,5,0.04,565.7158035174997,Faible,0
5187,John Peterson,Online reguliers (Clothing),1276.25,15,82,0.04,1348.8654436263453,Faible,0
5606,Emma Hernandez 3,Online reguliers (Clothing),1040.6,10,119,0.04,1055.1583076210322,Faible,0
3645,Penelope Taylor,In-Store reguliers,1252.0,13,38,0.04,1148.5230689688278,Faible,0
2397,Oliver Morris,In-Store reguliers,815.0,10,1,0.04,2381.1583213872236,Faible,0
5790,Charlie Davis 2,Online reguliers (Clothing),465.5,6,5,0.04,1161.0241111286405,Faible,0
2051,Maya Hall,Online reguliers (Clothing),542.1,6,86,0.04,562.8039722794045,Faible,0
5480,Chloe Richardson 2,Online reguliers (Clothing),1306.25,11,21,0.04,1334.5356602879144,Faible,0
3380,Emma Peterson,In-Store reguliers,888.6,9,4,0.04,1218.3982392862238,Faible,0
2209,Genesis Thompson,Online reguliers (Clothing),868.05,12,49,0.04,1179.85104187217,Faible,0
3793,Ivy Carter,In-Store reguliers,780.9,10,5,0.04,1208.449120107622,Faible,0
3446,Alexander Turner,Online reguliers (Clothing),740.95,11,200,0.04,1193.567971656984,Faible,0
5133,Scarlett Lopez,Online reguliers (Clothing),1227.95,14,17,0.04,1432.9875894564123,Faible,0
4404,Henry Moore 2,Gros paniers occasionnels (Outerwear),1258.5,4,3,0.04,1362.3879675890798,Faible,0
4882,Leah Taylor,Gros paniers occasionnels (Outerwear),1034.05,6,40,0.04,767.6751738074378,Faible,0
4009,Joseph Flores,Online reguliers (Clothing),801.65,7,101,0.04,701.9649062940855,Faible,0
5354,Amelia Howard 2,Chaussures ponctuels,24.0,1,24,0.04,697.9213397681028,Faible,0
2936,Mia Ward,Online reguliers (Clothing),937.0,10,6,0.04,1109.6750619974468,Faible,0
3444,Mateo Phillips,In-Store reguliers,532.65,10,1,0.04,1372.141145779471,Faible,0
4913,Grace Garcia,In-Store reguliers,1239.5,10,45,0.04,1162.9050964020412,Faible,0
2729,Ruby Williams,Online reguliers (Clothing),347.7,7,12,0.04,743.3929703959908,Faible,0
4547,Julian Sanchez,Online reguliers (Clothing),593.0,9,119,0.04,1277.8944594851846,Faible,0
4285,Emma Garcia,In-Store reguliers,1041.3,11,14,0.04,1135.9005617384366,Faible,0
2203,Levi Mitchell,Online reguliers (Clothing),1351.37,13,40,0.04,1257.901329094456,Faible,0
2994,Aiden Young,Online reguliers (Clothing),936.5,16,36,0.04,1168.1543195450695,Faible,0
3839,Lydia Green,Online reguliers (Clothing),1188.0,11,77,0.04,1132.3558688278138,Faible,0
5423,Alice Chavez 2,In-Store reguliers,908.0,9,95,0.04,1157.5641125603681,Faible,0
5266,Ethan Campbell,Online reguliers (Clothing),607.0,5,31,0.03980850819860108,752.5236124537358,Faible,0
4990,Grayson Morgan,Online reguliers (Clothing),982.25,10,22,0.0398,1174.814032658263,Faible,0
4893,Hunter Adams,Online reguliers (Clothing),66.5,2,33,0.03975204114651383,677.0015252113409,Faible,0
5411,Addison Allen,In-Store reguliers,442.5,7,10,0.03972222222222222,709.1291241669003,Faible,0
4070,Daniel Allen 2,Online reguliers (Clothing),336.85,6,6,0.03972222222222222,728.8871646975667,Faible,0
5592,Ivy Jones,Online reguliers (Clothing),322.5,5,0,0.039615384615384615,1567.6683152310572,Faible,0
2151,Samuel Gutierrez,Online reguliers (Clothing),1218.28,18,15,0.039607843137254906,1470.843022608648,Faible,0
2833,Claire King,VIP / Champions,2256.55,17,5,0.039607843137254906,1691.0890737788661,Faible,0
4698,Ivy Cruz 2,Online reguliers (Clothing),1327.58,14,17,0.039607843137254906,1377.2406298074045,Faible,0
2518,Jaxon Collins,VIP / Champions,2376.3,20,0,0.039607843137254906,1664.245771873333,Faible,0
5836,Evelyn Miller,Online reguliers (Clothing),1456.25,11,15,0.039607843137254906,1413.8349757353853,Faible,0
3848,Caroline Campbell,In-Store reguliers,2245.0,16,45,0.039607843137254906,1656.1164513200301,Faible,0
4129,Luna Young,In-Store reguliers,842.25,7,33,0.039607843137254906,632.288430543582,Faible,0
3354,Aria Murphy,Online reguliers (Clothing),31.5,1,21,0.039599877813035714,690.7077105426163,Faible,0
5426,Eleanor Rivera,In-Store reguliers,592.5,9,18,0.03958333333333333,1225.758088342183,Faible,0
5012,Hazel Williams 2,Online reguliers (Clothing),663.5,7,31,0.039523809523809524,762.877281099907,Faible,0
3737,Harper Howard,Online reguliers (Clothing),1177.47,12,41,0.039523809523809524,1278.0630344605856,Faible,0
2268,Grace Rivera,Online reguliers (Clothing),1349.75,12,115,0.039523809523809524,1153.0144332933783,Faible,0
4425,Natalie Nelson 2,In-Store reguliers,957.5,11,2,0.03951612903225807,1299.9852180708676,Faible,0
3693,Skylar Peterson,Online reguliers (Clothing),1018.0,8,57,0.03947368421052632,744.3397158437247,Faible,0
3360,Violet Cruz,In-Store reguliers,835.5,10,61,0.039473684210526314,1096.9117609607092,Faible,0
5634,Violet Ramirez 2,In-Store reguliers,423.25,7,0,0.03946699806683237,801.7552489763158,Faible,0
2176,David Watson,Online reguliers (Clothing),787.75,9,81,0.03945652173913043,1200.5450438952294,Faible,0
3579,Oliver Miller,Online reguliers (Clothing),1432.5,17,21,0.03945652173913043,1601.574258890712,Faible,0
2791,Ivy Morgan,In-Store reguliers,678.0,6,9,0.03938034188034188,630.902467758771,Faible,0
3264,Jonathan Evans 2,In-Store reguliers,1167.5,13,1,0.03934782608695652,1342.1189218463917,Faible,0
4971,Noah Nguyen,Online reguliers (Clothing),872.5,14,35,0.03934782608695652,1093.7506367598105,Faible,0
4701,Adrian Cox 3,Online reguliers (Clothing),1076.4,13,0,0.03934782608695652,1254.760399408897,Faible,0
5764,Eva Miller,Gros paniers occasionnels (Outerwear),460.0,3,118,0.03932970303506018,427.6668327792571,Faible,0
4000,David Jones,In-Store reguliers,1161.75,15,65,0.039318181818181815,1278.8469083614423,Faible,0
2679,Jackson Morales,Online reguliers (Clothing),75.0,1,10,0.039158793680256536,693.0776846224429,Faible,0
2376,Samuel Cruz,Online reguliers (Clothing),1239.0,12,9,0.039139622641509435,1329.595669552194,Faible,0
4744,Gabriel Garcia,Online reguliers (Clothing),655.2,8,26,0.03908562367864693,636.509030538492,Faible,0
5473,Logan Morris,In-Store reguliers,519.5,5,46,0.03904305744670107,480.188887709553,Faible,0
2927,Diana Nguyen,In-Store reguliers,620.2,9,62,0.039,1167.1708571245492,Faible,0
2315,Ivy Williams,Online reguliers (Clothing),909.13,10,69,0.039,1165.976537081645,Faible,0
2598,Jackson Lee,Online reguliers (Clothing),826.0799999999999,10,166,0.039,1178.4921575113733,Faible,0
3733,Logan Thompson,Online reguliers (Clothing),478.5,4,54,0.03894183826946428,681.828235041356,Faible,0
5500,Lincoln Campbell 2,In-Store reguliers,138.0,2,59,0.03892242165338225,744.2008690089075,Faible,0
3979,Alexander Gonzalez,Online reguliers (Clothing),713.45,9,22,0.03882867715078631,1235.4538348040048,Faible,0
2068,Noah Stewart,Online reguliers (Clothing),384.5,8,167,0.03875362844702467,726.858229369636,Faible,0
4874,James Lee,In-Store reguliers,384.5,6,40,0.038688787571766296,672.3817154844844,Faible,0
3999,Brooklyn Lee,Online reguliers (Clothing),332.0,3,127,0.03865849925289432,432.63069513025977,Faible,0
3181,Scarlett Sanchez,Online reguliers (Clothing),981.0,7,80,0.038509340449866564,658.365520472607,Faible,0
3977,Allison Roberts,Online reguliers (Clothing),439.0,4,3,0.038369841304967886,498.73629112885027,Faible,0
5735,Abigail Nelson,Online reguliers (Clothing),593.15,11,31,0.03836228287841191,1184.4408224063332,Faible,0
2076,Mia Torres,Chaussures ponctuels,110.0,1,51,0.038360968090516145,642.9566964939067,Faible,0
3028,Hazel Morales,Online reguliers (Clothing),75.0,1,15,0.038205718500744196,691.3106740238094,Faible,0
2194,Samantha Mitchell,Online reguliers (Clothing),247.5,6,43,0.0381706823727777,1249.4206370646589,Faible,0
4145,Piper Walker,Chaussures ponctuels,28.0,1,79,0.03798639674282426,499.35240008105416,Faible,0
5079,Samuel Rivera 2,In-Store reguliers,508.0,4,29,0.03793477229601518,457.0384117098986,Faible,0
4220,Cora Rivera,In-Store reguliers,478.0,5,119,0.03792847025495751,531.1995293940699,Faible,0
3770,Ethan Cruz,Online reguliers (Clothing),449.35,5,337,0.03790348742903488,551.9608592295458,Faible,0
3691,Julia Brown,Online reguliers (Clothing),404.75,5,202,0.037887804566909045,529.4460317789702,Faible,0
2611,Isaiah Ramos,In-Store reguliers,1426.3,12,24,0.03783962264150944,1418.9166926039516,Faible,0
5978,Aurora Ramos 2,Online reguliers (Clothing),311.25,5,27,0.037795448324860086,554.3924083711607,Faible,0
4113,Eli Torres,Online reguliers (Clothing),55.0,1,7,0.03779021061440727,364.2317604757497,Faible,0
2668,Allison Evans,Online reguliers (Clothing),487.25,8,242,0.03775,633.5771894070244,Faible,0
4358,Wyatt Wilson,In-Store reguliers,133.0,2,8,0.037603266179756976,855.3617390490479,Faible,0
3295,Sadie Chavez,In-Store reguliers,476.2,10,2,0.037501477017606054,1121.5592328937641,Faible,0
3312,Charlie Evans,Online reguliers (Clothing),432.0,5,37,0.03743986351202529,616.9076838926544,Faible,0
5802,Owen Hernandez,Online reguliers (Clothing),391.5,4,3,0.03737124113523124,1029.2969040921657,Faible,0
4557,Connor Williams,Online reguliers (Clothing),726.7,10,24,0.03733082706766917,1134.1968928416975,Faible,0
3394,Jeremiah Anderson,Online reguliers (Clothing),61.5,2,46,0.03726017885141801,1119.1698654917889,Faible,0
3734,Ava Martinez,Online reguliers (Clothing),508.8,6,216,0.037247432529257225,663.4580033315293,Faible,0
5992,Kennedy Young 2,Chaussures ponctuels,23.8,1,27,0.03717391304347826,468.90828598608533,Faible,0
2370,Natalie Morgan,In-Store reguliers,835.55,9,109,0.03712797619047619,1202.3356981183263,Faible,0
3087,Kennedy Mitchell,Online reguliers (Clothing),373.0,4,168,0.037045125911142514,376.0342296422187,Faible,0
2029,Amelia Morales,In-Store reguliers,475.5,6,68,0.03703564970291914,544.8801903560117,Faible,0
2248,Piper Harris,Chaussures ponctuels,60.0,1,6,0.036920455870119266,924.3197270208351,Faible,0
3227,Liam Roberts,Online reguliers (Clothing),210.0,2,0,0.03688502325658787,1487.708986892716,Faible,0
3779,Joseph Torres,Online reguliers (Clothing),419.5,5,124,0.0368663047887273,585.8997746678187,Faible,0
3485,Lincoln Howard,Online reguliers (Clothing),228.0,3,23,0.03659285459902725,1005.9567184034436,Faible,0
2065,Elias White,Chaussures ponctuels,274.0,3,27,0.03656985722610723,707.2447096608485,Faible,0
4319,Hazel Cook,In-Store reguliers,50.0,1,2,0.03650593658498595,899.1259264880065,Faible,0
5981,Naomi Anderson 2,Online reguliers (Clothing),177.0,2,21,0.036052491712441063,971.5291188563949,Faible,0
5782,Sebastian Rogers,Online reguliers (Clothing),29.75,1,20,0.036024402068519715,651.4760393639647,Faible,0
4974,Anthony Torres,Petits dormants (Accessoires),406.5,5,75,0.03581168831168831,642.2178553682909,Faible,0
4378,Jacob Hill,Gros paniers occasionnels (Outerwear),697.75,4,122,0.03560825316290779,494.0169931971348,Faible,0
2244,Lucas Johnson,Online reguliers (Clothing),75.0,1,8,0.03557854676667629,693.1897372685813,Faible,0
2804,Eleanor Richardson,In-Store reguliers,425.4,4,53,0.03553641617756556,475.8729465009347,Faible,0
3589,Willow Campbell,In-Store reguliers,576.5,6,44,0.03535157636527439,720.6675747358854,Faible,0
3790,Penelope Rivera,In-Store reguliers,716.25,7,120,0.03522701942622193,502.06169289646516,Faible,0
5605,Noah Jackson,In-Store reguliers,180.0,2,35,0.03511807458922155,847.1551392327901,Faible,0
2295,Stella Gutierrez,In-Store reguliers,866.85,14,11,0.035,1230.2948725540195,Faible,0
2277,Eli White,Online reguliers (Clothing),945.4,7,13,0.035,750.686922463384,Faible,0
2606,Ivy Moore,Online reguliers (Clothing),746.6,9,29,0.035,1125.9691283309905,Faible,0
3036,Ruby Edwards,Online reguliers (Clothing),819.35,8,21,0.035,712.0005238156429,Faible,0
3135,Naomi Howard,Online reguliers (Clothing),840.75,9,95,0.035,1029.4003066651658,Faible,0
5675,Adrian Bailey,VIP / Champions,2122.15,29,27,0.035,1841.090763125154,Faible,0
4058,Aiden Mitchell,Petits dormants (Accessoires),733.85,9,36,0.035,1229.9644926104486,Faible,0
2714,Dylan Roberts,VIP / Champions,2162.72,28,21,0.035,1869.7027169739106,Faible,0
2010,Lincoln Lopez,VIP / Champions,2285.5,17,5,0.035,1881.2944387248363,Faible,0
3001,Michael Rogers,Online reguliers (Clothing),1651.75,13,7,0.035,1167.3660179464712,Faible,0
4240,Zoe Ward,In-Store reguliers,434.25,6,229,0.035,559.447561515624,Faible,0
5771,Jack Cruz 2,Online reguliers (Clothing),1418.25,13,47,0.035,1123.1624694383206,Faible,0
3621,Daniel Moore 2,Online reguliers (Clothing),716.35,8,20,0.035,618.6856175834074,Faible,0
5947,Penelope Wilson,In-Store reguliers,1444.9,8,27,0.035,640.3257896127915,Faible,0
3927,Jayden Wilson,Online reguliers (Clothing),347.5,6,48,0.035,600.0512618429678,Faible,0
5175,Lily Moore 2,Online reguliers (Clothing),645.5,7,44,0.035,582.8257473061476,Faible,0
4695,Evelyn Garcia,Online reguliers (Clothing),1405.45,14,58,0.035,1228.8573298536412,Faible,0
3429,Penelope Evans,Online reguliers (Clothing),634.0,8,5,0.035,2246.347817965368,Faible,0
5157,Theodore Evans,Online reguliers (Clothing),1216.45,15,10,0.035,1596.7087773014136,Faible,0
5530,Julian Diaz,In-Store reguliers,615.2,8,185,0.035,549.2467261723099,Faible,0
3846,Genesis Carter,Online reguliers (Clothing),639.5,9,60,0.035,1220.6933688580457,Faible,0
2232,Thomas Davis,Online reguliers (Clothing),901.12,10,33,0.035,1209.036165095315,Faible,0
4412,Landon Cooper,VIP / Champions,2278.0,19,15,0.035,1735.5300322997057,Faible,0
3439,Alice King,Online reguliers (Clothing),1654.9,19,53,0.035,2105.598845441248,Faible,0
5570,Asher Reed,Online reguliers (Clothing),627.7,13,14,0.035,1086.4765921732007,Faible,0
4970,Chloe White,Online reguliers (Clothing),437.05,5,14,0.035,515.7946390207284,Faible,0
3044,Nathan Howard,Online reguliers (Clothing),1383.05,17,48,0.035,1452.5248552967905,Faible,0
5905,Scarlett Johnson 2,Online reguliers (Clothing),1037.4,12,20,0.035,1177.644853766061,Faible,0
3223,Eva Richardson,Online reguliers (Clothing),1421.25,14,60,0.035,1274.883802225497,Faible,0
3120,Levi Brown,Online reguliers (Clothing),348.3,7,127,0.0348,639.9301131670611,Faible,0
4200,Hannah Nguyen,Online reguliers (Clothing),156.25,3,28,0.03472747858017136,1410.0658653147905,Faible,0
4488,Nora Turner,Online reguliers (Clothing),501.5,8,50,0.034722222222222224,617.5051193755837,Faible,0
3224,Bob Scott,Petits dormants (Accessoires),549.9,10,27,0.03468085106382979,1119.0808762910103,Faible,0
5299,Jack Nelson 2,In-Store reguliers,25.0,1,112,0.034634725469286504,419.4081155140913,Faible,0
3754,Samantha Cox 2,Online reguliers (Clothing),1810.0,15,21,0.0346078431372549,1533.4273357237978,Faible,0
4207,Brooklyn Jackson,Online reguliers (Clothing),742.5,8,46,0.0346078431372549,567.5712324231033,Faible,0
5037,Sebastian Thomas 3,Online reguliers (Clothing),503.75,6,6,0.03458989855385279,1447.1366569083702,Faible,0
2440,Thomas Johnson,Online reguliers (Clothing),979.0,13,48,0.03456744186046511,1165.7497424435596,Faible,0
5488,Layla Lopez,Online reguliers (Clothing),2062.0,14,3,0.034523809523809526,1501.474949082293,Faible,0
2777,Eleanor Kelly,Online reguliers (Clothing),1161.5,9,50,0.034523809523809526,1246.5152087077192,Faible,0
3056,Lydia Brown,Online reguliers (Clothing),2155.8,16,3,0.034523809523809526,1571.4876926939012,Faible,0
4088,Caleb Ramirez,In-Store reguliers,1047.7,10,3,0.034523809523809526,1272.8001120236704,Faible,0
4198,Aurora Reyes 2,In-Store reguliers,659.55,7,216,0.034523809523809526,596.7517929740244,Faible,0
4305,Ivy Hill,Online reguliers (Clothing),938.0,10,52,0.034523809523809526,1149.8201611376548,Faible,0
3465,James Anderson 2,Online reguliers (Clothing),736.0,10,39,0.034523809523809526,1151.3648729620106,Faible,0
4994,Caleb Lee,In-Store reguliers,1113.0,14,5,0.034516129032258064,1423.8509946379045,Faible,0
5830,Jaxon Roberts,Online reguliers (Clothing),725.0,6,3,0.034444444444444444,664.2902371908922,Faible,0
2547,Jaxon King,In-Store reguliers,660.0,7,195,0.034444444444444444,554.3792074379445,Faible,0
5957,Emily Kim,Online reguliers (Clothing),362.25,4,29,0.03442049669352867,648.873394711208,Faible,0
3308,Diana Taylor 2,Petits dormants (Accessoires),395.75,5,166,0.034380341880341884,706.660999551776,Faible,0
2150,Mia Morales,In-Store reguliers,973.2,8,12,0.034339622641509436,492.7847221794751,Faible,0
5989,Ella Young 2,In-Store reguliers,313.3,6,106,0.03423076923076923,733.1113387171238,Faible,0
3719,Lydia Taylor,In-Store reguliers,381.0,5,83,0.03422222222222222,567.608038884367,Faible,0
4409,Carter Cruz,Online reguliers (Clothing),364.0,4,81,0.034219308636424556,624.5608015533163,Faible,0
2137,Julia Thomas,Online reguliers (Clothing),398.0,4,10,0.034138725620122344,433.54546632610095,Faible,0
2975,Emily Howard,Online reguliers (Clothing),436.0,7,9,0.034131513647642685,944.5804905785315,Faible,0
2168,Alice Sanchez,Online reguliers (Clothing),60.0,1,0,0.03409730170995481,810.2922451110187,Faible,0
4291,Caroline Hernandez,Online reguliers (Clothing),511.0,4,16,0.03403259838297171,658.0065407572692,Faible,0
3797,Levi Perez,Petits dormants (Accessoires),284.62,3,18,0.03401948051948052,1576.6572113075567,Faible,0
3366,Alice Davis,Online reguliers (Clothing),496.75,7,41,0.034,608.7435583885369,Faible,0
2669,Brooklyn Robinson,Online reguliers (Clothing),565.65,10,42,0.034,1161.352533496875,Faible,0
4928,Audrey Moore 2,In-Store reguliers,482.2,7,54,0.034,670.9095394255685,Faible,0
4115,Allison Kelly,Chaussures ponctuels,284.6,6,40,0.03398033126293996,836.9841617658153,Faible,0
2100,Michael Murphy,Online reguliers (Clothing),525.85,6,155,0.03393223920747306,610.4248578218005,Faible,0
5504,Ryan Hernandez,Online reguliers (Clothing),1473.0,14,33,0.033871635610766046,1347.091122908294,Faible,0
5067,Lucy Gonzalez,Online reguliers (Clothing),270.0,4,35,0.033811813186813186,613.9739960842555,Faible,0
4742,Sarah Collins,Petits dormants (Accessoires),467.75,6,82,0.03380730050933786,1303.4559965801452,Faible,0
5532,Mia Lewis 2,In-Store reguliers,1138.25,13,2,0.03379614438063987,1323.5657034179842,Faible,0
4763,Jayden Ramos,In-Store reguliers,848.3,12,47,0.03375,1283.2502999496237,Faible,0
2017,Thomas Gutierrez,In-Store reguliers,80.0,2,41,0.03360788122755928,757.4400325489097,Faible,0
4281,Naomi Sanchez,Chaussures ponctuels,330.0,1,0,0.03357627118644068,1042.1745362998645,Faible,0
3653,Cora Roberts,Online reguliers (Clothing),592.25,7,176,0.033523809523809525,608.480174609823,Faible,0
5871,Jayden Peterson,In-Store reguliers,582.0,7,53,0.033523809523809525,654.3488778372769,Faible,0
2083,Lily Hernandez,Online reguliers (Clothing),29.75,1,23,0.033409649122807014,697.645639587951,Faible,0
5027,Alice Cook,Online reguliers (Clothing),29.75,1,19,0.033409649122807014,680.786427611039,Faible,0
3615,Ellie Roberts,Online reguliers (Clothing),378.0,6,16,0.03339099054255849,484.0336286872966,Faible,0
3597,Isaiah Garcia,In-Store reguliers,667.6,9,138,0.033339622641509435,1190.6361070230184,Faible,0
3699,Layla Howard,Online reguliers (Clothing),75.0,1,13,0.0332057185007442,441.1744385010781,Faible,0
4746,William Lopez,Online reguliers (Clothing),777.0,7,66,0.03319444444444444,720.3575511874556,Faible,0
5649,Skylar Collins 2,Online reguliers (Clothing),155.5,2,2,0.0330886725671927,1285.9102694990017,Faible,0
4037,Joseph Diaz,In-Store reguliers,528.05,8,40,0.03303985507246377,779.6863665130112,Faible,0
3274,Connor Baker,In-Store reguliers,948.9,11,50,0.03290810810810811,1129.5204700787865,Faible,0
2186,Aria Miller,Online reguliers (Clothing),44.0,1,17,0.03286509466736148,438.49776302015727,Faible,0
4782,Luke Taylor,Chaussures ponctuels,110.0,1,55,0.032750678780284044,739.3587522900879,Faible,0
3973,Samantha Miller,Online reguliers (Clothing),251.0,3,5,0.03269698028256482,1386.307523897237,Faible,0
5551,Adrian Gonzalez 2,Online reguliers (Clothing),65.0,1,0,0.03267495406185882,840.8154760014876,Faible,0
3678,John Evans,Online reguliers (Clothing),405.5,5,50,0.03266985038538764,544.1565885525773,Faible,0
5060,Nathan Wilson,Online reguliers (Clothing),269.0,5,27,0.03259564598923868,1097.4865320501071,Faible,0
4215,Olivia Allen 2,Online reguliers (Clothing),296.0,3,11,0.03256470588235295,1079.8139374042341,Faible,0
2461,Chloe Howard,Online reguliers (Clothing),305.0,4,71,0.032402597402597405,1032.2009487204898,Faible,0
2896,Jack Stewart,Chaussures ponctuels,72.0,1,37,0.03236587732919255,555.6984169487407,Faible,0
5213,Nolan Martin,In-Store reguliers,423.0,5,45,0.03232928672419678,516.3583484868744,Faible,0
3240,Nolan Collins,Petits dormants (Accessoires),485.0,4,212,0.032180803327856056,572.7382639737525,Faible,0
4190,Jacob Martin,In-Store reguliers,358.75,4,49,0.032137952559300874,517.3280257934466,Faible,0
5290,Abigail Flores,Online reguliers (Clothing),548.25,5,107,0.03208823529411765,475.9965498435483,Faible,0
2550,Jonathan Roberts,In-Store reguliers,25.0,1,1,0.03206090128359036,901.6505897816929,Faible,0
4497,Jackson Parker,Chaussures ponctuels,28.0,1,43,0.03196022727272727,835.5870251044353,Faible,0
2161,Leo Baker,In-Store reguliers,70.0,1,2,0.03191440859572358,393.10841012117163,Faible,0
5828,Jaxon Kim 2,In-Store reguliers,460.0,4,87,0.03189637002387605,460.1099969775028,Faible,0
5514,Victoria Bailey,Online reguliers (Clothing),380.0,5,113,0.031862193334353195,444.9427289880425,Faible,0
4705,Jayden Taylor,Chaussures ponctuels,81.0,1,19,0.03184492481203007,788.3745093644845,Faible,0
5409,Lucas Howard,Chaussures ponctuels,90.0,1,99,0.03171061258218009,598.0596492028291,Faible,0
4234,Hunter Robinson,In-Store reguliers,472.0,4,132,0.03147316623283272,460.1567247667653,Faible,0
3171,Ruby Ward,Online reguliers (Clothing),99.5,2,8,0.031243154478870053,722.8728988307257,Faible,0
5730,Riley Murphy,Online reguliers (Clothing),327.5,5,86,0.030979072564243672,749.7781473750875,Faible,0
3215,Allison Stewart,Petits dormants (Accessoires),336.3,4,16,0.030958092776257176,676.192576475931,Faible,0
3629,Mateo Rodriguez,In-Store reguliers,25.0,1,2,0.030884430695355066,864.1542134816156,Faible,0
2738,Scarlett Ramirez,Gros paniers occasionnels (Outerwear),515.0,4,41,0.03082511756455738,688.809492123245,Faible,0
5245,Ruby Rogers,In-Store reguliers,514.12,5,44,0.03081041469940195,603.0516030276301,Faible,0
5129,Samantha Nguyen,In-Store reguliers,143.0,3,41,0.030675350253989046,882.1711010484058,Faible,0
3824,Carter Thompson 2,Online reguliers (Clothing),275.2,4,174,0.03039471469947529,492.4441335894855,Faible,0
2015,Olivia Kelly,In-Store reguliers,1239.37,13,12,0.03,1305.8114240012685,Faible,0
3246,Ruby Green,Gros paniers occasionnels (Outerwear),1036.5,7,90,0.03,617.6552473123485,Faible,0
4076,Henry Hill,Gros paniers occasionnels (Outerwear),605.0,7,55,0.03,1667.8375926198105,Faible,0
3160,David Rodriguez,Online reguliers (Clothing),1167.3,13,43,0.03,1233.1724496063073,Faible,0
2860,Leo Clark,Online reguliers (Clothing),1191.15,17,132,0.03,1538.3554905274589,Faible,0
4593,Brooklyn Wilson,Online reguliers (Clothing),878.0,8,125,0.03,609.0925813570251,Faible,0
4579,Aria Turner,Online reguliers (Clothing),1229.35,18,16,0.03,1352.03278192223,Faible,0
4032,Claire Morgan,Online reguliers (Clothing),1576.45,19,0,0.03,1552.86658060342,Faible,0
2840,Skylar Reyes,Online reguliers (Clothing),1162.75,11,24,0.03,1096.4275538697098,Faible,0
2145,Amelia Evans,Online reguliers (Clothing),1207.2,8,13,0.03,1979.3044807996225,Faible,0
2173,Jonathan Jones,Online reguliers (Clothing),1070.5,8,0,0.03,739.6216374127746,Faible,0
3110,Lucy Ramos,Online reguliers (Clothing),1172.55,16,42,0.03,1225.8093574052837,Faible,0
3569,Lincoln Young,Online reguliers (Clothing),1633.55,14,48,0.03,1492.9588508482564,Faible,0
3715,Ivy Baker,Online reguliers (Clothing),263.1,6,0,0.03,1699.9342268153678,Faible,0
3415,Lincoln Kim,Online reguliers (Clothing),1130.2,17,40,0.03,1395.6546174588054,Faible,0
4918,David Nguyen 2,Online reguliers (Clothing),1289.0,16,27,0.03,1273.4458985926065,Faible,0
2133,Aiden Martinez,Online reguliers (Clothing),1562.4,17,7,0.03,1591.819991746207,Faible,0
2912,Logan Cook,Online reguliers (Clothing),1214.5,8,19,0.03,1853.5283642247296,Faible,0
4758,Claire Rivera,In-Store reguliers,801.0,7,71,0.03,644.6400896182782,Faible,0
3876,Henry Gonzalez 2,Online reguliers (Clothing),421.9,7,19,0.03,729.1759838958641,Faible,0
2114,Chloe Ward,Online reguliers (Clothing),1124.35,12,116,0.03,1304.3943859078925,Faible,0
2646,Chloe Lee,In-Store reguliers,729.0,7,6,0.03,621.0709640671255,Faible,0
3299,Aiden Hernandez,Online reguliers (Clothing),312.5,6,17,0.03,654.9129307394023,Faible,0
3285,Mateo King,Online reguliers (Clothing),314.75,4,20,0.03,1634.9540428434284,Faible,0
3148,Jayden White,Online reguliers (Clothing),1619.8,22,91,0.03,1667.7965787180742,Faible,0
5711,Caleb Adams 2,In-Store reguliers,828.35,12,107,0.03,1227.241209436022,Faible,0
5702,Claire Thomas,Online reguliers (Clothing),744.2,7,82,0.03,672.8392146192612,Faible,0
5636,Hannah Davis,Online reguliers (Clothing),1157.4,17,0,0.03,1239.7179132118647,Faible,0
3361,Lydia Watson 2,In-Store reguliers,724.0,7,76,0.03,609.9869681386965,Faible,0
3887,Michael Brooks,Online reguliers (Clothing),605.25,6,307,0.03,562.6588638459739,Faible,0
3150,Anthony King,In-Store reguliers,272.5,3,6,0.03,1326.1470640092814,Faible,0
5619,Amelia Carter 2,Online reguliers (Clothing),568.0,5,13,0.03,525.1608437875191,Faible,0
5970,Leah Johnson,Online reguliers (Clothing),1081.0,15,14,0.03,1247.3083962685453,Faible,0
5247,Wyatt Ramirez,In-Store reguliers,737.0,6,12,0.03,1795.381816094075,Faible,0
5242,Theodore Morales,In-Store reguliers,906.0,13,13,0.03,1183.5675223213461,Faible,0
4044,Leah Ramirez,Online reguliers (Clothing),1967.6,17,59,0.03,1468.979195976159,Faible,0
3207,Paisley Cooper 2,Online reguliers (Clothing),795.85,9,18,0.03,1191.4064230514878,Faible,0
5327,Bob Thompson,Online reguliers (Clothing),882.5,11,0,0.03,1334.6590284890044,Faible,0
5124,Eva Ramirez,Online reguliers (Clothing),686.65,10,53,0.03,920.5933964850918,Faible,0
5278,Naomi Walker 2,In-Store reguliers,773.05,12,4,0.03,1154.86405188585,Faible,0
5381,Eva Kim,In-Store reguliers,1527.75,16,23,0.03,1282.128387950397,Faible,0
3528,Aiden Evans,In-Store reguliers,1787.5,15,19,0.03,1536.8697893217163,Faible,0
3479,Natalie Flores,Petits dormants (Accessoires),591.0,7,165,0.03,661.6343309014759,Faible,0
5464,Jacob Lee 2,Online reguliers (Clothing),976.3,16,11,0.03,1261.4198629806458,Faible,0
3447,Alice Thomas,Online reguliers (Clothing),1189.4,14,26,0.03,1298.178101916874,Faible,0
5137,Claire Edwards,In-Store reguliers,1034.6,13,36,0.03,1234.5456004874209,Faible,0
3501,Logan Adams 2,Online reguliers (Clothing),804.75,13,84,0.03,996.9471357830838,Faible,0
5162,Logan Rivera,In-Store reguliers,1524.3,12,8,0.03,1239.266439619506,Faible,0
4480,Audrey Jones,Petits dormants (Accessoires),454.4,4,40,0.029925373134328356,1269.5458414052107,Faible,0
5391,Luna Howard,In-Store reguliers,90.0,1,6,0.02987913096695226,816.3913086265916,Faible,0
4901,Eli Morgan,Chaussures ponctuels,76.5,1,31,0.02984375,894.1582904986074,Faible,0
5603,Ella Ward,Chaussures ponctuels,90.0,1,3,0.02982142857142857,931.6103635906286,Faible,0
2404,Leo Lopez,In-Store reguliers,382.5,8,75,0.02982142857142857,863.6334992102811,Faible,0
2321,Gabriel Jackson,Online reguliers (Clothing),759.0,10,62,0.0298,1158.7249515058847,Faible,0
3012,Victoria Cruz,Online reguliers (Clothing),225.0,3,2,0.02978038277511962,962.7986429994718,Faible,0
5448,John Cook 2,Chaussures ponctuels,30.0,1,5,0.029772727272727274,820.1613040608659,Faible,0
2621,Thomas Phillips,Online reguliers (Clothing),460.95,6,44,0.029736123450595783,767.0704345858748,Faible,0
5988,Nora Thomas,Online reguliers (Clothing),385.0,5,5,0.029634146341463413,1070.7638497623864,Faible,0
4870,Madison Baker,Online reguliers (Clothing),1411.7,14,27,0.029607843137254904,1218.189973264483,Faible,0
2891,Christian Morris,Online reguliers (Clothing),1398.5,15,37,0.029607843137254904,1425.099933841377,Faible,0
4137,Aurora Bailey,VIP / Champions,2413.05,22,5,0.029607843137254904,1768.8549136766069,Faible,0
5008,Liam Brown,Online reguliers (Clothing),1404.5,11,8,0.029607843137254904,1093.0106815803013,Faible,0
3487,Sofia Peterson,Online reguliers (Clothing),1482.25,19,8,0.029607843137254904,1506.154012412385,Faible,0
4184,Mason Cook 2,Online reguliers (Clothing),727.5,10,41,0.029607843137254904,1201.8431720611688,Faible,0
2428,Christian Rogers,Online reguliers (Clothing),439.6,8,21,0.029545454545454545,742.4382010706562,Faible,0
3515,Samuel Kelly,Online reguliers (Clothing),1168.25,8,23,0.029523809523809525,743.5448408616717,Faible,0
4890,Jayden Campbell,Petits dormants (Accessoires),517.6,6,124,0.029523809523809525,652.5645860909111,Faible,0
4749,Adrian Walker,In-Store reguliers,1168.2,13,92,0.029523809523809525,1238.50555678456,Faible,0
3208,Aiden Perez,Online reguliers (Clothing),929.5,9,166,0.029523809523809525,1310.886672264471,Faible,0
2801,William Stewart,In-Store reguliers,451.5,6,150,0.029523809523809525,596.3781773894665,Faible,0
2617,Jayden Rivera,VIP / Champions,1828.85,29,7,0.029516129032258066,2541.9383818865945,Faible,0
4686,Lincoln Reed,Online reguliers (Clothing),287.25,4,185,0.029500000000000002,573.8786086808955,Faible,0
5831,Charlie Brown 2,Online reguliers (Clothing),772.0,12,27,0.02948717948717949,965.3685184758522,Faible,0
4448,Jaxon Anderson,Online reguliers (Clothing),502.25,6,20,0.029480851063829788,649.7780929067175,Faible,0
4237,Jonathan Rodriguez,Online reguliers (Clothing),365.0,3,33,0.029462634822804316,909.4113540136105,Faible,0
5552,Lydia Lee,Gros paniers occasionnels (Outerwear),900.0,6,115,0.029456521739130433,789.6574749588814,Faible,0
2039,Allison Cox,Online reguliers (Clothing),1248.35,13,116,0.029456521739130433,1235.9394010020226,Faible,0
2612,Caroline King,Online reguliers (Clothing),1443.0,21,40,0.029456521739130433,1617.2804689593606,Faible,0
2192,Joseph Thompson,In-Store reguliers,752.2,7,49,0.029444444444444447,670.0890698704341,Faible,0
2067,Hunter Perez,Online reguliers (Clothing),592.5,7,266,0.029444444444444447,548.6370989151197,Faible,0
4881,Owen Green,Online reguliers (Clothing),1225.75,15,18,0.029347826086956522,1471.339051848835,Faible,0
5679,Oliver Brooks,Online reguliers (Clothing),819.0,9,4,0.029339622641509435,1285.5350808985809,Faible,0
4976,Nora Johnson 3,Online reguliers (Clothing),782.0,10,12,0.029339622641509435,1277.749058044399,Faible,0
3643,Kennedy Walker,In-Store reguliers,428.25,5,10,0.029318181818181816,1040.9212987956657,Faible,0
3138,Cora Ward,VIP / Champions,2301.75,28,43,0.029318181818181816,1659.6042061599828,Faible,0
4622,Mia Cruz,In-Store reguliers,407.0,7,48,0.029207317073170733,560.4477262422079,Faible,0
4529,Isabella Flores,Online reguliers (Clothing),433.5,6,20,0.029207317073170733,575.5329417937684,Faible,0
5800,Ivy Ortiz 2,In-Store reguliers,255.0,3,4,0.029179950964770898,892.6783014200208,Faible,0
2439,Dylan Baker,In-Store reguliers,331.3,7,123,0.02916666666666667,689.1006957751445,Faible,0
2072,Gabriel Young,Chaussures ponctuels,1130.0,9,141,0.02914222873900293,1067.1440801624426,Faible,0
3347,Maya Morris,Chaussures ponctuels,90.0,1,25,0.029133499509643675,590.1945663559924,Faible,0
3175,Isabella Campbell,Online reguliers (Clothing),1054.7,13,0,0.029131652661064423,1184.1124517906733,Faible,0
4498,Penelope Miller,In-Store reguliers,637.5,6,28,0.029125239839525557,609.7433625655733,Faible,0
4886,Theo Reyes,Online reguliers (Clothing),447.75,3,14,0.029117028936153654,1087.8846881193128,Faible,0
3519,Mateo Mitchell,Online reguliers (Clothing),664.8,13,6,0.029039938556067586,1334.8659946630037,Faible,0
4646,Maya Hall 2,Online reguliers (Clothing),820.0,8,111,0.028999999999999998,630.2899124174758,Faible,0
2300,Violet Robinson,Online reguliers (Clothing),649.9,7,76,0.028999999999999998,600.542092099106,Faible,0
4727,Maverick Mitchell,Petits dormants (Accessoires),367.6,4,133,0.02895352745562311,440.32216535764724,Faible,0
4265,Caroline Cox,Chaussures ponctuels,72.0,1,15,0.028875,575.2873369888018,Faible,0
2579,Michael Wilson,Online reguliers (Clothing),1156.8,12,10,0.028871635610766045,1288.2866385233947,Faible,0
3156,Theo Chavez,In-Store reguliers,25.0,1,78,0.028870822347062,583.6192396605389,Faible,0
5028,Ava Johnson 2,Online reguliers (Clothing),440.0,6,61,0.028853735869864904,644.6715497149934,Faible,0
2281,Violet King,Online reguliers (Clothing),395.5,5,111,0.028755341880341883,488.8332025410167,Faible,0
5439,Emma Ward 3,Online reguliers (Clothing),734.5,9,38,0.028722222222222222,1183.748651663398,Faible,0
2269,Natalie Johnson,Online reguliers (Clothing),75.0,1,7,0.028691022162513388,786.027820064931,Faible,0
4247,Mia Morris,In-Store reguliers,439.5,4,170,0.02867214114103345,508.5161785404783,Faible,0
2399,Lucy Cox,Online reguliers (Clothing),25.0,1,2,0.028670262570712365,764.3311973995901,Faible,0
2025,Sofia Phillips,Online reguliers (Clothing),599.75,7,90,0.02859375,583.8774777330211,Faible,0
5628,Bob Martin,In-Store reguliers,230.5,3,41,0.028534498834498833,1036.9106988532599,Faible,0
2615,Jayden Mitchell,Chaussures ponctuels,60.0,1,3,0.028513755980861245,978.6633720541515,Faible,0
2166,Landon Thompson,Online reguliers (Clothing),794.62,7,114,0.02848717948717949,584.9683659592778,Faible,0
3407,John Richardson,Online reguliers (Clothing),679.5,6,109,0.028444444444444442,590.4323755372183,Faible,0
2776,Henry Ramirez,Online reguliers (Clothing),35.0,1,5,0.028174078834059806,760.8944319435184,Faible,0
3938,Landon Mitchell,Chaussures ponctuels,72.0,1,19,0.028160714285714285,827.2525455765125,Faible,0
2078,Lily Reyes,Petits dormants (Accessoires),295.0,5,217,0.02810952380952381,619.2953542271212,Faible,0
5482,Caleb Evans 5,Chaussures ponctuels,30.0,1,59,0.028107354601919817,604.5450696898525,Faible,0
5417,Levi Miller,In-Store reguliers,665.45,10,40,0.028023809523809527,1165.405929172769,Faible,0
5538,Eli Hall,Online reguliers (Clothing),650.0,4,104,0.028004078673071694,666.3938996847412,Faible,0
3971,Nolan Stewart,In-Store reguliers,553.75,9,23,0.02797766749379653,1121.7053911211715,Faible,0
2618,David Perez,In-Store reguliers,445.5,5,138,0.027909507118129943,474.24670031791754,Faible,0
3606,Eli Allen,In-Store reguliers,798.0,4,13,0.0278642325416519,489.857210781868,Faible,0
2261,Henry Rodriguez,Chaussures ponctuels,176.0,1,31,0.02783623120300752,919.1326882826362,Faible,0
4504,David Peterson,Online reguliers (Clothing),311.02,7,29,0.0275919621749409,858.7431986329452,Faible,0
4196,Gabriel Cooper,In-Store reguliers,45.0,1,8,0.027575788720046422,612.4138130290281,Faible,0
3546,Luke Hill 2,In-Store reguliers,349.0,6,116,0.027487258733154038,981.7271692952055,Faible,0
4544,Zoe Ramirez,Online reguliers (Clothing),530.2,5,68,0.027415730337078652,698.3528079150606,Faible,0
3795,Skylar Kelly,Chaussures ponctuels,110.0,1,18,0.027380639097744363,724.673814977458,Faible,0
2631,Madison Stewart,In-Store reguliers,25.0,1,4,0.02733061443200762,463.0979391022586,Faible,0
4013,Addison Morris 2,Online reguliers (Clothing),294.75,6,51,0.02732290558903462,1373.6262543391786,Faible,0
4147,Ivy Carter 2,Petits dormants (Accessoires),348.5,5,152,0.027247968324455574,575.006109077004,Faible,0
5816,Bob Lee,Online reguliers (Clothing),375.0,5,43,0.027150692477179734,570.8224812295322,Faible,0
5258,Cora Harris,Online reguliers (Clothing),420.8,5,139,0.026963287171423968,531.919029275985,Faible,0
4840,Willow Lee,Online reguliers (Clothing),113.0,2,28,0.02667385727825433,975.5220491974039,Faible,0
5808,Ivy Cruz 3,In-Store reguliers,837.3,7,2,0.026649250340754205,725.3082996593267,Faible,0
4343,Nora Scott,Online reguliers (Clothing),145.0,2,21,0.02648096307568271,762.4577383374285,Faible,0
5349,Charlie Adams,In-Store reguliers,348.5,4,67,0.026335769399900944,618.2251771756288,Faible,0
2593,Jacob Phillips,Online reguliers (Clothing),515.0,5,6,0.026323529411764704,613.0741509261928,Faible,0
2647,Sophie Peterson,Online reguliers (Clothing),635.0,4,61,0.02591357015097031,988.260375517606,Faible,0
4419,Jacob Kim,In-Store reguliers,35.0,1,2,0.025884430695355065,949.9130410086718,Faible,0
2481,Madison Torres,Online reguliers (Clothing),326.7,3,45,0.025715730337078652,1132.788814855677,Faible,0
4394,Diana Allen,In-Store reguliers,325.0,4,110,0.02571455441635896,359.1922386671203,Faible,0
2097,Aaron Jackson,Online reguliers (Clothing),174.5,3,17,0.025467832167832168,1190.3638239302202,Faible,0
2055,Joseph Green,In-Store reguliers,355.0,4,282,0.025353498412630033,423.45738455932815,Faible,0
4826,Jacob Ramos,Online reguliers (Clothing),1063.75,10,74,0.025200892857142856,1021.3142450169985,Faible,0
3015,Lucas Johnson 2,Petits dormants (Accessoires),389.25,4,34,0.025054347826086957,687.191147345523,Faible,0
5937,Cora Edwards,In-Store reguliers,1892.6,14,18,0.025,1407.569309492725,Faible,0
3229,Evelyn Thompson,Online reguliers (Clothing),1053.0,6,79,0.025,772.9142519040184,Faible,0
2053,Genesis Lopez,Online reguliers (Clothing),1319.5,14,31,0.025,1213.6129512587572,Faible,0
5658,Natalie Gutierrez,In-Store reguliers,557.5,9,31,0.025,1192.860311388647,Faible,0
2464,Isaiah Turner,Online reguliers (Clothing),634.0,6,103,0.025,584.5377379219375,Faible,0
4968,Sebastian Turner,Online reguliers (Clothing),1300.4,9,4,0.025,2217.7545403354984,Faible,0
3116,Lincoln Brooks,Online reguliers (Clothing),1004.2,13,35,0.025,1109.0407321852,Faible,0
3112,Luna Nguyen,Online reguliers (Clothing),1573.95,21,36,0.025,1593.1771869087308,Faible,0
3774,Leo Edwards 2,Online reguliers (Clothing),1582.7,17,12,0.025,1537.631727754143,Faible,0
5015,Evelyn Kelly,In-Store reguliers,718.5,8,19,0.025,562.998307832052,Faible,0
3728,Caleb Jones,Online reguliers (Clothing),556.0,4,12,0.025,1340.2104823256948,Faible,0
3542,Eli Cooper 2,Online reguliers (Clothing),1295.25,14,6,0.025,1486.6871665570416,Faible,0
5523,Allison Torres,In-Store reguliers,818.35,15,13,0.025,1291.3941909788796,Faible,0
2205,Harper Martinez,Online reguliers (Clothing),1131.6,13,7,0.025,1165.4627409770903,Faible,0
2196,Ivy Howard,Online reguliers (Clothing),759.75,6,26,0.025,644.7059891146258,Faible,0
2226,Alexander Richardson,Online reguliers (Clothing),577.85,9,11,0.025,1020.4638121386889,Faible,0
5630,Riley Davis,Online reguliers (Clothing),868.88,9,126,0.025,1157.9298833572411,Faible,0
5095,Maya Clark,VIP / Champions,1911.08,28,24,0.025,1733.3343466811766,Faible,0
3551,Alice Campbell,In-Store reguliers,1032.5,7,46,0.025,659.551218803469,Faible,0
2312,Ivy Adams,Online reguliers (Clothing),1082.25,17,50,0.025,1218.7988452480033,Faible,0
5231,Ava Lewis,Online reguliers (Clothing),1103.0,11,55,0.025,1118.8371737690018,Faible,0
2296,Quinn Brown,Online reguliers (Clothing),554.1,9,51,0.025,1195.2818065045699,Faible,0
3611,Sophie Walker,Online reguliers (Clothing),746.5,9,75,0.025,1187.269301494669,Faible,0
5300,Julia Scott,Online reguliers (Clothing),1384.7,12,5,0.025,1331.015581531912,Faible,0
5309,Sadie Nguyen 2,In-Store reguliers,931.0,13,23,0.025,1227.0422661533923,Faible,0
5115,Maya Reyes,Online reguliers (Clothing),1181.2,19,36,0.025,1447.790379165235,Faible,0
5118,Ryan Thomas,Online reguliers (Clothing),578.05,7,41,0.025,649.5170396173967,Faible,0
2353,William Allen,In-Store reguliers,1085.55,15,37,0.025,1480.043927412403,Faible,0
3673,Quinn Cook,Online reguliers (Clothing),1297.87,21,5,0.025,2106.4687429282944,Faible,0
3488,Charlie Nelson,Online reguliers (Clothing),1771.0,17,16,0.025,1392.5718741198068,Faible,0
2225,Ella Moore,VIP / Champions,2014.4,24,0,0.025,2379.968444493899,Faible,0
3497,Lucy Carter,In-Store reguliers,1322.25,14,10,0.025,1208.4876689477146,Faible,0
3043,Owen Miller,Online reguliers (Clothing),954.0,6,5,0.025,2283.931962974525,Faible,0
3575,Hannah Lee,Chaussures ponctuels,299.0,5,0,0.025,1266.7422855074178,Faible,0
5678,Jonathan Taylor 2,In-Store reguliers,771.0,7,1,0.025,750.5397443329208,Faible,0
4421,Hannah Sanchez,Online reguliers (Clothing),765.65,12,62,0.025,1102.8208239153753,Faible,0
2536,Lydia Jackson,Online reguliers (Clothing),1024.6,13,72,0.025,1234.261607239859,Faible,0
5701,Aiden Mitchell 2,In-Store reguliers,1571.62,15,79,0.025,1528.9997946212804,Faible,0
3340,Isaiah Taylor,Online reguliers (Clothing),1301.75,8,68,0.025,824.7335136008082,Faible,0
4096,Elias Richardson,VIP / Champions,1921.5,29,65,0.025,2326.658323076922,Faible,0
4452,Chloe Evans,Online reguliers (Clothing),457.8,7,74,0.025,706.4936541935002,Faible,0
2940,Paisley Cooper,Online reguliers (Clothing),1238.35,14,31,0.025,1084.0829593794626,Faible,0
2938,Hunter Wright,Online reguliers (Clothing),1436.55,14,85,0.025,1235.5817713320967,Faible,0
5640,Stella Flores,Petits dormants (Accessoires),823.0,6,96,0.025,679.1737511264405,Faible,0
3108,Lucas Ortiz,In-Store reguliers,1165.05,16,4,0.025,1270.8633344261632,Faible,0
2504,Emily Parker 2,In-Store reguliers,448.2,10,194,0.025,1361.2617427307673,Faible,0
2494,Ava Johnson,Online reguliers (Clothing),813.3,10,39,0.025,1204.458123960287,Faible,0
2764,Caroline Collins,In-Store reguliers,1185.5,14,148,0.025,1213.1136725336146,Faible,0
2537,Allison Kim,Online reguliers (Clothing),484.0,6,0,0.025,779.9283655776067,Faible,0
4693,Penelope Allen,Online reguliers (Clothing),770.25,12,10,0.025,1247.7678322440806,Faible,0
2643,Savannah Young,In-Store reguliers,795.0,7,164,0.025,662.8462575859453,Faible,0
3278,Nathan Nelson,Online reguliers (Clothing),899.0,6,103,0.025,769.91815453092,Faible,0
4236,Zoe Brooks,Chaussures ponctuels,25.5,1,20,0.025,639.8532861828638,Faible,0
5796,Mason Howard,Online reguliers (Clothing),1253.45,15,25,0.025,1471.9474244840487,Faible,0
4255,Riley Rivera,Online reguliers (Clothing),854.0,7,61,0.025,623.6530428469839,Faible,0
4649,Layla Parker,In-Store reguliers,784.4,10,255,0.025,870.1629541044551,Faible,0
2572,Zoe Peterson,Online reguliers (Clothing),814.55,13,88,0.025,1187.278215583433,Faible,0
3315,Sarah Adams,Online reguliers (Clothing),1157.5,13,10,0.025,1243.573808132551,Faible,0
5785,Sofia Ramirez 2,Online reguliers (Clothing),518.0,5,184,0.025,518.6741919240972,Faible,0
2081,Asher Lee,In-Store reguliers,367.5,7,248,0.025,657.6113999418814,Faible,0
5849,Aria Young,Online reguliers (Clothing),973.75,10,58,0.025,1236.1862943500655,Faible,0
2823,Asher Campbell 2,Online reguliers (Clothing),912.5,13,47,0.025,1175.9269456288723,Faible,0
4589,Mia Adams,In-Store reguliers,757.55,12,27,0.025,1182.9962680760298,Faible,0
4563,Aaron Lee,VIP / Champions,2280.6,21,20,0.025,1554.8710567994597,Faible,0
5986,Theo Kim,Online reguliers (Clothing),1387.27,20,19,0.025,1517.7739588524842,Faible,0
5806,Maya Lee 2,Online reguliers (Clothing),195.2,3,17,0.024976315789473683,1296.6829506665506,Faible,0
4038,Audrey Lopez,In-Store reguliers,423.75,3,24,0.024913793103448274,1184.5739916117568,Faible,0
4150,Layla Clark 3,Online reguliers (Clothing),25.0,1,1,0.024846733158947656,757.7855749239231,Faible,0
5350,Grace Jackson,Petits dormants (Accessoires),362.75,6,8,0.02482142857142857,1113.4280642430415,Faible,0
5492,Adrian Moore 2,Online reguliers (Clothing),368.0,4,9,0.024815127049336222,485.28903445745556,Faible,0
4439,Luke Clark,Chaussures ponctuels,30.0,1,0,0.024772727272727276,863.046907201152,Faible,0
3482,Isabella Rogers 2,Chaussures ponctuels,198.5,3,41,0.02471267942583732,1723.0144049877795,Faible,0
3660,Grayson Peterson,Online reguliers (Clothing),449.0,4,253,0.024648129921259844,619.6579200887182,Faible,0
5963,Ivy Murphy 2,In-Store reguliers,647.0,6,13,0.024634146341463416,1342.007804415463,Faible,0
5455,Emma Cox,Petits dormants (Accessoires),433.2,9,140,0.024615384615384615,1210.6200791530016,Faible,0
5855,Natalie Collins 2,In-Store reguliers,940.8,13,0,0.024607843137254903,1151.2968140695846,Faible,0
2418,Claire Reyes,In-Store reguliers,1176.7,15,42,0.024607843137254903,1234.953252010585,Faible,0
5149,James Wilson 3,In-Store reguliers,2069.75,19,19,0.024607843137254903,1529.6949069589382,Faible,0
2803,Layla Stewart,Online reguliers (Clothing),1091.45,15,2,0.024607843137254903,1247.8027936522617,Faible,0
3167,Julian Campbell,In-Store reguliers,1027.25,12,52,0.024567441860465115,1215.1880947365944,Faible,0
5909,Nora Turner 2,Online reguliers (Clothing),254.5,3,39,0.024565113053128033,1123.1808685730005,Faible,0
3387,Anna Lee,Chaussures ponctuels,30.0,1,86,0.024540318805908054,512.2882104125622,Faible,0
3990,Natalie Hernandez,Online reguliers (Clothing),903.35,11,57,0.024523809523809524,1216.1720138008684,Faible,0
2231,Dylan Jones,Online reguliers (Clothing),983.5,10,42,0.024523809523809524,1281.1170401519416,Faible,0
4019,Elias Cook 2,In-Store reguliers,1071.75,15,27,0.024523809523809524,1268.99299020708,Faible,0
4441,Skylar Evans,In-Store reguliers,937.22,13,2,0.024523809523809524,1249.7425684429359,Faible,0
4797,Lucy Sanchez,Online reguliers (Clothing),707.0,11,59,0.024523809523809524,1075.7181049756527,Faible,0
5837,Diana Jones 2,In-Store reguliers,985.7,10,8,0.024523809523809524,1202.2678930911743,Faible,0
3610,Caroline Brooks,In-Store reguliers,1067.5,9,40,0.024523809523809524,1135.565086927245,Faible,0
3233,Mia Lewis,In-Store reguliers,449.5,6,26,0.024516129032258065,1288.976896249049,Faible,0
5579,Sadie Davis,Online reguliers (Clothing),734.7,10,2,0.024516129032258065,1671.105892989228,Faible,0
4578,Olivia Nguyen,In-Store reguliers,605.3,11,11,0.024516129032258065,1148.9573335233115,Faible,0
2152,Harper Watson,Online reguliers (Clothing),705.3,8,27,0.02448717948717949,710.7177159924307,Faible,0
4386,Eli Taylor,Online reguliers (Clothing),882.75,11,116,0.024473684210526318,1059.9260295555782,Faible,0
3473,Christian Davis,Online reguliers (Clothing),1075.85,9,22,0.024473684210526318,1175.0281495069892,Faible,0
2949,Ellie Moore,Online reguliers (Clothing),457.0,4,133,0.024463923147413188,493.12920783610224,Faible,0
4987,Natalie Rivera 2,In-Store reguliers,353.5,5,190,0.024456521739130436,605.8646775368358,Faible,0
3849,Charlie Clark 2,In-Store reguliers,1108.85,16,12,0.024347826086956525,1295.0579500330396,Faible,0
2523,Leo Phillips,In-Store reguliers,1011.0,12,17,0.024347826086956525,1218.2691970196825,Faible,0
3022,Caleb Rogers,Online reguliers (Clothing),1343.15,15,7,0.024347826086956525,1304.6963868236026,Faible,0
2469,Zoe Martinez,Online reguliers (Clothing),1807.63,23,71,0.024318181818181815,1683.4274794137004,Faible,0
5712,Luke Cox,In-Store reguliers,903.25,12,1,0.024028677150786305,1251.4381967025543,Faible,0
3103,Grace Roberts,Online reguliers (Clothing),539.5,7,132,0.024,620.6195770119475,Faible,0
4949,Jonathan Baker,In-Store reguliers,723.0,9,244,0.024,1142.5335066848309,Faible,0
5921,Hazel Brooks 2,In-Store reguliers,65.0,1,2,0.023882653571250065,900.9013638249733,Faible,0
2237,Savannah Watson,In-Store reguliers,65.0,1,0,0.023882653571250065,873.497521271214,Faible,0
2784,Mason Jones,Online reguliers (Clothing),511.5,6,7,0.023871635610766044,719.8573603252511,Faible,0
5890,Genesis King,Online reguliers (Clothing),546.12,9,124,0.023846153846153847,1032.984058741631,Faible,0
4142,Sarah Hill,Online reguliers (Clothing),487.5,4,69,0.02376180358829084,455.07664702319335,Faible,0
3068,Maverick Kim 2,Chaussures ponctuels,589.0,6,7,0.02375,741.817686966845,Faible,0
2310,Asher Edwards,Online reguliers (Clothing),1021.15,13,36,0.02375,1196.1363650769006,Faible,0
2920,Julian Baker,Online reguliers (Clothing),525.55,6,22,0.02375,718.0585734299931,Faible,0
3768,Evelyn Turner,In-Store reguliers,538.0,6,46,0.02375,703.920345967698,Faible,0
3475,Julian Taylor 2,In-Store reguliers,458.2,8,52,0.023720522057073624,2012.7958394670611,Faible,0
3723,Addison Morris,Online reguliers (Clothing),573.0,5,54,0.02370227977876703,594.4785679167787,Faible,0
3978,Piper Nguyen,Online reguliers (Clothing),318.5,4,62,0.023698228542914174,767.0893522897102,Faible,0
2913,Leo Flores 3,Online reguliers (Clothing),204.75,4,24,0.0236632273853405,1211.5370637903325,Faible,0
4919,Penelope Rodriguez,In-Store reguliers,980.5,9,42,0.023523809523809523,1089.021057122009,Faible,0
5516,Ruby Ramos,In-Store reguliers,35.0,1,3,0.023507085020242915,948.4671352428988,Faible,0
4954,Samantha Rivera,Online reguliers (Clothing),439.75,9,49,0.02342948717948718,1248.0171320913066,Faible,0
3903,Addison Cruz,Chaussures ponctuels,30.0,1,3,0.023417685255920553,766.6109274626436,Faible,0
4844,Aaron Lewis,Chaussures ponctuels,22.4,1,232,0.023271048467688207,338.39902186282643,Faible,0
2263,Julia Reyes,Online reguliers (Clothing),510.5,10,9,0.023124104156712854,1045.6740393496116,Faible,0
2966,Mason Turner,In-Store reguliers,585.75,6,13,0.023121143977397222,956.6614564312603,Faible,0
4598,William Gonzalez,In-Store reguliers,326.0,4,21,0.022930743243243245,1148.1202140794335,Faible,0
4632,Chloe Wilson,Online reguliers (Clothing),545.0,5,3,0.022887804566909045,609.5651784078767,Faible,0
4470,Mateo Bailey,Online reguliers (Clothing),247.5,3,53,0.02275209397344229,884.9926623003518,Faible,0
4708,Lucas Edwards,Chaussures ponctuels,90.0,1,65,0.022750678780284042,630.1822235976487,Faible,0
4963,Charles Carter,Chaussures ponctuels,60.0,1,9,0.02257359307359307,669.0470042704562,Faible,0
5584,Sebastian Jones 2,Online reguliers (Clothing),99.0,2,1,0.022536382536382536,849.6764864878586,Faible,0
5876,Samuel Gonzalez 2,Online reguliers (Clothing),1120.0,6,88,0.022427419354838708,715.7614101209537,Faible,0
3000,Jonathan Taylor,Chaussures ponctuels,30.0,1,86,0.022149014458081963,581.5943180462643,Faible,0
2340,Ryan Martinez,Chaussures ponctuels,30.0,1,117,0.022149014458081963,555.1777646477875,Faible,0
4864,Abigail Young,Online reguliers (Clothing),773.0,9,262,0.022063994374120956,1205.3075568504323,Faible,0
2931,James Johnson,In-Store reguliers,25.0,1,5,0.02206090128359036,672.2177862682634,Faible,0
2888,Ruby Stewart,Online reguliers (Clothing),265.5,5,0,0.022036363636363635,1090.8726740022644,Faible,0
4426,Eva Nguyen 2,Chaussures ponctuels,90.0,1,13,0.02195958646616541,515.8062004169583,Faible,0
5215,Emma Morgan 2,Online reguliers (Clothing),212.0,2,41,0.021930115744146196,946.645312701682,Faible,0
3256,Quinn Carter,Chaussures ponctuels,328.8,3,84,0.02189409141583055,791.2184212718946,Faible,0
2806,Daniel Brooks,In-Store reguliers,658.5,6,115,0.021786216596343177,637.4300976028297,Faible,0
5892,Julia Clark,Chaussures ponctuels,110.0,1,8,0.02169642857142857,518.6265316568225,Faible,0
4288,Madison Taylor,Online reguliers (Clothing),398.0,4,57,0.021694436371855724,395.18241010593346,Faible,0
3117,Emma Collins,Petits dormants (Accessoires),262.02,5,44,0.02162787528277623,864.0977904888385,Faible,0
4539,Quinn Richardson,Online reguliers (Clothing),288.0,5,13,0.021597222222222223,1095.337341113617,Faible,0
3870,Connor Ramos,In-Store reguliers,344.0,5,64,0.02155164337921021,535.1942846138165,Faible,0
2863,Ivy Martinez,In-Store reguliers,374.0,5,7,0.02107981969288767,714.677260691112,Faible,0
5792,Jackson Cruz,Online reguliers (Clothing),383.5,4,47,0.021023206896260593,674.4539368462106,Faible,0
2093,Brooklyn Ramos,Online reguliers (Clothing),564.25,5,134,0.02086184289646694,400.3483251870072,Faible,0
2602,Samantha Ward,Online reguliers (Clothing),460.0,4,67,0.02073959397344229,584.8630637935862,Faible,0
4260,Diana Chavez,Online reguliers (Clothing),445.5,5,39,0.020372660226027902,682.8464270810321,Faible,0
3676,Wyatt Cook,Chaussures ponctuels,335.0,3,133,0.020232600732600737,989.8135627980109,Faible,0
5385,Willow Robinson 2,Online reguliers (Clothing),1000.6,10,13,0.02,1042.185734613455,Faible,0
4373,Mia Turner,VIP / Champions,2789.0,25,140,0.02,1594.621296984128,Faible,0
5306,James Nguyen,In-Store reguliers,809.35,11,42,0.02,1335.3629198841547,Faible,0
4360,Elias Hill,Online reguliers (Clothing),1436.25,15,38,0.02,1414.2187447439596,Faible,0
3584,Aria Clark,In-Store reguliers,1136.8,13,1,0.02,1222.2231552772025,Faible,0
2772,Dylan Cooper,Online reguliers (Clothing),768.05,8,103,0.02,815.4584706339019,Faible,0
2875,Wyatt Moore,In-Store reguliers,642.0,6,69,0.02,551.0207919009507,Faible,0
2289,Maverick Martin,In-Store reguliers,1013.2,14,75,0.02,1280.7729064776668,Faible,0
2576,Eleanor Lewis,Petits dormants (Accessoires),514.0,8,27,0.02,1038.0458775422567,Faible,0
5275,Maya Robinson 2,Online reguliers (Clothing),406.0,5,20,0.02,658.4079231565589,Faible,0
4697,Theo Roberts,Online reguliers (Clothing),958.7,14,134,0.02,1228.2256827469796,Faible,0
3619,Abigail Reed,In-Store reguliers,623.3,10,19,0.02,1630.1588727739806,Faible,0
2672,Carter Sanchez,In-Store reguliers,1167.9,17,28,0.02,1568.5398702378477,Faible,0
2727,Anthony Martin,Online reguliers (Clothing),713.25,8,32,0.02,1228.3800635399762,Faible,0
5784,Jacob Thomas,Online reguliers (Clothing),2085.5,15,48,0.02,1393.7804327476508,Faible,0
3302,Jackson Lewis,Online reguliers (Clothing),1366.0,9,98,0.02,1076.301670370701,Faible,0
2709,Violet Walker,Online reguliers (Clothing),1231.25,15,12,0.02,1398.778096426975,Faible,0
5666,Genesis Williams 2,Online reguliers (Clothing),1199.2,19,12,0.02,1635.818968193005,Faible,0
2735,Eli Jones,In-Store reguliers,219.2,4,2,0.02,1472.894407500337,Faible,0
5700,James Stewart,In-Store reguliers,1285.5,13,74,0.02,1309.5723472523707,Faible,0
5680,Lydia Baker 2,In-Store reguliers,1931.25,19,5,0.02,1434.7358561888093,Faible,0
2522,William Edwards,Online reguliers (Clothing),1062.5,12,8,0.02,1235.328746174426,Faible,0
2671,Riley Martinez,Online reguliers (Clothing),1194.0,13,11,0.02,1208.0836078735338,Faible,0
4936,Anna Peterson,Online reguliers (Clothing),869.03,12,167,0.02,1240.3455779478415,Faible,0
4252,Isabella Nguyen,Online reguliers (Clothing),434.1,7,14,0.02,1335.2834070493802,Faible,0
4880,Isaiah Green,VIP / Champions,3176.25,26,67,0.02,1643.784650790664,Faible,0
4958,Paisley Harris,Online reguliers (Clothing),1112.9,14,37,0.02,1109.30481235678,Faible,0
5627,Kinsley Flores,Online reguliers (Clothing),945.6,13,173,0.02,949.4593869895667,Faible,0
3132,Noah Johnson,Online reguliers (Clothing),284.9,4,2,0.02,1557.582921781844,Faible,0
2040,Ruby Howard,Online reguliers (Clothing),1042.5,18,12,0.02,1530.7130822971972,Faible,0
3191,Lucy Rogers,In-Store reguliers,530.5,8,21,0.02,707.1869582170268,Faible,0
3877,Henry Perez,In-Store reguliers,864.75,12,20,0.02,1282.863127329296,Faible,0
5926,Genesis Mitchell,Online reguliers (Clothing),456.75,6,35,0.02,537.2639578105371,Faible,0
2656,Luke Reyes,Online reguliers (Clothing),1150.0,13,57,0.02,1021.284137902247,Faible,0
5155,Nathan Jackson,Online reguliers (Clothing),422.0,6,2,0.02,790.5415312897021,Faible,0
3989,Riley Cook,Online reguliers (Clothing),588.37,9,24,0.02,1151.761606736149,Faible,0
3314,Jeremiah Taylor,Online reguliers (Clothing),1575.5,18,52,0.02,1715.3619770102607,Faible,0
3121,Eli Kim,Online reguliers (Clothing),366.0,5,8,0.02,1032.8717061896477,Faible,0
3352,David Perez 2,Online reguliers (Clothing),1432.5,9,117,0.02,951.4685009622222,Faible,0
4935,Mia Harris,In-Store reguliers,500.12,8,215,0.02,558.1176135997036,Faible,0
4118,Ruby Rivera,Online reguliers (Clothing),784.3,12,62,0.02,1182.2309803582975,Faible,0
5856,Charlie Ortiz,In-Store reguliers,738.4,12,70,0.02,1230.0880434903934,Faible,0
4914,Abigail Brown,Online reguliers (Clothing),1143.52,14,126,0.02,1324.5623897220264,Faible,0
4424,Maya White 2,In-Store reguliers,1874.0,14,13,0.02,1380.4500255734695,Faible,0
3997,Riley Ramirez,In-Store reguliers,1653.95,16,70,0.02,1466.0825507738084,Faible,0
4395,Michael Nguyen,Online reguliers (Clothing),1058.25,10,9,0.02,1190.3349925905045,Faible,0
3684,Zoe Carter,In-Store reguliers,685.0,6,172,0.02,642.2648043939939,Faible,0
4335,Eli Baker,Online reguliers (Clothing),1413.75,18,1,0.02,1574.5078866705298,Faible,0
2240,Chloe Hill,Online reguliers (Clothing),980.8,9,19,0.02,1206.4044116094233,Faible,0
5529,Violet Diaz,Online reguliers (Clothing),1046.05,13,58,0.02,1221.0408022062395,Faible,0
2417,Caleb Evans 2,In-Store reguliers,721.2,10,30,0.02,1010.0826724166882,Faible,0
3118,Aaron Green,Online reguliers (Clothing),1212.5,14,22,0.02,1338.8451734451435,Faible,0
2820,Scarlett Jackson,Online reguliers (Clothing),502.5,6,46,0.02,671.2569413244122,Faible,0
2008,Genesis Turner,In-Store reguliers,1781.77,17,6,0.02,1423.605554216053,Faible,0
5891,Mason Roberts 2,In-Store reguliers,484.25,6,8,0.02,1758.3103459184692,Faible,0
5916,Aurora Phillips,Online reguliers (Clothing),1027.0,12,87,0.02,1229.8886985962135,Faible,0
2498,Eleanor Green,In-Store reguliers,1006.62,11,187,0.02,1124.4019422680453,Faible,0
3622,Sebastian Hall,In-Store reguliers,1604.0,15,37,0.02,1155.7967463910327,Faible,0
4659,Nora Cruz,In-Store reguliers,1000.5,14,0,0.02,1320.0982795275015,Faible,0
2335,Sadie Rivera,Online reguliers (Clothing),762.75,8,25,0.02,771.3719897110897,Faible,0
3004,Naomi Carter,In-Store reguliers,2381.95,16,59,0.02,1561.0240946307933,Faible,0
5430,Henry Bailey,In-Store reguliers,1039.3,11,153,0.02,1216.0784563637555,Faible,0
5131,Julian Cooper,Online reguliers (Clothing),535.5,6,287,0.02,462.85198068105535,Faible,0
3436,William Williams,In-Store reguliers,1494.0,15,33,0.02,1402.9695486313724,Faible,0
3650,Emma Hernandez 2,In-Store reguliers,849.3,12,2,0.02,1029.3573442531147,Faible,0
3520,Claire Cruz,Online reguliers (Clothing),987.38,11,181,0.02,1228.1861132456588,Faible,0
3509,Thomas Edwards,Online reguliers (Clothing),1139.75,13,79,0.02,1290.069233757996,Faible,0
2569,Joseph Adams,In-Store reguliers,1403.35,16,96,0.02,1223.1244670475699,Faible,0
2364,Skylar Hall,In-Store reguliers,951.75,9,28,0.02,1124.627305229086,Faible,0
3690,Aiden Sanchez,In-Store reguliers,405.0,6,10,0.02,1502.84774913802,Faible,0
3414,Asher Jones,Online reguliers (Clothing),814.0,8,6,0.02,775.0208127261063,Faible,0
2882,Jonathan Peterson,In-Store reguliers,1418.75,16,3,0.02,1487.0854491066618,Faible,0
2411,Violet Campbell,In-Store reguliers,1125.8,16,103,0.02,1183.8313092467586,Faible,0
2663,Cora Chavez,Online reguliers (Clothing),319.12,7,5,0.02,1791.294744153139,Faible,0
5615,Isaac Nelson 2,Online reguliers (Clothing),705.15,13,85,0.02,960.1941613374859,Faible,0
4292,Skylar Nelson,In-Store reguliers,1362.25,15,112,0.02,1216.4299395447026,Faible,0
4180,Emily Hall,Online reguliers (Clothing),349.5,5,20,0.02,888.9399414418748,Faible,0
3419,Gabriel White,In-Store reguliers,1350.7,20,3,0.02,1550.7300497654212,Faible,0
2342,Ivy Watson,Online reguliers (Clothing),796.85,9,67,0.02,1227.3584167823963,Faible,0
4403,Daniel Rogers,Online reguliers (Clothing),442.0,9,13,0.019821428571428573,1034.1213597762094,Faible,0
4661,Connor Peterson,Online reguliers (Clothing),914.0,9,213,0.019799999999999998,1200.3741907035899,Faible,0
4793,Emily Martinez,Chaussures ponctuels,99.0,1,30,0.01973312356979405,731.5299707134632,Faible,0
2345,Julian Phillips,In-Store reguliers,1338.0,14,2,0.019655172413793102,1436.83226762116,Faible,0
4458,David Walker,Online reguliers (Clothing),365.5,7,13,0.019615384615384618,2107.4825206612845,Faible,0
5747,Liam Anderson,Chaussures ponctuels,537.6,4,4,0.019615384615384618,635.0352772220687,Faible,0
4066,Jacob Howard 2,Online reguliers (Clothing),1375.75,17,8,0.0196078431372549,1355.419469887009,Faible,0
5609,Henry Torres,Online reguliers (Clothing),1552.15,17,2,0.0196078431372549,1367.1315469181077,Faible,0
4753,Samuel Cox,Online reguliers (Clothing),1732.25,17,4,0.0196078431372549,1529.999019535671,Faible,0
4108,Nathan Ramirez,Online reguliers (Clothing),1286.25,17,20,0.0196078431372549,1643.3683539330057,Faible,0
3303,Abigail Martin,Chaussures ponctuels,30.0,1,4,0.019594155844155844,760.9181275774415,Faible,0
4811,Paisley Martin,Online reguliers (Clothing),442.2,7,27,0.019523809523809523,624.3755344009849,Faible,0
3300,William Moore,Online reguliers (Clothing),532.3,6,57,0.019523809523809523,581.4449672843164,Faible,0
4572,Allison Johnson,Online reguliers (Clothing),681.25,6,41,0.019523809523809523,692.5205756264824,Faible,0
2666,Alice Peterson 2,Gros paniers occasionnels (Outerwear),712.5,6,75,0.019523809523809523,700.583437128205,Faible,0
4887,Aria Phillips,In-Store reguliers,752.0,14,4,0.019516129032258064,1213.536125979253,Faible,0
2961,Maya Robinson,In-Store reguliers,914.25,12,59,0.019516129032258064,1162.295628375888,Faible,0
5069,Anna Brown,Online reguliers (Clothing),493.0,6,67,0.0195,768.8782148589485,Faible,0
4436,Amelia Sanchez,In-Store reguliers,416.5,6,154,0.01949367088607595,669.3926699606279,Faible,0
4577,Julia Miller,Online reguliers (Clothing),1404.55,13,12,0.019487179487179488,1089.2013565271802,Faible,0
5838,Hunter Morris,In-Store reguliers,427.8,6,26,0.019471830985915494,838.6304632808581,Faible,0
2134,Cora Hall,Online reguliers (Clothing),973.42,16,32,0.019456521739130435,1072.4294565959692,Faible,0
2628,Alice Wright,Online reguliers (Clothing),896.62,9,28,0.019339622641509437,1201.2583339413468,Faible,0
2868,Olivia Green,Online reguliers (Clothing),1220.25,16,27,0.019318181818181818,1262.8676785143396,Faible,0
3024,Skylar Sanchez,Online reguliers (Clothing),795.4,10,3,0.019318181818181818,872.8006306866876,Faible,0
3097,Lucas Morgan,Online reguliers (Clothing),464.5,9,29,0.019288426638260938,1328.0958898611962,Faible,0
2454,Caleb Morgan,In-Store reguliers,587.5,6,174,0.01916666666666667,852.7293907144428,Faible,0
5445,Audrey Mitchell 3,Online reguliers (Clothing),630.5,8,38,0.01916666666666667,752.1011620868252,Faible,0
4612,Harper Kim 2,Online reguliers (Clothing),475.0,5,67,0.019080431039271234,455.9978613361337,Faible,0
2251,Audrey Sanchez,Online reguliers (Clothing),1096.25,10,45,0.019064364876385336,1009.9021394159539,Faible,0
4155,Wyatt Murphy,Online reguliers (Clothing),502.0,7,124,0.019,625.0070141247342,Faible,0
3634,Jack Carter,Online reguliers (Clothing),439.3,6,92,0.019,585.5382674399466,Faible,0
4964,Diana Anderson,Online reguliers (Clothing),359.5,7,28,0.018980044345898003,638.3959142982186,Faible,0
5760,David Jones 2,Online reguliers (Clothing),413.0,8,28,0.01886136712749616,1626.8223108298462,Faible,0
5035,Harper Wright,Online reguliers (Clothing),413.0,9,8,0.018846153846153846,1346.5571430941623,Faible,0
2043,Caroline Cook,Online reguliers (Clothing),1049.8,17,27,0.018846153846153846,1403.1881147404301,Faible,0
5305,Eli Harris,Online reguliers (Clothing),437.0,5,110,0.01876180358829084,552.7572811642306,Faible,0
5930,Lucy Robinson,Online reguliers (Clothing),564.5,8,78,0.01875,682.780943733794,Faible,0
4326,Gabriel Howard 2,In-Store reguliers,524.5,6,20,0.018731159420289852,550.6108341059639,Faible,0
2179,Piper Ward,In-Store reguliers,375.0,4,36,0.018633635164192655,698.6435284251196,Faible,0
2193,Adrian Campbell,Online reguliers (Clothing),403.25,6,69,0.01859375,699.4012830602193,Faible,0
5983,Evelyn Thompson 2,Online reguliers (Clothing),164.5,3,1,0.018533983048890326,1367.5079664820116,Faible,0
3603,Riley Hall 2,In-Store reguliers,1048.0,10,55,0.018523809523809526,1249.0671478044917,Faible,0
2723,David Miller,Online reguliers (Clothing),1099.75,19,18,0.018461538461538463,1613.297275022093,Faible,0
5954,Evelyn Davis,Chaussures ponctuels,30.0,1,6,0.01841768525592055,514.5015042379996,Faible,0
2673,Abigail Nguyen,In-Store reguliers,673.0,6,48,0.01840144230769231,656.9649247280712,Faible,0
3776,Sofia Bailey,Online reguliers (Clothing),517.5,6,124,0.018339622641509436,489.8426793905928,Faible,0
3304,Alice White,Online reguliers (Clothing),949.5,7,70,0.018339622641509436,633.5423368270987,Faible,0
2943,Samuel Martin,In-Store reguliers,870.4,11,4,0.018180851063829787,1189.091462271405,Faible,0
2479,Caleb Brooks,In-Store reguliers,393.0,5,34,0.018050105865723552,517.17914449284,Faible,0
4779,Ruby Morris 3,In-Store reguliers,535.0,5,20,0.01801292152537031,833.1953721191755,Faible,0
3697,James Martin,Chaussures ponctuels,28.5,1,83,0.017986406232973737,635.2507984695497,Faible,0
3769,Lydia Phillips,In-Store reguliers,757.5,7,354,0.017809534215784215,717.9562490738006,Faible,0
3182,Emma Watson,Online reguliers (Clothing),407.0,4,9,0.017717908277680574,971.3551914735385,Faible,0
3005,Violet Torres,Chaussures ponctuels,99.0,1,11,0.01755921052631579,783.3840968779929,Faible,0
2070,Addison Brooks,Petits dormants (Accessoires),312.0,4,41,0.017436030373773493,631.8326745955819,Faible,0
4867,Samantha Walker,In-Store reguliers,375.0,5,34,0.01741573033707865,951.7096866303261,Faible,0
3831,Audrey Reed 2,In-Store reguliers,488.5,6,104,0.017341772151898735,552.121723195088,Faible,0
3845,Sophie Morales,Chaussures ponctuels,263.8,3,40,0.017199865378523915,1113.7839568774853,Faible,0
5522,Willow Rogers,Chaussures ponctuels,27.0,1,25,0.01717391304347826,677.0390108406452,Faible,0
3351,Lucy Flores 2,In-Store reguliers,252.0,3,4,0.016974648928307464,1084.1647728078487,Faible,0
4594,Leah White,Online reguliers (Clothing),395.75,7,18,0.016954261954261952,719.7330200889666,Faible,0
2906,Jaxon Peterson,Online reguliers (Clothing),480.5,5,90,0.016863960905882963,625.9738460774003,Faible,0
5307,Gabriel Parker,Chaussures ponctuels,81.0,1,17,0.016844924812030076,607.3511905448189,Faible,0
4489,Ivy Richardson,Online reguliers (Clothing),515.0,5,80,0.01652279259927985,585.048071465901,Faible,0
5515,Ivy Hernandez,In-Store reguliers,646.2,7,102,0.016360791996348146,589.8983301132793,Faible,0
5860,Bob Watson,Chaussures ponctuels,27.0,1,29,0.01630337732919255,696.8233234862669,Faible,0
2267,Kennedy Carter,Online reguliers (Clothing),638.8,5,147,0.016035613112100364,579.7162628680989,Faible,0
2503,Michael Peterson,Online reguliers (Clothing),291.0,5,25,0.01502464157706093,766.9441372654509,Faible,0
4216,Ivy Edwards,Online reguliers (Clothing),2169.95,16,41,0.015,1473.7280903675066,Faible,0
4801,Isabella Morales,In-Store reguliers,1939.68,21,5,0.015,1456.5843957034708,Faible,0
3064,Joseph Chavez,Online reguliers (Clothing),859.0,12,13,0.015,1171.2834049993444,Faible,0
4683,Maya Gonzalez 3,Chaussures ponctuels,437.82,5,7,0.015,1938.2206807302862,Faible,0
2688,Eleanor Nelson,Online reguliers (Clothing),1575.0,11,1,0.015,1113.0576943485178,Faible,0
4364,Addison Morgan,In-Store reguliers,1761.25,17,1,0.015,1485.1717529076925,Faible,0
5293,Aurora Chavez,In-Store reguliers,1093.55,14,83,0.015,1246.2626616829612,Faible,0
3590,Connor Hernandez 2,Online reguliers (Clothing),481.5,7,94,0.015,652.9681086689285,Faible,0
5312,Isaiah Miller,Online reguliers (Clothing),853.3,13,46,0.015,1282.5962822915885,Faible,0
3510,Bob Davis,In-Store reguliers,1910.0,21,51,0.015,1599.073355580264,Faible,0
3672,Ivy Harris 2,Online reguliers (Clothing),509.0,9,15,0.015,1860.510396023204,Faible,0
5185,Alice Cruz,Online reguliers (Clothing),1608.25,17,0,0.015,1380.911074193471,Faible,0
4733,Harper Brooks,In-Store reguliers,812.0,16,5,0.015,1832.6478804355118,Faible,0
2365,Madison Davis,In-Store reguliers,841.4,13,9,0.015,1212.8637827866876,Faible,0
2334,Henry Martin,Online reguliers (Clothing),1623.5,18,26,0.015,1372.3740533680282,Faible,0
5200,Charlie Morales,Online reguliers (Clothing),759.25,7,41,0.015,829.3437919826299,Faible,0
5363,Violet Davis 2,Online reguliers (Clothing),875.5,8,30,0.015,2165.10437611252,Faible,0
2048,Skylar Wilson,Online reguliers (Clothing),1212.4,13,0,0.015,1158.200011401977,Faible,0
5271,Genesis Young,Online reguliers (Clothing),729.2,5,28,0.015,601.7822388136778,Faible,0
5973,Nora Murphy,VIP / Champions,2542.62,30,2,0.015,2938.3254754331483,Faible,0
2880,Hannah Perez,In-Store reguliers,1315.65,19,92,0.015,1443.2191907567144,Faible,0
2317,Genesis Scott,Online reguliers (Clothing),971.0,12,29,0.015,1203.2926595825202,Faible,0
5241,Lucy Young,Online reguliers (Clothing),1781.8,20,34,0.015,1410.4915005047649,Faible,0
4381,Paisley Ortiz 2,Online reguliers (Clothing),898.25,12,5,0.015,1805.8148186305095,Faible,0
4709,Sophie Ramos,Online reguliers (Clothing),1420.55,20,18,0.015,2317.5606761081544,Faible,0
3939,Riley Kim,In-Store reguliers,1612.7,20,32,0.015,1455.0276862612996,Faible,0
5331,Audrey White 2,Online reguliers (Clothing),1218.32,18,51,0.015,1263.4868324634308,Faible,0
4074,Sadie Kelly,Online reguliers (Clothing),1155.75,16,23,0.015,1270.408632953714,Faible,0
4212,Aria Brown,Online reguliers (Clothing),1733.8,18,88,0.015,1261.650101495831,Faible,0
4846,Luke Evans,In-Store reguliers,430.5,7,126,0.015,569.1647539612152,Faible,0
2745,Samuel Lopez,In-Store reguliers,1684.2,16,19,0.015,1762.6203987125568,Faible,0
4100,Caleb Flores,VIP / Champions,7824.2,65,0,0.015,3127.1479001289645,Faible,0
5896,Ivy Morales 2,Online reguliers (Clothing),1396.25,17,6,0.015,1618.4332098064472,Faible,0
2080,Caroline Miller,Online reguliers (Clothing),1312.8,16,61,0.015,1151.151558174514,Faible,0
3455,Oliver Kim,Online reguliers (Clothing),968.05,14,18,0.015,1016.5141775324441,Faible,0
5534,Eli Cook,Online reguliers (Clothing),1511.25,21,10,0.015,1657.718144516993,Faible,0
2756,Sarah Jones,Online reguliers (Clothing),1149.5,12,134,0.015,1140.7358979255994,Faible,0
3098,Zoe Brown,VIP / Champions,1834.6,23,25,0.015,1641.0761709426483,Faible,0
2384,Naomi Peterson,Online reguliers (Clothing),1047.9,12,56,0.015,1079.810973005753,Faible,0
3924,Carter Allen,In-Store reguliers,758.0,5,58,0.015,632.817036519002,Faible,0
4637,Liam Thomas,Online reguliers (Clothing),1304.13,12,75,0.015,1231.059573716224,Faible,0
4726,Abigail Gonzalez,In-Store reguliers,1810.8,17,6,0.015,1621.0458863661165,Faible,0
3460,Riley Ramos,In-Store reguliers,1195.2,13,32,0.015,1255.4710057078755,Faible,0
3083,Noah Gutierrez,Online reguliers (Clothing),730.5,6,161,0.015,608.2974408189021,Faible,0
5483,Layla Wright,Online reguliers (Clothing),1520.95,22,125,0.015,1661.171004265578,Faible,0
2224,Skylar Hernandez,In-Store reguliers,1634.15,28,15,0.015,2305.687063060966,Faible,0
2702,Isaac Turner,In-Store reguliers,439.6,6,7,0.015,964.1622781187084,Faible,0
2690,Alice Gutierrez,In-Store reguliers,1147.85,13,32,0.015,1131.5698626855644,Faible,0
5452,Olivia Evans,Online reguliers (Clothing),839.0,10,27,0.015,1183.8814516204827,Faible,0
5442,Zoe Turner 2,In-Store reguliers,1450.85,14,142,0.015,1302.8546981792842,Faible,0
4660,Sadie Hall,Online reguliers (Clothing),1414.5,17,14,0.015,1428.866373713812,Faible,0
2829,Cora Ortiz,Online reguliers (Clothing),742.5,8,24,0.015,817.9209013985226,Faible,0
3109,Maya Perez,Online reguliers (Clothing),1086.0,10,31,0.015,938.6567325051069,Faible,0
4566,Scarlett Moore,In-Store reguliers,742.65,7,16,0.015,780.4563208374656,Faible,0
5596,Evelyn Turner 2,Online reguliers (Clothing),1337.0,12,172,0.015,1052.7534839913687,Faible,0
3732,Alexander Watson,Online reguliers (Clothing),915.4,10,48,0.015,1037.9924057605238,Faible,0
3740,Ethan Davis,Online reguliers (Clothing),477.8,12,14,0.015,1184.461638194179,Faible,0
2589,Sebastian Jackson,In-Store reguliers,422.75,7,5,0.015,768.9557555927623,Faible,0
2429,Leah Richardson,In-Store reguliers,1941.45,26,4,0.015,1547.4883198424511,Faible,0
2416,Henry Miller,Online reguliers (Clothing),1470.1,19,51,0.015,1414.158164279289,Faible,0
2972,Noah Edwards,Online reguliers (Clothing),1462.1,17,13,0.015,1398.6045181435206,Faible,0
4304,Hazel Rodriguez,Online reguliers (Clothing),682.1,9,24,0.015,1054.3029099558617,Faible,0
4294,Ella Harris,Online reguliers (Clothing),505.0,9,8,0.015,1007.5929742753024,Faible,0
2716,Elias Ward,In-Store reguliers,710.0,11,51,0.015,1307.5284445915527,Faible,0
3398,Charlie Walker,Online reguliers (Clothing),1207.52,16,15,0.015,1361.3375275443752,Faible,0
5052,Grayson Ward,Online reguliers (Clothing),517.25,6,20,0.015,700.2092027377445,Faible,0
5719,Jonathan Watson 3,In-Store reguliers,2045.08,17,32,0.015,1494.237750543479,Faible,0
2760,Jayden Lee,Online reguliers (Clothing),1349.25,14,14,0.015,1303.0660750465963,Faible,0
5752,Eleanor Lewis 2,Online reguliers (Clothing),1865.0,15,3,0.015,1604.1994060675613,Faible,0
3296,Ellie Robinson,Online reguliers (Clothing),1000.0,15,40,0.015,1154.6820041772462,Faible,0
3808,Hazel White 2,Online reguliers (Clothing),577.0,6,118,0.015,827.9600094168948,Faible,0
3888,Theodore Diaz,In-Store reguliers,2070.25,20,6,0.015,1559.9519344786843,Faible,0
2443,Eva Adams,VIP / Champions,2459.5,30,34,0.015,1946.9654828292926,Faible,0
4986,Natalie Richardson,VIP / Champions,2097.8,21,26,0.015,1526.8932864557837,Faible,0
2172,Allison Gonzalez,In-Store reguliers,736.25,13,49,0.015,1041.5173433633804,Faible,0
2953,Eleanor Jones,VIP / Champions,2024.53,24,63,0.015,1468.569179560729,Faible,0
3765,Lucas Rogers,Online reguliers (Clothing),1547.5,16,35,0.015,1372.4085874418324,Faible,0
2834,Adrian Cox 2,Petits dormants (Accessoires),731.2,7,7,0.015,1152.8028321860852,Faible,0
2516,Isaiah Murphy,In-Store reguliers,653.35,7,23,0.015,829.9987904807988,Faible,0
2609,Alice Edwards,In-Store reguliers,591.0,5,86,0.015,555.5806257150523,Faible,0
2098,Addison Moore,Online reguliers (Clothing),1982.0,17,34,0.015,1497.6066182765173,Faible,0
4050,Hazel Cooper,Online reguliers (Clothing),516.6,6,4,0.015,607.4716792649889,Faible,0
4491,Ivy Kelly,Online reguliers (Clothing),1469.53,17,42,0.015,1328.2679359698898,Faible,0
3164,Abigail Williams,In-Store reguliers,909.55,15,19,0.015,1128.3849560433046,Faible,0
5827,David Morales,Online reguliers (Clothing),818.5,10,27,0.015,1222.4213993604344,Faible,0
3913,Mia Rodriguez,In-Store reguliers,1275.45,13,13,0.015,1158.9887173316265,Faible,0
4224,Alexander Gonzalez 2,In-Store reguliers,1404.55,13,14,0.015,1202.9254104855008,Faible,0
5779,Kennedy Rogers,In-Store reguliers,1046.35,15,25,0.015,1203.4411714140108,Faible,0
4910,Stella Martinez,Online reguliers (Clothing),1605.55,17,77,0.015,1205.5757448970292,Faible,0
2639,Carter Harris,Online reguliers (Clothing),466.0,6,12,0.015,1897.321424062762,Faible,0
3826,Henry Clark,In-Store reguliers,1308.2,11,0,0.015,1044.1146094121432,Faible,0
2635,Riley Rogers,Gros paniers occasionnels (Outerwear),926.0,5,43,0.015,779.3909257439432,Faible,0
2519,Connor Moore,Online reguliers (Clothing),1948.0,12,25,0.015,1491.9566668847203,Faible,0
4812,Layla Scott,Online reguliers (Clothing),1171.32,16,39,0.015,1267.6090345336013,Faible,0
2032,Jack Richardson,In-Store reguliers,557.5,7,49,0.015,1416.5321278162592,Faible,0
4505,Madison Ortiz,In-Store reguliers,855.65,13,55,0.015,1202.6462222908217,Faible,0
5940,Levi Johnson,In-Store reguliers,1331.45,17,67,0.015,1419.5711764972905,Faible,0
5982,Jaxon Adams,Online reguliers (Clothing),985.4,12,7,0.015,1100.4972314264005,Faible,0
4002,Naomi Brown,Online reguliers (Clothing),975.5,17,68,0.014859154929577465,1220.4828102090491,Faible,0
4416,Aiden Ward,In-Store reguliers,309.0,3,182,0.014838709677419355,611.5990036493943,Faible,0
5620,Cora Cooper,In-Store reguliers,873.5,7,106,0.014787234042553192,812.6125367527133,Faible,0
2544,Theo Ramos,In-Store reguliers,309.0,3,75,0.014783295735891043,695.635270495983,Faible,0
3670,Jackson Johnson 2,Online reguliers (Clothing),564.0,7,103,0.01472972972972973,716.5818143216119,Faible,0
5754,Skylar Allen,Chaussures ponctuels,27.0,1,17,0.014711538461538463,411.30853857359676,Faible,0
4610,Joseph Kelly 2,Online reguliers (Clothing),992.75,13,6,0.014655172413793103,1306.0067665318936,Faible,0
4677,Naomi Mitchell,Online reguliers (Clothing),432.0,5,134,0.014615384615384617,710.1766370379585,Faible,0
4380,Lincoln Lopez 2,Petits dormants (Accessoires),430.8,6,74,0.014615384615384617,746.162043708319,Faible,0
2911,Eva Walker,Online reguliers (Clothing),588.0,6,9,0.014615384615384617,672.5501605280601,Faible,0
2884,Mateo Thomas,In-Store reguliers,1836.93,18,20,0.0146078431372549,1490.970099355218,Faible,0
5998,Savannah Campbell,Online reguliers (Clothing),1913.6,19,17,0.0146078431372549,1580.6028663796644,Faible,0
4499,Abigail Nguyen 2,Chaussures ponctuels,335.6,5,13,0.014596774193548387,1860.4446751529001,Faible,0
5799,Eleanor Cooper,In-Store reguliers,387.5,3,15,0.014576271186440679,1020.2436806350951,Faible,0
3884,Paisley Carter,Chaussures ponctuels,28.0,1,85,0.014540318805908052,503.41665531945006,Faible,0
2325,Leo Ramirez,Online reguliers (Clothing),572.0,5,8,0.014523809523809524,442.927697250048,Faible,0
5576,Maya Campbell 2,In-Store reguliers,590.25,6,34,0.014523809523809524,714.7917961564958,Faible,0
2864,Eva Garcia,Online reguliers (Clothing),1199.75,14,26,0.014523809523809524,1298.330278072175,Faible,0
5324,Layla Miller,In-Store reguliers,837.0,7,61,0.014523809523809524,630.7712348845475,Faible,0
5434,Anna Nelson 2,Online reguliers (Clothing),955.75,11,3,0.014523809523809524,1101.5112686726975,Faible,0
3820,Maya Hill,Online reguliers (Clothing),477.0,5,17,0.014523809523809524,624.6339480770679,Faible,0
5768,William Cook 2,In-Store reguliers,1615.92,23,3,0.014516129032258065,1896.8433736608958,Faible,0
5725,Allison Howard,In-Store reguliers,238.2,4,16,0.01445736434108527,885.253589184793,Faible,0
2530,Hunter Stewart,Online reguliers (Clothing),891.4,18,16,0.014456521739130434,1254.7583227334267,Faible,0
5295,Brooklyn Ramos 2,Online reguliers (Clothing),1420.0,16,4,0.014456521739130434,1382.4841539735464,Faible,0
4653,Asher Jones 2,In-Store reguliers,527.5,6,0,0.014347826086956521,656.8653973952839,Faible,0
4699,Adrian Carter 3,Petits dormants (Accessoires),591.0,5,35,0.014347826086956521,532.0352255024823,Faible,0
3086,Daniel Morales 2,Online reguliers (Clothing),424.75,5,12,0.014347826086956521,562.160961492506,Faible,0
2976,Jack Gutierrez 2,Online reguliers (Clothing),1073.25,13,9,0.014347826086956521,1222.508997635021,Faible,0
3217,Oliver Lewis,Online reguliers (Clothing),544.7,6,20,0.014339622641509436,638.6801586648984,Faible,0
4472,Mia Lopez,Online reguliers (Clothing),1477.95,14,8,0.014339622641509436,1414.2127429122943,Faible,0
3453,Kennedy Murphy,Online reguliers (Clothing),467.5,8,21,0.014332839140103781,1387.9618463516297,Faible,0
4477,Jayden Edwards,Online reguliers (Clothing),507.25,8,22,0.014318181818181818,1268.2338681807926,Faible,0
4780,Eleanor Perez,Online reguliers (Clothing),1582.8,19,2,0.014318181818181818,1370.7900824889882,Faible,0
5610,Genesis Evans 2,VIP / Champions,2391.5,32,5,0.014318181818181818,3270.687152007572,Faible,0
2747,Caroline Williams,Petits dormants (Accessoires),746.0,5,3,0.014210526315789474,1611.030087891021,Faible,0
3593,Skylar Hernandez 2,Online reguliers (Clothing),617.5,6,69,0.014195940671350507,554.2988062503736,Faible,0
2721,Henry Diaz,Online reguliers (Clothing),806.8,14,7,0.014131513647642679,1272.3290715904523,Faible,0
5334,Lydia Morgan,Online reguliers (Clothing),452.05,5,242,0.013900000000000001,545.6917678339967,Faible,0
4091,Lucas Gutierrez 2,Online reguliers (Clothing),588.5,5,30,0.013871635610766044,609.8166301024571,Faible,0
5456,Grace Brown,Online reguliers (Clothing),1017.25,18,27,0.013846153846153847,1410.7932189089893,Faible,0
3922,Abigail Torres,In-Store reguliers,491.6,9,16,0.013846153846153847,1490.1584118156904,Faible,0
2392,Abigail Ramos,In-Store reguliers,336.0,7,106,0.013541666666666667,721.8244571955354,Faible,0
5044,John Nelson,Online reguliers (Clothing),982.6,9,36,0.013523809523809525,1204.21765695107,Faible,0
2998,Genesis Martinez,Online reguliers (Clothing),699.5,8,49,0.013487179487179488,764.1209202985166,Faible,0
3492,Jeremiah Cook,Online reguliers (Clothing),312.8,8,150,0.013466666666666667,912.7470868649004,Faible,0
4564,Wyatt Walker,Online reguliers (Clothing),518.0,5,41,0.013464184540671793,619.4323631838123,Faible,0
3656,Maverick Ramirez,Online reguliers (Clothing),629.88,12,56,0.013302675585284281,1066.5456439680784,Faible,0
5344,Levi Harris 2,Chaussures ponctuels,286.0,3,52,0.013300000000000001,1203.0287025666028,Faible,0
5106,Theodore Phillips,Online reguliers (Clothing),275.0,3,62,0.013300000000000001,1111.3620313702218,Faible,0
5010,Emma Baker,In-Store reguliers,375.25,8,26,0.013282967032967035,1223.9569523502155,Faible,0
3328,Natalie Roberts,Online reguliers (Clothing),323.5,3,23,0.013225373134328358,913.1677189698613,Faible,0
4609,Jonathan Perez,Online reguliers (Clothing),348.2,4,117,0.01310970773187572,484.9836785687081,Faible,0
2473,Alice Cox,Online reguliers (Clothing),345.5,7,80,0.013108108108108108,584.4394038551139,Faible,0
2580,William Nguyen,Chaussures ponctuels,93.5,1,23,0.013004464285714286,634.0461954475664,Faible,0
3161,Ava Kelly 2,Online reguliers (Clothing),532.25,6,61,0.012933372641509434,583.5984420862453,Faible,0
4348,Henry Moore,Online reguliers (Clothing),1005.2,10,31,0.012857142857142855,1160.3753608131412,Faible,0
2524,Jack Gutierrez,In-Store reguliers,294.0,3,32,0.012845454545454547,1033.7126119419538,Faible,0
2487,Isaac Harris,Online reguliers (Clothing),428.0,5,129,0.012619196397484218,626.0185955706658,Faible,0
3872,Logan Adams 3,Online reguliers (Clothing),342.25,5,12,0.012579365079365079,803.0246236393998,Faible,0
2245,Alice Murphy,Online reguliers (Clothing),469.5,5,45,0.012415730337078651,1122.214648977767,Faible,0
5581,Anna Peterson 2,In-Store reguliers,391.5,4,38,0.012415730337078651,1057.284959482665,Faible,0
4690,Julian Chavez,Online reguliers (Clothing),260.0,3,31,0.012277272727272727,1069.7238734299176,Faible,0
4451,Grayson Hill 2,Gros paniers occasionnels (Outerwear),662.0,6,222,0.012247432529257226,575.9383312608929,Faible,0
5924,Leah Cooper,Online reguliers (Clothing),591.0,4,163,0.012237158908507224,603.447043775196,Faible,0
2505,Lily Ramirez,Online reguliers (Clothing),369.8,5,110,0.012145460066808382,731.9784643141502,Faible,0
5476,Layla Richardson,Online reguliers (Clothing),422.0,4,71,0.012126258845944475,639.729485942453,Faible,0
4278,Julian Taylor 3,Online reguliers (Clothing),554.25,5,62,0.01206168831168831,750.2916305791676,Faible,0
5249,Isabella Morris,Online reguliers (Clothing),285.25,4,81,0.012019893223427164,619.5566355221075,Faible,0
5329,Aria Morgan,Online reguliers (Clothing),320.75,4,61,0.011982593660579143,822.9610420143767,Faible,0
5224,Madison Nelson,Online reguliers (Clothing),190.0,3,3,0.011605861244019139,1167.2217566305558,Faible,0
3101,Alice Stewart,Petits dormants (Accessoires),455.5,5,33,0.011304347826086955,577.6520337968301,Faible,0
5600,Sebastian Young,Online reguliers (Clothing),329.0,4,0,0.011217904827114003,1010.6210359374385,Faible,0
4061,Mateo Sanchez,Petits dormants (Accessoires),332.5,4,79,0.01010341802476634,948.2086230298803,Faible,0
5781,Emily Flores,In-Store reguliers,224.5,3,37,0.010076315789473685,1092.3135459340522,Faible,0
4810,Scarlett Thompson 2,In-Store reguliers,1219.35,13,22,0.01,1145.5403822801327,Faible,0
2148,Levi Chavez,Online reguliers (Clothing),892.7,9,2,0.01,1564.403154231578,Faible,0
5623,Olivia Rodriguez 2,In-Store reguliers,1909.75,15,107,0.01,1376.842585429999,Faible,0
2170,Aurora Davis,Online reguliers (Clothing),399.5,8,8,0.01,1533.9516049299966,Faible,0
2174,Sofia Adams,In-Store reguliers,695.5,10,13,0.01,1880.8017240965055,Faible,0
5641,Anthony Collins 3,Online reguliers (Clothing),1188.75,15,3,0.01,1315.6340452369445,Faible,0
5652,Paisley Clark,Online reguliers (Clothing),676.25,4,10,0.01,707.4134973192529,Faible,0
5664,Chloe Kim,Online reguliers (Clothing),1321.9,12,7,0.01,1556.5623785730595,Faible,0
5667,Amelia Thomas,VIP / Champions,2213.05,24,36,0.01,1615.2167331553042,Faible,0
5671,Thomas Kim,Online reguliers (Clothing),372.5,5,283,0.01,559.6636827025737,Faible,0
5673,Evelyn Nguyen,Online reguliers (Clothing),833.4,10,0,0.01,1231.4608747663456,Faible,0
3879,Aurora Ortiz,VIP / Champions,2301.45,24,8,0.01,1791.5391010587412,Faible,0
2095,Adrian Richardson,Online reguliers (Clothing),526.5,5,14,0.01,1458.6640353968905,Faible,0
3265,Bob Wilson,In-Store reguliers,1956.6,17,25,0.01,1632.510869541268,Faible,0
2107,Lucas Phillips,Online reguliers (Clothing),485.13,6,10,0.01,1045.587503393974,Faible,0
4048,Layla Nelson 2,VIP / Champions,4588.13,49,2,0.01,2800.2939274965,Faible,0
5798,Alice Hernandez,VIP / Champions,1801.6,20,17,0.01,1672.3631199633703,Faible,0
5793,Julia Thompson,Petits dormants (Accessoires),436.45,8,52,0.01,1325.1537371947647,Faible,0
5961,Willow Turner,VIP / Champions,4239.0,27,1,0.01,1801.3116198678458,Faible,0
4446,Jeremiah Adams 2,In-Store reguliers,313.0,3,5,0.01,1110.6125785243157,Faible,0
5904,Grace Baker 2,In-Store reguliers,1107.9,11,11,0.01,1095.6059108956272,Faible,0
2034,Aria Hernandez,In-Store reguliers,1028.0,5,27,0.01,1818.7017394112997,Faible,0
3230,Alexander Brooks,Online reguliers (Clothing),1799.7,19,29,0.01,1654.941597140307,Faible,0
4232,Joseph Murphy,In-Store reguliers,1854.6,17,31,0.01,1429.7255992001467,Faible,0
4521,Lincoln Stewart,Online reguliers (Clothing),567.5,6,89,0.01,670.8532190546111,Faible,0
3241,Emma Morgan,In-Store reguliers,927.5,6,54,0.01,937.0854602695207,Faible,0
4221,Theo Taylor,Online reguliers (Clothing),705.0,10,29,0.01,1940.2144856883583,Faible,0
5895,Anna Flores,Online reguliers (Clothing),1051.75,9,92,0.01,1253.5129962063395,Faible,0
3248,Addison Evans,Online reguliers (Clothing),1157.75,9,32,0.01,937.4662661560221,Faible,0
3344,Joseph Rogers,Online reguliers (Clothing),1213.5,11,24,0.01,1112.4300654831848,Faible,0
2768,Isaiah Ward,Petits dormants (Accessoires),663.82,10,23,0.01,1133.8908960346819,Faible,0
2762,Jeremiah Clark,In-Store reguliers,1912.0,22,1,0.01,1661.0609335464865,Faible,0
5723,Layla Rivera,Chaussures ponctuels,358.9,4,28,0.01,1323.202192717475,Faible,0
3336,Mateo Green,Online reguliers (Clothing),1124.95,14,8,0.01,1078.3609055794393,Faible,0
5767,Julian Roberts,Online reguliers (Clothing),1443.62,13,13,0.01,1189.1632074578977,Faible,0
4538,Aiden Davis,Online reguliers (Clothing),1650.25,16,19,0.01,1284.3599202246003,Faible,0
5766,Oliver Ramirez 2,Online reguliers (Clothing),2034.63,17,20,0.01,1709.5033455130788,Faible,0
2121,Chloe Martinez,VIP / Champions,2194.5,19,46,0.01,1729.8355369502856,Faible,0
4863,Violet Martinez,Online reguliers (Clothing),1294.25,20,2,0.01,1438.2057889578218,Faible,0
3857,Lincoln Wright,Online reguliers (Clothing),321.5,4,9,0.01,1231.715350083748,Faible,0
2066,Quinn Gonzalez,Online reguliers (Clothing),1195.75,8,6,0.01,772.292363732823,Faible,0
5852,Alice Green 2,Online reguliers (Clothing),480.5,6,67,0.01,804.1885478157703,Faible,0
5823,Lydia Hill,Online reguliers (Clothing),523.8,5,87,0.01,507.8866285677167,Faible,0
5513,Luke Martin 2,Online reguliers (Clothing),1666.25,14,3,0.01,1334.9588961148327,Faible,0
3830,Levi Allen,In-Store reguliers,1205.7,18,36,0.01,1404.5281639243603,Faible,0
5539,Allison Johnson 2,Online reguliers (Clothing),1059.0,14,4,0.01,1334.3469927045655,Faible,0
4192,Asher Ward,In-Store reguliers,185.75,4,8,0.01,1515.5780673203228,Faible,0
2587,Samantha Cox,Online reguliers (Clothing),573.0,6,88,0.01,604.533361028466,Faible,0
2490,Olivia Kim,Online reguliers (Clothing),2065.45,17,2,0.01,2538.1461321250044,Faible,0
4872,Liam Murphy,Online reguliers (Clothing),518.5,6,12,0.01,1875.0616204007993,Faible,0
3034,Nora Adams,Online reguliers (Clothing),1369.0,10,43,0.01,1030.3138822590515,Faible,0
2565,Dylan Martinez,Online reguliers (Clothing),1922.0,19,28,0.01,1720.8565069618658,Faible,0
4668,Daniel Hill 2,Online reguliers (Clothing),481.1,5,25,0.01,1131.365347372386,Faible,0
5387,Connor Turner,Online reguliers (Clothing),800.1,7,131,0.01,640.2105154483531,Faible,0
3518,Luna Stewart,In-Store reguliers,746.0,6,12,0.01,2282.439762588537,Faible,0
2253,Dylan Turner,In-Store reguliers,809.0,8,40,0.01,731.2090889636836,Faible,0
5361,Madison Peterson,Online reguliers (Clothing),1337.24,17,139,0.01,1332.1656402247484,Faible,0
2216,Logan Adams,Online reguliers (Clothing),485.0,5,56,0.01,2282.1099829177897,Faible,0
2520,Penelope Williams,Online reguliers (Clothing),1412.75,23,3,0.01,2148.350223194444,Faible,0
2799,Anthony Campbell,Online reguliers (Clothing),1023.5,10,46,0.01,1191.8262615328185,Faible,0
4428,Theodore Turner,In-Store reguliers,1122.9,9,96,0.01,1004.6933154227415,Faible,0
5478,Hunter Morales,Online reguliers (Clothing),1442.1,19,27,0.01,1536.221559021704,Faible,0
3077,Ellie Kelly,VIP / Champions,4686.9,52,5,0.01,2970.908278981053,Faible,0
2758,Henry Gonzalez,Online reguliers (Clothing),1435.0,20,29,0.01,1690.7304636702904,Faible,0
5449,Levi Allen 2,In-Store reguliers,1420.45,20,4,0.01,1640.1055127493164,Faible,0
5428,Henry Evans,In-Store reguliers,1234.4,17,40,0.01,1705.4506553867693,Faible,0
5580,Hunter Davis,Online reguliers (Clothing),1088.73,13,113,0.01,1025.7093512535987,Faible,0
2856,Quinn Murphy,In-Store reguliers,559.5,7,7,0.01,2288.095247174845,Faible,0
2183,Samuel Martinez,In-Store reguliers,1381.15,17,5,0.01,1496.604134441664,Faible,0
2719,Aria Cook,Online reguliers (Clothing),479.75,7,29,0.01,766.6696810256332,Faible,0
4293,Gabriel Ward,Online reguliers (Clothing),426.25,8,221,0.01,811.8596493970499,Faible,0
5604,Penelope Evans 2,Online reguliers (Clothing),448.0,5,22,0.01,482.3070965088463,Faible,0
5558,Sarah Kim,Online reguliers (Clothing),1780.5,19,96,0.01,1711.2440632619034,Faible,0
5564,Eva Murphy,Gros paniers occasionnels (Outerwear),1336.0,11,221,0.01,1068.9499674812332,Faible,0
4176,Claire Ortiz,In-Store reguliers,2161.49,19,50,0.01,1503.2226003658081,Faible,0
4181,Leah Robinson,In-Store reguliers,646.8199999999999,9,0,0.01,904.7249623204532,Faible,0
4186,Joseph Kim,Online reguliers (Clothing),1030.0,6,47,0.01,1606.6969901904388,Faible,0
5277,Sebastian Allen,Online reguliers (Clothing),587.0,6,131,0.01,626.8667004471096,Faible,0
3625,Stella Diaz,VIP / Champions,1857.15,22,11,0.01,1605.7247669137596,Faible,0
2515,Harper Carter,Online reguliers (Clothing),1886.08,20,25,0.01,1565.4957904116281,Faible,0
2874,Harper Cox,In-Store reguliers,516.0,5,34,0.01,531.9657119928747,Faible,0
2930,Alice Cooper,Online reguliers (Clothing),862.0,8,72,0.01,826.6630383487194,Faible,0
2985,Isabella Peterson,In-Store reguliers,916.25,17,4,0.01,1425.6144890726418,Faible,0
3687,Noah Scott,Online reguliers (Clothing),400.75,7,14,0.01,1288.5268957746507,Faible,0
5153,Aurora Nguyen,VIP / Champions,2859.95,27,6,0.01,2740.9141506778965,Faible,0
5172,Caroline Peterson,Online reguliers (Clothing),965.0,8,104,0.01,649.4698125203016,Faible,0
5177,Sebastian Morales,VIP / Champions,2584.0,25,7,0.01,2059.215590745725,Faible,0
4967,Ivy Murphy,VIP / Champions,2179.85,21,27,0.01,1705.2064336477215,Faible,0
4955,Lucy Ramos 2,Online reguliers (Clothing),367.5,5,27,0.01,568.2501374022512,Faible,0
3950,Penelope Anderson,In-Store reguliers,574.85,9,38,0.01,1230.143445467965,Faible,0
2306,Caleb Evans,Online reguliers (Clothing),1174.38,11,69,0.01,1053.4133667518943,Faible,0
4158,Caleb Wright,Online reguliers (Clothing),638.25,11,2,0.01,1760.8814621762867,Faible,0
3640,Adrian Allen,VIP / Champions,4473.32,53,17,0.01,2927.84486588146,Faible,0
3017,Grace Wright,Online reguliers (Clothing),2050.0,17,16,0.01,1424.3754674582922,Faible,0
2320,Victoria Collins,In-Store reguliers,1017.9200000000001,17,9,0.01,1409.2654570410998,Faible,0
5272,Zoe Rivera,In-Store reguliers,1059.45,10,20,0.01,1206.8454482012376,Faible,0
5128,Grayson Kim 2,VIP / Champions,1829.05,27,37,0.01,1679.1078278160019,Faible,0
2977,Anthony Campbell 2,Online reguliers (Clothing),1504.4,20,54,0.01,1447.3838209548674,Faible,0
2886,Cora White,In-Store reguliers,525.7,10,24,0.01,969.4789269999761,Faible,0
3714,Mason White,Online reguliers (Clothing),1153.15,14,29,0.01,1063.34902198457,Faible,0
5085,Dylan Flores,In-Store reguliers,660.12,8,15,0.01,686.1940217417534,Faible,0
4750,Alice Lopez,Online reguliers (Clothing),673.75,7,80,0.01,556.0361189828164,Faible,0
4997,Jack Hall,In-Store reguliers,2043.0,21,4,0.01,2015.4304912660248,Faible,0
4996,Sarah Ramirez,In-Store reguliers,1353.3,19,39,0.01,1556.2194387300974,Faible,0
4995,Aiden Peterson,Online reguliers (Clothing),1938.4,17,39,0.01,1602.076429007684,Faible,0
2950,Elias Edwards,In-Store reguliers,1125.5,14,104,0.01,1290.6482449740167,Faible,0
4397,Oliver Green,In-Store reguliers,524.8,5,9,0.01,1131.303433056858,Faible,0
5003,Julian Flores,Online reguliers (Clothing),753.0,5,283,0.01,691.1408633701666,Faible,0
3742,Maya Wright,Online reguliers (Clothing),543.25,6,9,0.01,556.4565500009527,Faible,0
4138,Madison Young,Online reguliers (Clothing),631.25,8,2,0.01,789.0138697607613,Faible,0
4762,Emma Mitchell 2,Online reguliers (Clothing),1873.0,19,25,0.01,1363.1158330276678,Faible,0
2662,Isaac Collins,Online reguliers (Clothing),1979.25,19,35,0.01,1532.1987656303306,Faible,0
5943,Anna Davis 2,VIP / Champions,3888.25,48,26,0.01,2627.504494897741,Faible,0
3212,Daniel Cooper,Online reguliers (Clothing),1109.3,16,19,0.01,1313.7460243416258,Faible,0
4406,Elias Jones,Online reguliers (Clothing),780.0,7,19,0.00995575221238938,1205.0957004240545,Faible,0
3725,Alexander Collins,Online reguliers (Clothing),398.75,6,256,0.009902912621359223,711.9981841797539,Faible,0
5897,Zoe Diaz 2,Online reguliers (Clothing),600.5,6,75,0.009886363636363636,843.0113373308856,Faible,0
3055,Caroline Wilson 2,In-Store reguliers,617.9,12,3,0.009859154929577466,2150.972020153745,Faible,0
3143,Henry Morris,Petits dormants (Accessoires),427.5,5,191,0.0098,472.7164034189432,Faible,0
3932,Eleanor Campbell,Online reguliers (Clothing),473.5,7,13,0.009729729729729731,729.7586462761619,Faible,0
4803,Claire Martinez,Online reguliers (Clothing),607.1,7,6,0.009722222222222222,742.1366038647714,Faible,0
4917,Asher Kim 2,Online reguliers (Clothing),1373.62,17,13,0.009655172413793102,1475.6528116008128,Faible,0
5233,Charles Stewart,In-Store reguliers,709.5,10,1,0.009607843137254901,982.9620124782667,Faible,0
5531,Olivia Bailey,Online reguliers (Clothing),911.25,9,8,0.009607843137254901,971.6591661143049,Faible,0
3388,Layla Stewart 2,In-Store reguliers,1805.5,19,25,0.009607843137254901,1573.1869882037395,Faible,0
2138,Noah Robinson,Gros paniers occasionnels (Outerwear),611.0,5,128,0.009576271186440678,739.8071692322707,Faible,0
4888,Caroline Allen,In-Store reguliers,667.0,5,30,0.009545454545454546,1140.2940028627208,Faible,0
2220,Luna Rogers,In-Store reguliers,592.0,6,2,0.009523809523809523,617.7931876597487,Faible,0
3402,Jaxon Flores 2,In-Store reguliers,825.0,9,4,0.009523809523809523,1301.945242502082,Faible,0
5495,Addison Davis 2,Online reguliers (Clothing),1046.4,12,2,0.009523809523809523,1173.975779166544,Faible,0
2525,Quinn Nelson,In-Store reguliers,662.8,7,23,0.009523809523809523,603.8771178948738,Faible,0
5302,Anna Thompson 2,In-Store reguliers,756.6,6,114,0.009523809523809523,661.0162443364098,Faible,0
4837,Connor Jones,In-Store reguliers,998.3,14,18,0.009516129032258064,2377.8286073689965,Faible,0
4271,Jackson Peterson 2,In-Store reguliers,1317.63,18,49,0.009516129032258064,1475.2425974686353,Faible,0
3850,Brooklyn Nelson,Online reguliers (Clothing),1195.0,10,47,0.009473684210526316,2328.3673066924307,Faible,0
4909,Madison Chavez 2,Online reguliers (Clothing),1067.0,9,69,0.009473684210526316,1099.309094455885,Faible,0
4099,Jackson Clark,In-Store reguliers,437.38,7,84,0.00946153846153846,1448.890745069474,Faible,0
2869,Mia Anderson,In-Store reguliers,1263.8600000000001,20,32,0.009456521739130435,1474.0453989886032,Faible,0
4559,Oliver Johnson,Online reguliers (Clothing),749.5,10,49,0.009456521739130435,1015.5908621965344,Faible,0
5614,Emma Jones 2,In-Store reguliers,1324.57,17,5,0.009456521739130435,1601.4850364898825,Faible,0
5783,Isaiah Johnson,In-Store reguliers,885.0,5,38,0.00938034188034188,716.4672447195077,Faible,0
4474,Aria Bailey,In-Store reguliers,413.6,6,60,0.009375,951.8034651240621,Faible,0
5384,Penelope Jackson,Online reguliers (Clothing),311.5,5,42,0.009375,1916.3693864844465,Faible,0
5748,James Richardson,In-Store reguliers,1987.85,25,26,0.00931818181818182,1754.0700395568783,Faible,0
5549,Kennedy Murphy 2,VIP / Champions,6466.95,77,7,0.00931818181818182,3142.5021855465334,Faible,0
2818,Charles Roberts,In-Store reguliers,1063.5,14,110,0.00931818181818182,1636.6855138281162,Faible,0
3855,Isabella Nelson,In-Store reguliers,896.35,13,13,0.00931818181818182,1895.270544173728,Faible,0
5540,Nathan Walker,Online reguliers (Clothing),641.8,8,143,0.00931818181818182,678.5461055813998,Faible,0
2165,Madison Brooks,Online reguliers (Clothing),1592.5,20,12,0.00931818181818182,1413.043728369922,Faible,0
2779,Victoria Hall,Online reguliers (Clothing),933.5,13,10,0.00931818181818182,1316.9702865922175,Faible,0
2921,Chloe Howard 2,Online reguliers (Clothing),413.0,5,29,0.009210526315789473,1469.616872969843,Faible,0
5058,Ivy Bailey 2,In-Store reguliers,385.0,6,83,0.009207317073170731,573.6016542066018,Faible,0
2063,Maverick Nelson,Online reguliers (Clothing),477.4,6,102,0.009166666666666667,673.3420111968949,Faible,0
5996,Michael Rogers 2,Online reguliers (Clothing),280.0,3,7,0.009090909090909092,1590.8932941618061,Faible,0
4367,Noah Chavez,Online reguliers (Clothing),418.8,8,5,0.008846153846153846,807.2896091723123,Faible,0
3944,Mateo Allen,VIP / Champions,2427.1,40,0,0.008846153846153846,3098.1367800073176,Faible,0
4264,Sebastian Peterson 2,In-Store reguliers,898.7,16,72,0.008846153846153846,1713.1865440704198,Faible,0
3201,Kinsley Turner,Online reguliers (Clothing),372.5,4,10,0.008802395209580838,623.1557038708204,Faible,0
4998,Maverick Flores,Online reguliers (Clothing),582.0,5,44,0.00842741935483871,863.6443049670604,Faible,0
4560,Theo Rogers,Online reguliers (Clothing),352.25,3,76,0.0083,1043.377502861238,Faible,0
3095,Leo Collins,In-Store reguliers,344.75,3,33,0.0083,1297.236813689347,Faible,0
4512,Joseph Kelly,Online reguliers (Clothing),426.25,5,23,0.007232142857142857,1107.8586919567224,Faible,0
2632,Natalie Walker,VIP / Champions,3051.75,32,13,0.005,2621.46779249865,Faible,0
5811,Naomi Ramirez,VIP / Champions,2065.5,23,16,0.005,1582.973731796164,Faible,0
2407,Leah Hernandez,Online reguliers (Clothing),1048.2,12,18,0.005,1219.787343968835,Faible,0
2406,Jonathan Evans,Online reguliers (Clothing),1640.5,15,24,0.005,2535.7201664933955,Faible,0
2946,Scarlett Brown,Online reguliers (Clothing),1403.0,13,5,0.005,1252.2446430973773,Faible,0
4135,Aaron Wilson,In-Store reguliers,988.6,13,0,0.005,1203.80847146062,Faible,0
2109,Caroline Torres,Online reguliers (Clothing),1910.82,21,15,0.005,1649.8149329847638,Faible,0
2106,Maya Flores,Online reguliers (Clothing),864.3,13,33,0.005,1197.207615532005,Faible,0
5335,Brooklyn Lopez,Online reguliers (Clothing),820.87,10,10,0.005,1037.4953202990646,Faible,0
2288,Adrian Ramirez,Online reguliers (Clothing),935.0,10,6,0.005,929.9226679733249,Faible,0
3574,Lydia Ramirez,VIP / Champions,2538.6,27,6,0.005,1456.9479950825448,Faible,0
3582,Liam Watson,VIP / Champions,2042.05,19,19,0.005,1575.0344210820392,Faible,0
3581,Ryan Young,VIP / Champions,5910.95,72,5,0.005,3014.2452975758615,Faible,0
5303,Abigail Peterson,VIP / Champions,2235.7,22,4,0.005,1814.298979746101,Faible,0
3755,Ivy Clark,Online reguliers (Clothing),1354.9,15,11,0.005,2005.8035545976056,Faible,0
3752,Gabriel Hall,Online reguliers (Clothing),1277.5,18,2,0.005,1320.7966174531969,Faible,0
3746,Julia Ramirez,VIP / Champions,1909.6,21,2,0.005,1770.4503949420011,Faible,0
5036,Chloe Flores 3,In-Store reguliers,527.75,7,12,0.005,803.6800371552582,Faible,0
5788,Samantha Collins,VIP / Champions,2241.2,25,7,0.005,1661.6293339425213,Faible,0
5776,Ella Brown,Online reguliers (Clothing),1461.45,18,9,0.005,1487.6471776183562,Faible,0
4556,Eva Kelly 2,In-Store reguliers,2247.2,15,3,0.005,2788.4410573902583,Faible,0
4549,Lily Lee,VIP / Champions,3180.93,35,1,0.005,1723.5182592594924,Faible,0
4540,Samuel Ramirez,Online reguliers (Clothing),1214.8,9,20,0.005,1386.3560537713527,Faible,0
3247,Violet Flores,VIP / Champions,3564.85,44,7,0.005,2913.2203401798156,Faible,0
2499,Mia Miller,Online reguliers (Clothing),1235.1,19,17,0.005,1473.0991636534077,Faible,0
5825,Olivia Martin,Online reguliers (Clothing),828.0,7,106,0.005,633.3144560321678,Faible,0
4492,Mateo Johnson,VIP / Champions,2183.95,26,15,0.005,1815.3960200373633,Faible,0
4266,Leah Adams,In-Store reguliers,869.0,10,68,0.005,936.9141067208033,Faible,0
4743,Victoria Campbell,VIP / Champions,1871.8,22,5,0.005,1741.1062055173543,Faible,0
4736,Oliver Morris 2,Online reguliers (Clothing),913.4,11,21,0.005,1021.7139897890695,Faible,0
5073,Ava Jackson,Online reguliers (Clothing),1547.05,19,14,0.005,1779.0652628959558,Faible,0
3731,Henry Rodriguez 2,Online reguliers (Clothing),637.0,4,19,0.005,742.8553700454495,Faible,0
5734,Ethan Thomas,Online reguliers (Clothing),812.38,10,33,0.005,1008.5583245537325,Faible,0
2105,Natalie Martinez,Online reguliers (Clothing),663.0,9,23,0.005,933.6534615108369,Faible,0
5805,Penelope Roberts 2,VIP / Champions,2857.85,24,18,0.005,1608.75420464857,Faible,0
4243,Paisley Mitchell,In-Store reguliers,390.0,5,25,0.005,1634.4060433058066,Faible,0
4242,Leo Lee,Online reguliers (Clothing),1954.5,21,22,0.005,1675.2416668484286,Faible,0
3290,Penelope Roberts,VIP / Champions,2108.75,30,27,0.005,1639.1871121096856,Faible,0
3287,Mia Hall,Online reguliers (Clothing),1120.5,9,28,0.005,2075.097178823712,Faible,0
2596,Mateo Morgan,In-Store reguliers,1091.5,13,9,0.005,2362.96314471636,Faible,0
4574,Sarah Turner,VIP / Champions,2224.75,20,1,0.005,1639.9779970909594,Faible,0
5094,Henry Anderson,Chaussures ponctuels,345.9,8,11,0.005,2359.085982646897,Faible,0
2380,Isabella Cooper,VIP / Champions,3008.5,31,79,0.005,1688.2008381126486,Faible,0
5083,Michael Martinez,Online reguliers (Clothing),486.5,7,59,0.005,1084.2846405198197,Faible,0
5692,James Baker,VIP / Champions,3559.7,42,17,0.005,3017.827330734122,Faible,0
2159,Theodore Baker,VIP / Champions,2975.35,34,13,0.005,1763.9366951818522,Faible,0
2113,Jackson Martinez,Online reguliers (Clothing),566.75,10,12,0.005,1240.8702821295904,Faible,0
2914,Skylar Davis,VIP / Champions,6979.25,73,2,0.005,2912.705579356058,Faible,0
3868,Kinsley Lee,VIP / Champions,5665.1,62,2,0.005,2876.0844587767815,Faible,0
2767,Owen Gonzalez,VIP / Champions,3836.45,47,5,0.005,2980.9430593223415,Faible,0
4432,Michael Sanchez,In-Store reguliers,1022.75,10,15,0.005,1189.0002565747138,Faible,0
2923,David Campbell 2,Online reguliers (Clothing),1858.8,19,2,0.005,1659.7486440146029,Faible,0
4201,Eva Clark,Online reguliers (Clothing),1044.3,15,11,0.005,1177.4442713401168,Faible,0
3785,Mason Harris,Online reguliers (Clothing),954.7,12,171,0.005,1163.25872864272,Faible,0
3781,Chloe Richardson,VIP / Champions,1925.75,29,1,0.005,2452.009417397291,Faible,0
3777,Layla Flores,VIP / Champions,3201.05,30,20,0.005,2785.2439803977245,Faible,0
4978,Hannah Scott 2,VIP / Champions,2039.15,29,7,0.005,1738.2101881691417,Faible,0
3688,Mason Lopez,Online reguliers (Clothing),1873.2,22,57,0.005,1702.4798317273953,Faible,0
5677,Jonathan Perez 2,Online reguliers (Clothing),1896.68,20,136,0.005,1573.4430361154855,Faible,0
2131,Jaxon Kelly,VIP / Champions,2968.0,26,19,0.005,1757.8594792164067,Faible,0
3330,Audrey Richardson,Online reguliers (Clothing),1417.97,17,2,0.005,1563.7353970870652,Faible,0
3127,Hazel Rogers,In-Store reguliers,943.6,12,3,0.005,1138.5049544545093,Faible,0
3122,Eva Hall,Online reguliers (Clothing),609.25,9,15,0.005,984.7181088900454,Faible,0
4031,Piper Brown,Online reguliers (Clothing),638.4,6,30,0.005,769.6324703873844,Faible,0
2164,Evelyn Gutierrez,Chaussures ponctuels,27.0,1,17,0.005,405.92143037760115,Faible,0
5629,Isabella Carter 2,VIP / Champions,2757.8,34,10,0.005,2954.389862478045,Faible,0
4582,Gabriel Turner,VIP / Champions,5104.92,60,15,0.005,2904.011676841736,Faible,0
4581,Sofia Ramirez,VIP / Champions,2069.75,24,68,0.005,1605.2226621855348,Faible,0
2604,Caroline Ward,Online reguliers (Clothing),1364.05,16,15,0.005,1457.3521410818933,Faible,0
5100,Jonathan Wright,In-Store reguliers,1852.45,22,52,0.005,1837.176449298996,Faible,0
5097,Mateo Walker 2,In-Store reguliers,1340.6,16,26,0.005,1301.7743465095853,Faible,0
4414,Julian Carter,Online reguliers (Clothing),1520.25,10,35,0.005,1053.6191256889092,Faible,0
4273,Victoria Allen,Online reguliers (Clothing),1500.45,17,47,0.005,1466.346040080537,Faible,0
4268,Sarah Young,In-Store reguliers,1287.75,17,0,0.005,1554.37204306695,Faible,0
3847,Logan Reyes,Online reguliers (Clothing),814.15,11,141,0.005,1165.7602676956244,Faible,0
3396,Violet Rodriguez,Online reguliers (Clothing),934.35,11,16,0.005,1016.4593316991053,Faible,0
3115,Julian Stewart,Online reguliers (Clothing),479.4,5,79,0.005,1010.7226593135691,Faible,0
5593,Ivy Morales,Online reguliers (Clothing),1613.35,14,3,0.005,1696.4235617683576,Faible,0
3828,Victoria Gutierrez,VIP / Champions,2259.55,19,4,0.005,1777.841310429292,Faible,0
2986,Harper Kim,VIP / Champions,4381.98,55,13,0.005,3026.3678210639323,Faible,0
2981,Nora Brown,VIP / Champions,4051.4,45,2,0.005,2847.0628452916217,Faible,0
5126,Sofia Jackson,VIP / Champions,2962.6,36,16,0.005,2491.9242916147014,Faible,0
4885,Ruby Evans,Online reguliers (Clothing),1515.05,20,6,0.005,1608.9277501138472,Faible,0
5647,Violet Ortiz,In-Store reguliers,1608.5,17,25,0.005,1297.797068469949,Faible,0
3106,Sophie Evans,In-Store reguliers,1430.1,18,51,0.005,1961.767201624269,Faible,0
3386,Gabriel Reed,VIP / Champions,2175.98,24,4,0.005,1757.981568810982,Faible,0
3377,Julia Phillips 2,In-Store reguliers,921.45,8,60,0.005,709.7591381210692,Faible,0
2171,Charles Morgan,In-Store reguliers,1725.7,18,3,0.005,1359.3012191402095,Faible,0
2857,Oliver Bailey,Online reguliers (Clothing),874.05,15,6,0.005,1204.7806651420226,Faible,0
2848,Layla Thomas,Online reguliers (Clothing),1462.8,15,174,0.005,1259.3278208036982,Faible,0
5575,Jackson Wilson,VIP / Champions,3058.15,29,4,0.005,1738.178313044995,Faible,0
2990,Ruby Scott,VIP / Champions,2401.15,20,29,0.005,2754.2469761525963,Faible,0
4728,Emma Garcia 2,Online reguliers (Clothing),452.0,7,19,0.005,1534.496779126455,Faible,0
4462,Carter Young,In-Store reguliers,659.25,9,38,0.005,1005.2273042265833,Faible,0
3188,Luna Cruz,In-Store reguliers,764.9,11,48,0.005,1302.9613860165039,Faible,0
5984,Kennedy Anderson,Online reguliers (Clothing),919.0,11,37,0.005,1055.9726439733577,Faible,0
5994,Layla Hall,VIP / Champions,2813.3,31,82,0.005,1780.2608346571099,Faible,0
5548,Jacob Reed,Online reguliers (Clothing),675.5,8,7,0.005,1041.925506529968,Faible,0
4398,Paisley Robinson 2,VIP / Champions,6124.18,73,20,0.005,2960.4036088461526,Faible,0
2603,Lincoln Nguyen 2,Online reguliers (Clothing),1055.5,11,30,0.005,1340.6552859762783,Faible,0
4308,Jeremiah Allen,VIP / Champions,4337.85,59,7,0.005,3137.017916917196,Faible,0
4306,Ella Parker,Online reguliers (Clothing),1450.65,18,8,0.005,1507.8731896837423,Faible,0
2718,Samantha Gutierrez,Online reguliers (Clothing),769.0,6,34,0.005,1509.411547032343,Faible,0
3397,Emma Anderson,Online reguliers (Clothing),1502.9,20,48,0.005,1600.3108508855114,Faible,0
4433,Luna Ortiz,In-Store reguliers,1329.1,18,9,0.005,1371.4209550092157,Faible,0
2901,Addison Davis,VIP / Champions,7335.05,73,3,0.005,2917.390068472221,Faible,0
4225,Genesis Williams,In-Store reguliers,764.75,11,20,0.005,881.4863829416707,Faible,0
2350,Skylar Thompson,Online reguliers (Clothing),743.25,6,20,0.005,699.6200215236366,Faible,0
2344,Logan Taylor,VIP / Champions,2924.35,27,17,0.005,1752.5697047324302,Faible,0
5165,Harper White,VIP / Champions,2254.05,22,84,0.005,1560.2086639351116,Faible,0
4903,Sadie Miller 2,Online reguliers (Clothing),1187.62,14,21,0.005,1304.0402423315832,Faible,0
2480,Isaac Ward 2,VIP / Champions,4196.55,46,24,0.005,2898.831267291665,Faible,0
2478,Brooklyn Rivera,Online reguliers (Clothing),999.0,9,62,0.005,1250.9373633069858,Faible,0
2200,Carter Clark,VIP / Champions,2564.7,27,21,0.005,1663.6041631456842,Faible,0
4865,Nolan Green,In-Store reguliers,1803.25,14,5,0.005,2433.5107680574974,Faible,0
2492,Aria Hall,Online reguliers (Clothing),869.5,8,2,0.005,872.9346944435621,Faible,0
2190,Sophie Scott 2,In-Store reguliers,1038.75,9,3,0.005,1965.4365989032021,Faible,0
2181,Addison Martinez,Online reguliers (Clothing),889.6,6,144,0.005,941.2067048234501,Faible,0
2178,Olivia Young,In-Store reguliers,1683.65,19,1,0.005,2866.4939604082992,Faible,0
2862,Riley Jackson,VIP / Champions,5174.45,51,10,0.005,2938.6799538902005,Faible,0
5517,Layla Ortiz,Online reguliers (Clothing),2007.25,17,45,0.005,2060.793832068141,Faible,0
5959,Emily Ward,VIP / Champions,2025.02,23,32,0.005,1573.301460756037,Faible,0
5190,Henry Turner,VIP / Champions,3138.9,30,20,0.005,1767.5821320751666,Faible,0
5184,Carter Clark 2,VIP / Champions,3291.6,29,6,0.005,1694.0386548267177,Faible,0
5182,Jack Campbell,VIP / Champions,2506.7200000000003,25,0,0.005,1779.9973251699353,Faible,0
3654,Genesis Rogers,VIP / Champions,5132.77,54,25,0.005,2746.3325961460614,Faible,0
3467,Lincoln Hill,VIP / Champions,2783.4,21,72,0.005,1770.1854793864563,Faible,0
3088,Kinsley Diaz,Online reguliers (Clothing),495.5,5,18,0.005,1461.6153013407925,Faible,0
5286,Eli Brooks,VIP / Champions,3078.3,29,9,0.005,2729.378440346111,Faible,0
4680,Joseph Cox,Online reguliers (Clothing),948.25,7,41,0.005,1626.7542470968112,Faible,0
4920,Claire Cruz 2,Online reguliers (Clothing),1022.2,12,95,0.005,1122.531896615409,Faible,0
4675,Lydia Nguyen 2,Online reguliers (Clothing),1402.0,14,5,0.005,1447.6840283682131,Faible,0
4191,Jack Turner,VIP / Champions,2974.87,28,12,0.005,1798.1231692383037,Faible,0
4177,Dylan Cook,In-Store reguliers,922.0,8,2,0.005,771.1581997680406,Faible,0
4315,Ava Stewart,Online reguliers (Clothing),963.6,15,32,0.005,1116.5259508693146,Faible,0
4311,Sarah Martin,VIP / Champions,2837.1,29,37,0.005,1771.1509024048446,Faible,0
4465,Lincoln Mitchell,VIP / Champions,2494.9,24,15,0.005,1720.5092068229112,Faible,0
3998,Adrian White 3,Online reguliers (Clothing),639.0,6,57,0.005,589.46788917695,Faible,0
4635,Aiden Brooks 2,VIP / Champions,2243.7,22,8,0.005,1769.3101307744437,Faible,0
4627,Isaiah Brown,VIP / Champions,2987.0,33,14,0.005,2955.751524181302,Faible,0
4975,Aria Thomas 2,In-Store reguliers,1170.15,12,121,0.005,947.6854385117825,Faible,0
4969,Thomas Moore,In-Store reguliers,1968.15,20,4,0.005,1552.8575256597455,Faible,0
3805,Leo Phillips 2,In-Store reguliers,378.0,6,45,0.005,1744.4793220517001,Faible,0
3804,Alice Gonzalez 3,In-Store reguliers,1058.0,11,21,0.005,1204.1740900533391,Faible,0
3788,Mateo Martinez,VIP / Champions,1920.35,24,6,0.005,2400.090608195166,Faible,0
4334,Nora Johnson 2,Online reguliers (Clothing),436.75,8,13,0.005,691.8271960442659,Faible,0
4324,Kennedy Howard,VIP / Champions,2369.0,22,60,0.005,1717.8844626822165,Faible,0
4323,Jayden Cooper,In-Store reguliers,774.0,12,30,0.005,1319.7104736908273,Faible,0
3454,Jayden Phillips,VIP / Champions,2144.05,29,28,0.005,2690.9688206753244,Faible,0
4625,Leah Lewis,Online reguliers (Clothing),2198.35,17,5,0.005,1869.7328022007264,Faible,0
4623,Stella Thomas,Online reguliers (Clothing),1727.2,21,1,0.005,2803.3684235461046,Faible,0
4611,Theo Murphy,In-Store reguliers,1851.95,24,13,0.005,1506.1954688548826,Faible,0
5454,Diana Brooks 2,Online reguliers (Clothing),1372.0,19,11,0.005,1572.6124996922808,Faible,0
4476,Carter Watson,Online reguliers (Clothing),418.0,6,45,0.005,554.4034472896485,Faible,0
4475,David Torres,VIP / Champions,1819.8,19,27,0.005,1818.4294057658826,Faible,0
5250,Nora Rodriguez 2,VIP / Champions,3430.75,25,16,0.005,1741.9815354713503,Faible,0
3639,Olivia Richardson,In-Store reguliers,1101.25,9,19,0.005,1045.9650136083824,Faible,0
3636,Samuel Lewis,Online reguliers (Clothing),654.25,6,155,0.005,927.7187000993036,Faible,0
4721,Wyatt White 2,In-Store reguliers,398.0,4,14,0.005,1328.9003303616853,Faible,0
2559,Stella Baker,VIP / Champions,2627.6,23,21,0.005,1636.3123369983045,Faible,0
5441,Nathan Phillips,In-Store reguliers,1153.5,15,5,0.005,1382.6280645721067,Faible,0
5424,Hazel Thompson,Online reguliers (Clothing),1017.65,10,68,0.005,1127.4331823454222,Faible,0
5422,Wyatt Diaz,Online reguliers (Clothing),1690.65,26,4,0.005,1600.907857254987,Faible,0
5420,Bob Scott 2,Online reguliers (Clothing),1406.65,20,36,0.005,1456.688262574996,Faible,0
3061,Samantha Richardson,Online reguliers (Clothing),1313.5,21,27,0.005,1637.458371606515,Faible,0
2682,Ella Evans 2,VIP / Champions,2241.15,22,68,0.005,1527.273355605469,Faible,0
4429,Audrey Gonzalez,Online reguliers (Clothing),606.25,8,90,0.005,774.4994008457383,Faible,0
3020,Nora Davis,In-Store reguliers,830.7,10,14,0.005,1016.3384975358532,Faible,0
3505,Eva Martinez,Online reguliers (Clothing),578.0,5,46,0.005,1416.7892722254019,Faible,0
2243,Ivy Robinson,In-Store reguliers,1738.55,22,43,0.005,1608.7632165542057,Faible,0
5406,Owen Brooks,Online reguliers (Clothing),839.5,9,48,0.005,1096.0590307158752,Faible,0
5404,Grayson Morales,VIP / Champions,2407.85,20,22,0.005,1781.2122382220632,Faible,0
3814,Chloe Wright,Petits dormants (Accessoires),678.5,10,11,0.005,1263.6201792362774,Faible,0
4943,Henry Rogers,VIP / Champions,2619.1,34,6,0.005,1902.0410632554945,Faible,0
4931,Michael Bailey,Online reguliers (Clothing),1154.5,10,6,0.005,2253.726477756479,Faible,0
4929,Eva Gonzalez,VIP / Champions,3472.0,27,3,0.005,1748.6169844130857,Faible,0
3014,Sofia Davis,In-Store reguliers,1616.52,20,11,0.005,1650.4339602202238,Faible,0
3194,Michael Flores,In-Store reguliers,971.5,11,24,0.005,1976.9811439857117,Faible,0
5225,Isabella Reyes,VIP / Champions,2721.32,32,2,0.005,2893.273042777776,Faible,0
5221,Jonathan Watson 2,VIP / Champions,3512.45,49,3,0.005,3197.725454877447,Faible,0
4388,Gabriel Clark,VIP / Champions,2781.3,21,5,0.005,1765.0921894328642,Faible,0
4144,Nathan White,Online reguliers (Clothing),1153.0,17,130,0.005,1395.731392171783,Faible,0
2703,David Campbell,Online reguliers (Clothing),835.95,11,1,0.005,1206.295330256872,Faible,0
2227,Victoria Morales,VIP / Champions,3210.3,51,15,0.005,2962.739360979542,Faible,0
5370,Mia Stewart,VIP / Champions,2935.2,27,14,0.005,1841.0034167739411,Faible,0
3538,Wyatt Thomas,Online reguliers (Clothing),475.0,6,112,0.005,582.4642752372075,Faible,0
3197,Julia Lee,In-Store reguliers,1342.85,15,19,0.005,1478.6272940082085,Faible,0
4172,Eli Hill,Online reguliers (Clothing),1571.0,22,24,0.005,1840.9957298695817,Faible,0
3219,Ellie Gutierrez,In-Store reguliers,1603.75,20,20,0.005,1606.7110210420706,Faible,0
2260,James Cooper,In-Store reguliers,342.5,7,22,0.005,1180.9447262921965,Faible,0
5358,Lincoln Young 2,VIP / Champions,5345.95,52,2,0.005,3122.8344173313467,Faible,0
5356,Cora Johnson,In-Store reguliers,781.75,9,21,0.005,1312.2333077003523,Faible,0
4703,Asher Peterson,In-Store reguliers,676.3,11,43,0.005,1158.1494336276414,Faible,0
4688,Chloe Taylor,Online reguliers (Clothing),1355.4,19,23,0.005,1443.073415512289,Faible,0
3958,Anthony Martinez,Online reguliers (Clothing),456.25,7,30,0.005,1164.3746950273191,Faible,0
2311,Paisley Allen,VIP / Champions,1616.75,24,19,0.005,1645.0428506443186,Faible,0
5235,Sophie Flores,Petits dormants (Accessoires),768.25,9,52,0.005,943.8948652651637,Faible,0
3027,Charles Phillips,Petits dormants (Accessoires),703.9,8,27,0.005,1968.3592071432595,Faible,0
2563,Lucy Ortiz 2,Online reguliers (Clothing),989.9,9,9,0.005,1050.7140594391635,Faible,0
5418,Theo Clark,In-Store reguliers,724.77,11,11,0.005,1012.3095671412234,Faible,0
2049,Diana Peterson,VIP / Champions,6620.75,76,1,0.005,2985.294691535546,Faible,0
2934,Theodore Wright,VIP / Champions,6759.25,84,15,0.005,3098.9637454532935,Faible,0
3819,Jayden Mitchell 2,Online reguliers (Clothing),992.5,11,42,0.005,1065.282624286143,Faible,0
3889,Jack Perez,VIP / Champions,2856.0,29,27,0.005,1757.0016383192872,Faible,0
4778,Diana Martin,Online reguliers (Clothing),588.98,9,58,0.005,989.7107582417179,Faible,0
4769,Brooklyn Adams,VIP / Champions,1857.37,28,55,0.005,1660.9749001944,Faible,0
5273,Nora Allen,In-Store reguliers,1577.7,22,43,0.005,1507.66642899361,Faible,0
2904,Natalie Nelson,In-Store reguliers,1081.1,15,30,0.005,1395.7908442828939,Faible,0
2062,Julian Bailey,In-Store reguliers,804.75,12,4,0.005,1248.7682816369436,Faible,0
2061,Caleb Howard,Online reguliers (Clothing),1330.75,12,68,0.005,1293.2871708471366,Faible,0
2054,Aaron Morgan,Online reguliers (Clothing),753.0,5,8,0.005,2187.8931152750574,Faible,0
4064,Luna Chavez,VIP / Champions,2730.0,27,76,0.005,1872.6852181748804,Faible,0
2020,Lucas Lee,In-Store reguliers,1578.15,24,41,0.005,1625.4018566649993,Faible,0
2038,Sophie Scott,In-Store reguliers,390.6,6,26,0.005,2138.5024021596832,Faible,0
5967,William Carter,Online reguliers (Clothing),1774.5,25,19,0.005,1542.5350754096464,Faible,0
2090,Aurora Williams,Online reguliers (Clothing),1449.6,16,5,0.005,1453.668044041628,Faible,0
2035,Genesis Ward,In-Store reguliers,367.87,5,8,0.005,1561.6226469168787,Faible,0
5885,Piper Clark,In-Store reguliers,1624.45,20,6,0.005,1569.060161624836,Faible,0
5875,Riley Ramos 2,VIP / Champions,1973.5,22,11,0.005,1692.433196421493,Faible,0
2071,Audrey Reed,Online reguliers (Clothing),2013.4,18,149,0.005,1584.3483847991695,Faible,0
4218,Lydia Thompson 2,Online reguliers (Clothing),1262.9,18,4,0.005,1445.6038295384383,Faible,0
4515,Sebastian Diaz,VIP / Champions,2796.05,30,1,0.005,1848.126391494685,Faible,0
4485,Anna Robinson 2,In-Store reguliers,1180.12,17,14,0.005,1129.920944251484,Faible,0
4071,Evelyn Phillips 2,In-Store reguliers,984.9,16,0,0.005,1808.3854306654896,Faible,0
3184,Jackson Lopez,Online reguliers (Clothing),613.7,6,0,0.005,2000.2224313998718,Faible,0
2540,David Jackson,In-Store reguliers,1680.0,27,32,0.005,1653.903696640345,Faible,0
5004,Samantha Kim 2,Online reguliers (Clothing),996.4,11,0,0.005,990.1786196980107,Faible,0
5002,Aiden Torres,Online reguliers (Clothing),1648.65,22,39,0.005,1662.1178954929155,Faible,0
2634,Levi Morales,VIP / Champions,3634.75,40,2,0.005,2427.5948452745733,Faible,0
4130,Eva Jones,VIP / Champions,1893.4,24,30,0.005,1470.1634634647169,Faible,0
5861,Lydia Hill 2,VIP / Champions,4498.35,54,11,0.005,3103.2643371382374,Faible,0
2658,Alice Reed,In-Store reguliers,1352.25,30,9,0.005,1714.8281952530901,Faible,0
5463,Skylar Nguyen 2,Petits dormants (Accessoires),401.5,5,246,0.0049,756.0998349943771,Faible,0
4011,Leo Reyes,In-Store reguliers,390.9,6,145,0.00472972972972973,667.7866060901125,Faible,0
4160,Mateo Moore 2,Online reguliers (Clothing),492.0,4,3,0.0046875,1314.98146583656,Faible,0
2471,Cora Davis,Online reguliers (Clothing),315.0,5,68,0.004615384615384616,1139.547477386118,Faible,0
4346,Mason Adams,In-Store reguliers,893.5,10,47,0.004607843137254901,1296.3954396630513,Faible,0
3641,Penelope Thomas 2,In-Store reguliers,942.7,10,35,0.004607843137254901,1018.1000076958611,Faible,0
2036,Lucy Martinez,Online reguliers (Clothing),722.1,9,8,0.004523809523809524,1277.1201505893052,Faible,0
5491,Daniel Lewis,In-Store reguliers,839.0,5,23,0.004523809523809524,692.3507028774782,Faible,0
3401,Gabriel Lee 2,In-Store reguliers,533.8,5,98,0.004523809523809524,492.3695819171291,Faible,0
3362,Samantha Garcia,In-Store reguliers,518.1,7,72,0.004523809523809524,788.1161298953022,Faible,0
3766,Lily Nguyen,In-Store reguliers,1068.25,9,143,0.004523809523809524,1240.438443247972,Faible,0
2077,Julian Scott,In-Store reguliers,1292.4,19,19,0.004516129032258064,1636.9720443596598,Faible,0
2356,Claire Ward,In-Store reguliers,734.5,6,196,0.0044565217391304346,639.0642829716955,Faible,0
2302,James Rogers,In-Store reguliers,713.75,6,1,0.0044444444444444444,893.864748040239,Faible,0
3006,Maya Davis,In-Store reguliers,1057.15,15,15,0.004318181818181818,2600.803018418969,Faible,0
4366,Luna Thompson,Online reguliers (Clothing),1003.65,13,10,0.004318181818181818,1114.6650594401272,Faible,0
2917,Savannah Carter 2,VIP / Champions,4389.65,54,17,0.004318181818181818,2863.879942516339,Faible,0
4246,Paisley Watson,VIP / Champions,1802.3,23,0,0.004318181818181818,1539.1247138410513,Faible,0
4510,Hazel Moore,Online reguliers (Clothing),323.0,3,5,0.004228855721393035,913.5012393136028,Faible,0
4317,Samuel Flores,Online reguliers (Clothing),567.0,5,186,0.004178470254957507,570.4123381061122,Faible,0
3113,Eleanor Martinez,Online reguliers (Clothing),412.75,5,90,0.004178470254957507,574.1699934841517,Faible,0
2024,Nathan Richardson,In-Store reguliers,439.5,6,71,0.004166666666666667,725.5034989664448,Faible,0
4809,Alexander Robinson,Online reguliers (Clothing),517.45,7,78,0.004,663.167813398566,Faible,0
4507,Sebastian White,In-Store reguliers,972.1,10,126,0.004,1036.8168331489603,Faible,0
3096,James Garcia,In-Store reguliers,637.4,12,64,0.0038461538461538464,1248.8539134723098,Faible,0
5433,Aiden Torres 2,Online reguliers (Clothing),628.0,6,12,0.0038023952095808384,1038.0445707766592,Faible,0
4254,Jonathan Ramirez,Chaussures ponctuels,558.8,7,50,0.0038023952095808384,902.786545525197,Faible,0
2597,Sadie Richardson,Online reguliers (Clothing),1052.35,16,19,0.002857142857142857,1283.8976600823862,Faible,0
5359,Layla Flores 2,Gros paniers occasionnels (Outerwear),400.0,4,66,0.002415730337078652,729.652183197287,Faible,0
3053,Ethan Lee,Online reguliers (Clothing),360.0,4,74,0.002415730337078652,865.7751271163559,Faible,0
2285,Ella Murphy,Online reguliers (Clothing),395.5,4,136,0.002415730337078652,1024.9126217469463,Faible,0
4591,Luke Rogers 2,In-Store reguliers,343.0,5,34,0.002415730337078652,830.0592207773094,Faible,0
5912,Amelia Wright,In-Store reguliers,879.0,5,97,0.0,678.0682434893623,Faible,0
5915,Maya Parker,VIP / Champions,2212.8,26,80,0.0,1605.3282270377194,Faible,0
3206,Layla Clark 2,VIP / Champions,2294.13,27,1,0.0,1564.334678333902,Faible,0
3211,Julian Stewart 2,VIP / Champions,3547.37,36,9,0.0,2009.8117379453354,Faible,0
4760,William Robinson 2,In-Store reguliers,1571.45,18,1,0.0,1526.5069315571861,Faible,0
4766,Jayden Nguyen,VIP / Champions,4682.3,51,28,0.0,2880.1139791666633,Faible,0
2909,Ellie Morgan,In-Store reguliers,1767.95,21,8,0.0,1600.5573551160037,Faible,0
2910,Eleanor Parker,Online reguliers (Clothing),1814.65,18,29,0.0,2239.218845046715,Faible,0
2030,Emma Jones,VIP / Champions,2287.75,24,6,0.0,1783.5471319197002,Faible,0
2292,Willow Thompson,VIP / Champions,2775.5,23,5,0.0,1828.4383903249704,Faible,0
2298,Levi Anderson,In-Store reguliers,620.35,9,37,0.0,975.3881496613595,Faible,0
2301,Hunter Garcia,VIP / Champions,4654.78,37,9,0.0,2711.297033004841,Faible,0
4781,Allison Thompson,VIP / Champions,2915.75,27,56,0.0,1728.0427161004523,Faible,0
2513,Logan Cruz,VIP / Champions,6118.51,64,11,0.0,2901.6259674438024,Faible,0
3895,Ethan Baker 2,In-Store reguliers,1525.25,14,42,0.0,1866.6412792165418,Faible,0
3896,Scarlett Nelson,Online reguliers (Clothing),1179.75,17,2,0.0,2172.233192424865,Faible,0
2929,Landon Cruz,In-Store reguliers,544.0,8,74,0.0,821.2877177721996,Faible,0
2458,Allison Clark,In-Store reguliers,676.0,6,16,0.0,766.043957084154,Faible,0
4946,Leo Roberts,In-Store reguliers,1999.75,19,96,0.0,1513.7747588328536,Faible,0
2304,Wyatt Scott,VIP / Champions,2409.0,24,21,0.0,1659.4857358599857,Faible,0
5288,Mason Rodriguez 3,VIP / Champions,2656.5,33,28,0.0,1934.8524459369978,Faible,0
3013,Savannah Gutierrez,VIP / Champions,2258.1,28,48,0.0,1972.5211148598164,Faible,0
5291,Carter Cox,VIP / Champions,1774.8,24,20,0.0,1635.281106205183,Faible,0
4173,Owen Harris,In-Store reguliers,725.25,11,5,0.0,1839.7926909546838,Faible,0
2680,Sophie Taylor 2,VIP / Champions,2871.7,28,7,0.0,1772.5515201681387,Faible,0
2570,Emma Hernandez,Online reguliers (Clothing),890.5,9,3,0.0,1100.865346131863,Faible,0
2573,Grayson Hill,In-Store reguliers,1525.7,18,0,0.0,1501.6852785854178,Faible,0
2574,Leo Carter,VIP / Champions,2020.22,23,28,0.0,1747.3368017788318,Faible,0
4674,Dylan Anderson 2,Online reguliers (Clothing),430.0,5,34,0.0,1314.3755642705707,Faible,0
3934,Isaac Nelson,VIP / Champions,3009.1,29,2,0.0,2852.504836303419,Faible,0
3620,Sophie Wright,VIP / Champions,2484.75,28,2,0.0,1843.5935850539204,Faible,0
2314,Harper Campbell,Online reguliers (Clothing),1029.4,14,3,0.0,1841.9036553089388,Faible,0
2318,Jacob King,Online reguliers (Clothing),1031.5,13,13,0.0,2208.445054482868,Faible,0
2319,Alexander Stewart,VIP / Champions,3051.2,37,7,0.0,2936.6851565888264,Faible,0
5251,Henry Nguyen,VIP / Champions,1777.0,24,21,0.0,1901.5204827058083,Faible,0
5252,Abigail Cruz,In-Store reguliers,2260.0,22,7,0.0,1646.2269356412694,Faible,0
5253,Levi Harris,VIP / Champions,1695.0,24,21,0.0,1761.5595071321936,Faible,0
5256,Eva Lewis,In-Store reguliers,1725.75,24,10,0.0,1719.4509928210923,Faible,0
5261,Logan Wright,VIP / Champions,3102.5,26,3,0.0,1807.097510701394,Faible,0
5262,Natalie Richardson 2,VIP / Champions,4555.5,44,1,0.0,2851.352596095935,Faible,0
5263,Carter Harris 2,In-Store reguliers,2071.85,24,15,0.0,1727.133416917497,Faible,0
5264,Olivia Flores,Online reguliers (Clothing),902.25,10,10,0.0,1063.589095436824,Faible,0
5269,Eva Thompson 2,VIP / Champions,2356.95,23,8,0.0,1672.7151522390832,Faible,0
4681,Isaiah Ward 2,VIP / Champions,1926.48,22,9,0.0,1779.2769908621403,Faible,0
3951,Natalie Morris,VIP / Champions,1833.85,25,2,0.0,1837.6929928245072,Faible,0
2866,Maverick Kim,VIP / Champions,6088.45,68,0,0.0,2844.2662762379273,Faible,0
2871,Stella Miller,Online reguliers (Clothing),1405.45,18,26,0.0,2108.363549558266,Faible,0
2684,Madison Chavez,VIP / Champions,5644.85,62,18,0.0,3016.8481561267854,Faible,0
4356,Aaron Jones,Online reguliers (Clothing),516.0,5,17,0.0,1205.1453618867374,Faible,0
4369,Nolan Cooper,VIP / Champions,3496.8,33,14,0.0,1947.3825364409545,Faible,0
4371,Michael Chavez,Online reguliers (Clothing),719.25,6,1,0.0,2369.008863211095,Faible,0
4379,Thomas Carter,In-Store reguliers,1612.45,21,24,0.0,1863.232150701231,Faible,0
3599,Natalie Rivera,Online reguliers (Clothing),1734.55,20,0,0.0,1339.6018611871366,Faible,0
3009,Adrian King,VIP / Champions,4430.35,46,27,0.0,2585.0891243656,Faible,0
5311,Lucas Perez,In-Store reguliers,2057.0,21,5,0.0,1684.977212865028,Faible,0
5320,Luke Mitchell,In-Store reguliers,724.5,9,23,0.0,925.7604305411556,Faible,0
5321,Joseph Ramirez,Online reguliers (Clothing),503.0,7,6,0.0,850.1340309577041,Faible,0
5326,Aria Gutierrez,Online reguliers (Clothing),1039.5,12,2,0.0,1134.2080792104682,Faible,0
2276,Luke Robinson,Online reguliers (Clothing),1248.05,12,83,0.0,1090.1145425806105,Faible,0
3038,Ellie Nguyen,VIP / Champions,2040.45,25,28,0.0,1612.227414278799,Faible,0
2282,Christian Sanchez,VIP / Champions,5173.95,50,35,0.0,2613.6070156850446,Faible,0
3553,Logan Kim,VIP / Champions,2121.75,27,2,0.0,1772.6661852731863,Faible,0
3554,Amelia Flores,VIP / Champions,1996.0,31,6,0.0,2770.5205763384897,Faible,0
3560,James Rodriguez 2,VIP / Champions,3231.93,31,18,0.0,1778.832093276251,Faible,0
3561,Evelyn Hill,VIP / Champions,2284.75,25,31,0.0,2422.418725856782,Faible,0
3563,Carter Jackson,VIP / Champions,2325.9,24,57,0.0,1719.9510135536866,Faible,0
3966,Alexander Brooks 2,VIP / Champions,3193.5,34,10,0.0,2999.402797007295,Faible,0
5927,Hazel Anderson 2,VIP / Champions,5897.0,56,49,0.0,2656.3335068421848,Faible,0
3976,Layla Jackson,VIP / Champions,2392.85,22,33,0.0,1718.9706309184216,Faible,0
3981,Naomi Davis,Online reguliers (Clothing),699.6,9,39,0.0,1778.5941477727997,Faible,0
4665,Chloe Clark,VIP / Champions,2222.02,26,6,0.0,1677.084270806252,Faible,0
4671,Ivy Allen,VIP / Champions,2482.0,26,19,0.0,1945.6317752296425,Faible,0
2561,Anthony Brooks,VIP / Champions,2927.25,29,24,0.0,1820.8275336227857,Faible,0
2562,Asher King,Online reguliers (Clothing),1428.75,14,0,0.0,1395.5488576770551,Faible,0
3565,Alice Lee,VIP / Champions,2105.75,24,13,0.0,1521.3755601889052,Faible,0
3568,Henry Edwards,Online reguliers (Clothing),1313.5,20,14,0.0,1654.6431803738992,Faible,0
5234,Aiden Cooper,VIP / Champions,8070.1,75,2,0.0,2840.120721940941,Faible,0
5240,Aiden Cox 4,Online reguliers (Clothing),1673.25,20,118,0.0,1401.5498576677905,Faible,0
5248,Hannah White 2,In-Store reguliers,1201.5,17,68,0.0,1539.0565133619612,Faible,0
2313,Audrey Anderson,VIP / Champions,2672.65,33,3,0.0,1885.4314490720833,Faible,0
3613,Maya Scott,Online reguliers (Clothing),1679.2,23,50,0.0,1630.397149465195,Faible,0
3617,Adrian Wright,In-Store reguliers,1545.0,16,23,0.0,2420.0610604617823,Faible,0
3954,Thomas Jones,Online reguliers (Clothing),774.4,9,20,0.0,981.8611058050866,Faible,0
3956,Julia Diaz,VIP / Champions,5145.95,49,21,0.0,2551.242746282642,Faible,0
4689,Alice Brown,VIP / Champions,2848.75,26,79,0.0,1786.609935096681,Faible,0
4692,Sebastian Rodriguez,Online reguliers (Clothing),1032.0,14,84,0.0,1315.328512465278,Faible,0
3928,Caleb Evans 3,VIP / Champions,4472.6,43,14,0.0,2731.5969977262403,Faible,0
5345,Leo Torres,Online reguliers (Clothing),912.1,10,1,0.0,1175.6749368099825,Faible,0
5351,Kinsley Hernandez,VIP / Champions,2961.08,31,5,0.0,2798.0300853683375,Faible,0
5352,Ava Martinez 2,Petits dormants (Accessoires),573.6,5,127,0.0,643.1351361932386,Faible,0
5357,Jack Turner 2,In-Store reguliers,1617.35,22,4,0.0,1679.1101095402985,Faible,0
2265,Stella Kim,VIP / Champions,6074.85,63,14,0.0,2883.4431177337415,Faible,0
4347,Christian Brown,VIP / Champions,2101.95,26,50,0.0,1711.6646335252663,Faible,0
4349,Hunter Thomas,VIP / Champions,2606.5,22,7,0.0,2567.0031574213267,Faible,0
4351,Olivia Ortiz,VIP / Champions,2590.4,23,6,0.0,2878.2482827045455,Faible,0
2774,Scarlett Watson,In-Store reguliers,1921.25,17,21,0.0,2235.182321033178,Faible,0
2775,Layla Watson,VIP / Champions,2309.05,24,39,0.0,1667.3676673336,Faible,0
4162,Mia Kelly,VIP / Champions,4053.5,52,12,0.0,2918.531787064282,Faible,0
4168,Layla Young 2,Online reguliers (Clothing),1639.75,20,34,0.0,1721.8992649063198,Faible,0
4169,Victoria Morgan,Online reguliers (Clothing),1602.88,21,10,0.0,1894.9856699567981,Faible,0
5367,Theo Martin,In-Store reguliers,608.6,7,41,0.0,851.3569869426875,Faible,0
5368,Henry Morales,VIP / Champions,3404.15,33,17,0.0,1805.6623176980168,Faible,0
3047,Sebastian Lee,VIP / Champions,2918.4,28,24,0.0,1808.4973280531617,Faible,0
3049,Quinn Reyes,VIP / Champions,3315.5,30,0,0.0,2892.7964051078075,Faible,0
3052,Luke Lopez,Online reguliers (Clothing),1511.6,21,10,0.0,1814.0381909263922,Faible,0
3544,Christian Watson,VIP / Champions,2635.6,23,9,0.0,1822.0426958312573,Faible,0
3549,Eleanor Nguyen,VIP / Champions,3019.6,36,6,0.0,3222.353652142853,Faible,0
5373,Owen Howard,VIP / Champions,6493.55,72,1,0.0,3106.1941379517707,Faible,0
5212,Daniel Ramos 2,Petits dormants (Accessoires),587.75,7,30,0.0,2329.7846613127917,Faible,0
4383,Claire Baker,In-Store reguliers,726.0,7,16,0.0,686.9803787112266,Faible,0
4143,Emily Lee,VIP / Champions,2540.5,26,62,0.0,1636.1499791717617,Faible,0
4153,Julia Williams,VIP / Champions,3263.4,31,28,0.0,1785.2336475218008,Faible,0
4154,Logan Allen 2,In-Store reguliers,1261.5,17,3,0.0,2740.6013218009757,Faible,0
4156,Theodore Moore,VIP / Champions,4908.62,55,0,0.0,3082.500963894229,Faible,0
5218,Nathan Hernandez,VIP / Champions,4129.6,44,8,0.0,3073.357251686506,Faible,0
5220,Asher Hill,Online reguliers (Clothing),902.5,14,22,0.0,2202.6666316741375,Faible,0
5227,Emma Ward 2,VIP / Champions,2265.25,27,0,0.0,2269.845342750909,Faible,0
5230,Savannah Murphy,VIP / Champions,2319.65,30,6,0.0,2904.5061085590078,Faible,0
5383,Daniel Watson,Online reguliers (Clothing),558.2,6,5,0.0,1400.5303974913438,Faible,0
4921,Zoe Clark,VIP / Champions,4522.15,53,2,0.0,2831.4680270039644,Faible,0
4923,Diana Walker,VIP / Champions,2840.3,28,22,0.0,1895.0591498354772,Faible,0
4925,Kinsley Martin,Petits dormants (Accessoires),573.65,9,90,0.0,1212.2979141663127,Faible,0
4934,David Lee,In-Store reguliers,660.0,8,46,0.0,834.6820559538163,Faible,0
4939,Jeremiah Ortiz 2,In-Store reguliers,1740.87,22,12,0.0,1561.1055301782349,Faible,0
4941,Olivia Cook,Online reguliers (Clothing),1852.75,21,94,0.0,1747.0793772541417,Faible,0
4942,Aurora Campbell,VIP / Champions,2721.9,28,23,0.0,1802.1705279127498,Faible,0
2451,Ivy Harris,Online reguliers (Clothing),1441.5,12,3,0.0,1143.711431059784,Faible,0
2452,Natalie Scott,Online reguliers (Clothing),1540.02,19,20,0.0,1355.3880273034092,Faible,0
3815,Nora Mitchell,VIP / Champions,2619.15,33,15,0.0,3093.445000459538,Faible,0
3912,Genesis Johnson,Online reguliers (Clothing),1555.8,22,6,0.0,1746.4166420108993,Faible,0
2881,Ellie Edwards,VIP / Champions,2836.0,36,12,0.0,1879.7134465319602,Faible,0
5386,Ryan Carter,VIP / Champions,3514.05,45,5,0.0,3004.399632153679,Faible,0
5389,Lily Clark,VIP / Champions,1922.9,23,12,0.0,1510.0792450233482,Faible,0
5390,Anthony Cooper,Online reguliers (Clothing),1315.75,14,3,0.0,2295.3295845065113,Faible,0
3522,Sofia Morales,VIP / Champions,4363.9,39,5,0.0,2783.677178154764,Faible,0
3524,Lucy Wilson,VIP / Champions,2237.85,25,129,0.0,1597.8992027745542,Faible,0
3527,Jayden Scott,VIP / Champions,2228.8,21,52,0.0,1741.8083999207554,Faible,0
5392,Olivia King,VIP / Champions,2733.7,24,46,0.0,1729.813208382672,Faible,0
5401,Jonathan Turner,VIP / Champions,4637.45,50,4,0.0,2953.964446166054,Faible,0
5408,Nathan Anderson,In-Store reguliers,1848.25,15,15,0.0,1569.167931583806,Faible,0
2242,Lucas Anderson,Online reguliers (Clothing),902.2,7,120,0.0,903.1148113632541,Faible,0
3511,Genesis Hernandez,VIP / Champions,3193.05,46,0,0.0,2931.5551712760325,Faible,0
2254,Wyatt Nelson,VIP / Champions,2903.8,29,8,0.0,1766.9502300863276,Faible,0
3057,Christian Evans,In-Store reguliers,1703.75,22,10,0.0,1759.6923866770758,Faible,0
3060,Eva Johnson,VIP / Champions,3035.45,36,3,0.0,2576.6491319679612,Faible,0
3063,Emily Brown 2,VIP / Champions,4800.58,42,8,0.0,2794.2155331150793,Faible,0
3071,Kennedy Morales,VIP / Champions,2472.1,29,5,0.0,1907.455742276642,Faible,0
3072,Skylar Sanchez 2,In-Store reguliers,1213.1,13,55,0.0,1299.6271896082512,Faible,0
3490,Piper Edwards,In-Store reguliers,1883.0,16,6,0.0,1557.1775499184766,Faible,0
5431,Lily White 2,VIP / Champions,5513.9,67,5,0.0,3152.4285739164975,Faible,0
3967,Lily Ward,VIP / Champions,1853.0,24,11,0.0,1568.2483258612037,Faible,0
2441,Eli Diaz,VIP / Champions,3930.55,47,15,0.0,3053.4873935599394,Faible,0
2549,Maverick Kelly,Online reguliers (Clothing),1124.5,13,2,0.0,1267.788096197307,Faible,0
2555,Aurora Johnson,VIP / Champions,3823.75,29,11,0.0,1889.0395510017229,Faible,0
2558,Lydia Perez,VIP / Champions,2817.2,32,0,0.0,2801.9175848833793,Faible,0
4706,Sofia Carter,Online reguliers (Clothing),749.0,11,6,0.0,1032.0010982697304,Faible,0
4715,Wyatt Baker,VIP / Champions,4862.55,51,22,0.0,3129.3058815972195,Faible,0
4724,Lucy Johnson,Online reguliers (Clothing),1770.77,24,28,0.0,1590.651359940064,Faible,0
5203,Julian Thomas,Online reguliers (Clothing),1811.1,17,24,0.0,2041.9088861127523,Faible,0
5210,Elias Roberts,Online reguliers (Clothing),712.85,12,1,0.0,2079.9658425330695,Faible,0
3008,Hunter Collins,Online reguliers (Clothing),532.15,10,9,0.0,1989.2473947406768,Faible,0
5443,Aiden Garcia,VIP / Champions,2805.88,24,34,0.0,1664.91780650909,Faible,0
5447,Mia Hill 3,VIP / Champions,3772.15,50,23,0.0,2932.320389282212,Faible,0
5450,Lucas Phillips 3,VIP / Champions,1760.05,24,10,0.0,1743.7348553145346,Faible,0
2805,Ryan Anderson 2,VIP / Champions,2819.3,26,0,0.0,1981.9540436836066,Faible,0
2815,Samuel Gonzalez,In-Store reguliers,449.6,7,109,0.0,902.9791762824182,Faible,0
2816,Lucy Reed,VIP / Champions,5707.65,62,1,0.0,3053.584541858299,Faible,0
4082,Sadie Carter 2,VIP / Champions,3117.15,32,38,0.0,2320.6389699221927,Faible,0
4083,Dylan Edwards,VIP / Champions,3126.15,41,3,0.0,3227.599855277774,Faible,0
4642,Sofia Ward,Online reguliers (Clothing),1207.55,19,11,0.0,2168.8548416150365,Faible,0
4645,Allison Wright,VIP / Champions,4317.32,59,10,0.0,2963.277631912081,Faible,0
4647,Ethan Adams,VIP / Champions,2095.4,18,19,0.0,1619.896473160663,Faible,0
4654,Hunter Gutierrez 2,VIP / Champions,2695.45,40,1,0.0,3120.262340154374,Faible,0
2234,Maya Adams,In-Store reguliers,895.0,9,59,0.0,1010.1069469193437,Faible,0
2235,Alice Rodriguez,Online reguliers (Clothing),1211.35,10,25,0.0,1065.7967555414698,Faible,0
2236,Penelope White,Online reguliers (Clothing),1268.5,18,1,0.0,2149.905109006697,Faible,0
2239,Claire Nguyen,VIP / Champions,6416.3,62,0,0.0,2811.7640974875485,Faible,0
2757,Eli Stewart,VIP / Champions,2758.0,28,6,0.0,1760.6643314889868,Faible,0
2689,Connor Reed,VIP / Champions,2706.88,30,20,0.0,1917.6046348153416,Faible,0
2691,Jacob Brooks,VIP / Champions,2086.25,28,10,0.0,1876.8997259710015,Faible,0
2692,Piper Reed,VIP / Champions,5566.0,58,5,0.0,2938.2039669167493,Faible,0
2699,Stella Morgan,VIP / Champions,1898.7,26,46,0.0,1695.2090520250129,Faible,0
2700,Jayden Chavez,VIP / Champions,3085.3,37,6,0.0,3077.998064373432,Faible,0
4332,Ellie Gonzalez,In-Store reguliers,2436.0,24,191,0.0,1627.9311097266823,Faible,0
3945,Diana Hill,VIP / Champions,2512.45,28,8,0.0,1771.1995546502762,Faible,0
3948,Hazel Adams,Online reguliers (Clothing),1201.38,16,4,0.0,1428.8212480111251,Faible,0
3949,Violet Peterson,VIP / Champions,2136.25,25,23,0.0,1419.4125083937306,Faible,0
3789,Theo Parker,Online reguliers (Clothing),902.2,12,19,0.0,1031.028677753672,Faible,0
3796,Hunter Taylor,VIP / Champions,3486.82,49,9,0.0,2940.547979621487,Faible,0
3806,Daniel White,In-Store reguliers,409.5,5,27,0.0,1131.8008645589102,Faible,0
3807,Paisley Martinez,VIP / Champions,4191.75,43,20,0.0,2934.8704649817732,Faible,0
3811,Kennedy Wright,Online reguliers (Clothing),1420.0,14,4,0.0,1268.8445924925832,Faible,0
4960,Naomi Miller,VIP / Champions,2327.57,26,17,0.0,1843.195172095668,Faible,0
2435,Asher Green,Online reguliers (Clothing),1730.72,17,26,0.0,1445.3998415796057,Faible,0
2436,Aiden Howard,VIP / Champions,6702.3,63,7,0.0,2735.5383356397715,Faible,0
5459,Grace Morris,In-Store reguliers,1746.1,21,8,0.0,1707.7931799454198,Faible,0
5461,Skylar Nguyen,Online reguliers (Clothing),1758.65,21,22,0.0,1446.588870330268,Faible,0
3469,Anna Johnson,Online reguliers (Clothing),1144.5,10,28,0.0,2091.145112263461,Faible,0
4636,James Nelson 2,VIP / Champions,2230.95,25,12,0.0,1885.3474686305126,Faible,0
3992,Aiden Nguyen,In-Store reguliers,1377.77,20,60,0.0,2022.239975504294,Faible,0
3994,Sophie Garcia,VIP / Champions,1862.1,22,7,0.0,1705.773870866591,Faible,0
2855,Jonathan Garcia,VIP / Champions,2736.65,35,8,0.0,3259.9166029285475,Faible,0
4640,Elias Kelly,In-Store reguliers,1810.12,18,5,0.0,1690.1703508025762,Faible,0
3471,Lily Carter,Online reguliers (Clothing),917.55,11,35,0.0,1065.4514663607022,Faible,0
3472,Joseph Young,In-Store reguliers,1155.55,13,51,0.0,1231.2805167682914,Faible,0
3476,Jack Nelson,VIP / Champions,5574.21,67,9,0.0,2982.9215832142836,Faible,0
3477,Lily Jones,VIP / Champions,2736.4,24,9,0.0,2602.9050898921864,Faible,0
3483,Quinn Brown 2,VIP / Champions,4172.77,41,18,0.0,3051.256193740077,Faible,0
3486,Alice Perez 2,VIP / Champions,3073.12,40,1,0.0,2995.8158000408484,Faible,0
5467,Elias Parker,VIP / Champions,2904.5,37,0,0.0,3201.9445789954134,Faible,0
5470,Olivia Rivera,VIP / Champions,2920.55,33,4,0.0,3012.2975266964263,Faible,0
2902,Charles Martinez,Online reguliers (Clothing),472.75,6,16,0.0,1460.8606036052179,Faible,0
2527,Piper Reyes,VIP / Champions,3778.85,30,12,0.0,1720.682221011814,Faible,0
4787,Gabriel Lewis,VIP / Champions,2234.58,22,48,0.0,1715.4049374171268,Faible,0
4794,Jaxon Moore,Online reguliers (Clothing),469.5,7,2,0.0,1547.5156537914957,Faible,0
4798,John King,VIP / Champions,5165.97,60,7,0.0,2861.465106299203,Faible,0
4799,Leah Collins,In-Store reguliers,1248.8,13,116,0.0,1116.5476586798325,Faible,0
4117,Lucy Reed 3,Online reguliers (Clothing),482.0,5,53,0.0,598.7284689526357,Faible,0
2667,Diana Edwards,In-Store reguliers,1181.75,13,19,0.0,1150.221276167445,Faible,0
5474,Ivy Ramos,VIP / Champions,2754.7,30,13,0.0,2686.719541714656,Faible,0
5486,Hannah Morgan,VIP / Champions,6109.3,62,5,0.0,2850.440363290598,Faible,0
2210,Hunter Lopez,VIP / Champions,2094.68,24,3,0.0,1622.2466700977636,Faible,0
2213,Savannah Ramirez,Online reguliers (Clothing),1897.35,17,0,0.0,1643.8096292922805,Faible,0
2217,Lucy Ortiz,Online reguliers (Clothing),1288.75,17,17,0.0,1541.3072156514256,Faible,0
2219,Zoe Nelson,VIP / Champions,2101.5,23,20,0.0,2445.776036929113,Faible,0
3459,Stella Sanchez,In-Store reguliers,1206.5,10,46,0.0,1011.7492296503932,Faible,0
3461,Luna Gutierrez,VIP / Champions,2406.95,27,13,0.0,1847.7052631267056,Faible,0
5507,Aurora Roberts,VIP / Champions,2813.13,23,11,0.0,1665.578619028638,Faible,0
5509,Isaac Hall,In-Store reguliers,1759.33,24,126,0.0,1584.0835421020406,Faible,0
5179,Sadie Flores,Online reguliers (Clothing),1388.5,19,2,0.0,1504.546346651844,Faible,0
3651,Dylan Reyes,Online reguliers (Clothing),1522.5,13,33,0.0,1219.0621759533394,Faible,0
3655,Julia Cruz,VIP / Champions,2288.23,26,19,0.0,1726.4380834174901,Faible,0
5189,Jacob Green,VIP / Champions,2530.8,26,1,0.0,1532.8852239173889,Faible,0
5195,Abigail Rogers,VIP / Champions,2403.55,21,11,0.0,2702.419302510406,Faible,0
5197,Nolan Campbell,Online reguliers (Clothing),977.9,11,35,0.0,1160.573612477003,Faible,0
5198,Skylar Morris,In-Store reguliers,1630.65,15,6,0.0,1638.4786892299503,Faible,0
2324,Theo Bailey,In-Store reguliers,2065.95,26,6,0.0,1914.6380261872932,Faible,0
2332,Jayden Robinson,Online reguliers (Clothing),1996.12,20,1,0.0,1561.9090211433745,Faible,0
5201,David Morgan,Online reguliers (Clothing),904.5,12,5,0.0,1002.2143560436629,Faible,0
3943,David Miller 2,VIP / Champions,5541.8,63,19,0.0,2893.837530764429,Faible,0
5511,Ethan Rogers,VIP / Champions,3912.55,48,52,0.0,2638.542812663397,Faible,0
5512,Maverick Gutierrez,In-Store reguliers,1711.75,19,74,0.0,1432.7605870796742,Faible,0
5520,Scarlett Johnson,VIP / Champions,6698.27,64,7,0.0,2981.1345546001203,Faible,0
3440,Addison Nguyen,Online reguliers (Clothing),725.0,10,4,0.0,2356.3996731705793,Faible,0
3441,David Mitchell,Online reguliers (Clothing),696.5,7,39,0.0,776.2643047243914,Faible,0
3450,Hannah Lopez,In-Store reguliers,1751.37,23,4,0.0,1669.5934304476737,Faible,0
4006,Asher Reyes,VIP / Champions,3591.46,56,2,0.0,3091.1030273485876,Faible,0
4616,Christian Watson 2,Online reguliers (Clothing),526.0,6,20,0.0,778.924098281102,Faible,0
4618,William Phillips 2,VIP / Champions,2293.58,29,14,0.0,1692.6541996514195,Faible,0
2583,Leo Edwards,VIP / Champions,3797.75,43,10,0.0,2930.379023510878,Faible,0
2584,Willow Green,Online reguliers (Clothing),1304.75,19,22,0.0,1534.8970926633474,Faible,0
2591,Lincoln Martin,In-Store reguliers,416.2,8,27,0.0,758.0203791526382,Faible,0
4626,Aurora Nelson,VIP / Champions,2210.35,24,1,0.0,1547.5392009129837,Faible,0
3456,Thomas Adams 2,VIP / Champions,2262.25,26,4,0.0,1675.250742815878,Faible,0
2202,Paisley Flores,Online reguliers (Clothing),772.25,7,21,0.0,1264.752360167563,Faible,0
2204,Addison Reed,VIP / Champions,5780.15,49,1,0.0,2745.814398984593,Faible,0
3832,Luke Flores,VIP / Champions,5260.68,61,5,0.0,3000.9012293759884,Faible,0
3835,Gabriel Cook,VIP / Champions,2010.4,25,67,0.0,1713.0669172481876,Faible,0
4899,Isaiah Kelly 2,Online reguliers (Clothing),1541.55,23,26,0.0,1704.621049715635,Faible,0
4904,Ryan Diaz,Online reguliers (Clothing),1333.5,13,2,0.0,1271.8071628916796,Faible,0
4905,Scarlett Garcia,VIP / Champions,3474.5,49,8,0.0,2913.1433590000815,Faible,0
5158,Landon Jackson,Online reguliers (Clothing),714.0,8,7,0.0,1655.3190449118074,Faible,0
5163,Henry Garcia,VIP / Champions,1908.7,22,5,0.0,1668.2537459953944,Faible,0
5166,Eleanor Gonzalez,In-Store reguliers,1299.75,18,32,0.0,1421.347282260097,Faible,0
2337,Jonathan Allen,VIP / Champions,2510.0,31,4,0.0,2921.2010522507703,Faible,0
3665,Lydia Baker,In-Store reguliers,1917.25,23,0,0.0,1764.128318658927,Faible,0
3668,Brooklyn Robinson 2,Online reguliers (Clothing),914.22,14,32,0.0,1159.0629318444005,Faible,0
3671,Hannah Garcia,In-Store reguliers,629.1,9,23,0.0,941.2237817159231,Faible,0
3674,Skylar Parker 2,In-Store reguliers,1095.62,11,22,0.0,1057.7675516105544,Faible,0
3677,Lydia Lewis,In-Store reguliers,316.6,5,24,0.0,1325.70539480992,Faible,0
3679,Mason Cook,In-Store reguliers,1576.5,18,19,0.0,1344.0550403897876,Faible,0
2346,Adrian White 2,Online reguliers (Clothing),504.55,7,45,0.0,829.3364628969922,Faible,0
2347,Sarah Brooks,VIP / Champions,2314.85,25,13,0.0,1770.2483979875583,Faible,0
5169,Hannah Martin,Chaussures ponctuels,1048.8,10,2,0.0,982.7277199835579,Faible,0
4907,Theodore Campbell,VIP / Champions,6351.35,65,4,0.0,3097.2972143818665,Faible,0
2796,Violet Thompson,VIP / Champions,2025.85,26,5,0.0,1590.7635338278403,Faible,0
3904,Henry Reed 2,In-Store reguliers,1288.45,16,11,0.0,1245.4975850190033,Faible,0
2207,Sophie Rivera,VIP / Champions,2727.35,30,1,0.0,1776.845425401098,Faible,0
5537,Julia Williams 2,In-Store reguliers,2007.6,25,3,0.0,2321.701422608453,Faible,0
4312,Sophie Torres 2,Online reguliers (Clothing),1381.75,14,40,0.0,1325.934115014665,Faible,0
4189,Joseph Cooper,VIP / Champions,3597.68,35,29,0.0,2402.2181780823375,Faible,0
2754,Olivia Morgan,VIP / Champions,2514.25,27,5,0.0,2677.5873898573504,Faible,0
5541,Elias Jackson,VIP / Champions,5767.65,64,5,0.0,3080.4396323763685,Faible,0
5545,Thomas Perez,VIP / Champions,2789.15,31,5,0.0,1946.2702375383171,Faible,0
3092,Sebastian Parker,VIP / Champions,2723.75,26,3,0.0,2780.758899393104,Faible,0
3426,Ethan Sanchez,Online reguliers (Clothing),611.6,7,64,0.0,847.9884361431572,Faible,0
3428,Luna Williams,Online reguliers (Clothing),1087.0,15,17,0.0,2597.6101710659627,Faible,0
5557,Audrey Bailey,Online reguliers (Clothing),1622.9,13,10,0.0,1199.139548066513,Faible,0
5559,John Rogers,In-Store reguliers,2041.0,23,10,0.0,1707.52934816377,Faible,0
5561,Julia Martinez,VIP / Champions,5432.38,55,9,0.0,2888.9922036538314,Faible,0
5566,Harper Reed,Online reguliers (Clothing),1029.0,10,39,0.0,1047.4854134303946,Faible,0
5567,Leo Bailey,VIP / Champions,2462.6,24,31,0.0,2747.8642400741523,Faible,0
4456,Landon Cox,Online reguliers (Clothing),980.5,10,61,0.0,1080.7203391288485,Faible,0
4459,Grayson Allen,Online reguliers (Clothing),506.5,4,45,0.0,1308.9561144128513,Faible,0
4731,Chloe Howard 3,VIP / Champions,2460.65,34,2,0.0,3031.361865170938,Faible,0
2992,Lily Flores,Online reguliers (Clothing),1147.6,15,81,0.0,1506.1596922416772,Faible,0
3685,Diana Garcia,In-Store reguliers,651.0,7,5,0.0,2138.787450267621,Faible,0
3686,Zoe Nguyen,VIP / Champions,5823.8,58,19,0.0,2937.1032777730447,Faible,0
2360,Dylan Parker,In-Store reguliers,2023.1,25,18,0.0,1742.1000886431807,Faible,0
2361,James Turner,VIP / Champions,2735.1,31,44,0.0,2792.9673861352258,Faible,0
5139,Ellie Lewis 2,VIP / Champions,5186.35,59,13,0.0,2889.0859505211743,Faible,0
5144,Theo Peterson,In-Store reguliers,948.15,13,2,0.0,1333.61622944923,Faible,0
5152,Hazel Torres 2,In-Store reguliers,2300.4,22,23,0.0,1594.708673240745,Faible,0
5154,William Rodriguez,VIP / Champions,5256.55,56,14,0.0,2944.4330428679623,Faible,0
3405,Wyatt Martinez,In-Store reguliers,2074.72,25,92,0.0,1652.503262690326,Faible,0
3406,Levi Phillips 2,Online reguliers (Clothing),1752.15,20,30,0.0,2379.6945724111706,Faible,0
3413,Adrian Parker,VIP / Champions,2500.75,25,9,0.0,1880.0708322838123,Faible,0
3423,Caleb Morris,Online reguliers (Clothing),1650.38,19,20,0.0,2365.620017668678,Faible,0
3424,Leo Cruz,VIP / Champions,6128.4,69,13,0.0,3066.389298898184,Faible,0
5582,Sarah Peterson,VIP / Champions,2778.6,37,84,0.0,2597.266740312001,Faible,0
2845,Caroline Wilson,VIP / Champions,1787.5,22,2,0.0,2635.94587082292,Faible,0
4026,William Miller,VIP / Champions,3454.9,28,25,0.0,1781.7780581830216,Faible,0
4585,Kinsley Wilson,VIP / Champions,2374.1,29,66,0.0,1649.0848199317873,Faible,0
4599,Charlie Chavez,VIP / Champions,2434.08,28,28,0.0,2938.744486130949,Faible,0
2180,Willow Young,VIP / Champions,2106.2,22,20,0.0,1650.1086642467371,Faible,0
2184,Lucas Miller,Online reguliers (Clothing),1496.55,15,45,0.0,1376.9554217417638,Faible,0
5589,Jackson Garcia,VIP / Champions,4203.8,38,6,0.0,2355.4536840048827,Faible,0
2488,Levi Baker,Online reguliers (Clothing),1041.5,15,20,0.0,1405.2643124516644,Faible,0
2489,Ethan Parker,Online reguliers (Clothing),1638.75,20,3,0.0,1511.9039467714006,Faible,0
2495,Zoe Cook,In-Store reguliers,1652.5,16,11,0.0,2382.4769467678607,Faible,0
4871,Jayden Roberts,In-Store reguliers,1500.55,21,10,0.0,1792.3874830478485,Faible,0
4892,Ruby Diaz,Online reguliers (Clothing),909.5,10,3,0.0,1040.9053949659392,Faible,0
4894,Anthony Evans,VIP / Champions,3179.37,28,12,0.0,1737.1060733677484,Faible,0
4896,Aurora Hernandez,Online reguliers (Clothing),847.5,8,23,0.0,665.8606338466245,Faible,0
5112,Grace Martinez,In-Store reguliers,1698.75,20,69,0.0,1413.7592514766816,Faible,0
5121,Lucas Harris,Online reguliers (Clothing),2055.0,17,3,0.0,1496.858385241435,Faible,0
5127,Eleanor Thomas,VIP / Champions,1713.35,26,20,0.0,1502.991368643573,Faible,0
5134,Aria Evans,Online reguliers (Clothing),1231.75,12,1,0.0,2195.921535127531,Faible,0
2978,Samuel Kim,VIP / Champions,1881.35,25,1,0.0,1669.3554544272693,Faible,0
2979,Kinsley Rivera,In-Store reguliers,1537.0,18,17,0.0,1292.3594861598278,Faible,0
2982,Mason Brown,In-Store reguliers,652.65,8,21,0.0,818.1725527353344,Faible,0
2989,Leo Reed,VIP / Champions,3971.45,47,3,0.0,2835.6438023318897,Faible,0
4103,Quinn Murphy 2,VIP / Champions,2748.45,25,34,0.0,2440.242273972288,Faible,0
2785,Jayden Richardson,Online reguliers (Clothing),940.4,10,37,0.0,1074.1394496300081,Faible,0
2649,William Reyes,Online reguliers (Clothing),1870.65,18,39,0.0,1433.0135732064346,Faible,0
2650,Eva Diaz,VIP / Champions,6843.87,62,15,0.0,2724.5938213988084,Faible,0
2651,Naomi White,In-Store reguliers,1157.0,17,53,0.0,1452.7341006195386,Faible,0
2941,Levi Wilson,Online reguliers (Clothing),1661.2,19,10,0.0,1611.523238500679,Faible,0
3829,Grayson Lopez,VIP / Champions,2970.15,31,66,0.0,2145.5517338142395,Faible,0
5599,Sarah Nguyen,VIP / Champions,2066.5,23,13,0.0,1655.8286388137785,Faible,0
5602,Levi Thomas,VIP / Champions,1780.65,29,5,0.0,2281.5401959531077,Faible,0
5607,Isaac Robinson,VIP / Champions,3171.4,34,6,0.0,3032.463776997237,Faible,0
5612,Willow Roberts,In-Store reguliers,1327.15,16,10,0.0,2263.947683659491,Faible,0
3111,Lucy Flores,VIP / Champions,4759.85,53,2,0.0,2967.243731414138,Faible,0
6000,Alice Ward,Online reguliers (Clothing),595.4,8,14,0.0,968.0943551139603,Faible,0
3119,Olivia Howard,Online reguliers (Clothing),713.8,8,5,0.0,2031.3051776231455,Faible,0
3395,Alexander Jackson,In-Store reguliers,711.55,10,16,0.0,1112.821144781,Faible,0
3185,Julia Phillips,In-Store reguliers,1654.25,14,2,0.0,2254.275157055336,Faible,0
2712,James Rodriguez,VIP / Champions,2385.35,29,5,0.0,2831.788746412584,Faible,0
2713,John Taylor,Online reguliers (Clothing),1549.12,24,11,0.0,1852.8559267801488,Faible,0
2717,Anna Martin,In-Store reguliers,1937.3,23,10,0.0,1681.8994934016916,Faible,0
4302,Scarlett Thompson,Online reguliers (Clothing),881.5,8,29,0.0,1938.2610578996582,Faible,0
4307,Aiden Cox 3,VIP / Champions,5259.65,59,11,0.0,2961.8220185740174,Faible,0
5626,Cora Wilson,VIP / Champions,2304.15,26,14,0.0,1816.0869580328413,Faible,0
4034,Elias Stewart,Online reguliers (Clothing),844.1,11,92,0.0,894.9407648517627,Faible,0
4036,Mason Roberts,VIP / Champions,4693.7,51,6,0.0,2989.1139094430387,Faible,0
5966,Cora Parker,In-Store reguliers,1788.9,21,1,0.0,2447.707689221607,Faible,0
2599,Lincoln Walker,VIP / Champions,2983.63,34,42,0.0,2588.803393154763,Faible,0
2601,Lucas Chavez,Online reguliers (Clothing),985.25,10,9,0.0,2652.19294272926,Faible,0
4993,Daniel Bailey 2,Online reguliers (Clothing),1877.95,20,23,0.0,1623.130043025507,Faible,0
4393,Sofia Cox,VIP / Champions,2969.65,31,53,0.0,1754.9266179366593,Faible,0
4400,Julian Martin,VIP / Champions,6442.83,67,0,0.0,2830.583914999997,Faible,0
4401,Isabella Gonzalez,In-Store reguliers,1529.15,20,26,0.0,1537.2633977584687,Faible,0
4405,Connor Rodriguez,VIP / Champions,3831.75,27,4,0.0,1811.3597088653767,Faible,0
4407,Stella Wilson,In-Store reguliers,788.5,8,51,0.0,1888.2063429469108,Faible,0
4411,Ivy Reyes,VIP / Champions,2724.75,29,10,0.0,2647.3519142745026,Faible,0
4413,Anthony Taylor 2,VIP / Champions,3021.75,24,11,0.0,1763.7860568683902,Faible,0
5098,Diana Richardson,VIP / Champions,4138.3,44,36,0.0,2636.92245099673,Faible,0
5108,Savannah Lewis,VIP / Champions,2299.77,25,21,0.0,1852.2883565757788,Faible,0
5111,Lily Garcia 2,VIP / Champions,4415.0,45,0,0.0,2702.085759977338,Faible,0
2835,Michael Young,Online reguliers (Clothing),990.0,13,1,0.0,2145.361455826719,Faible,0
2838,Elias Thomas,Petits dormants (Accessoires),397.7,6,93,0.0,620.2626942774777,Faible,0
5632,Lily Jones 2,Online reguliers (Clothing),481.25,7,18,0.0,832.0635690871733,Faible,0
2175,Chloe Jackson,VIP / Champions,1995.0,22,23,0.0,1452.5693167639247,Faible,0
5633,Aurora Adams,Online reguliers (Clothing),695.0,6,9,0.0,718.7903370457907,Faible,0
3379,Lydia Cooper,VIP / Champions,6432.07,66,12,0.0,3014.8695011461755,Faible,0
3389,Nolan Harris,VIP / Champions,2700.58,32,4,0.0,1910.6085821222275,Faible,0
3107,Maya Cook,VIP / Champions,3947.6,51,5,0.0,2967.3648234597003,Faible,0
5646,Mia Scott,Online reguliers (Clothing),1107.0,10,5,0.0,1798.3538348533416,Faible,0
5648,Jacob Robinson,Online reguliers (Clothing),1930.45,21,65,0.0,1729.3690446284534,Faible,0
5650,Leah Hall 2,VIP / Champions,1969.03,22,69,0.0,1558.291240544041,Faible,0
5662,Jayden Ramirez,VIP / Champions,2613.9,21,78,0.0,1751.6649585996179,Faible,0
5672,Kennedy Murphy 3,In-Store reguliers,1428.9,17,10,0.0,1415.534273253673,Faible,0
5674,Isabella Edwards,VIP / Champions,2503.4,27,9,0.0,2480.5805914340144,Faible,0
3130,Ethan Howard,VIP / Champions,2582.45,31,32,0.0,2394.6005591966104,Faible,0
2041,Layla Harris,VIP / Champions,4124.75,53,0,0.0,2951.851332813957,Faible,0
3364,Kinsley Murphy,VIP / Champions,2401.2,27,63,0.0,1755.9328758362162,Faible,0
3368,Jaxon Reed,VIP / Champions,2710.7,25,9,0.0,1746.3206341648233,Faible,0
3371,Adrian Sanchez,VIP / Champions,2197.25,26,8,0.0,1752.8069332059054,Faible,0
3701,Sadie Ortiz,Petits dormants (Accessoires),759.8,8,59,0.0,2035.7007680109084,Faible,0
3708,Jonathan Jackson 2,VIP / Champions,3708.65,42,9,0.0,2826.866786932012,Faible,0
3710,Evelyn Peterson,Online reguliers (Clothing),1984.0,20,34,0.0,1493.0108386415,Faible,0
4390,Isabella Lopez,Online reguliers (Clothing),1008.5,9,3,0.0,1110.7664312109996,Faible,0
2442,Jayden Robinson 2,VIP / Champions,3560.0,28,4,0.0,1840.7432429704213,Faible,0
4982,Jackson Gutierrez,In-Store reguliers,1735.5,16,7,0.0,1449.1552333688187,Faible,0
4983,Jackson Lewis 2,Online reguliers (Clothing),1743.0,19,72,0.0,1893.5808509271217,Faible,0
2952,Ryan Taylor,In-Store reguliers,1914.5,18,52,0.0,1494.6595792436106,Faible,0
2954,Lydia Watson,VIP / Champions,2857.35,30,51,0.0,1847.3962104809013,Faible,0
3786,Alice Diaz,VIP / Champions,2608.85,21,51,0.0,1765.0631676085154,Faible,0
4992,Emily Campbell,VIP / Champions,3417.62,30,0,0.0,2662.01530143086,Faible,0
4202,Ella Morris 2,Online reguliers (Clothing),539.0,6,107,0.0,650.0018561194488,Faible,0
4267,Maya Walker,In-Store reguliers,1403.15,21,0,0.0,2212.046596965187,Faible,0
2046,Mason Green,VIP / Champions,2084.5,19,29,0.0,1606.5830834923545,Faible,0
4814,Caroline Martin,In-Store reguliers,1435.25,13,26,0.0,2264.810580117657,Faible,0
2922,Lucas Reed,VIP / Champions,3350.38,42,2,0.0,2984.3828785562555,Faible,0
2925,Harper Ortiz,Online reguliers (Clothing),603.4,7,56,0.0,800.2014935503174,Faible,0
3875,Hunter Ramirez,Online reguliers (Clothing),1143.25,13,26,0.0,1232.1166281786382,Faible,0
3838,Skylar Flores,Online reguliers (Clothing),559.5,6,86,0.0,638.576917655616,Faible,0
3841,Genesis Wilson,Online reguliers (Clothing),1164.5,10,13,0.0,1045.156368718908,Faible,0
3842,Abigail Walker,VIP / Champions,2178.75,25,9,0.0,1721.4236214009943,Faible,0
4270,Dylan Green,In-Store reguliers,669.5,7,9,0.0,982.5263963813261,Faible,0
4275,Jacob Wilson,VIP / Champions,3062.95,37,1,0.0,3109.2922381237854,Faible,0
4277,Audrey White,VIP / Champions,2679.5,24,38,0.0,1665.9627325540537,Faible,0
2706,Luke Jackson,Online reguliers (Clothing),1039.5,13,43,0.0,1196.6719679727453,Faible,0
2708,Lily Wilson,VIP / Champions,6254.0,70,4,0.0,3035.918111127899,Faible,0
2710,Thomas Nelson,VIP / Champions,4649.15,52,1,0.0,2962.3398789557327,Faible,0
2154,Ava Reyes,In-Store reguliers,2004.75,23,15,0.0,1588.7645516199866,Faible,0
2156,Zoe Mitchell,In-Store reguliers,1655.25,21,5,0.0,1757.0595885234873,Faible,0
5690,Ethan Watson 2,Online reguliers (Clothing),1173.0,13,7,0.0,1767.3669992118669,Faible,0
5081,Cora Jones,Online reguliers (Clothing),805.5,8,56,0.0,804.621634880142,Faible,0
5086,Alice Jackson 3,VIP / Champions,2194.75,22,50,0.0,1545.860017920458,Faible,0
5088,Audrey Stewart,VIP / Champions,2441.65,23,14,0.0,1898.6105834834507,Faible,0
2369,Luna Walker,VIP / Champions,2880.25,26,3,0.0,1677.8175275920137,Faible,0
3721,Nora Torres,Online reguliers (Clothing),510.0,6,64,0.0,1603.904810289765,Faible,0
3724,Nolan Sanchez,VIP / Champions,4102.87,47,8,0.0,3137.341661261989,Faible,0
2962,Nathan Morales,VIP / Champions,2370.0,26,1,0.0,2347.681426559927,Faible,0
2968,Lucas Jones,VIP / Champions,3693.7,36,15,0.0,2479.8879376697746,Faible,0
2969,Sofia White,In-Store reguliers,1407.0,18,3,0.0,2350.0341366140456,Faible,0
2378,Lincoln Flores,VIP / Champions,6553.47,82,0,0.0,3168.2288193560553,Faible,0
2381,Lucas Phillips 2,Online reguliers (Clothing),1209.0,14,6,0.0,1285.1003939931811,Faible,0
5090,Alice Howard,VIP / Champions,2151.05,23,44,0.0,1715.04713028353,Faible,0
4567,Penelope Wright,Online reguliers (Clothing),1562.3,19,20,0.0,1454.375398408137,Faible,0
4570,Mia Carter,Online reguliers (Clothing),1140.4,16,5,0.0,2221.60810846117,Faible,0
4576,Sofia Anderson,Online reguliers (Clothing),1521.87,18,11,0.0,2545.890127355156,Faible,0
2594,Sophie Torres,Online reguliers (Clothing),1204.5,17,11,0.0,1449.1974486911101,Faible,0
2595,Asher Roberts,In-Store reguliers,777.0,11,0,0.0,1294.1005243856082,Faible,0
5693,Jeremiah Harris 2,Online reguliers (Clothing),1139.25,11,17,0.0,1103.5230481584817,Faible,0
5695,Addison Nguyen 2,Online reguliers (Clothing),703.0,9,13,0.0,1586.652308145508,Faible,0
3350,Quinn Johnson,VIP / Champions,2275.72,30,24,0.0,1819.489587441945,Faible,0
3356,Caleb Phillips,Online reguliers (Clothing),1885.5,23,3,0.0,1595.549140806235,Faible,0
3125,Layla Harris 2,Online reguliers (Clothing),1575.3,20,6,0.0,1774.7028302105655,Faible,0
3128,Caroline Martinez,VIP / Champions,2277.9,34,10,0.0,2742.9257415921547,Faible,0
5707,Chloe Harris,VIP / Champions,2842.25,27,18,0.0,1772.5009464329796,Faible,0
3321,Jackson Cox,VIP / Champions,2406.8,22,17,0.0,1839.570868982164,Faible,0
3326,Naomi Thomas,In-Store reguliers,1420.45,15,6,0.0,1257.4543289314058,Faible,0
3335,Willow Morris,VIP / Champions,3276.5,34,30,0.0,2621.7304624461726,Faible,0
3339,Joseph Ortiz,Online reguliers (Clothing),1495.1,21,49,0.0,1712.3929560904874,Faible,0
3341,Bob Cruz,Online reguliers (Clothing),480.0,6,28,0.0,1286.5330029922102,Faible,0
5717,Elias Wilson,Online reguliers (Clothing),1743.0,18,10,0.0,1449.5641730217699,Faible,0
5718,Scarlett Reed,VIP / Champions,2428.3,26,4,0.0,1809.040409758078,Faible,0
5720,Charles Jones,VIP / Champions,2926.75,41,44,0.0,2900.6344080128188,Faible,0
5721,Henry Martin 4,In-Store reguliers,1471.7,19,104,0.0,1833.236729396432,Faible,0
5727,Cora Young,VIP / Champions,4909.75,56,4,0.0,2914.590175849672,Faible,0
2132,Luna Hall,VIP / Champions,2996.45,46,13,0.0,2991.345671837833,Faible,0
2136,Maya Cruz,In-Store reguliers,1672.0,13,52,0.0,1197.7553364283265,Faible,0
2143,Samantha Brown,VIP / Champions,2347.25,26,1,0.0,1612.4607505740705,Faible,0
5732,Diana Peterson 2,VIP / Champions,2424.12,28,34,0.0,1812.0610609784342,Faible,0
5737,Lucy Reyes,VIP / Champions,3969.15,48,14,0.0,2857.11488591349,Faible,0
5738,Jaxon Ward 2,VIP / Champions,4105.5,46,6,0.0,2975.0034284036756,Faible,0
5741,Gabriel Gonzalez,Online reguliers (Clothing),1074.2,11,229,0.0,1088.3532063701577,Faible,0
3137,Madison Wright,In-Store reguliers,977.4,14,40,0.0,1934.661865203337,Faible,0
3142,Willow Phillips,VIP / Champions,4822.5,58,7,0.0,3005.288730076309,Faible,0
3144,Willow Sanchez,VIP / Champions,2226.8,27,21,0.0,1685.1516284014203,Faible,0
3147,Claire Howard,VIP / Champions,3071.0,36,4,0.0,2975.8841924589883,Faible,0
3151,Leo Davis,Online reguliers (Clothing),1156.75,9,10,0.0,1020.5177759680805,Faible,0
2731,Julian Wilson,In-Store reguliers,1621.2,13,11,0.0,1244.872873852106,Faible,0
5043,Skylar Kelly 2,In-Store reguliers,1661.0,18,2,0.0,1433.2893304582024,Faible,0
5074,Ryan Cooper 2,In-Store reguliers,1092.1,14,45,0.0,1349.7785485603554,Faible,0
5075,Maya Lopez 2,VIP / Champions,4484.62,45,69,0.0,2580.133026008851,Faible,0
2883,Isabella Young,In-Store reguliers,1012.1,17,13,0.0,1791.9503722216314,Faible,0
2885,Aria Roberts,Online reguliers (Clothing),1508.5,17,99,0.0,1346.1974290085723,Faible,0
3923,Julia Baker,In-Store reguliers,701.0,8,44,0.0,2134.088845163306,Faible,0
3926,Noah Richardson,VIP / Champions,2987.15,34,26,0.0,1889.571211835278,Faible,0
4734,Naomi Lopez,VIP / Champions,3865.7,46,10,0.0,2824.535343692833,Faible,0
4735,Savannah Baker,VIP / Champions,2686.76,27,13,0.0,1738.9753855206009,Faible,0
2529,Julia Kelly,VIP / Champions,2377.55,24,17,0.0,1717.056398076184,Faible,0
5076,Hazel Brooks,VIP / Champions,3417.75,28,18,0.0,1736.8292372240278,Faible,0
2765,Mason Brooks,Online reguliers (Clothing),407.15,5,18,0.0,1904.9802656419054,Faible,0
4199,Layla Walker,Online reguliers (Clothing),1711.75,17,156,0.0,1137.1373752588092,Faible,0
5744,Alice Evans,VIP / Champions,2658.6,33,20,0.0,1768.115277335918,Faible,0
5749,Madison Edwards 2,VIP / Champions,2933.9,38,83,0.0,2639.825176787615,Faible,0
5751,Ethan Johnson,VIP / Champions,2848.5,31,6,0.0,3077.70745692221,Faible,0
4839,John Sanchez 3,VIP / Champions,2541.9,21,10,0.0,1784.5691722259044,Faible,0
3858,Penelope Mitchell,In-Store reguliers,1105.85,15,4,0.0,1515.0602047921273,Faible,0
2916,Jack Young,VIP / Champions,2883.15,27,52,0.0,1850.4552940642627,Faible,0
2047,Naomi Harris,VIP / Champions,2678.5,21,70,0.0,1907.3620115578278,Faible,0
4849,David Walker 2,Online reguliers (Clothing),1211.8,16,20,0.0,1314.053392412923,Faible,0
4850,Alice Robinson 2,Online reguliers (Clothing),1736.7,19,9,0.0,1655.607311293535,Faible,0
4856,Allison Wright 2,In-Store reguliers,1364.03,19,5,0.0,2186.2750912372176,Faible,0
4857,Layla Collins,VIP / Champions,1952.5,27,16,0.0,1523.7973975448785,Faible,0
4807,Jacob Mitchell,VIP / Champions,6359.5,69,26,0.0,3015.1455544597056,Faible,0
4808,David Edwards,VIP / Champions,3787.0,36,17,0.0,2628.457203375468,Faible,0
5753,Leo Morris,Online reguliers (Clothing),1096.0,15,7,0.0,1772.8582843364848,Faible,0
5756,Piper Cruz,Online reguliers (Clothing),1499.95,20,14,0.0,2240.1364430535714,Faible,0
2116,Daniel Cox,Online reguliers (Clothing),1823.3,24,137,0.0,1695.3096756404311,Faible,0
3293,Paisley Robinson,In-Store reguliers,563.0,8,0,0.0,836.5969848613926,Faible,0
3297,Hunter Cook,VIP / Champions,4294.0,43,1,0.0,3027.8720577083295,Faible,0
4051,Zoe Martinez 3,VIP / Champions,2505.1,28,30,0.0,1721.7452489188197,Faible,0
4053,Addison Richardson,VIP / Champions,2130.6,29,7,0.0,1779.2291376183389,Faible,0
4541,Julia Campbell,VIP / Champions,2904.5,37,10,0.0,2520.241671143002,Faible,0
2614,Lily Cruz,In-Store reguliers,1637.0,21,8,0.0,1534.8071566960177,Faible,0
2620,Joseph Gonzalez,VIP / Champions,2190.7,22,12,0.0,1643.9038438345751,Faible,0
2622,Hannah Rogers,VIP / Champions,3552.25,35,4,0.0,2779.5304297992157,Faible,0
2623,Luke Nguyen,VIP / Champions,3322.58,40,0,0.0,2502.8721719413015,Faible,0
4553,Violet Clark,In-Store reguliers,826.5,5,8,0.0,1259.644039258501,Faible,0
4555,Lincoln Flores 2,Online reguliers (Clothing),1845.0,20,15,0.0,1515.5452141449819,Faible,0
3306,Genesis Ward 3,Online reguliers (Clothing),450.25,6,31,0.0,1008.4290482274508,Faible,0
3309,Julian Robinson,In-Store reguliers,1991.75,20,82,0.0,1709.6548650246673,Faible,0
5772,Jacob Martinez,In-Store reguliers,923.6,11,7,0.0,1049.1547055548144,Faible,0
5775,Paisley Cox,In-Store reguliers,2212.4,24,63,0.0,1492.6623893373333,Faible,0
5789,Grace Morgan,VIP / Champions,2783.65,30,93,0.0,2358.79610834706,Faible,0
3284,Charlie Perez,VIP / Champions,1864.25,25,13,0.0,2334.195886891866,Faible,0
5040,Amelia Martinez,Online reguliers (Clothing),642.0,5,16,0.0,607.9636026729706,Faible,0
2386,Ethan Edwards,In-Store reguliers,861.0,9,16,0.0,1841.7080881224942,Faible,0
2387,Allison Thomas,Online reguliers (Clothing),705.08,10,12,0.0,1086.203410941288,Faible,0
2390,Charlie Baker,Online reguliers (Clothing),1352.5,11,113,0.0,1070.057534680048,Faible,0
2393,Emma Williams,Online reguliers (Clothing),1731.25,17,7,0.0,1483.281838529203,Faible,0
2395,Layla Allen,Online reguliers (Clothing),679.0,6,82,0.0,1743.4545373992282,Faible,0
2396,Olivia White,VIP / Champions,3210.9,32,32,0.0,1805.749292744935,Faible,0
3743,Sophie Reyes,Online reguliers (Clothing),763.0,6,5,0.0,1234.5859172360913,Faible,0
3745,Jaxon Nguyen,VIP / Champions,2590.6,29,5,0.0,1793.4147105710204,Faible,0
3747,Luke Chavez,VIP / Champions,2432.75,27,19,0.0,1850.6611564340824,Faible,0
3758,Ellie Edwards 2,VIP / Champions,3976.25,44,18,0.0,2735.746582444478,Faible,0
2971,Piper Cook,Online reguliers (Clothing),513.7,8,17,0.0,784.6616678481892,Faible,0
3291,Alexander Phillips,In-Store reguliers,802.0,12,56,0.0,1088.9716288615343,Faible,0
5946,Violet Reed,Online reguliers (Clothing),1706.3,18,18,0.0,2282.1885346806557,Faible,0
4248,Natalie Nguyen,VIP / Champions,2940.2,41,5,0.0,2818.5581753792526,Faible,0
4249,Alice Reyes,VIP / Champions,2042.37,26,4,0.0,2624.8688627595957,Faible,0
2661,Maya Campbell,VIP / Champions,1906.65,23,24,0.0,2350.3748343249868,Faible,0
5801,Aurora Martinez,VIP / Champions,4251.2,52,5,0.0,2935.737410517782,Faible,0
2101,Emily Morris,Online reguliers (Clothing),1746.3,21,5,0.0,1594.594365985167,Faible,0
5809,Alice Phillips,Online reguliers (Clothing),1082.1,16,23,0.0,2117.045762756789,Faible,0
2542,Paisley Rivera,In-Store reguliers,1374.8,16,9,0.0,1439.719028089648,Faible,0
4140,Jonathan Gutierrez,In-Store reguliers,1917.5,24,44,0.0,2426.5658594317983,Faible,0
2795,William Ramirez,Online reguliers (Clothing),779.0,11,14,0.0,1338.7207771836443,Faible,0
2945,Ivy Peterson,VIP / Champions,2253.95,24,3,0.0,2535.9903696126044,Faible,0
2423,Mason Rodriguez,VIP / Champions,1960.25,29,3,0.0,2550.5087464313137,Faible,0
2431,Chloe Cox,VIP / Champions,2659.6,27,0,0.0,1677.1159351348688,Faible,0
5019,Paisley Flores 2,Online reguliers (Clothing),1808.87,15,12,0.0,1378.3849285472124,Faible,0
2402,Ellie Cooper,VIP / Champions,3245.5,33,33,0.0,2795.7024147023812,Faible,0
2405,Oliver Cox,VIP / Champions,4318.65,40,15,0.0,2988.9038915178558,Faible,0
2413,Grace Taylor,VIP / Champions,6687.8,77,2,0.0,3118.1528021199615,Faible,0
5032,Luna Thompson 2,In-Store reguliers,1819.7,24,10,0.0,2314.841329711962,Faible,0
5033,William Turner,VIP / Champions,2035.3,25,15,0.0,1634.0406133512338,Faible,0
5810,Mia Morales 2,In-Store reguliers,1426.0,18,4,0.0,2418.5349613252965,Faible,0
5812,Maya Lee 3,In-Store reguliers,1734.4,17,75,0.0,1391.082045600019,Faible,0
5815,Audrey Cruz,In-Store reguliers,589.28,7,14,0.0,735.8415876413518,Faible,0
5817,Leo White,Online reguliers (Clothing),1642.0,16,11,0.0,1316.9516052566503,Faible,0
4049,Theo Hill,In-Store reguliers,1519.35,21,10,0.0,2675.0191111099575,Faible,0
4084,Logan Howard,VIP / Champions,2552.55,24,28,0.0,1480.372258150253,Faible,0
4482,Hannah Hall,Online reguliers (Clothing),603.0,8,272,0.0,1048.6841655741832,Faible,0
4486,Samantha Thompson,In-Store reguliers,1725.55,20,31,0.0,1525.7533169059463,Faible,0
4495,Maya Gonzalez 2,VIP / Champions,2445.75,22,47,0.0,1816.1906942965581,Faible,0
3163,William Hall,In-Store reguliers,532.0,7,62,0.0,1079.2463687184081,Faible,0
3266,Hannah Carter,VIP / Champions,2720.95,35,6,0.0,1969.209493516141,Faible,0
3267,Emily Reyes,VIP / Champions,1982.75,29,5,0.0,2473.610434704212,Faible,0
3269,Jack Lopez,VIP / Champions,2201.2,31,4,0.0,1898.7211496362281,Faible,0
5819,Sophie Carter,Online reguliers (Clothing),1357.45,15,0,0.0,1322.4671853048897,Faible,0
3881,Genesis Walker,Online reguliers (Clothing),1989.82,22,93,0.0,1653.1159241338555,Faible,0
4817,Lincoln Rodriguez,VIP / Champions,2539.42,22,3,0.0,1795.0130761097755,Faible,0
4820,Adrian Howard,Online reguliers (Clothing),991.5,13,6,0.0,1213.7795970222014,Faible,0
4822,Mason Evans,Online reguliers (Clothing),1134.75,13,1,0.0,2488.4216534266043,Faible,0
4824,Diana Ramos 2,Online reguliers (Clothing),1727.93,21,45,0.0,1581.2497160476132,Faible,0
4825,Ethan Ortiz,VIP / Champions,2733.9,31,39,0.0,1875.1663549881832,Faible,0
4829,Savannah Bailey 2,Online reguliers (Clothing),1214.8,14,3,0.0,1216.481091034624,Faible,0
2510,Christian Ramos,In-Store reguliers,1829.45,21,29,0.0,1597.1936248467357,Faible,0
2512,Evelyn White,Online reguliers (Clothing),490.5,5,14,0.0,1594.7736329796098,Faible,0
4835,Levi Edwards,Online reguliers (Clothing),1126.25,13,26,0.0,1428.8337635524656,Faible,0
5835,Olivia Thomas,VIP / Champions,4731.8,54,27,0.0,2812.1782019612315,Faible,0
5840,Gabriel Harris 2,VIP / Champions,2247.45,28,3,0.0,1728.1754069280016,Faible,0
3261,Riley Cruz,VIP / Champions,2583.1,32,1,0.0,1898.6327794639221,Faible,0
3154,Sofia Robinson,VIP / Champions,3208.4,37,11,0.0,2907.930403429037,Faible,0
2091,Jack Hernandez,Online reguliers (Clothing),1181.0,12,42,0.0,1130.5769786907106,Faible,0
2092,Leo Flores,VIP / Champions,5341.9,58,6,0.0,2955.79700103641,Faible,0
5842,Skylar Young,In-Store reguliers,1510.25,21,4,0.0,1655.9647657244238,Faible,0
5854,Anthony Davis 2,In-Store reguliers,1323.15,15,6,0.0,1310.0933757480834,Faible,0
5859,Oliver Gonzalez,VIP / Champions,1896.55,22,47,0.0,1942.9148007913807,Faible,0
5863,Leo Jones,Online reguliers (Clothing),1147.55,18,1,0.0,1436.2851425908095,Faible,0
5868,Bob Howard,Online reguliers (Clothing),1719.0,23,45,0.0,1530.133977535421,Faible,0
3176,Jacob Miller,In-Store reguliers,2167.75,18,12,0.0,1548.5900242046919,Faible,0
4126,Anna Robinson,In-Store reguliers,474.2,4,26,0.0,1169.3484920077735,Faible,0
4131,Oliver Martinez,VIP / Champions,2544.5,30,44,0.0,1796.0918648318714,Faible,0
4132,Genesis Hall,Online reguliers (Clothing),1639.25,18,11,0.0,1576.8852412472258,Faible,0
4134,Sofia King,Online reguliers (Clothing),488.4,6,7,0.0,1654.8149107000218,Faible,0
5001,Cora Green,VIP / Champions,2572.43,33,8,0.0,2896.1374334482143,Faible,0
5006,Anna Williams,VIP / Champions,2179.75,28,16,0.0,1757.937814129742,Faible,0
3231,Stella Anderson,VIP / Champions,2526.92,34,20,0.0,2830.660364278526,Faible,0
3772,Hannah Cruz,Online reguliers (Clothing),1152.5,12,54,0.0,1175.2561408504546,Faible,0
2657,Hazel King,In-Store reguliers,460.0,7,78,0.0,1323.0486589169993,Faible,0
2538,Scarlett Anderson,Online reguliers (Clothing),1205.0,13,33,0.0,1316.1901672666418,Faible,0
2539,Ivy Parker,Online reguliers (Clothing),299.0,4,3,0.0,1366.6650944655828,Faible,0
3177,Savannah White,VIP / Champions,2337.45,25,23,0.0,1624.235355332747,Faible,0
3183,Logan Allen,Online reguliers (Clothing),981.8,10,62,0.0,1164.4957825086651,Faible,0
3236,Oliver Baker,VIP / Champions,6999.63,77,7,0.0,3118.8212077923754,Faible,0
3239,Piper Hill,VIP / Champions,3443.52,40,22,0.0,2740.338571506343,Faible,0
4227,Mia Perez,Online reguliers (Clothing),1211.95,14,38,0.0,1265.511925039818,Faible,0
4228,Jack Rogers,VIP / Champions,4833.7,51,4,0.0,2784.435431676748,Faible,0
4065,Anthony Taylor,In-Store reguliers,1732.5,16,10,0.0,1627.182978848213,Faible,0
4069,Landon Moore,In-Store reguliers,864.5,12,27,0.0,1832.1352695433195,Faible,0
3232,Natalie Martinez 2,Online reguliers (Clothing),823.3,11,4,0.0,960.328881645303,Faible,0
4513,Sophie Cooper,Online reguliers (Clothing),1430.0,14,71,0.0,1423.586356239495,Faible,0
4519,Diana Gonzalez,In-Store reguliers,1351.12,11,14,0.0,964.5038704422607,Faible,0
4523,Maya Nelson,VIP / Champions,3108.1,34,25,0.0,1943.2418111172674,Faible,0
4525,Jeremiah Taylor 2,Online reguliers (Clothing),1473.5,19,35,0.0,1534.8991689151849,Faible,0
4530,Violet Ramos,Online reguliers (Clothing),1237.75,15,69,0.0,2027.5586872407387,Faible,0
4531,Ethan Scott 2,Online reguliers (Clothing),1219.2,13,20,0.0,1204.309103809827,Faible,0
4042,Cora Chavez 2,Petits dormants (Accessoires),407.25,6,48,0.0,1625.824799298744,Faible,0
4231,Christian Cox,Online reguliers (Clothing),1379.5,16,74,0.0,1363.3026729971377,Faible,0
4233,Samantha Davis,In-Store reguliers,2151.8,13,27,0.0,1523.9841631748816,Faible,0
4203,Layla Allen 2,Online reguliers (Clothing),1807.65,19,15,0.0,1347.760660095944,Faible,0
4213,Grace Flores,VIP / Champions,2278.63,26,21,0.0,1589.7786604878668,Faible,0
4214,Ruby Morris 2,In-Store reguliers,1506.8,14,122,0.0,1286.47678864214,Faible,0
4219,Mason Rodriguez 2,VIP / Champions,2698.0,28,8,0.0,1860.2499638577533,Faible,0
4223,Asher Baker,Online reguliers (Clothing),1360.33,16,90,0.0,1609.0196908254145,Faible,0
2069,Aiden Ortiz,In-Store reguliers,1658.35,22,34,0.0,1533.9925057596445,Faible,0
3170,Dylan Clark,In-Store reguliers,980.3,12,70,0.0,1162.769856171424,Faible,0
5878,Levi Wright,VIP / Champions,3448.95,42,12,0.0,2771.256132728173,Faible,0
5880,Eva Martin,VIP / Champions,3395.1,42,9,0.0,2974.749247745122,Faible,0
5899,Luna Adams,VIP / Champions,3067.0,44,11,0.0,3217.7397391144636,Faible,0
5900,Ruby Thompson 2,VIP / Champions,2168.25,26,42,0.0,1692.1283791898697,Faible,0
5902,Adrian Martin,Online reguliers (Clothing),1107.25,13,27,0.0,1478.4523597575783,Faible,0
3220,Samantha Sanchez,VIP / Champions,4535.43,52,7,0.0,3029.0929361195444,Faible,0
3172,Zoe Anderson,In-Store reguliers,767.27,11,1,0.0,1989.5888746307808,Faible,0
5919,Ella Ortiz,In-Store reguliers,1997.0,21,3,0.0,2478.2156094584575,Faible,0
2050,Elias Cook,VIP / Champions,2765.75,32,23,0.0,1720.2751920076535,Faible,0
2052,Quinn Hernandez,Online reguliers (Clothing),1525.15,14,34,0.0,2165.772546378914,Faible,0
5956,Logan Anderson,Online reguliers (Clothing),1639.5,20,2,0.0,1625.9346944841425,Faible,0
5969,Brooklyn Peterson 2,Online reguliers (Clothing),1187.38,10,4,0.0,1088.935185922399,Faible,0
2740,Theodore Howard,Online reguliers (Clothing),1185.25,15,0,0.0,1500.4275581490544,Faible,0
2742,John Diaz,VIP / Champions,2768.65,32,5,0.0,1907.6313771347961,Faible,0
2746,Levi Phillips,VIP / Champions,2057.1,21,10,0.0,1540.8737292429712,Faible,0
5952,Violet Roberts,Online reguliers (Clothing),1052.75,13,28,0.0,1166.7825708605249,Faible,0
2033,Jack Green,VIP / Champions,5049.2,55,11,0.0,2739.4498399856875,Faible,0
4440,Mateo Torres,VIP / Champions,3808.37,34,3,0.0,1756.809827067039,Faible,0
4444,Jonathan Richardson,VIP / Champions,2209.02,27,7,0.0,1902.7544397223292,Faible,0
5993,Henry Lee,VIP / Champions,1941.4,19,12,0.0,1631.4173609870131,Faible,0
5987,Henry Ramirez 3,VIP / Champions,6024.15,67,38,0.0,2971.0402923809506,Faible,0
5276,Jackson Brooks,VIP / Champions,5647.3,69,6,0.0,2965.0894042736404,Faible,0
3228,Sofia Williams,VIP / Champions,1964.68,23,17,0.0,1476.3470600412124,Faible,0
5929,Dylan Wright,VIP / Champions,1852.5,25,19,0.0,1722.7499956393544,Faible,0
5938,Carter Johnson,VIP / Champions,4054.2,41,4,0.0,3029.1295002576244,Faible,0
5942,Eli Rodriguez,VIP / Champions,2256.65,27,11,0.0,1709.250634904534,Faible,0
4097,Ella Nguyen,In-Store reguliers,474.5,7,12,0.0,669.0889452825438,Faible,0
4098,Layla Thomas 2,Online reguliers (Clothing),1535.75,22,9,0.0,1559.3029687645158,Faible,0
5979,Ava Adams,In-Store reguliers,1933.88,23,49,0.0,1445.637781848282,Faible,0
5980,John Baker,Online reguliers (Clothing),615.5,10,155,0.0,952.8975734334475,Faible,0
4500,Ivy Taylor,VIP / Champions,2814.83,30,23,0.0,2988.694705710534,Faible,0
4501,Scarlett Murphy,VIP / Champions,1886.9,22,6,0.0,1909.5298591721303,Faible,0
4502,Samuel Turner,VIP / Champions,2039.95,27,27,0.0,1578.9453072147173,Faible,0
4506,Joseph Mitchell 2,VIP / Champions,5306.6,61,5,0.0,3056.930776109583,Faible,0
5910,Asher Harris 2,Online reguliers (Clothing),1790.65,17,48,0.0,1546.321078894346,Faible,0
2058,Isaiah Stewart,Online reguliers (Clothing),2065.65,22,48,0.0,1596.1028271869284,Faible,0
5923,Scarlett Parker,Online reguliers (Clothing),600.25,6,22,0.0,1127.2527969864675,Faible,0
3907,Alexander Campbell,In-Store reguliers,1811.0,16,6,0.0,2853.9355066922244,Faible,0
